Date,Open,High,Low,Close,Volume,Dividends,Stock Splits,company_name,ticker
2018-01-18 00:00:00-05:00,56.76173011618012,56.82350644360696,56.019920067660664,56.59334182739258,27498000,0.0,0.0,GOOGLE,GOOG
2018-01-19 00:00:00-05:00,56.69597231355076,56.98243234233542,56.42047033299722,56.968482971191406,30552000,0.0,0.0,GOOGLE,GOOG
2018-01-22 00:00:00-05:00,56.984428245634156,58.13326349309284,56.88478716464171,57.99775314331055,29550000,0.0,0.0,GOOGLE,GOOG
2018-01-23 00:00:00-05:00,58.31958676085381,58.71266257345653,58.15169637910945,58.59608459472656,39138000,0.0,0.0,GOOGLE,GOOG
2018-01-24 00:00:00-05:00,59.03499556437596,59.13812209146545,58.15916886510593,58.35296630859375,37128000,0.0,0.0,GOOGLE,GOOG
2018-01-25 00:00:00-05:00,58.822260668056266,59.03598631002072,58.38036209326648,58.89350128173828,29984000,0.0,0.0,GOOGLE,GOOG
2018-01-26 00:00:00-05:00,59.16203086669392,59.16352462768555,58.19055409353612,59.16352462768555,42170000,0.0,0.0,GOOGLE,GOOG
2018-01-29 00:00:00-05:00,59.185447837172596,59.6836418297383,58.98915700192121,59.10972213745117,31494000,0.0,0.0,GOOGLE,GOOG
2018-01-30 00:00:00-05:00,58.673307145248174,59.181961288748425,58.513383491137006,58.65586853027344,37338000,0.0,0.0,GOOGLE,GOOG
2018-01-31 00:00:00-05:00,58.976702598705394,59.10175282065055,58.39331860736033,58.897491455078125,36022000,0.0,0.0,GOOGLE,GOOG
2018-02-01 00:00:00-05:00,58.58712049423078,59.15805271960903,58.2568168418691,58.86610794067383,73514000,0.0,0.0,GOOGLE,GOOG
2018-02-02 00:00:00-05:00,56.16738831823667,56.3606878403159,55.357823039671736,55.75787353515625,117842000,0.0,0.0,GOOGLE,GOOG
2018-02-05 00:00:00-05:00,54.831728139709185,55.54813287266572,52.64615435384739,52.92763137817383,83550000,0.0,0.0,GOOGLE,GOOG
2018-02-06 00:00:00-05:00,51.51226595146414,54.17262016097627,51.31448134678395,54.02565383911133,76630000,0.0,0.0,GOOGLE,GOOG
2018-02-07 00:00:00-05:00,54.052557174827236,54.130274559797485,52.54053650623508,52.57989501953125,51942000,0.0,0.0,GOOGLE,GOOG
2018-02-08 00:00:00-05:00,52.80209214675147,53.00435804775451,50.05355644446972,50.203514099121094,66792000,0.0,0.0,GOOGLE,GOOG
2018-02-09 00:00:00-05:00,51.10872769755671,52.39606088422533,49.669943100583694,52.12454605102539,98360000,0.0,0.0,GOOGLE,GOOG
2018-02-12 00:00:00-05:00,52.642670093665025,53.086062489909956,52.08569103627359,52.53755187988281,56240000,0.0,0.0,GOOGLE,GOOG
2018-02-13 00:00:00-05:00,52.31037139938961,52.869345903341525,52.15692831224642,52.516624450683594,31586000,0.0,0.0,GOOGLE,GOOG
2018-02-14 00:00:00-05:00,52.525589622352285,53.57926887230069,52.300408001153215,53.44126892089844,41304000,0.0,0.0,GOOGLE,GOOG
2018-02-15 00:00:00-05:00,53.9768275783037,54.50740538533291,53.16875611864553,54.37089920043945,37396000,0.0,0.0,GOOGLE,GOOG
2018-02-16 00:00:00-05:00,54.471532330530074,55.215337861369804,54.38036350077949,54.577152252197266,39948000,0.0,0.0,GOOGLE,GOOG
2018-02-20 00:00:00-05:00,54.44064988024278,55.61289882089005,54.30314784505331,54.980194091796875,33754000,0.0,0.0,GOOGLE,GOOG
2018-02-21 00:00:00-05:00,55.25470024911743,56.604805579057796,55.17548530230844,55.486358642578125,41486000,0.0,0.0,GOOGLE,GOOG
2018-02-22 00:00:00-05:00,55.75637866752995,56.069741603703015,55.057910455895744,55.294551849365234,28010000,0.0,0.0,GOOGLE,GOOG
2018-02-23 00:00:00-05:00,55.73096638433155,56.24610105734789,55.22181435691378,56.20076370239258,25292000,0.0,0.0,GOOGLE,GOOG
2018-02-26 00:00:00-05:00,56.388582428808306,57.003354378941665,56.26303809296128,56.97844696044922,30912000,0.0,0.0,GOOGLE,GOOG
2018-02-27 00:00:00-05:00,56.97845112506958,57.005851948056936,55.637810081931256,55.67367935180664,42964000,0.0,0.0,GOOGLE,GOOG
2018-02-28 00:00:00-05:00,55.89736571232522,56.17884654079806,54.95080014573287,54.99663162231445,49292000,0.0,0.0,GOOGLE,GOOG
2018-03-01 00:00:00-05:00,55.27661819954838,55.36280402823231,53.17174551118729,53.37700271606445,55338000,0.0,0.0,GOOGLE,GOOG
2018-03-02 00:00:00-05:00,52.707929552407265,54.14821169717984,52.31585337981675,54.011207580566406,50162000,0.0,0.0,GOOGLE,GOOG
2018-03-05 00:00:00-05:00,53.71178941060782,54.86012288736304,53.419844666744154,54.540283203125,28648000,0.0,0.0,GOOGLE,GOOG
2018-03-06 00:00:00-05:00,54.905960796349625,55.081825499727486,54.527332288558526,54.84617614746094,23382000,0.0,0.0,GOOGLE,GOOG
2018-03-07 00:00:00-05:00,54.443633936753095,55.608413997994916,54.29865930461153,55.550621032714844,30748000,0.0,0.0,GOOGLE,GOOG
2018-03-08 00:00:00-05:00,55.65823606971866,56.36766234154177,55.65823606971866,56.265037536621094,33862000,0.0,0.0,GOOGLE,GOOG
2018-03-09 00:00:00-05:00,56.769208103103814,57.84032602599458,56.50965095997873,57.83235549926758,42662000,0.0,0.0,GOOGLE,GOOG
2018-03-12 00:00:00-04:00,58.0420939016973,58.69522858379027,57.75065085123731,58.0859375,44306000,0.0,0.0,GOOGLE,GOOG
2018-03-13 00:00:00-04:00,58.379866806121036,58.68725469330841,56.52359699682676,56.78963088989258,43140000,0.0,0.0,GOOGLE,GOOG
2018-03-14 00:00:00-04:00,57.08306995103921,57.77854683528997,56.91119241133007,57.23701095581055,41870000,0.0,0.0,GOOGLE,GOOG
2018-03-15 00:00:00-04:00,57.270886366138065,57.91505082461529,56.577899109924644,57.322696685791016,33382000,0.0,0.0,GOOGLE,GOOG
2018-03-16 00:00:00-04:00,57.55884592851066,57.631580306837215,56.363677482139366,56.5161247253418,58656000,0.0,0.0,GOOGLE,GOOG
2018-03-19 00:00:00-04:00,55.686132421421064,55.766339404399965,54.24933960321341,54.80482864379883,63656000,0.0,0.0,GOOGLE,GOOG
2018-03-20 00:00:00-04:00,54.7216259365846,55.07783661525753,53.925512154879236,54.592098236083984,54598000,0.0,0.0,GOOGLE,GOOG
2018-03-21 00:00:00-04:00,54.43118171848563,55.23476809366832,54.16414819364415,54.50242233276367,44898000,0.0,0.0,GOOGLE,GOOG
2018-03-22 00:00:00-04:00,53.80545187232242,54.00024515564963,52.2924353623236,52.46730422973633,69312000,0.0,0.0,GOOGLE,GOOG
2018-03-23 00:00:00-04:00,52.37862375110153,53.14634089716325,51.058408874378735,51.14210510253906,49880000,0.0,0.0,GOOGLE,GOOG
2018-03-26 00:00:00-04:00,52.34026422127158,52.772200639939975,50.34649223594506,52.51413345336914,65984000,0.0,0.0,GOOGLE,GOOG
2018-03-27 00:00:00-04:00,53.00285842233725,53.034744327735694,49.70082946949741,50.16514587402344,60816000,0.0,0.0,GOOGLE,GOOG
2018-03-28 00:00:00-04:00,49.914557681573555,51.064388803426276,49.02229201500961,50.07746505737305,77698000,0.0,0.0,GOOGLE,GOOG
2018-03-29 00:00:00-04:00,50.37787854590209,52.21322437130817,50.020672004737015,51.66969299316406,69338000,0.0,0.0,GOOGLE,GOOG
2018-04-02 00:00:00-04:00,51.195412930740794,51.78876293415816,49.53294053716006,50.4486198425293,65068000,0.0,0.0,GOOGLE,GOOG
2018-04-03 00:00:00-04:00,50.623980631201846,51.06488337139742,49.682394305305166,50.750022888183594,51322000,0.0,0.0,GOOGLE,GOOG
2018-04-04 00:00:00-04:00,49.73122154898235,51.45049114874168,49.64553363560721,51.299537658691406,50724000,0.0,0.0,GOOGLE,GOOG
2018-04-05 00:00:00-04:00,52.13052382438,52.14646487747833,51.015068208556,51.44550704956055,35836000,0.0,0.0,GOOGLE,GOOG
2018-04-06 00:00:00-04:00,50.97022797714772,51.612898706540534,50.130772286091975,50.31510543823242,40134000,0.0,0.0,GOOGLE,GOOG
2018-04-09 00:00:00-04:00,50.81778095037719,52.040848163140566,50.77593283577623,50.820274353027344,33220000,0.0,0.0,GOOGLE,GOOG
2018-04-10 00:00:00-04:00,51.32693641837432,51.87245946595779,50.58711801150341,51.63780975341797,36620000,0.0,0.0,GOOGLE,GOOG
2018-04-11 00:00:00-04:00,51.413621682233696,51.6064232861684,50.77593394058099,51.067874908447266,34060000,0.0,0.0,GOOGLE,GOOG
2018-04-12 00:00:00-04:00,51.387216706299704,52.04383297487866,51.117195656840835,51.677162170410156,32896000,0.0,0.0,GOOGLE,GOOG
2018-04-13 00:00:00-04:00,52.15543490518356,52.45883183818013,51.32145632717947,51.614891052246094,25410000,0.0,0.0,GOOGLE,GOOG
2018-04-16 00:00:00-04:00,52.08867659959785,52.38161341010968,51.50927594325955,52.1160774230957,29776000,0.0,0.0,GOOGLE,GOOG
2018-04-17 00:00:00-04:00,52.868350005432404,54.05405038753799,52.66359071540156,53.773067474365234,54584000,0.0,0.0,GOOGLE,GOOG
2018-04-18 00:00:00-04:00,53.75562902772036,53.9045870205928,53.33266282596365,53.57528305053711,31126000,0.0,0.0,GOOGLE,GOOG
2018-04-19 00:00:00-04:00,53.25793541072304,54.67728963579866,53.25793541072304,54.2757453918457,39884000,0.0,0.0,GOOGLE,GOOG
2018-04-20 00:00:00-04:00,54.01768098246672,54.53978655323936,53.411377464621324,53.67143630981445,42434000,0.0,0.0,GOOGLE,GOOG
2018-04-23 00:00:00-04:00,53.95341441370685,54.20351106611651,53.14135952689448,53.4965705871582,69590000,0.0,0.0,GOOGLE,GOOG
2018-04-24 00:00:00-04:00,52.768711742343086,53.0322560547114,50.46008302670136,50.94731521606445,128220000,0.0,0.0,GOOGLE,GOOG
2018-04-25 00:00:00-04:00,51.30152496298442,51.616385447482934,50.66682479078727,50.96474838256836,57860000,0.0,0.0,GOOGLE,GOOG
2018-04-26 00:00:00-04:00,51.47439841344177,52.411005541371196,50.83820447933969,51.97707748413086,50926000,0.0,0.0,GOOGLE,GOOG
2018-04-27 00:00:00-04:00,52.08817647651157,52.39506264597481,51.19391914886363,51.3862190246582,40746000,0.0,0.0,GOOGLE,GOOG
2018-04-30 00:00:00-04:00,51.53418768657243,51.73097265665337,50.73109915087889,50.74504852294922,34492000,0.0,0.0,GOOGLE,GOOG
2018-05-01 00:00:00-04:00,50.63145649299909,51.89836351118048,50.34798397618031,51.84954071044922,35326000,0.0,0.0,GOOGLE,GOOG
2018-05-02 00:00:00-04:00,51.513258432351805,52.01045657307694,50.97321633900643,51.11719512939453,34698000,0.0,0.0,GOOGLE,GOOG
2018-05-03 00:00:00-04:00,51.083320718260524,51.34835877733495,50.21247703739465,51.1296501159668,39282000,0.0,0.0,GOOGLE,GOOG
2018-05-04 00:00:00-04:00,50.79636032882061,52.404034943290135,50.718642942618146,52.360191345214844,36892000,0.0,0.0,GOOGLE,GOOG
2018-05-07 00:00:00-04:00,52.504168319926364,53.05766189365627,52.323822332147564,52.78166198730469,34400000,0.0,0.0,GOOGLE,GOOG
2018-05-08 00:00:00-04:00,53.0387287987773,53.06912094383563,52.39207471787207,52.738319396972656,26030000,0.0,0.0,GOOGLE,GOOG
2018-05-09 00:00:00-04:00,53.01282679220372,54.502425828065,52.91368362931627,54.25083541870117,47160000,0.0,0.0,GOOGLE,GOOG
2018-05-10 00:00:00-04:00,54.552241084235774,55.27013955565244,54.49644360145406,55.073848724365234,36414000,0.0,0.0,GOOGLE,GOOG
2018-05-11 00:00:00-04:00,54.82176821314505,55.250215373448526,54.66284419949546,54.969730377197266,30504000,0.0,0.0,GOOGLE,GOOG
2018-05-14 00:00:00-04:00,55.07883745074015,55.70556715743283,55.040478577801736,55.13015365600586,39338000,0.0,0.0,GOOGLE,GOOG
2018-05-15 00:00:00-04:00,54.6469019406318,54.75750107119582,53.74417236106117,54.04757308959961,35738000,0.0,0.0,GOOGLE,GOOG
2018-05-16 00:00:00-04:00,54.05853521032769,54.52135787167429,53.88615974825511,54.00871276855469,25628000,0.0,0.0,GOOGLE,GOOG
2018-05-17 00:00:00-04:00,53.877691381051235,54.352965852624315,53.62659889319444,53.86772537231445,25738000,0.0,0.0,GOOGLE,GOOG
2018-05-18 00:00:00-04:00,53.10747654453527,53.49258179160604,53.041716856030924,53.288818359375,35482000,0.0,0.0,GOOGLE,GOOG
2018-05-21 00:00:00-04:00,53.75513529529046,54.467552892973195,53.705316653680775,54.004730224609375,25180000,0.0,0.0,GOOGLE,GOOG
2018-05-22 00:00:00-04:00,54.29318619880474,54.392823482853466,53.4193511778203,53.5713005065918,22226000,0.0,0.0,GOOGLE,GOOG
2018-05-23 00:00:00-04:00,53.30676111493024,54.203511887698454,53.15530970437744,54.10187911987305,23740000,0.0,0.0,GOOGLE,GOOG
2018-05-24 00:00:00-04:00,54.14870968337926,54.159667732170405,53.42134686446932,54.07646942138672,20604000,0.0,0.0,GOOGLE,GOOG
2018-05-25 00:00:00-04:00,54.131271604051626,54.281727173820386,53.934486635032876,54.008216857910156,22224000,0.0,0.0,GOOGLE,GOOG
2018-05-29 00:00:00-04:00,53.60567309443028,53.87171078583066,52.96200654420101,53.21060562133789,36076000,0.0,0.0,GOOGLE,GOOG
2018-05-30 00:00:00-04:00,53.48012886352712,53.75463500199243,53.134880029043806,53.67890930175781,28686000,0.0,0.0,GOOGLE,GOOG
2018-05-31 00:00:00-04:00,53.90458750495666,55.299532179398966,53.70531295225214,54.80133819580078,79368000,0.0,0.0,GOOGLE,GOOG
2018-06-01 00:00:00-04:00,55.44251897212811,56.70245130948409,55.399671215427084,56.545021057128906,63202000,0.0,0.0,GOOGLE,GOOG
2018-06-04 00:00:00-04:00,56.719384675033346,57.68389054508339,56.644654816779536,57.44375991821289,44754000,0.0,0.0,GOOGLE,GOOG
2018-06-05 00:00:00-04:00,57.524470015688685,57.845305552442426,57.16576972810992,57.34312438964844,32964000,0.0,0.0,GOOGLE,GOOG
2018-06-06 00:00:00-04:00,57.430311064398836,57.52696082390223,56.61078359091275,57.14036178588867,34934000,0.0,0.0,GOOGLE,GOOG
2018-06-07 00:00:00-04:00,57.02228925436406,57.08655518605018,56.10262279086507,56.5161247253418,36108000,0.0,0.0,GOOGLE,GOOG
2018-06-08 00:00:00-04:00,56.35620504519026,56.733335990716164,55.958644162128934,56.43093490600586,27284000,0.0,0.0,GOOGLE,GOOG
2018-06-11 00:00:00-04:00,56.44238987638737,57.17971866198476,56.36566833557647,56.838951110839844,24796000,0.0,0.0,GOOGLE,GOOG
2018-06-12 00:00:00-04:00,56.84493046635163,57.23003573577188,56.84493046635163,57.2021369934082,26092000,0.0,0.0,GOOGLE,GOOG
2018-06-13 00:00:00-04:00,57.4058947892562,57.573291038970076,56.96250244770804,57.00484848022461,34302000,0.0,0.0,GOOGLE,GOOG
2018-06-14 00:00:00-04:00,57.40241245090831,58.08892297676884,57.32220166439743,57.79598617553711,35422000,0.0,0.0,GOOGLE,GOOG
2018-06-15 00:00:00-04:00,57.78651897310584,57.985299420305736,57.47614735321594,57.7541389465332,44438000,0.0,0.0,GOOGLE,GOOG
2018-06-18 00:00:00-04:00,57.42632454467092,58.99264893078544,57.34213039464866,58.965248107910156,33038000,0.0,0.0,GOOGLE,GOOG
2018-06-19 00:00:00-04:00,58.294178793987456,58.92688350016576,57.87071465511991,58.72163009643555,47282000,0.0,0.0,GOOGLE,GOOG
2018-06-20 00:00:00-04:00,58.95129567153564,59.857510659785454,58.88802558222096,58.989654541015625,51686000,0.0,0.0,GOOGLE,GOOG
2018-06-21 00:00:00-04:00,59.061402160214115,59.301529008709636,57.9638792439678,58.26080322265625,44966000,0.0,0.0,GOOGLE,GOOG
2018-06-22 00:00:00-04:00,58.36292970371915,58.53779476316181,57.77306515181492,58.253326416015625,34220000,0.0,0.0,GOOGLE,GOOG
2018-06-25 00:00:00-04:00,57.541407653006935,57.59072837304907,55.79274562890509,56.75824737548828,57682000,0.0,0.0,GOOGLE,GOOG
2018-06-26 00:00:00-04:00,57.00036851755441,57.13637298489147,56.246102838951536,56.426448822021484,34688000,0.0,0.0,GOOGLE,GOOG
2018-06-27 00:00:00-04:00,56.594839661467795,57.10349760848608,55.63332505508433,55.64528274536133,34538000,0.0,0.0,GOOGLE,GOOG
2018-06-28 00:00:00-04:00,55.418603001856724,56.49520181434263,55.10374630141543,56.13550567626953,29726000,0.0,0.0,GOOGLE,GOOG
2018-06-29 00:00:00-04:00,56.411008028302895,56.861873004666826,56.147463728301666,56.25556945800781,31562000,0.0,0.0,GOOGLE,GOOG
2018-07-02 00:00:00-04:00,55.566070168649006,56.94307836797574,55.130150414301205,56.899234771728516,23216000,0.0,0.0,GOOGLE,GOOG
2018-07-03 00:00:00-04:00,57.26341649188384,57.28782599145703,55.52023537949552,55.61240005493164,16448000,0.0,0.0,GOOGLE,GOOG
2018-07-05 00:00:00-04:00,56.0268980130239,57.000370296266816,55.953163991890314,56.85838317871094,28594000,0.0,0.0,GOOGLE,GOOG
2018-07-06 00:00:00-04:00,56.882298036450194,57.60119238291373,56.656614692019346,57.54539489746094,21820000,0.0,0.0,GOOGLE,GOOG
2018-07-09 00:00:00-04:00,57.790503152595996,58.18557062391479,57.652503203768106,58.1531867980957,21584000,0.0,0.0,GOOGLE,GOOG
2018-07-10 00:00:00-04:00,58.28820064731783,58.463065709170934,57.91804058604998,58.14621353149414,21334000,0.0,0.0,GOOGLE,GOOG
2018-07-11 00:00:00-04:00,57.5722958019635,58.80881448953691,57.559843992149524,58.3614387512207,33252000,0.0,0.0,GOOGLE,GOOG
2018-07-12 00:00:00-04:00,58.53082217931601,59.882421267272015,58.443138785820956,59.84605407714844,44148000,0.0,0.0,GOOGLE,GOOG
2018-07-13 00:00:00-04:00,59.922774112954635,60.303394301095025,59.54863069011639,60.003482818603516,32612000,0.0,0.0,GOOGLE,GOOG
2018-07-16 00:00:00-04:00,59.97309265289609,60.21721045924879,59.454472495863115,59.609413146972656,26784000,0.0,0.0,GOOGLE,GOOG
2018-07-17 00:00:00-04:00,58.923398547585954,60.717892038964706,58.88652963714483,60.43491744995117,40162000,0.0,0.0,GOOGLE,GOOG
2018-07-18 00:00:00-04:00,60.20823808572511,60.85887933009391,60.01045728685415,60.426448822021484,38948000,0.0,0.0,GOOGLE,GOOG
2018-07-19 00:00:00-04:00,60.11458038942891,60.60430595035652,59.670192186009174,59.73844528198242,38338000,0.0,0.0,GOOGLE,GOOG
2018-07-20 00:00:00-04:00,59.74541706809537,60.31983467022549,59.61339216562995,59.67766189575195,37938000,0.0,0.0,GOOGLE,GOOG
2018-07-23 00:00:00-04:00,59.56706709017227,60.5355563859049,59.385223536356634,60.331295013427734,65446000,0.0,0.0,GOOGLE,GOOG
2018-07-24 00:00:00-04:00,63.32045993965756,63.51973831022634,61.982312275882286,62.68028259277344,107600000,0.0,0.0,GOOGLE,GOOG
2018-07-25 00:00:00-04:00,62.404777688009766,63.681148959400694,62.22692130396006,63.566566467285156,51104000,0.0,0.0,GOOGLE,GOOG
2018-07-26 00:00:00-04:00,63.13015481474581,64.1375047655286,62.92191006663056,64.0428466796875,54686000,0.0,0.0,GOOGLE,GOOG
2018-07-27 00:00:00-04:00,64.22318946506283,64.33876780308287,61.999747006391466,62.41823196411133,48362000,0.0,0.0,GOOGLE,GOOG
2018-07-30 00:00:00-04:00,62.02764274283651,62.418228937832495,60.987414945577726,61.27985382080078,43896000,0.0,0.0,GOOGLE,GOOG
2018-07-31 00:00:00-04:00,61.36305401659551,61.83634061279212,60.58985973091941,61.139366149902344,39382000,0.0,0.0,GOOGLE,GOOG
2018-08-01 00:00:00-04:00,61.73171714144781,62.06998748596704,61.02577634774451,61.426822662353516,36994000,0.0,0.0,GOOGLE,GOOG
2018-08-02 00:00:00-04:00,60.70493841421538,61.995760776861694,60.683018516670614,61.83235168457031,34704000,0.0,0.0,GOOGLE,GOOG
2018-08-03 00:00:00-04:00,62.03412115209305,62.10088048793753,61.24896917953218,61.684391021728516,21264000,0.0,0.0,GOOGLE,GOOG
2018-08-06 00:00:00-04:00,61.856267800632715,61.89861383521793,61.30426798816153,61.659976959228516,22114000,0.0,0.0,GOOGLE,GOOG
2018-08-07 00:00:00-04:00,62.374390874714926,63.07535254192692,62.363930745833585,62.56520080566406,42506000,0.0,0.0,GOOGLE,GOOG
2018-08-08 00:00:00-04:00,62.609032658628436,63.35632363177498,62.379863882973716,62.83870315551758,34344000,0.0,0.0,GOOGLE,GOOG
2018-08-09 00:00:00-04:00,62.908450709001336,63.36828202637584,62.77742544699278,62.99463653564453,27326000,0.0,0.0,GOOGLE,GOOG
2018-08-10 00:00:00-04:00,62.73159111039591,62.83222803062542,62.13276399598271,62.399295806884766,26602000,0.0,0.0,GOOGLE,GOOG
2018-08-13 00:00:00-04:00,62.3340408426759,63.06987214628196,62.126294015253436,62.20650100708008,27500000,0.0,0.0,GOOGLE,GOOG
2018-08-14 00:00:00-04:00,62.39879995492003,62.80183796768965,61.75314170175215,62.67978286743164,28080000,0.0,0.0,GOOGLE,GOOG
2018-08-15 00:00:00-04:00,61.98928467838352,62.37289239183975,61.09054226295049,61.38846206665039,37052000,0.0,0.0,GOOGLE,GOOG
2018-08-16 00:00:00-04:00,61.875195066636806,61.960388855265826,60.761233257498354,60.98193359375,32176000,0.0,0.0,GOOGLE,GOOG
2018-08-17 00:00:00-04:00,60.88130167083336,61.125913590562035,59.98255925571242,60.57291793823242,33092000,0.0,0.0,GOOGLE,GOOG
2018-08-20 00:00:00-04:00,60.81255367510868,61.07410630218865,60.216714038320426,60.8768196105957,22218000,0.0,0.0,GOOGLE,GOOG
2018-08-21 00:00:00-04:00,60.930123912194276,61.415364384473285,60.53206510986657,60.650634765625,23082000,0.0,0.0,GOOGLE,GOOG
2018-08-22 00:00:00-04:00,60.491712546160564,61.10499078057121,60.44189390458374,60.86685562133789,22296000,0.0,0.0,GOOGLE,GOOG
2018-08-23 00:00:00-04:00,60.773687739994934,61.53542601377746,60.74728275924074,60.83745574951172,24666000,0.0,0.0,GOOGLE,GOOG
2018-08-24 00:00:00-04:00,61.07858633212097,61.64652721308195,60.85041337884121,61.6141471862793,24454000,0.0,0.0,GOOGLE,GOOG
2018-08-27 00:00:00-04:00,61.98230847676956,62.66632937982242,61.80993301987116,62.58661651611328,28580000,0.0,0.0,GOOGLE,GOOG
2018-08-28 00:00:00-04:00,62.56818266029294,62.60106440693375,61.92401818292648,62.067996978759766,27330000,0.0,0.0,GOOGLE,GOOG
2018-08-29 00:00:00-04:00,62.52334921169255,63.12965276028524,62.413745919668486,63.00410461425781,36926000,0.0,0.0,GOOGLE,GOOG
2018-08-30 00:00:00-04:00,62.94183279181094,63.24523353799526,62.135258805064716,62.495452880859375,30104000,0.0,0.0,GOOGLE,GOOG
2018-08-31 00:00:00-04:00,62.384352611459946,62.401289505029325,61.06612940296579,61.36753845214844,42308000,0.0,0.0,GOOGLE,GOOG
2018-09-04 00:00:00-04:00,60.905213487136194,61.17174910659433,60.11009551368821,60.346736907958984,41458000,0.0,0.0,GOOGLE,GOOG
2018-09-05 00:00:00-04:00,60.24261433373246,60.52409516434976,58.55473279254897,59.73844528198242,53988000,0.0,0.0,GOOGLE,GOOG
2018-09-06 00:00:00-04:00,59.71204279651241,59.73296685448649,57.97035537828425,58.98567581176758,46854000,0.0,0.0,GOOGLE,GOOG
2018-09-07 00:00:00-04:00,58.38833485326047,59.21284911001118,58.25233038565621,58.66682815551758,32658000,0.0,0.0,GOOGLE,GOOG
2018-09-10 00:00:00-04:00,58.99613297740478,59.118689796920265,58.319086748964246,58.5407829284668,27670000,0.0,0.0,GOOGLE,GOOG
2018-09-11 00:00:00-04:00,58.34350318214251,59.33192071582179,58.086933560657094,59.28459167480469,29254000,0.0,0.0,GOOGLE,GOOG
2018-09-12 00:00:00-04:00,58.88653044325213,59.319462679803856,58.09739131410254,58.368412017822266,35716000,0.0,0.0,GOOGLE,GOOG
2018-09-13 00:00:00-04:00,58.771944110198795,59.178471338303154,58.24983475428904,58.89350128173828,40068000,0.0,0.0,GOOGLE,GOOG
2018-09-14 00:00:00-04:00,59.18545006159012,59.18545006159012,58.464062305359064,58.686256408691406,24176000,0.0,0.0,GOOGLE,GOOG
2018-09-17 00:00:00-04:00,58.675795229324144,58.87756319213475,57.71378273238787,57.78203582763672,34096000,0.0,0.0,GOOGLE,GOOG
2018-09-18 00:00:00-04:00,57.92302579629791,58.85315622810839,57.861747384035134,58.14472198486328,32314000,0.0,0.0,GOOGLE,GOOG
2018-09-19 00:00:00-04:00,58.236886569629064,58.60106397451215,57.72175188533361,58.501426696777344,25962000,0.0,0.0,GOOGLE,GOOG
2018-09-20 00:00:00-04:00,58.8202744766851,59.48436720162949,58.60007204920482,59.363304138183594,29244000,0.0,0.0,GOOGLE,GOOG
2018-09-21 00:00:00-04:00,59.53019551803402,59.61289590403582,58.391326290268665,58.39431381225586,91222000,0.0,0.0,GOOGLE,GOOG
2018-09-24 00:00:00-04:00,57.76111207086117,59.04545387426363,57.3670404304994,58.76497268676758,31150000,0.0,0.0,GOOGLE,GOOG
2018-09-25 00:00:00-04:00,58.998624383628574,59.6268439904054,58.492456070062765,59.4788818359375,33152000,0.0,0.0,GOOGLE,GOOG
2018-09-26 00:00:00-04:00,59.46892362363193,60.14397439231115,59.05591959510796,59.48735427856445,37650000,0.0,0.0,GOOGLE,GOOG
2018-09-27 00:00:00-04:00,59.78328111357717,60.62323472326282,59.68613343380435,60.14995193481445,36274000,0.0,0.0,GOOGLE,GOOG
2018-09-28 00:00:00-04:00,59.98703978652456,60.20425468200208,59.6751706154455,60.13600158691406,35612000,0.0,0.0,GOOGLE,GOOG
2018-10-01 00:00:00-04:00,60.43093250942301,60.98890734565415,59.94220280647838,60.20823669433594,33164000,0.0,0.0,GOOGLE,GOOG
2018-10-02 00:00:00-04:00,60.1155774022157,61.004855547654024,59.766345190076144,60.163902282714844,40180000,0.0,0.0,GOOGLE,GOOG
2018-10-03 00:00:00-04:00,60.381110191228345,60.48971763674988,59.890388806000395,60.357696533203125,26246000,0.0,0.0,GOOGLE,GOOG
2018-10-04 00:00:00-04:00,60.03386790350107,60.07720977599557,57.98230699440717,58.64091873168945,46576000,0.0,0.0,GOOGLE,GOOG
2018-10-05 00:00:00-04:00,58.58761677197363,58.88653242777027,57.50753248711934,58.18059158325195,31852000,0.0,0.0,GOOGLE,GOOG
2018-10-08 00:00:00-04:00,57.79050384878761,58.58063880094381,56.56494706810459,57.587242126464844,46190000,0.0,0.0,GOOGLE,GOOG
2018-10-09 00:00:00-04:00,57.35757184434945,57.86772353484277,57.00186287867557,57.05168151855469,33690000,0.0,0.0,GOOGLE,GOOG
2018-10-10 00:00:00-04:00,56.614763307370616,56.64565337127244,54.378371332634536,54.4107551574707,58980000,0.0,0.0,GOOGLE,GOOG
2018-10-11 00:00:00-04:00,53.75712552367219,55.60144146143291,53.6001931959707,54.34001159667969,67696000,0.0,0.0,GOOGLE,GOOG
2018-10-12 00:00:00-04:00,55.779795112592296,56.08817886075393,54.553740328198565,55.82463455200195,49370000,0.0,0.0,GOOGLE,GOOG
2018-10-15 00:00:00-04:00,55.69809089841304,55.88740325068751,54.71266094352655,54.92290115356445,30074000,0.0,0.0,GOOGLE,GOOG
2018-10-16 00:00:00-04:00,55.47290394838312,56.613270716391554,55.38671812170062,56.449363708496094,38378000,0.0,0.0,GOOGLE,GOOG
2018-10-17 00:00:00-04:00,56.7941188052571,57.142853102114856,55.498815101461304,56.17586135864258,35652000,0.0,0.0,GOOGLE,GOOG
2018-10-18 00:00:00-04:00,56.295924276847146,56.413000175655675,54.12081052279961,54.69721984863281,46152000,0.0,0.0,GOOGLE,GOOG
2018-10-19 00:00:00-04:00,54.98617397837878,55.84505999331104,54.653380733656476,55.05940628051758,41286000,0.0,0.0,GOOGLE,GOOG
2018-10-22 00:00:00-04:00,55.424579732174486,55.88192145360788,54.801339319578865,55.3677864074707,27116000,0.0,0.0,GOOGLE,GOOG
2018-10-23 00:00:00-04:00,54.36741347333859,55.69809230011213,53.755632805169,55.54414749145508,37686000,0.0,0.0,GOOGLE,GOOG
2018-10-24 00:00:00-04:00,55.54862878461084,55.62933748650066,52.562452425708635,52.66508102416992,49286000,0.0,0.0,GOOGLE,GOOG
2018-10-25 00:00:00-04:00,53.81989904048704,55.6891224446652,53.58325764263041,54.980194091796875,72956000,0.0,0.0,GOOGLE,GOOG
2018-10-26 00:00:00-04:00,52.22717243099033,55.64826906572774,51.92327378262393,53.99177551269531,106438000,0.0,0.0,GOOGLE,GOOG
2018-10-29 00:00:00-04:00,54.62896630309316,55.24124869490723,50.17810190619772,51.54962921142578,81290000,0.0,0.0,GOOGLE,GOOG
2018-10-30 00:00:00-04:00,50.816282831430904,52.35520245311182,50.515375528570026,52.285953521728516,59768000,0.0,0.0,GOOGLE,GOOG
2018-10-31 00:00:00-04:00,53.217084995695416,55.199898865141165,53.217084995695416,54.3320426940918,70916000,0.0,0.0,GOOGLE,GOOG
2018-11-01 00:00:00-04:00,54.372895827393926,54.79635999035244,53.69634748701494,54.102874755859375,40132000,0.0,0.0,GOOGLE,GOOG
2018-11-02 00:00:00-04:00,54.253330357938964,54.70170574289756,53.19018296527166,53.3809928894043,43438000,0.0,0.0,GOOGLE,GOOG
2018-11-05 00:00:00-05:00,53.432798875034116,53.47365114686266,51.51325902400626,52.59583282470703,45358000,0.0,0.0,GOOGLE,GOOG
2018-11-06 00:00:00-05:00,52.56046236510956,53.79598514633493,52.49021758948474,53.285335540771484,28660000,0.0,0.0,GOOGLE,GOOG
2018-11-07 00:00:00-05:00,53.97881985402121,55.29604335796237,53.8343431415657,55.211849212646484,43388000,0.0,0.0,GOOGLE,GOOG
2018-11-08 00:00:00-05:00,55.165024422306736,55.21085589947228,54.02216420053416,54.533809661865234,33694000,0.0,0.0,GOOGLE,GOOG
2018-11-09 00:00:00-05:00,54.00522843468235,54.22094577664345,53.02079808381298,53.656494140625,34860000,0.0,0.0,GOOGLE,GOOG
2018-11-12 00:00:00-05:00,53.46269474174174,53.51101962078794,51.829614862733095,52.27848434448242,34002000,0.0,0.0,GOOGLE,GOOG
2018-11-13 00:00:00-05:00,52.55000370574962,53.140860310954665,51.83210519555603,52.20923614501953,25750000,0.0,0.0,GOOGLE,GOOG
2018-11-14 00:00:00-05:00,52.80856092754246,53.09701642264641,51.86747254670332,52.53853988647461,34666000,0.0,0.0,GOOGLE,GOOG
2018-11-15 00:00:00-05:00,52.383107964653554,53.74865637514648,51.876441719212494,53.35906982421875,41584000,0.0,0.0,GOOGLE,GOOG
2018-11-16 00:00:00-05:00,53.069122020021325,53.42832023696621,52.55448523412139,53.22057342529297,35366000,0.0,0.0,GOOGLE,GOOG
2018-11-19 00:00:00-05:00,52.97745161917551,53.2071221304042,50.958772305562114,51.185447692871094,45684000,0.0,0.0,GOOGLE,GOOG
2018-11-20 00:00:00-05:00,50.182580848360054,51.680154149711896,49.92950048933433,51.33639907836914,54458000,0.0,0.0,GOOGLE,GOOG
2018-11-21 00:00:00-05:00,52.076717366370644,52.54502095376308,51.785274325573866,51.98305892944336,29698000,0.0,0.0,GOOGLE,GOOG
2018-11-23 00:00:00-05:00,51.48835005041998,51.96163663934149,51.24024888669988,51.318965911865234,14178000,0.0,0.0,GOOGLE,GOOG
2018-11-26 00:00:00-05:00,52.011456571088864,52.65910651806805,51.8007184324311,52.606300354003906,31558000,0.0,0.0,GOOGLE,GOOG
2018-11-27 00:00:00-05:00,52.37713050676393,53.145345580743935,52.08618538669312,52.42395782470703,33048000,0.0,0.0,GOOGLE,GOOG
2018-11-28 00:00:00-05:00,52.68202322647021,54.445630422755876,51.95914173371105,54.3923225402832,46042000,0.0,0.0,GOOGLE,GOOG
2018-11-29 00:00:00-05:00,53.98081262495986,54.808812325837174,53.90458900416408,54.53131866455078,31004000,0.0,0.0,GOOGLE,GOOG
2018-11-30 00:00:00-05:00,54.58363244419592,55.28209686279297,53.963379529291,55.28209686279297,59668000,0.0,0.0,GOOGLE,GOOG
2018-12-03 00:00:00-05:00,56.403533849177045,56.54501924297348,55.38572006677311,55.61638641357422,57532000,0.0,0.0,GOOGLE,GOOG
2018-12-04 00:00:00-05:00,55.448498746282795,55.51077299959172,52.847427399594345,52.93162155151367,45630000,0.0,0.0,GOOGLE,GOOG
2018-12-06 00:00:00-05:00,52.061275822487495,53.776060332415724,51.93573147501342,53.70930099487305,47436000,0.0,0.0,GOOGLE,GOOG
2018-12-07 00:00:00-05:00,53.417852905881816,54.05554059214911,51.78078593679053,52.139984130859375,42682000,0.0,0.0,GOOGLE,GOOG
2018-12-10 00:00:00-05:00,51.95864408954048,52.788635471066065,51.46344141539679,52.46879577636719,33652000,0.0,0.0,GOOGLE,GOOG
2018-12-11 00:00:00-05:00,53.15431043371198,53.326685891142375,52.31535268545232,52.89076614379883,33852000,0.0,0.0,GOOGLE,GOOG
2018-12-12 00:00:00-05:00,53.659478760281274,54.389331136551306,53.4049008389303,53.492584228515625,28960000,0.0,0.0,GOOGLE,GOOG
2018-12-13 00:00:00-05:00,53.58923399438043,54.22443209659198,53.05716241376276,53.483116149902344,24986000,0.0,0.0,GOOGLE,GOOG
2018-12-14 00:00:00-05:00,52.80955723569714,53.39244327472429,52.278979435575344,52.39555740356445,36358000,0.0,0.0,GOOGLE,GOOG
2018-12-17 00:00:00-05:00,52.161406489659605,52.92713191966107,50.64789596476178,51.097267150878906,49932000,0.0,0.0,GOOGLE,GOOG
2018-12-18 00:00:00-05:00,51.5132617838728,52.793122326874126,51.33789499762354,51.98206329345703,43640000,0.0,0.0,GOOGLE,GOOG
2018-12-19 00:00:00-05:00,52.17535755329562,53.59122632995645,50.78739131991442,51.585994720458984,58264000,0.0,0.0,GOOGLE,GOOG
2018-12-20 00:00:00-05:00,51.11470578115845,52.18283616408605,50.210984138257444,50.994144439697266,53674000,0.0,0.0,GOOGLE,GOOG
2018-12-21 00:00:00-05:00,51.415614576584254,51.69609576028104,48.882298551824576,49.383480072021484,104656000,0.0,0.0,GOOGLE,GOOG
2018-12-24 00:00:00-05:00,49.03822926352062,50.423207914674606,48.70643189161812,49.055667877197266,36360000,0.0,0.0,GOOGLE,GOOG
2018-12-26 00:00:00-05:00,49.71926327613172,52.23314893719421,49.45322559017876,52.2032585144043,46318000,0.0,0.0,GOOGLE,GOOG
2018-12-27 00:00:00-05:00,51.12467211130218,52.47676914166575,50.16813669652222,52.45484924316406,45996000,0.0,0.0,GOOGLE,GOOG
2018-12-28 00:00:00-05:00,52.783653501440185,53.01929905381116,51.91181398951793,52.14496994018555,34398000,0.0,0.0,GOOGLE,GOOG
2018-12-31 00:00:00-05:00,52.70045353832808,52.95752486094844,51.465432489076726,52.05928039550781,33110000,0.0,0.0,GOOGLE,GOOG
2019-01-02 00:00:00-05:00,51.17449175833023,52.847926095546775,51.07883783488219,52.54352951049805,31868000,0.0,0.0,GOOGLE,GOOG
2019-01-03 00:00:00-05:00,52.34374980954156,53.12043331502938,50.933859873480685,51.08829879760742,41960000,0.0,0.0,GOOGLE,GOOG
2019-01-04 00:00:00-05:00,51.93971309237273,53.80495310880827,51.65574265855743,53.70880126953125,46022000,0.0,0.0,GOOGLE,GOOG
2019-01-07 00:00:00-05:00,53.853274977798094,53.93946080353687,52.94008531681157,53.601688385009766,47446000,0.0,0.0,GOOGLE,GOOG
2019-01-08 00:00:00-05:00,54.10386724722405,54.47004013864049,53.22455514767807,54.07248306274414,35414000,0.0,0.0,GOOGLE,GOOG
2019-01-09 00:00:00-05:00,54.203009954484365,54.38484969739052,53.524466179409636,53.88715362548828,26998000,0.0,0.0,GOOGLE,GOOG
2019-01-10 00:00:00-05:00,53.552868515243595,53.79548875468404,53.041720974825786,53.746665954589844,26598000,0.0,0.0,GOOGLE,GOOG
2019-01-11 00:00:00-05:00,53.301776614723046,53.47464999878858,52.63070921552545,53.03125762939453,30864000,0.0,0.0,GOOGLE,GOOG
2019-01-14 00:00:00-05:00,52.476766061082415,52.731343982993295,52.238132992443006,52.385597229003906,28490000,0.0,0.0,GOOGLE,GOOG
2019-01-15 00:00:00-05:00,52.709424149061945,54.21695966551821,52.53156776764897,54.129276275634766,37518000,0.0,0.0,GOOGLE,GOOG
2019-01-16 00:00:00-05:00,54.30314559965827,54.91891340952596,54.204006241090454,54.27873229980469,38280000,0.0,0.0,GOOGLE,GOOG
2019-01-17 00:00:00-05:00,54.20301407098503,54.83621673712615,53.96736470669732,54.757503509521484,24896000,0.0,0.0,GOOGLE,GOOG
2019-01-18 00:00:00-05:00,55.22928973564205,55.69809123661503,54.76547123897246,55.16502380371094,44892000,0.0,0.0,GOOGLE,GOOG
2019-01-22 00:00:00-05:00,54.602060873226655,54.750026830515125,53.351094966198616,53.736698150634766,39632000,0.0,0.0,GOOGLE,GOOG
2019-01-23 00:00:00-05:00,54.146713304392506,54.450114037715764,53.18570042325233,54.024658203125,25194000,0.0,0.0,GOOGLE,GOOG
2019-01-24 00:00:00-05:00,53.92999855922655,54.20350885996452,53.307753977957866,54.00423049926758,29114000,0.0,0.0,GOOGLE,GOOG
2019-01-25 00:00:00-05:00,54.513880388442786,54.9687325143831,54.39282113156591,54.87656784057617,23260000,0.0,0.0,GOOGLE,GOOG
2019-01-28 00:00:00-05:00,54.30663537761651,54.47103650932514,53.53642483667894,53.797977447509766,29334000,0.0,0.0,GOOGLE,GOOG
2019-01-29 00:00:00-05:00,53.85676259045809,54.04059781937417,53.10847574604862,53.30974578857422,19704000,0.0,0.0,GOOGLE,GOOG
2019-01-30 00:00:00-05:00,53.67343019520863,54.77742983042162,53.637560925654874,54.70120620727539,29452000,0.0,0.0,GOOGLE,GOOG
2019-01-31 00:00:00-05:00,55.411126109908004,56.17983904734923,55.06288976858056,56.09115982055664,40232000,0.0,0.0,GOOGLE,GOOG
2019-02-01 00:00:00-05:00,55.911808963284415,56.51512492949596,55.51126438834638,55.728973388671875,33116000,0.0,0.0,GOOGLE,GOOG
2019-02-04 00:00:00-05:00,55.74840908250364,56.910695813294915,55.67367921990439,56.86486053466797,78408000,0.0,0.0,GOOGLE,GOOG
2019-02-05 00:00:00-05:00,56.277488358493635,57.43031078112004,55.97707895333275,57.38547134399414,82296000,0.0,0.0,GOOGLE,GOOG
2019-02-06 00:00:00-05:00,57.25593974118098,57.49158527769509,55.7160204669343,55.94170379638672,48256000,0.0,0.0,GOOGLE,GOOG
2019-02-07 00:00:00-05:00,55.39020616680727,55.398674613593236,54.4819994572795,55.09577560424805,38298000,0.0,0.0,GOOGLE,GOOG
2019-02-08 00:00:00-05:00,54.54626492562985,55.05542078200463,54.51438282013796,54.9199104309082,21766000,0.0,0.0,GOOGLE,GOOG
2019-02-11 00:00:00-05:00,54.98816616417597,55.470419141597965,54.80134340257628,54.906959533691406,18498000,0.0,0.0,GOOGLE,GOOG
2019-02-12 00:00:00-05:00,55.34985151561132,56.43840800902685,55.34985151561132,56.17536163330078,35036000,0.0,0.0,GOOGLE,GOOG
2019-02-13 00:00:00-05:00,56.44737325827659,56.936102969772826,56.096643497281164,56.22766876220703,28042000,0.0,0.0,GOOGLE,GOOG
2019-02-14 00:00:00-05:00,56.046828602122204,56.60131804283424,55.65275694035118,56.25606918334961,21106000,0.0,0.0,GOOGLE,GOOG
2019-02-15 00:00:00-05:00,56.759242078934705,56.759242078934705,55.634318425118124,55.779293060302734,27826000,0.0,0.0,GOOGLE,GOOG
2019-02-19 00:00:00-05:00,55.63033401777845,56.27798391943831,55.63033401777845,56.12205123901367,21980000,0.0,0.0,GOOGLE,GOOG
2019-02-20 00:00:00-05:00,56.24012575561439,56.342256440087304,55.386720691901495,55.82712173461914,24090000,0.0,0.0,GOOGLE,GOOG
2019-02-21 00:00:00-05:00,55.73694689573487,55.755381350640015,54.70070247495326,55.011077880859375,33272000,0.0,0.0,GOOGLE,GOOG
2019-02-22 00:00:00-05:00,55.284587005117224,55.66072209465549,54.82624945211992,55.626346588134766,29436000,0.0,0.0,GOOGLE,GOOG
2019-02-25 00:00:00-05:00,55.89388361260121,56.06675700309249,55.50429703376615,55.66471481323242,26208000,0.0,0.0,GOOGLE,GOOG
2019-02-26 00:00:00-05:00,55.51724888427139,56.11856947073784,55.13513489727583,55.89786911010742,35026000,0.0,0.0,GOOGLE,GOOG
2019-02-27 00:00:00-05:00,55.49930730484761,56.08318918198927,55.22779250162571,55.94170379638672,22092000,0.0,0.0,GOOGLE,GOOG
2019-02-28 00:00:00-05:00,55.74790742239144,56.49470047609912,55.71851492004093,56.12404251098633,27422000,0.0,0.0,GOOGLE,GOOG
2019-03-01 00:00:00-05:00,56.34574296198331,57.29231236117783,56.34574296198331,57.21857833862305,34086000,0.0,0.0,GOOGLE,GOOG
2019-03-04 00:00:00-05:00,57.51948940311991,58.06551038343955,56.70693279769892,57.46269607543945,35490000,0.0,0.0,GOOGLE,GOOG
2019-03-05 00:00:00-05:00,57.59122640502625,58.612027718623125,57.44276632427254,58.24834442138672,40094000,0.0,0.0,GOOGLE,GOOG
2019-03-06 00:00:00-05:00,58.37638137698007,58.5248414557263,57.94245330841751,58.03661346435547,23602000,0.0,0.0,GOOGLE,GOOG
2019-03-07 00:00:00-05:00,57.81541494591422,57.96885802822415,56.87930571810396,57.33465576171875,30086000,0.0,0.0,GOOGLE,GOOG
2019-03-08 00:00:00-05:00,56.49021460200258,57.46418473674155,56.30588146265822,57.29081344604492,23694000,0.0,0.0,GOOGLE,GOOG
2019-03-11 00:00:00-04:00,57.391947096153835,58.78240672815271,57.3705251191105,58.75002670288086,30032000,0.0,0.0,GOOGLE,GOOG
2019-03-12 00:00:00-04:00,58.90148075282402,60.06775085743415,58.90148075282402,59.646278381347656,42220000,0.0,0.0,GOOGLE,GOOG
2019-03-13 00:00:00-04:00,60.078711518128436,60.13799444650984,59.679158948310324,59.7364501953125,25888000,0.0,0.0,GOOGLE,GOOG
2019-03-14 00:00:00-04:00,59.734457941662434,60.01743253246734,59.34636514533024,59.411128997802734,27302000,0.0,0.0,GOOGLE,GOOG
2019-03-15 00:00:00-04:00,59.683645093100886,59.868970288548354,59.13612655093319,59.30003356933594,51886000,0.0,0.0,GOOGLE,GOOG
2019-03-18 00:00:00-04:00,59.26964198789586,59.53169251452304,58.860625145671,59.21284866333008,24442000,0.0,0.0,GOOGLE,GOOG
2019-03-19 00:00:00-04:00,59.370775091813265,59.95316705178564,59.258184279418984,59.90583801269531,29788000,0.0,0.0,GOOGLE,GOOG
2019-03-20 00:00:00-04:00,59.853027332583366,61.27736456766611,59.76285433949464,61.100006103515625,41508000,0.0,0.0,GOOGLE,GOOG
2019-03-21 00:00:00-04:00,60.779669344965,61.59869890035088,60.60928556404927,61.583255767822266,28150000,0.0,0.0,GOOGLE,GOOG
2019-03-22 00:00:00-04:00,61.22057472488836,61.45870989115115,60.082199536614944,60.16440200805664,34422000,0.0,0.0,GOOGLE,GOOG
2019-03-25 00:00:00-04:00,59.76136319039563,60.25357837090323,59.28508906323245,59.65275573730469,27576000,0.0,0.0,GOOGLE,GOOG
2019-03-26 00:00:00-04:00,60.0418445377841,60.164401363083584,58.87457857803044,59.27711868286133,30752000,0.0,0.0,GOOGLE,GOOG
2019-03-27 00:00:00-04:00,59.380739035998864,59.380739035998864,58.00123746828438,58.68775177001953,29428000,0.0,0.0,GOOGLE,GOOG
2019-03-28 00:00:00-04:00,58.56270629428575,58.64988796384465,57.96138577063858,58.40178680419922,22402000,0.0,0.0,GOOGLE,GOOG
2019-03-29 00:00:00-04:00,58.795857401391665,58.98467563054495,58.10835106101247,58.631954193115234,30890000,0.0,0.0,GOOGLE,GOOG
2019-04-01 00:00:00-04:00,59.16253129284563,59.793244341616145,59.10374628400321,59.73246765136719,27706000,0.0,0.0,GOOGLE,GOOG
2019-04-02 00:00:00-04:00,59.78577009322545,60.07273184646985,59.3468628176136,60.05928039550781,18288000,0.0,0.0,GOOGLE,GOOG
2019-04-03 00:00:00-04:00,60.41598710829464,60.80956084004397,60.03636654920363,60.32183074951172,22180000,0.0,0.0,GOOGLE,GOOG
2019-04-04 00:00:00-04:00,60.34574248106862,60.80707139126202,60.23364958651617,60.75226974487305,21022000,0.0,0.0,GOOGLE,GOOG
2019-04-05 00:00:00-04:00,60.74479812658344,60.7991018535007,60.28297128852399,60.35371398925781,20012000,0.0,0.0,GOOGLE,GOOG
2019-04-08 00:00:00-04:00,60.336772993982656,60.47825838583353,60.017431220741344,60.19578552246094,21750000,0.0,0.0,GOOGLE,GOOG
2019-04-09 00:00:00-04:00,59.877440916775726,60.13948764970435,59.70257205348508,59.917293548583984,19668000,0.0,0.0,GOOGLE,GOOG
2019-04-10 00:00:00-04:00,60.03686669363524,60.22866866170068,59.81616633939404,60.104618072509766,15510000,0.0,0.0,GOOGLE,GOOG
2019-04-11 00:00:00-04:00,60.226671855937234,60.417979688272375,60.00946076370055,60.26104736328125,16998000,0.0,0.0,GOOGLE,GOOG
2019-04-12 00:00:00-04:00,60.561457112688345,60.931617169424186,60.44538086049189,60.91567611694336,24312000,0.0,0.0,GOOGLE,GOOG
2019-04-15 00:00:00-04:00,60.983427121188235,61.242988047814734,60.508650584618024,61.10498809814453,23796000,0.0,0.0,GOOGLE,GOOG
2019-04-16 00:00:00-04:00,61.277864172118335,61.57578398182727,61.03075884469464,61.37302017211914,22622000,0.0,0.0,GOOGLE,GOOG
2019-04-17 00:00:00-04:00,61.62659705569299,62.03013678539938,61.42233948959845,61.78303146362305,30366000,0.0,0.0,GOOGLE,GOOG
2019-04-18 00:00:00-04:00,62.02515365780992,62.071984776119706,61.746664151484204,61.84929275512695,24750000,0.0,0.0,GOOGLE,GOOG
2019-04-22 00:00:00-04:00,61.61016113794317,62.490469139278474,61.445756195499364,62.46157455444336,19084000,0.0,0.0,GOOGLE,GOOG
2019-04-23 00:00:00-04:00,62.60505457807851,63.49134141252535,62.37239653966424,63.30003356933594,31868000,0.0,0.0,GOOGLE,GOOG
2019-04-24 00:00:00-04:00,63.300033603444504,63.469919468576066,62.76298278650869,62.77493667602539,23396000,0.0,0.0,GOOGLE,GOOG
2019-04-25 00:00:00-04:00,63.28558298147307,63.410131481019675,62.67280649221818,63.138118743896484,31344000,0.0,0.0,GOOGLE,GOOG
2019-04-26 00:00:00-04:00,63.43902689261961,63.71452887658443,63.021541593794666,63.640296936035156,27228000,0.0,0.0,GOOGLE,GOOG
2019-04-29 00:00:00-04:00,63.79423832647217,64.61427131892226,63.35582896802209,64.5759048461914,72368000,0.0,0.0,GOOGLE,GOOG
2019-04-30 00:00:00-04:00,59.31647251773138,59.832101318493535,58.93635026187941,59.731468200683594,133178000,0.0,0.0,GOOGLE,GOOG
2019-05-01 00:00:00-04:00,59.6587304537894,59.745915922627894,58.37239320345918,58.454097747802734,74340000,0.0,0.0,GOOGLE,GOOG
2019-05-02 00:00:00-04:00,58.41823074728525,58.7560069858415,57.707306921123,58.114830017089844,45098000,0.0,0.0,GOOGLE,GOOG
2019-05-03 00:00:00-04:00,58.657858839113494,59.35483328398988,58.46555896405415,59.26266860961914,41588000,0.0,0.0,GOOGLE,GOOG
2019-05-06 00:00:00-04:00,58.38833986272086,59.55560965182286,58.34649174588016,59.45746612548828,31774000,0.0,0.0,GOOGLE,GOOG
2019-05-07 00:00:00-04:00,59.07634340262194,59.52272328092993,58.03960104918897,58.730098724365234,36604000,0.0,0.0,GOOGLE,GOOG
2019-05-08 00:00:00-04:00,58.651881414597185,58.99962366541025,58.170628093578316,58.32756042480469,25520000,0.0,0.0,GOOGLE,GOOG
2019-05-09 00:00:00-04:00,57.92003718788691,58.49146350276078,57.52347213732751,58.187564849853516,29556000,0.0,0.0,GOOGLE,GOOG
2019-05-10 00:00:00-04:00,58.23091197088729,58.60156616793309,57.11146917158325,58.17112731933594,31650000,0.0,0.0,GOOGLE,GOOG
2019-05-13 00:00:00-04:00,57.05517381612389,57.39045666327646,56.071739292755275,56.62423324584961,45626000,0.0,0.0,GOOGLE,GOOG
2019-05-14 00:00:00-04:00,56.909699989371525,57.0367380951846,55.97359072658317,56.039852142333984,40392000,0.0,0.0,GOOGLE,GOOG
2019-05-15 00:00:00-04:00,55.92476766312456,58.70220157122343,55.86747641578216,58.328556060791016,59302000,0.0,0.0,GOOGLE,GOOG
2019-05-16 00:00:00-04:00,58.38036485351708,59.49233498849644,58.211478638002156,59.011077880859375,35308000,0.0,0.0,GOOGLE,GOOG
2019-05-17 00:00:00-04:00,58.57914823267089,59.10025799782269,58.110346711718755,58.22792053222656,25362000,0.0,0.0,GOOGLE,GOOG
2019-05-20 00:00:00-04:00,57.44177308737337,57.44177308737337,56.701456729571646,57.02627944946289,30602000,0.0,0.0,GOOGLE,GOOG
2019-05-21 00:00:00-04:00,57.51549952433867,57.69086630447705,56.95901844193979,57.51350784301758,20562000,0.0,0.0,GOOGLE,GOOG
2019-05-22 00:00:00-04:00,57.35458289997127,57.978819146279406,57.34212729008074,57.5837516784668,18826000,0.0,0.0,GOOGLE,GOOG
2019-05-23 00:00:00-04:00,57.09652495365806,57.29480368639137,56.453356271360505,57.06015396118164,25214000,0.0,0.0,GOOGLE,GOOG
2019-05-24 00:00:00-04:00,57.39195286930666,57.50952669516508,56.63021450359818,56.72487258911133,18554000,0.0,0.0,GOOGLE,GOOG
2019-05-28 00:00:00-04:00,56.867847821956694,57.615636713393556,56.727852394261106,56.772193908691406,20948000,0.0,0.0,GOOGLE,GOOG
2019-05-29 00:00:00-04:00,56.43043483782467,56.54502113455444,55.39668376916837,55.794742584228516,36230000,0.0,0.0,GOOGLE,GOOG
2019-05-30 00:00:00-04:00,55.80520496709448,56.13650445909572,55.59347098018007,55.867977142333984,18088000,0.0,0.0,GOOGLE,GOOG
2019-05-31 00:00:00-04:00,55.082323891689335,55.46891912820668,54.96823551757735,55.12516784667969,31582000,0.0,0.0,GOOGLE,GOOG
2019-06-03 00:00:00-04:00,53.1538139440995,53.15729938650911,51.16602090696556,51.74940490722656,96890000,0.0,0.0,GOOGLE,GOOG
2019-06-04 00:00:00-04:00,52.03586739800501,52.73085020378181,51.61439491086188,52.534061431884766,60512000,0.0,0.0,GOOGLE,GOOG
2019-06-05 00:00:00-04:00,52.55946933332262,52.64964232969636,51.46344400503315,52.043338775634766,46988000,0.0,0.0,GOOGLE,GOOG
2019-06-06 00:00:00-04:00,52.12155678146736,52.310371217196284,51.5884893411003,52.19877624511719,29020000,0.0,0.0,GOOGLE,GOOG
2019-06-07 00:00:00-04:00,52.52359795899403,53.477639929238855,52.36766147269202,53.22555160522461,43828000,0.0,0.0,GOOGLE,GOOG
2019-06-10 00:00:00-04:00,53.65549353415357,54.54427374904123,53.569805623702834,53.94245529174805,28510000,0.0,0.0,GOOGLE,GOOG
2019-06-11 00:00:00-04:00,54.65138196478385,55.00111588347808,53.78352963463814,53.85676193237305,33508000,0.0,0.0,GOOGLE,GOOG
2019-06-12 00:00:00-04:00,53.802462611205755,53.93049655404937,53.286829994724684,53.76011657714844,23670000,0.0,0.0,GOOGLE,GOOG
2019-06-13 00:00:00-04:00,54.03960136953754,54.631453800533016,53.93298940498101,54.35346221923828,20814000,0.0,0.0,GOOGLE,GOOG
2019-06-14 00:00:00-04:00,54.290192177927906,54.54028501725256,53.87868573017139,54.118812561035156,24582000,0.0,0.0,GOOGLE,GOOG
2019-06-17 00:00:00-04:00,54.25831135199515,54.865109009600125,54.203509706924216,54.496944427490234,19770000,0.0,0.0,GOOGLE,GOOG
2019-06-18 00:00:00-04:00,55.374262350306765,55.73694599123542,54.840697016558245,55.06239318847656,34526000,0.0,0.0,GOOGLE,GOOG
2019-06-19 00:00:00-04:00,55.16203213466937,55.271137502809204,54.60355556433242,55.026023864746094,26714000,0.0,0.0,GOOGLE,GOOG
2019-06-20 00:00:00-04:00,55.882421825253154,55.933240108253955,55.15007601407428,55.45895767211914,24018000,0.0,0.0,GOOGLE,GOOG
2019-06-21 00:00:00-04:00,55.292557905116254,56.125038872011466,55.28558321970137,56.06525802612305,50774000,0.0,0.0,GOOGLE,GOOG
2019-06-24 00:00:00-04:00,55.797728603432034,55.975584988427386,55.46443745238194,55.633323669433594,24236000,0.0,0.0,GOOGLE,GOOG
2019-06-25 00:00:00-04:00,55.55262022065298,55.58350648617045,54.03412278472468,54.182586669921875,31644000,0.0,0.0,GOOGLE,GOOG
2019-06-26 00:00:00-04:00,54.35296391417648,54.558221116544836,53.49059251387012,53.820892333984375,34698000,0.0,0.0,GOOGLE,GOOG
2019-06-27 00:00:00-04:00,54.141238772437745,54.22642876732036,53.59820529281057,53.63706588745117,24078000,0.0,0.0,GOOGLE,GOOG
2019-06-28 00:00:00-04:00,53.66695289663417,53.9444465637207,53.496071196456434,53.9444465637207,33672000,0.0,0.0,GOOGLE,GOOG
2019-07-01 00:00:00-04:00,54.85314851524679,55.22928740545123,54.568680176315084,54.80133819580078,29196000,0.0,0.0,GOOGLE,GOOG
2019-07-02 00:00:00-04:00,55.04197254015369,55.44351681160857,54.78490499527364,55.42906951904297,20630000,0.0,0.0,GOOGLE,GOOG
2019-07-03 00:00:00-04:00,55.72300174571752,56.19579043652952,55.541161988207655,55.946693420410156,20154000,0.0,0.0,GOOGLE,GOOG
2019-07-05 00:00:00-04:00,55.76634464677198,56.527585081191994,55.67318412465954,56.4289436340332,29794000,0.0,0.0,GOOGLE,GOOG
2019-07-08 00:00:00-04:00,56.0901684892952,56.15692782514043,55.38721898520232,55.63780975341797,29888000,0.0,0.0,GOOGLE,GOOG
2019-07-09 00:00:00-04:00,55.31547314599713,56.18930809813324,55.157544984478676,56.011451721191406,29472000,0.0,0.0,GOOGLE,GOOG
2019-07-10 00:00:00-04:00,56.411505417396135,56.91069526942895,56.3288050290692,56.839454650878906,30710000,0.0,0.0,GOOGLE,GOOG
2019-07-11 00:00:00-04:00,57.10100374907332,57.45372520207377,56.77070391539257,56.997379302978516,26004000,0.0,0.0,GOOGLE,GOOG
2019-07-12 00:00:00-04:00,56.94009053654529,57.16776557566512,56.722381506650365,57.06015396118164,21878000,0.0,0.0,GOOGLE,GOOG
2019-07-15 00:00:00-04:00,57.060149261199356,57.32618695235982,56.79411537095743,57.317718505859375,21164000,0.0,0.0,GOOGLE,GOOG
2019-07-16 00:00:00-04:00,57.129400706691136,57.71976320072168,57.129400706691136,57.46468734741211,25352000,0.0,0.0,GOOGLE,GOOG
2019-07-17 00:00:00-04:00,57.33814661796784,57.71278796739635,57.12392304092159,57.12990188598633,19538000,0.0,0.0,GOOGLE,GOOG
2019-07-18 00:00:00-04:00,56.893753354241404,57.2011412419736,56.438407108786485,57.154808044433594,25450000,0.0,0.0,GOOGLE,GOOG
2019-07-19 00:00:00-04:00,57.25843320554139,57.371024017250534,56.35819703037167,56.37314224243164,23184000,0.0,0.0,GOOGLE,GOOG
2019-07-22 00:00:00-04:00,56.5684359018383,56.795115097055564,56.05729214293251,56.7547607421875,28914000,0.0,0.0,GOOGLE,GOOG
2019-07-23 00:00:00-04:00,56.96599493728826,57.23551808035211,56.43791050061193,57.19516372680664,20648000,0.0,0.0,GOOGLE,GOOG
2019-07-24 00:00:00-04:00,56.42645113585224,57.06613054934359,56.22169184457857,56.78066635131836,27192000,0.0,0.0,GOOGLE,GOOG
2019-07-25 00:00:00-04:00,56.74180794578144,56.97297222817298,55.98256300348546,56.591854095458984,54762000,0.0,0.0,GOOGLE,GOOG
2019-07-26 00:00:00-04:00,61.17822738749563,63.190429970077474,61.17822738749563,62.03611755371094,121216000,0.0,0.0,GOOGLE,GOOG
2019-07-29 00:00:00-04:00,61.900607120334186,62.22393607387098,61.287826801990214,61.86772537231445,41382000,0.0,0.0,GOOGLE,GOOG
2019-07-30 00:00:00-04:00,61.12840402878677,61.62211675990931,61.044707799280026,61.178226470947266,28616000,0.0,0.0,GOOGLE,GOOG
2019-07-31 00:00:00-04:00,61.022290129105386,61.522475825968506,60.19080495584724,60.68999481201172,39960000,0.0,0.0,GOOGLE,GOOG
2019-08-01 00:00:00-04:00,60.66159837851538,61.59172499732854,60.132016374440205,60.370155334472656,35426000,0.0,0.0,GOOGLE,GOOG
2019-08-02 00:00:00-04:00,59.93274212351259,60.256565195762185,59.28508837717595,59.59994888305664,34910000,0.0,0.0,GOOGLE,GOOG
2019-08-05 00:00:00-04:00,58.43665848010985,58.63145555169411,56.93111847508635,57.52894973754883,47840000,0.0,0.0,GOOGLE,GOOG
2019-08-06 00:00:00-04:00,58.06550685736552,58.85663763585712,57.86672642163629,58.34250259399414,36014000,0.0,0.0,GOOGLE,GOOG
2019-08-07 00:00:00-04:00,57.680902031903344,58.78041657995435,57.33415942567088,58.583133697509766,30686000,0.0,0.0,GOOGLE,GOOG
2019-08-08 00:00:00-04:00,59.10722925554582,60.09614464357306,58.48797600258756,60.0916633605957,30116000,0.0,0.0,GOOGLE,GOOG
2019-08-09 00:00:00-04:00,59.78278338029093,60.00547540376676,59.03050935966737,59.23028564453125,20418000,0.0,0.0,GOOGLE,GOOG
2019-08-12 00:00:00-04:00,58.7868942783502,59.06637963322188,58.224932245569164,58.51288604736328,22064000,0.0,0.0,GOOGLE,GOOG
2019-08-13 00:00:00-04:00,58.505411300036926,60.05379910678612,58.437659926218146,59.62036895751953,28434000,0.0,0.0,GOOGLE,GOOG
2019-08-14 00:00:00-04:00,58.59110415276028,58.925889068462446,57.84381313656624,58.00223922729492,35430000,0.0,0.0,GOOGLE,GOOG
2019-08-15 00:00:00-04:00,58.2104840610799,58.60853906951947,57.939965077631086,58.25482177734375,28506000,0.0,0.0,GOOGLE,GOOG
2019-08-16 00:00:00-04:00,58.82624891250215,58.978198230407656,58.43815613153456,58.74753189086914,24916000,0.0,0.0,GOOGLE,GOOG
2019-08-19 00:00:00-04:00,59.37625740117085,60.25108826193065,59.30501678116146,59.80520248413086,24450000,0.0,0.0,GOOGLE,GOOG
2019-08-20 00:00:00-04:00,59.55162201346721,59.68364312027833,58.93884171695709,58.96275329589844,20206000,0.0,0.0,GOOGLE,GOOG
2019-08-21 00:00:00-04:00,59.575039930072,59.811183418014565,59.18146618319477,59.36380386352539,14152000,0.0,0.0,GOOGLE,GOOG
2019-08-22 00:00:00-04:00,59.474403616439155,59.72250479773374,58.73259347536399,59.360816955566406,17352000,0.0,0.0,GOOGLE,GOOG
2019-08-23 00:00:00-04:00,59.04445813968985,59.56756336619777,57.29231067252796,57.470664978027344,36254000,0.0,0.0,GOOGLE,GOOG
2019-08-26 00:00:00-04:00,57.763104743998596,58.381362176837044,57.53393595389575,58.34748458862305,21166000,0.0,0.0,GOOGLE,GOOG
2019-08-27 00:00:00-04:00,58.936353159069284,59.03599044113411,58.017682518830405,58.329551696777344,23460000,0.0,0.0,GOOGLE,GOOG
2019-08-28 00:00:00-04:00,58.033124569833234,58.71216247882918,57.80295994394673,58.475521087646484,16810000,0.0,0.0,GOOGLE,GOOG
2019-08-29 00:00:00-04:00,59.10673227458688,59.74292623165953,59.049938948622575,59.49632263183594,19636000,0.0,0.0,GOOGLE,GOOG
2019-08-30 00:00:00-04:00,59.80072056898383,59.80072056898383,59.07186019935162,59.311492919921875,18064000,0.0,0.0,GOOGLE,GOOG
2019-09-03 00:00:00-04:00,58.87905762936114,59.23925168435595,57.9753360096515,58.26628112792969,25908000,0.0,0.0,GOOGLE,GOOG
2019-09-04 00:00:00-04:00,58.759489090166326,59.03000805766627,58.364919547407915,58.89997863769531,21312000,0.0,0.0,GOOGLE,GOOG
2019-09-05 00:00:00-04:00,59.46742352410036,60.48075221578814,59.41909864540104,60.39057922363281,26394000,0.0,0.0,GOOGLE,GOOG
2019-09-06 00:00:00-04:00,60.238634093210244,60.42844437796677,59.945693477717626,60.09814453125,18972000,0.0,0.0,GOOGLE,GOOG
2019-09-09 00:00:00-04:00,60.136002767305264,60.80707016089562,59.443015475786595,60.04582977294922,31854000,0.0,0.0,GOOGLE,GOOG
2019-09-10 00:00:00-04:00,59.58848938717001,60.28147669440488,59.58450222340231,60.06725311279297,27922000,0.0,0.0,GOOGLE,GOOG
2019-09-11 00:00:00-04:00,59.97707635074445,60.9027216374074,59.8968655674205,60.779666900634766,23522000,0.0,0.0,GOOGLE,GOOG
2019-09-12 00:00:00-04:00,60.95254304311796,61.89661902649169,60.907205685068504,61.52546691894531,31644000,0.0,0.0,GOOGLE,GOOG
2019-09-13 00:00:00-04:00,61.38298397731822,61.8283718428759,61.1323932009133,61.77755355834961,23676000,0.0,0.0,GOOGLE,GOOG
2019-09-16 00:00:00-04:00,61.29978309506363,61.727234406820536,61.03823047976994,61.35906982421875,28218000,0.0,0.0,GOOGLE,GOOG
2019-09-17 00:00:00-04:00,61.35907039108914,61.526960770477785,60.94656428766628,61.27188491821289,20806000,0.0,0.0,GOOGLE,GOOG
2019-09-18 00:00:00-04:00,61.28981817868051,61.588733811126694,60.603805604927196,61.409881591796875,17440000,0.0,0.0,GOOGLE,GOOG
2019-09-19 00:00:00-04:00,61.39344563937251,61.99227277436514,61.392947719026424,61.713783264160156,16554000,0.0,0.0,GOOGLE,GOOG
2019-09-20 00:00:00-04:00,61.45920600462216,61.91555190724731,60.95802446484815,61.269893646240234,37692000,0.0,0.0,GOOGLE,GOOG
2019-09-23 00:00:00-04:00,61.1069847907373,61.76011948366756,60.9679889890091,61.51152038574219,20798000,0.0,0.0,GOOGLE,GOOG
2019-09-24 00:00:00-04:00,61.77605463621622,62.13026983262011,60.31335857446715,60.696468353271484,35804000,0.0,0.0,GOOGLE,GOOG
2019-09-25 00:00:00-04:00,60.58088679848645,62.17560777932155,60.24161681038137,62.071983337402344,26798000,0.0,0.0,GOOGLE,GOOG
2019-09-26 00:00:00-04:00,61.88267174176198,62.00871781137441,61.368536657864915,61.89014434814453,23166000,0.0,0.0,GOOGLE,GOOG
2019-09-27 00:00:00-04:00,61.917045037006446,62.02465664653646,60.54053473697417,61.07609558105469,34122000,0.0,0.0,GOOGLE,GOOG
2019-09-30 00:00:00-04:00,60.809561025368765,61.14883103225463,60.451860363504316,60.836463928222656,24470000,0.0,0.0,GOOGLE,GOOG
2019-10-01 00:00:00-04:00,60.9037182169395,61.42034666897124,60.0597774643364,60.08219528198242,24504000,0.0,0.0,GOOGLE,GOOG
2019-10-02 00:00:00-04:00,59.608918709670014,59.721509530868815,58.41972899804864,58.68327331542969,33030000,0.0,0.0,GOOGLE,GOOG
2019-10-03 00:00:00-04:00,58.95329024685855,59.334906283691616,57.94694001138176,59.256690979003906,28368000,0.0,0.0,GOOGLE,GOOG
2019-10-04 00:00:00-04:00,59.49881063418249,60.40402978566353,59.33340986412291,60.32929992675781,24282000,0.0,0.0,GOOGLE,GOOG
2019-10-07 00:00:00-04:00,60.13201590944494,60.72536592215485,60.0004927202875,60.19429016113281,17040000,0.0,0.0,GOOGLE,GOOG
2019-10-08 00:00:00-04:00,59.722003782613356,60.12553972113018,59.25918111392374,59.29156494140625,20086000,0.0,0.0,GOOGLE,GOOG
2019-10-09 00:00:00-04:00,59.8495432062891,60.20475426182025,59.68961955228314,59.90284729003906,15948000,0.0,0.0,GOOGLE,GOOG
2019-10-10 00:00:00-04:00,59.71353385169121,60.56145798203958,59.676668741955645,60.255069732666016,12842000,0.0,0.0,GOOGLE,GOOG
2019-10-11 00:00:00-04:00,60.98044246041934,61.215590098254395,60.4628181447867,60.56594467163086,22330000,0.0,0.0,GOOGLE,GOOG
2019-10-14 00:00:00-04:00,60.47527195524818,61.07260531967969,60.375136754421305,60.66857147216797,13296000,0.0,0.0,GOOGLE,GOOG
2019-10-15 00:00:00-04:00,60.85440020177328,62.131269435613014,60.82550561762313,61.88765335083008,27584000,0.0,0.0,GOOGLE,GOOG
2019-10-16 00:00:00-04:00,61.866227494629875,62.482991134773506,61.70281840703316,61.925514221191406,22986000,0.0,0.0,GOOGLE,GOOG
2019-10-17 00:00:00-04:00,62.343995211343035,62.95926508918621,62.26777159216845,62.41374206542969,20958000,0.0,0.0,GOOGLE,GOOG
2019-10-18 00:00:00-04:00,62.50790525387959,62.67828523388445,61.78303205558561,61.99576187133789,31624000,0.0,0.0,GOOGLE,GOOG
2019-10-21 00:00:00-04:00,62.20948693512754,62.44911584997772,61.775558860974876,61.98928451538086,18094000,0.0,0.0,GOOGLE,GOOG
2019-10-22 00:00:00-04:00,61.999247427124715,62.21098140257437,61.76858487669679,61.83584213256836,22862000,0.0,0.0,GOOGLE,GOOG
2019-10-23 00:00:00-04:00,61.78652458187572,62.67480312162492,61.78652458187572,62.65437698364258,21282000,0.0,0.0,GOOGLE,GOOG
2019-10-24 00:00:00-04:00,62.72810745239258,62.916921887242616,62.39132705542247,62.72810745239258,20224000,0.0,0.0,GOOGLE,GOOG
2019-10-25 00:00:00-04:00,62.37389111764392,63.171004607427044,62.23190779538502,62.986671447753906,27104000,0.0,0.0,GOOGLE,GOOG
2019-10-28 00:00:00-04:00,63.51973667466158,64.72735695561478,63.38572388386644,64.2162094116211,65428000,0.0,0.0,GOOGLE,GOOG
2019-10-29 00:00:00-04:00,63.5695524331251,63.80868722098996,62.55373415663121,62.80532455444336,52654000,0.0,0.0,GOOGLE,GOOG
2019-10-30 00:00:00-04:00,62.530821809333546,63.17199878703543,62.30663602180131,62.80731964111328,29204000,0.0,0.0,GOOGLE,GOOG
2019-10-31 00:00:00-04:00,62.772442575440735,63.09726526892064,62.24834152629954,62.7126579284668,31904000,0.0,0.0,GOOGLE,GOOG
2019-11-01 00:00:00-04:00,63.06139892614919,63.420099222793795,62.75799819522198,63.38273239135742,28812000,0.0,0.0,GOOGLE,GOOG
2019-11-04 00:00:00-05:00,63.57503559005602,64.39157553882181,63.57503559005602,64.24759674072266,30632000,0.0,0.0,GOOGLE,GOOG
2019-11-05 00:00:00-05:00,64.32681031487668,64.62772145316727,64.23614319820348,64.3387680053711,25148000,0.0,0.0,GOOGLE,GOOG
2019-11-06 00:00:00-05:00,64.27151318780028,64.41598610772114,63.88192662252673,64.31734466552734,24626000,0.0,0.0,GOOGLE,GOOG
2019-11-07 00:00:00-05:00,64.48025268929233,65.89363192524102,64.45385150771229,65.11096954345703,45140000,0.0,0.0,GOOGLE,GOOG
2019-11-08 00:00:00-05:00,64.84094286442155,65.61763018026531,64.84094286442155,65.21359252929688,30392000,0.0,0.0,GOOGLE,GOOG
2019-11-11 00:00:00-05:00,64.96449739224848,65.00934063160024,64.55947149079697,64.67953491210938,17234000,0.0,0.0,GOOGLE,GOOG
2019-11-12 00:00:00-05:00,64.69397587802594,65.23103047203485,64.47825854400105,64.626220703125,28852000,0.0,0.0,GOOGLE,GOOG
2019-11-13 00:00:00-05:00,64.42545329292031,64.8907693833711,64.37414088811491,64.57491302490234,20538000,0.0,0.0,GOOGLE,GOOG
2019-11-14 00:00:00-05:00,64.5161205679256,65.54838159856185,64.46331060717834,65.22106170654297,28948000,0.0,0.0,GOOGLE,GOOG
2019-11-15 00:00:00-05:00,65.5150046332317,66.43616485595703,65.35757058513106,66.43616485595703,39286000,0.0,0.0,GOOGLE,GOOG
2019-11-18 00:00:00-05:00,66.37638177373917,66.45509880415459,65.57030569897712,65.7536392211914,27984000,0.0,0.0,GOOGLE,GOOG
2019-11-19 00:00:00-05:00,66.09190867489313,66.09190867489313,65.35159615187916,65.39244842529297,21864000,0.0,0.0,GOOGLE,GOOG
2019-11-20 00:00:00-05:00,65.33117005407024,65.423334729017,64.22767215365603,64.8578872680664,28892000,0.0,0.0,GOOGLE,GOOG
2019-11-21 00:00:00-05:00,64.7278600198531,65.31921456208703,64.30439205916764,64.77220153808594,25546000,0.0,0.0,GOOGLE,GOOG
2019-11-22 00:00:00-05:00,64.91468159499655,65.108976956534,64.23514574996375,64.44986724853516,27776000,0.0,0.0,GOOGLE,GOOG
2019-11-25 00:00:00-05:00,64.57890344710442,65.28384466115433,64.54651961856601,65.04620361328125,23590000,0.0,0.0,GOOGLE,GOOG
2019-11-26 00:00:00-05:00,65.25892751347108,65.46318887352183,64.96649244611746,65.41287231445312,21910000,0.0,0.0,GOOGLE,GOOG
2019-11-27 00:00:00-05:00,65.53344054113686,65.64403967279266,65.23701449537522,65.3695297241211,18808000,0.0,0.0,GOOGLE,GOOG
2019-11-29 00:00:00-05:00,65.09402910162295,65.2609198326384,64.92613492811438,64.96897888183594,12802000,0.0,0.0,GOOGLE,GOOG
2019-12-02 00:00:00-05:00,64.89275897416522,65.03624365705384,63.78776347641649,64.21023559570312,26538000,0.0,0.0,GOOGLE,GOOG
2019-12-03 00:00:00-05:00,63.702069435945795,64.62722057302477,63.621862456156634,64.50316619873047,25270000,0.0,0.0,GOOGLE,GOOG
2019-12-04 00:00:00-05:00,65.06911428975454,65.97433339614042,64.91716117696767,65.70879364013672,35506000,0.0,0.0,GOOGLE,GOOG
2019-12-05 00:00:00-05:00,66.11034434253041,66.15917094412113,65.47863925680925,66.10835266113281,24408000,0.0,0.0,GOOGLE,GOOG
2019-12-06 00:00:00-05:00,66.39679857050709,66.8810431720543,66.32107667483807,66.72760009765625,32968000,0.0,0.0,GOOGLE,GOOG
2019-12-09 00:00:00-05:00,66.70120058621491,67.63232678505871,66.56220099812916,66.90695190429688,30842000,0.0,0.0,GOOGLE,GOOG
2019-12-10 00:00:00-05:00,66.75501121525667,67.15655547409243,66.45907928439043,66.9019775390625,17606000,0.0,0.0,GOOGLE,GOOG
2019-12-11 00:00:00-05:00,67.17150216646628,67.25071331464794,66.81280185570814,66.96973419189453,20480000,0.0,0.0,GOOGLE,GOOG
2019-12-12 00:00:00-05:00,66.9179152400922,67.48435852895024,66.66832412294539,67.18096160888672,29114000,0.0,0.0,GOOGLE,GOOG
2019-12-13 00:00:00-05:00,67.1515626424577,67.32344017222796,66.84069312886085,67.10025024414062,33170000,0.0,0.0,GOOGLE,GOOG
2019-12-16 00:00:00-05:00,67.5052866369034,67.93024453543552,67.28658178303827,67.78926086425781,28128000,0.0,0.0,GOOGLE,GOOG
2019-12-17 00:00:00-05:00,67.87445062350825,67.97010454499008,67.29455205032858,67.49980926513672,32948000,0.0,0.0,GOOGLE,GOOG
2019-12-18 00:00:00-05:00,67.60492332791209,67.72598258295224,67.27910859189822,67.3513412475586,23330000,0.0,0.0,GOOGLE,GOOG
2019-12-19 00:00:00-05:00,67.3513430228631,67.63133389251267,67.1939165752205,67.5770263671875,28922000,0.0,0.0,GOOGLE,GOOG
2019-12-20 00:00:00-05:00,67.9088194007226,67.9536550339557,67.29255369795212,67.31696319580078,50090000,0.0,0.0,GOOGLE,GOOG
2019-12-23 00:00:00-05:00,67.69111834762558,67.84655312219071,67.15655712361124,67.28758239746094,19936000,0.0,0.0,GOOGLE,GOOG
2019-12-24 00:00:00-05:00,67.26664868645624,67.3563275574898,66.96574517267122,66.97869110107422,13468000,0.0,0.0,GOOGLE,GOOG
2019-12-26 00:00:00-05:00,67.08431131419714,67.91380856703519,67.03249719301324,67.87743377685547,23662000,0.0,0.0,GOOGLE,GOOG
2019-12-27 00:00:00-05:00,67.95366241282655,68.10561554439893,67.405653542852,67.48735809326172,23212000,0.0,0.0,GOOGLE,GOOG
2019-12-30 00:00:00-05:00,67.59546062500813,67.60492491235867,66.65038501698088,66.74354553222656,19994000,0.0,0.0,GOOGLE,GOOG
2019-12-31 00:00:00-05:00,66.54824996368184,66.79087018476127,66.36591230787249,66.72760009765625,19514000,0.0,0.0,GOOGLE,GOOG
2020-01-02 00:00:00-05:00,67.17698523802844,68.18682098388672,67.08133131198049,68.18682098388672,27278000,0.0,0.0,GOOGLE,GOOG
2020-01-03 00:00:00-05:00,67.1565478821436,68.43939581935471,67.12266649637043,67.8301010131836,23408000,0.0,0.0,GOOGLE,GOOG
2020-01-06 00:00:00-05:00,67.33738843542059,69.66345923216974,67.30600805367692,69.63805389404297,46768000,0.0,0.0,GOOGLE,GOOG
2020-01-07 00:00:00-05:00,69.77008329725511,69.92153470711604,69.32669091744489,69.50354766845703,34330000,0.0,0.0,GOOGLE,GOOG
2020-01-08 00:00:00-05:00,69.48909698901235,70.3375228813182,69.37999541559134,69.99825286865234,35314000,0.0,0.0,GOOGLE,GOOG
2020-01-09 00:00:00-05:00,70.83970143414861,71.17598393013975,70.2558194812113,70.73309326171875,33200000,0.0,0.0,GOOGLE,GOOG
2020-01-10 00:00:00-05:00,71.21533908846308,71.48784974028622,70.72362186567442,71.18992614746094,26258000,0.0,0.0,GOOGLE,GOOG
2020-01-13 00:00:00-05:00,71.50328944184061,71.81366484523728,71.01107809709713,71.7414321899414,30730000,0.0,0.0,GOOGLE,GOOG
2020-01-14 00:00:00-05:00,71.73993876603046,71.8709640363411,71.13064389247113,71.2711410522461,26076000,0.0,0.0,GOOGLE,GOOG
2020-01-15 00:00:00-05:00,71.39219885923909,71.77879789678663,71.32444368341595,71.70008087158203,21550000,0.0,0.0,GOOGLE,GOOG
2020-01-16 00:00:00-05:00,72.01144787956945,72.27300427999972,71.73993307286825,72.24610137939453,26080000,0.0,0.0,GOOGLE,GOOG
2020-01-17 00:00:00-05:00,72.86286123537427,73.76010603887995,72.56444352795735,73.70879364013672,52424000,0.0,0.0,GOOGLE,GOOG
2020-01-21 00:00:00-05:00,73.68289896309959,74.22494042900655,73.24498747587538,73.84481811523438,48930000,0.0,0.0,GOOGLE,GOOG
2020-01-22 00:00:00-05:00,74.21745513521142,74.75799134476836,73.8652316275804,73.92550659179688,28458000,0.0,0.0,GOOGLE,GOOG
2020-01-23 00:00:00-05:00,74.10885083507527,74.4052768729522,73.74865298533626,73.96636199951172,26650000,0.0,0.0,GOOGLE,GOOG
2020-01-24 00:00:00-05:00,74.37139241036722,74.44014342272132,72.8947432066111,73.04370880126953,29786000,0.0,0.0,GOOGLE,GOOG
2020-01-27 00:00:00-05:00,71.31846997752507,71.56955866813779,70.71863939255725,71.32793426513672,34132000,0.0,0.0,GOOGLE,GOOG
2020-01-28 00:00:00-05:00,71.82661717961386,72.47725839870864,71.25967218463677,72.2630386352539,29724000,0.0,0.0,GOOGLE,GOOG
2020-01-29 00:00:00-05:00,72.65959425732443,72.94257262840148,72.00845893497106,72.57191467285156,21566000,0.0,0.0,GOOGLE,GOOG
2020-01-30 00:00:00-05:00,71.64528116546836,72.49968208968686,71.49084223477435,72.44986724853516,27110000,0.0,0.0,GOOGLE,GOOG
2020-01-31 00:00:00-05:00,73.12790379399927,73.21807678829367,71.09527131841374,71.38024139404297,43822000,0.0,0.0,GOOGLE,GOOG
2020-02-03 00:00:00-05:00,72.818526558395,74.04658061144849,72.56743786363523,73.86224365234375,71636000,0.0,0.0,GOOGLE,GOOG
2020-02-04 00:00:00-05:00,72.46182298123878,73.10199650551328,70.84468413309284,72.00946044921875,95880000,0.0,0.0,GOOGLE,GOOG
2020-02-05 00:00:00-05:00,72.91617074068874,72.96449562114519,71.22580336725193,72.04134368896484,36376000,0.0,0.0,GOOGLE,GOOG
2020-02-06 00:00:00-05:00,72.33677576359966,73.81043759584276,72.26204969986705,73.53194427490234,37822000,0.0,0.0,GOOGLE,GOOG
2020-02-07 00:00:00-05:00,73.10448784833639,73.99426007334321,73.0058464103526,73.68836975097656,28360000,0.0,0.0,GOOGLE,GOOG
2020-02-10 00:00:00-05:00,73.59472631055179,75.1715071998613,73.49359145462412,75.1605453491211,38302000,0.0,0.0,GOOGLE,GOOG
2020-02-11 00:00:00-05:00,75.39019785597917,76.21770340309827,75.00061132161902,75.23027801513672,34852000,0.0,0.0,GOOGLE,GOOG
2020-02-12 00:00:00-05:00,75.51923806383654,75.74043633057408,75.16103948219266,75.65724182128906,31042000,0.0,0.0,GOOGLE,GOOG
2020-02-13 00:00:00-05:00,75.22729680616945,76.02191687395778,74.92837735428414,75.39618682861328,22914000,0.0,0.0,GOOGLE,GOOG
2020-02-14 00:00:00-05:00,75.45297562350825,75.72797967828164,75.00559231326048,75.66221618652344,23198000,0.0,0.0,GOOGLE,GOOG
2020-02-18 00:00:00-05:00,75.4435174707526,76.25158520613671,75.27761496690005,75.69759368896484,25642000,0.0,0.0,GOOGLE,GOOG
2020-02-19 00:00:00-05:00,76.08418918563441,76.2605518097851,75.77431549389932,75.96810913085938,22746000,0.0,0.0,GOOGLE,GOOG
2020-02-20 00:00:00-05:00,75.67616412195946,76.07770834757048,74.94132496189518,75.57553100585938,25962000,0.0,0.0,GOOGLE,GOOG
2020-02-21 00:00:00-05:00,74.95726817378268,75.27462206552566,73.6574832677561,73.90508270263672,42520000,0.0,0.0,GOOGLE,GOOG
2020-02-24 00:00:00-05:00,70.89549627943762,71.55959279941615,70.08543687850549,70.736572265625,49560000,0.0,0.0,GOOGLE,GOOG
2020-02-25 00:00:00-05:00,71.29155985609103,71.58299907032023,68.77169543510105,69.06562805175781,51580000,0.0,0.0,GOOGLE,GOOG
2020-02-26 00:00:00-05:00,69.49706450646832,70.42819069892191,68.57889184403786,69.27237701416016,49776000,0.0,0.0,GOOGLE,GOOG
2020-02-27 00:00:00-05:00,67.7115398365822,68.2226873655206,65.4746460468317,65.51001739501953,62290000,0.0,0.0,GOOGLE,GOOG
2020-02-28 00:00:00-05:00,63.48535365075221,66.88004494343048,63.18145503464202,66.72062683105469,80198000,0.0,0.0,GOOGLE,GOOG
2020-03-02 00:00:00-05:00,67.32543840692219,69.12291549289797,66.02066676283309,69.06562805175781,55430000,0.0,0.0,GOOGLE,GOOG
2020-03-03 00:00:00-05:00,69.63158946211831,70.15518886051058,66.2219446617251,66.64441680908203,56602000,0.0,0.0,GOOGLE,GOOG
2020-03-04 00:00:00-05:00,67.7025750397975,68.88927512353104,66.60854135808763,68.83049011230469,47598000,0.0,0.0,GOOGLE,GOOG
2020-03-05 00:00:00-05:00,67.03449374191095,67.4370414491301,64.84692814514692,65.50055694580078,54380000,0.0,0.0,GOOGLE,GOOG
2020-03-06 00:00:00-05:00,63.26815022542305,64.90222218354712,62.63345001724397,64.55299377441406,64640000,0.0,0.0,GOOGLE,GOOG
2020-03-09 00:00:00-04:00,60.03038304280918,62.41025590343553,59.685632138917605,60.56992721557617,69252000,0.0,0.0,GOOGLE,GOOG
2020-03-10 00:00:00-04:00,62.49295728889708,63.56207964343921,60.50615637636564,63.528202056884766,54872000,0.0,0.0,GOOGLE,GOOG
2020-03-11 00:00:00-04:00,62.18806372644597,62.61949838943698,59.34187890099212,60.32630920410156,54732000,0.0,0.0,GOOGLE,GOOG
2020-03-12 00:00:00-04:00,55.92825665674984,59.22281313910036,55.22331167410478,55.37675476074219,94326000,0.0,0.0,GOOGLE,GOOG
2020-03-13 00:00:00-04:00,58.537298689662194,60.500682240290445,55.413620095234876,60.494205474853516,79400000,0.0,0.0,GOOGLE,GOOG
2020-03-16 00:00:00-04:00,54.28371671880484,57.06662772504203,53.161286436824646,53.45621871948242,96520000,0.0,0.0,GOOGLE,GOOG
2020-03-17 00:00:00-04:00,54.33503393484652,56.09664573448183,52.265536316051694,55.701080322265625,83194000,0.0,0.0,GOOGLE,GOOG
2020-03-18 00:00:00-04:00,52.80557438423959,55.049936896919235,51.66271423119009,54.362430572509766,93044000,0.0,0.0,GOOGLE,GOOG
2020-03-19 00:00:00-04:00,54.21447058565481,57.42234346746838,52.58687152446784,55.38273620605469,74064000,0.0,0.0,GOOGLE,GOOG
2020-03-20 00:00:00-04:00,56.34075959872419,56.71839227547209,52.91318612762283,53.21758270263672,82878000,0.0,0.0,GOOGLE,GOOG
2020-03-23 00:00:00-04:00,52.62771969397402,53.152816591676384,50.2612982120029,52.5161247253418,83672000,0.0,0.0,GOOGLE,GOOG
2020-03-24 00:00:00-04:00,54.999627350986934,56.46182565314056,54.1252943715928,56.296424865722656,72468000,0.0,0.0,GOOGLE,GOOG
2020-03-25 00:00:00-04:00,56.02590181648933,57.10150097644301,53.95491048168835,54.882049560546875,90324000,0.0,0.0,GOOGLE,GOOG
2020-03-26 00:00:00-04:00,55.53468295067127,58.3624334086797,54.4042821365031,57.935977935791016,76562000,0.0,0.0,GOOGLE,GOOG
2020-03-27 00:00:00-04:00,56.16988078028349,57.34462310546679,55.000619379792866,55.3124885559082,62794000,0.0,0.0,GOOGLE,GOOG
2020-03-30 00:00:00-04:00,56.42744514551845,57.34212859909248,54.72611218061649,57.10847473144531,58736000,0.0,0.0,GOOGLE,GOOG
2020-03-31 00:00:00-04:00,57.2290415631662,58.458083824910496,56.630708544990256,57.88765335083008,65228000,0.0,0.0,GOOGLE,GOOG
2020-04-01 00:00:00-04:00,55.99700615531,56.267027211100036,54.47701502016982,54.90596008300781,51970000,0.0,0.0,GOOGLE,GOOG
2020-04-02 00:00:00-04:00,54.80133918570253,55.93572711969801,54.459081676414385,55.64976501464844,56410000,0.0,0.0,GOOGLE,GOOG
2020-04-03 00:00:00-04:00,55.53418339732919,55.73744511904495,53.55984186349984,54.43765640258789,51374000,0.0,0.0,GOOGLE,GOOG
2020-04-06 00:00:00-04:00,56.44538540428317,59.32245290132051,56.04682865790388,58.94581985473633,63320000,0.0,0.0,GOOGLE,GOOG
2020-04-07 00:00:00-04:00,60.630706908970595,60.818529302753255,58.64988857565713,58.9144287109375,61620000,0.0,0.0,GOOGLE,GOOG
2020-04-08 00:00:00-04:00,59.937719869279775,60.52558895059071,58.98367788811864,60.132015228271484,40334000,0.0,0.0,GOOGLE,GOOG
2020-04-09 00:00:00-04:00,60.688996669217964,60.87880693991357,59.40564692717376,60.110591888427734,54028000,0.0,0.0,GOOGLE,GOOG
2020-04-13 00:00:00-04:00,59.858012475342434,60.50666206471668,58.90297462683948,60.301902770996094,38702000,0.0,0.0,GOOGLE,GOOG
2020-04-14 00:00:00-04:00,61.77456615054075,63.55710205404441,61.20512769663744,63.03300476074219,63358000,0.0,0.0,GOOGLE,GOOG
2020-04-15 00:00:00-04:00,62.1003831064078,63.52521830384666,61.47714266273126,62.637935638427734,42236000,0.0,0.0,GOOGLE,GOOG
2020-04-16 00:00:00-04:00,63.12815591073961,63.43803341419668,61.68638380620559,62.6444091796875,57896000,0.0,0.0,GOOGLE,GOOG
2020-04-17 00:00:00-04:00,63.85352392139879,64.26702585267132,63.071359495228606,63.71901321411133,51050000,0.0,0.0,GOOGLE,GOOG
2020-04-20 00:00:00-04:00,63.26515662883871,63.610405463697234,62.59508509542158,62.829734802246094,35292000,0.0,0.0,GOOGLE,GOOG
2020-04-21 00:00:00-04:00,61.91106664037472,62.27424820103494,60.03237526579768,60.38908386230469,49648000,0.0,0.0,GOOGLE,GOOG
2020-04-22 00:00:00-04:00,61.831356188881415,63.76285379905656,61.6365629106537,62.693233489990234,46296000,0.0,0.0,GOOGLE,GOOG
2020-04-23 00:00:00-04:00,63.05840710504225,64.17486233966723,62.798849973013944,63.32892608642578,34202000,0.0,0.0,GOOGLE,GOOG
2020-04-24 00:00:00-04:00,62.523344521239075,63.654744905232555,61.97533190314895,63.59944534301758,37402000,0.0,0.0,GOOGLE,GOOG
2020-04-27 00:00:00-04:00,64.36666167637333,64.47128575857568,63.02452695217412,63.313480377197266,44186000,0.0,0.0,GOOGLE,GOOG
2020-04-28 00:00:00-04:00,63.92825679183895,64.00597037196816,61.29679347697088,61.40689468383789,80700000,0.0,0.0,GOOGLE,GOOG
2020-04-29 00:00:00-04:00,67.0070972273997,67.76186088094337,66.09689879967604,66.86660766601562,108358000,0.0,0.0,GOOGLE,GOOG
2020-04-30 00:00:00-04:00,66.3275613048283,67.25619418806347,65.83633815891375,67.09178924560547,55842000,0.0,0.0,GOOGLE,GOOG
2020-05-01 00:00:00-04:00,65.9653682187632,67.327435005306,65.24647767611364,65.62808990478516,48872000,0.0,0.0,GOOGLE,GOOG
2020-05-04 00:00:00-04:00,65.17025470993144,65.98430505914773,64.56644077311196,65.90608215332031,30806000,0.0,0.0,GOOGLE,GOOG
2020-05-05 00:00:00-04:00,66.63344344892403,68.30289040757773,66.51039251832525,67.20735931396484,39666000,0.0,0.0,GOOGLE,GOOG
2020-05-06 00:00:00-04:00,67.65475045457835,68.18731999160298,67.01357346407988,67.02851867675781,31732000,0.0,0.0,GOOGLE,GOOG
2020-05-07 00:00:00-04:00,67.81964616153778,68.55149783447298,67.38273056836054,68.21670532226562,30652000,0.0,0.0,GOOGLE,GOOG
2020-05-08 00:00:00-04:00,68.84144327546564,69.5797640707449,68.35271358713628,68.96698760986328,33326000,0.0,0.0,GOOGLE,GOOG
2020-05-11 00:00:00-04:00,68.59085382808611,70.52085390400352,68.52658789517999,69.92601013183594,32718000,0.0,0.0,GOOGLE,GOOG
2020-05-12 00:00:00-04:00,70.15668416781644,70.46107695559472,68.47727096514038,68.51065063476562,33918000,0.0,0.0,GOOGLE,GOOG
2020-05-13 00:00:00-04:00,68.5594573991325,69.01630496173733,66.16065230960501,67.17298126220703,40368000,0.0,0.0,GOOGLE,GOOG
2020-05-14 00:00:00-04:00,66.43516167776798,67.62335150405842,65.92600588302776,67.59794616699219,36660000,0.0,0.0,GOOGLE,GOOG
2020-05-15 00:00:00-04:00,67.16951023215769,68.48075120129604,66.70817751319369,68.405029296875,41544000,0.0,0.0,GOOGLE,GOOG
2020-05-18 00:00:00-04:00,67.83310426795741,69.38647134899308,67.46543379437955,69.00884246826172,47094000,0.0,0.0,GOOGLE,GOOG
2020-05-19 00:00:00-04:00,69.02378631792969,69.37301472678409,68.43990439308666,68.47178649902344,31586000,0.0,0.0,GOOGLE,GOOG
2020-05-20 00:00:00-04:00,69.20711846144812,70.34648942602318,69.12043471161293,70.20350646972656,38262000,0.0,0.0,GOOGLE,GOOG
2020-05-21 00:00:00-04:00,70.29467493775918,70.56718559705264,69.46767107075028,70.08344268798828,30894000,0.0,0.0,GOOGLE,GOOG
2020-05-22 00:00:00-04:00,69.94145276179594,70.59408566129582,69.5453894587064,70.40676879882812,28544000,0.0,0.0,GOOGLE,GOOG
2020-05-26 00:00:00-04:00,71.83758241160733,71.99451473967798,70.71365837687964,70.81179809570312,44590000,0.0,0.0,GOOGLE,GOOG
2020-05-27 00:00:00-04:00,70.74355032318083,71.01008594637463,69.4781408664338,70.75749969482422,31684000,0.0,0.0,GOOGLE,GOOG
2020-05-28 00:00:00-04:00,69.74716011851211,71.96213022057283,69.70132864220743,70.65586853027344,35170000,0.0,0.0,GOOGLE,GOOG
2020-05-29 00:00:00-04:00,70.76496784378698,71.57702647189404,70.54327547342558,71.41710662841797,37044000,0.0,0.0,GOOGLE,GOOG
2020-06-01 00:00:00-04:00,71.02752733192398,71.8186581836549,70.85713974161835,71.48436737060547,25162000,0.0,0.0,GOOGLE,GOOG
2020-06-02 00:00:00-04:00,71.49083741107874,71.88939412258804,70.82375340976124,71.85501861572266,23442000,0.0,0.0,GOOGLE,GOOG
2020-06-03 00:00:00-04:00,71.87445322824456,72.18881201214307,71.32245340395113,71.70257568359375,27732000,0.0,0.0,GOOGLE,GOOG
2020-06-04 00:00:00-04:00,71.57951246699068,71.80569752359149,70.04657163873968,70.4595718383789,26982000,0.0,0.0,GOOGLE,GOOG
2020-06-05 00:00:00-04:00,70.52632996829688,72.05379744790729,70.12677742503232,71.74092864990234,42642000,0.0,0.0,GOOGLE,GOOG
2020-06-08 00:00:00-04:00,71.05642003198895,72.1883108306279,70.96674115496965,72.14048767089844,33878000,0.0,0.0,GOOGLE,GOOG
2020-06-09 00:00:00-04:00,72.0009911440297,73.12491517312255,71.85750646676351,72.34175109863281,33624000,0.0,0.0,GOOGLE,GOOG
2020-06-10 00:00:00-04:00,72.81155023889953,73.37251259643772,72.45534336088231,72.97047424316406,31762000,0.0,0.0,GOOGLE,GOOG
2020-06-11 00:00:00-04:00,71.79125013479211,72.317844611134,69.6679505395017,69.8418197631836,47144000,0.0,0.0,GOOGLE,GOOG
2020-06-12 00:00:00-04:00,71.0354895960037,71.46643014655847,69.03972605596952,70.39083099365234,36676000,0.0,0.0,GOOGLE,GOOG
2020-06-15 00:00:00-04:00,69.22355465173395,70.99263883796326,69.1094662895663,70.78041076660156,30468000,0.0,0.0,GOOGLE,GOOG
2020-06-16 00:00:00-04:00,72.18830958177831,72.59533476014369,71.1914274344332,72.06227111816406,30648000,0.0,0.0,GOOGLE,GOOG
2020-06-17 00:00:00-04:00,72.3846018167284,72.84592690407887,71.49731538830102,72.36466979980469,30610000,0.0,0.0,GOOGLE,GOOG
2020-06-18 00:00:00-04:00,72.23065677847741,72.38609154152647,71.05441692317615,71.4469985961914,34862000,0.0,0.0,GOOGLE,GOOG
2020-06-19 00:00:00-04:00,71.73993225099585,71.96411801891286,70.69372186493412,70.9747085571289,52784000,0.0,0.0,GOOGLE,GOOG
2020-06-22 00:00:00-04:00,70.99315006784434,72.28546244565803,70.70320078128806,72.27101135253906,29442000,0.0,0.0,GOOGLE,GOOG
2020-06-23 00:00:00-04:00,72.33776540656734,73.4935791055213,71.98903113596465,72.93460083007812,37752000,0.0,0.0,GOOGLE,GOOG
2020-06-24 00:00:00-04:00,72.89973548311546,73.52297212297677,71.24174433717035,71.37625885009766,31592000,0.0,0.0,GOOGLE,GOOG
2020-06-25 00:00:00-04:00,71.30251980582155,71.85551545856381,70.720629569588,71.79473876953125,23958000,0.0,0.0,GOOGLE,GOOG
2020-06-26 00:00:00-04:00,71.37277132194346,71.59147618941572,67.50529083686487,67.88092803955078,97640000,0.0,0.0,GOOGLE,GOOG
2020-06-29 00:00:00-04:00,67.7713227704338,69.64752464958299,67.33839053044488,69.60617065429688,45074000,0.0,0.0,GOOGLE,GOOG
2020-06-30 00:00:00-04:00,69.59172910748964,70.94282650629934,69.09602088066073,70.64640045166016,40286000,0.0,0.0,GOOGLE,GOOG
2020-07-01 00:00:00-04:00,70.70220499476825,72.16241155709176,70.45360210227392,71.8395767211914,42182000,0.0,0.0,GOOGLE,GOOG
2020-07-02 00:00:00-04:00,72.3298050665194,74.15718040763036,72.2914385919885,73.23103332519531,57218000,0.0,0.0,GOOGLE,GOOG
2020-07-06 00:00:00-04:00,74.13874222626067,75.22729491318063,73.58225733217644,74.71166229248047,44712000,0.0,0.0,GOOGLE,GOOG
2020-07-07 00:00:00-04:00,74.53630064372297,75.79124990468137,74.21595923259059,74.22692108154297,42364000,0.0,0.0,GOOGLE,GOOG
2020-07-08 00:00:00-04:00,74.76896117431934,75.2855896621943,74.34549320672672,74.90845489501953,31766000,0.0,0.0,GOOGLE,GOOG
2020-07-09 00:00:00-04:00,75.22380563879062,76.18083893904442,74.50940017796016,75.65872955322266,41836000,0.0,0.0,GOOGLE,GOOG
2020-07-10 00:00:00-04:00,75.38920428639194,76.78863406760478,74.76497183660314,76.67255401611328,35918000,0.0,0.0,GOOGLE,GOOG
2020-07-13 00:00:00-04:00,77.21708959553256,78.53331741345096,75.05592510143445,75.3384017944336,42954000,0.0,0.0,GOOGLE,GOOG
2020-07-14 00:00:00-04:00,74.36990704594152,75.86498319457694,74.02814364430351,75.7683334350586,38108000,0.0,0.0,GOOGLE,GOOG
2020-07-15 00:00:00-04:00,75.88640355335926,76.53903647589908,74.62099414042883,75.57005310058594,31026000,0.0,0.0,GOOGLE,GOOG
2020-07-16 00:00:00-04:00,74.80383049169487,75.52173283177987,74.14472076367511,75.472412109375,26484000,0.0,0.0,GOOGLE,GOOG
2020-07-17 00:00:00-04:00,75.57154526134265,75.89637177199131,74.63444396372523,75.56855773925781,34264000,0.0,0.0,GOOGLE,GOOG
2020-07-20 00:00:00-04:00,75.47639543898973,78.16714187775806,74.86361891146494,77.90957641601562,30166000,0.0,0.0,GOOGLE,GOOG
2020-07-21 00:00:00-04:00,78.96524749243123,79.06588061391737,77.35059445549066,77.51499938964844,27486000,0.0,0.0,GOOGLE,GOOG
2020-07-22 00:00:00-04:00,77.50453461968445,78.06599868334108,76.88278799026335,77.95988464355469,24482000,0.0,0.0,GOOGLE,GOOG
2020-07-23 00:00:00-04:00,78.01369344820895,78.23389586305572,75.15704470098699,75.5635757446289,33910000,0.0,0.0,GOOGLE,GOOG
2020-07-24 00:00:00-04:00,74.68875512451017,75.4978187147444,74.11084821614986,75.13812255859375,29902000,0.0,0.0,GOOGLE,GOOG
2020-07-27 00:00:00-04:00,75.38970769221412,76.60031547041915,75.34337449446365,76.19528198242188,27124000,0.0,0.0,GOOGLE,GOOG
2020-07-28 00:00:00-04:00,75.97458351011703,76.02490006928045,74.75500559506845,74.91094207763672,30910000,0.0,0.0,GOOGLE,GOOG
2020-07-29 00:00:00-04:00,74.97819642494973,76.38957630642854,74.87905326549283,75.90035247802734,22676000,0.0,0.0,GOOGLE,GOOG
2020-07-30 00:00:00-04:00,74.62797025137715,76.76622275499713,74.48847653000448,76.64067840576172,36042000,0.0,0.0,GOOGLE,GOOG
2020-07-31 00:00:00-04:00,74.58213492227172,74.97919408732075,72.43740576365673,74.12877655029297,91468000,0.0,0.0,GOOGLE,GOOG
2020-08-03 00:00:00-04:00,74.28073079284519,74.6160098313244,73.3202082301425,73.8702163696289,45482000,0.0,0.0,GOOGLE,GOOG
2020-08-04 00:00:00-04:00,74.0670056639935,74.38584953229615,72.93709895228872,73.39892578125,37212000,0.0,0.0,GOOGLE,GOOG
2020-08-05 00:00:00-04:00,73.5742853773924,74.23090162507052,73.29529036829226,73.68737030029297,29134000,0.0,0.0,GOOGLE,GOOG
2020-08-06 00:00:00-04:00,73.54090688926841,75.0414638688501,73.32917292799154,74.97570037841797,33306000,0.0,0.0,GOOGLE,GOOG
2020-08-07 00:00:00-04:00,75.17947715397163,75.72997944167348,74.04508530696614,74.64790344238281,27718000,0.0,0.0,GOOGLE,GOOG
2020-08-10 00:00:00-04:00,74.2707558268139,75.08530020770952,73.60765523231507,74.57067108154297,20546000,0.0,0.0,GOOGLE,GOOG
2020-08-11 00:00:00-04:00,74.43017867772018,75.2492157961146,73.64253714599549,73.75961303710938,31098000,0.0,0.0,GOOGLE,GOOG
2020-08-12 00:00:00-04:00,74.08742732192708,75.31049447767546,73.98180739873705,75.08979034423828,22512000,0.0,0.0,GOOGLE,GOOG
2020-08-13 00:00:00-04:00,75.13812091037408,76.57093045908631,75.13812091037408,75.55859375,22388000,0.0,0.0,GOOGLE,GOOG
2020-08-14 00:00:00-04:00,75.40714596693718,75.71503560697212,74.67928518835669,74.95977020263672,21942000,0.0,0.0,GOOGLE,GOOG
2020-08-17 00:00:00-04:00,75.52472220977971,75.9138146755014,74.9782032851523,75.53816986083984,19990000,0.0,0.0,GOOGLE,GOOG
2020-08-18 00:00:00-04:00,76.03038104423156,77.58723726473458,75.80868867138717,77.50802612304688,28378000,0.0,0.0,GOOGLE,GOOG
2020-08-19 00:00:00-04:00,77.34411980521735,78.15966773297319,76.72187900212155,76.95154571533203,30472000,0.0,0.0,GOOGLE,GOOG
2020-08-20 00:00:00-04:00,76.72037370152356,78.72311558639284,76.44587137868804,78.52782440185547,26382000,0.0,0.0,GOOGLE,GOOG
2020-08-21 00:00:00-04:00,78.30613132210684,79.30651031281674,77.83335025134366,78.49395751953125,34838000,0.0,0.0,GOOGLE,GOOG
2020-08-24 00:00:00-04:00,79.33589725744946,80.14845763456078,78.4675469972095,78.97122192382812,25638000,0.0,0.0,GOOGLE,GOOG
2020-08-25 00:00:00-04:00,78.71963154557028,80.15343686372387,78.60903241627476,80.00248718261719,25150000,0.0,0.0,GOOGLE,GOOG
2020-08-26 00:00:00-04:00,80.02489862719428,82.34100339265537,79.7598605946293,81.90956115722656,52188000,0.0,0.0,GOOGLE,GOOG
2020-08-27 00:00:00-04:00,82.03311751863201,82.10186853182472,80.64813884839977,81.13188934326172,31350000,0.0,0.0,GOOGLE,GOOG
2020-08-28 00:00:00-04:00,81.1792203252564,81.77106895544175,80.98691665183625,81.6754150390625,22418000,0.0,0.0,GOOGLE,GOOG
2020-08-31 00:00:00-04:00,81.88167310885905,81.92800630889975,80.97297225024275,81.18221282958984,26422000,0.0,0.0,GOOGLE,GOOG
2020-09-01 00:00:00-04:00,81.31322906235161,82.66133878864376,81.18220380441561,82.45508575439453,22652000,0.0,0.0,GOOGLE,GOOG
2020-09-02 00:00:00-04:00,83.09925761294082,85.99326951380951,82.70967104741894,85.55934143066406,49522000,0.0,0.0,GOOGLE,GOOG
2020-09-03 00:00:00-04:00,84.66906553604466,84.69298091600302,80.0951464942045,81.18121337890625,63726000,0.0,0.0,GOOGLE,GOOG
2020-09-04 00:00:00-04:00,80.15940982192211,81.45421551334142,76.62073949779996,78.77493286132812,55850000,0.0,0.0,GOOGLE,GOOG
2020-09-08 00:00:00-04:00,75.97458541832226,77.49656444782057,75.55111747525575,75.90483856201172,54032000,0.0,0.0,GOOGLE,GOOG
2020-09-09 00:00:00-04:00,77.16527153565474,77.65449538796737,75.98305657760726,77.08207702636719,39242000,0.0,0.0,GOOGLE,GOOG
2020-09-10 00:00:00-04:00,77.22904054800122,78.39879605198924,75.72548837275342,76.02689361572266,33024000,0.0,0.0,GOOGLE,GOOG
2020-09-11 00:00:00-04:00,76.13151325135439,76.65710424434029,74.38135757977268,75.51425170898438,30706000,0.0,0.0,GOOGLE,GOOG
2020-09-14 00:00:00-04:00,76.30587620432017,77.56879974493008,74.98367354101607,75.16899871826172,42660000,0.0,0.0,GOOGLE,GOOG
2020-09-15 00:00:00-04:00,76.1185618969855,77.26938879198397,75.83011019321296,76.47875213623047,23042000,0.0,0.0,GOOGLE,GOOG
2020-09-16 00:00:00-04:00,76.84543328535601,77.43778367605645,75.30650967657043,75.3314208984375,22128000,0.0,0.0,GOOGLE,GOOG
2020-09-17 00:00:00-04:00,74.02216427474603,74.6623454300348,72.85888546754985,74.08344268798828,40008000,0.0,0.0,GOOGLE,GOOG
2020-09-18 00:00:00-04:00,74.14621099905342,74.48996606174869,71.32244788364751,72.29242706298828,63056000,0.0,0.0,GOOGLE,GOOG
2020-09-21 00:00:00-04:00,71.32245611530352,71.74292896409321,69.88068396867533,71.24872589111328,56908000,0.0,0.0,GOOGLE,GOOG
2020-09-22 00:00:00-04:00,72.25407316357077,72.93411073010083,71.2168328603775,72.72735595703125,33950000,0.0,0.0,GOOGLE,GOOG
2020-09-23 00:00:00-04:00,72.34225644896203,72.39157717122976,69.8806826142396,70.2149658203125,37726000,0.0,0.0,GOOGLE,GOOG
2020-09-24 00:00:00-04:00,69.88068149776949,71.63979990027593,69.85427271441243,70.88603210449219,34552000,0.0,0.0,GOOGLE,GOOG
2020-09-25 00:00:00-04:00,70.99513733495901,72.03585923361521,70.12977461323118,71.69310760498047,30326000,0.0,0.0,GOOGLE,GOOG
2020-09-28 00:00:00-04:00,73.33365977505386,73.38347461301063,72.05280345095021,72.66956329345703,30784000,0.0,0.0,GOOGLE,GOOG
2020-09-29 00:00:00-04:00,72.93112141930668,73.33415562365097,72.43740489907678,73.03623962402344,31816000,0.0,0.0,GOOGLE,GOOG
2020-09-30 00:00:00-04:00,72.78315208556084,74.04159062936886,72.52509251682595,73.01531219482422,40924000,0.0,0.0,GOOGLE,GOOG
2020-10-01 00:00:00-04:00,73.9150494896704,74.4834920654927,73.57328609552755,74.12628173828125,32884000,0.0,0.0,GOOGLE,GOOG
2020-10-02 00:00:00-04:00,72.71789249064658,73.68439010609272,72.10611181504586,72.51712036132812,31222000,0.0,0.0,GOOGLE,GOOG
2020-10-05 00:00:00-04:00,72.86834483876896,73.96686351696191,72.74080881723337,73.87370300292969,21602000,0.0,0.0,GOOGLE,GOOG
2020-10-06 00:00:00-04:00,73.50853375240524,73.95790119838244,71.98954209764706,72.28895568847656,26096000,0.0,0.0,GOOGLE,GOOG
2020-10-07 00:00:00-04:00,72.70194989206978,73.18320700814674,71.40265906364932,72.6934814453125,36108000,0.0,0.0,GOOGLE,GOOG
2020-10-08 00:00:00-04:00,73.007847612493,74.13276761067465,73.007847612493,73.90360260009766,26076000,0.0,0.0,GOOGLE,GOOG
2020-10-09 00:00:00-04:00,74.37338551928684,75.31945693732641,74.08144457179348,75.24971008300781,32966000,0.0,0.0,GOOGLE,GOOG
2020-10-12 00:00:00-04:00,76.62223387226929,79.13412396919452,76.18879995044458,77.94692993164062,55344000,0.0,0.0,GOOGLE,GOOG
2020-10-13 00:00:00-04:00,78.56569445694564,78.97172378559651,77.65001515673892,78.07048797607422,39072000,0.0,0.0,GOOGLE,GOOG
2020-10-14 00:00:00-04:00,78.44563158309474,78.90645495748937,77.01580961564979,77.88964080810547,33174000,0.0,0.0,GOOGLE,GOOG
2020-10-15 00:00:00-04:00,76.9460653245229,78.28620846255698,76.7781787431495,77.49258422851562,31210000,0.0,0.0,GOOGLE,GOOG
2020-10-16 00:00:00-04:00,77.80943263046109,78.60056342329273,77.60168962514257,78.10187530517578,34194000,0.0,0.0,GOOGLE,GOOG
2020-10-19 00:00:00-04:00,78.51189109073204,78.91044782578675,75.87096715362827,76.22119140625,29734000,0.0,0.0,GOOGLE,GOOG
2020-10-20 00:00:00-04:00,75.88043277067209,78.40777009705141,75.75040333901116,77.27388000488281,41670000,0.0,0.0,GOOGLE,GOOG
2020-10-21 00:00:00-04:00,78.20898483318967,80.46530890944595,78.07397620622821,79.01306915283203,60322000,0.0,0.0,GOOGLE,GOOG
2020-10-22 00:00:00-04:00,78.96375064141789,80.37961564707625,78.5891092929625,80.04283905029297,30512000,0.0,0.0,GOOGLE,GOOG
2020-10-23 00:00:00-04:00,80.46082633106839,81.41088115636,80.30438812044022,81.35408782958984,30548000,0.0,0.0,GOOGLE,GOOG
2020-10-26 00:00:00-04:00,80.45833632305265,81.18469951341166,78.10586403860046,78.92838287353516,35826000,0.0,0.0,GOOGLE,GOOG
2020-10-27 00:00:00-04:00,79.15954231999152,79.8106776850853,78.56469855934021,79.65524291992188,25902000,0.0,0.0,GOOGLE,GOOG
2020-10-28 00:00:00-04:00,77.22057217953115,77.40988073140537,75.15157254606702,75.26715087890625,45174000,0.0,0.0,GOOGLE,GOOG
2020-10-29 00:00:00-04:00,75.57702297863642,79.15006883310937,75.55360932054283,77.56282806396484,55406000,0.0,0.0,GOOGLE,GOOG
2020-10-30 00:00:00-04:00,83.07086129202403,83.76235480157268,79.78925464364642,80.51362609863281,99878000,0.0,0.0,GOOGLE,GOOG
2020-11-02 00:00:00-05:00,80.8837926057364,82.61252643628038,80.4204682214181,80.92265319824219,44228000,0.0,0.0,GOOGLE,GOOG
2020-11-03 00:00:00-05:00,81.24348984429479,82.65038470624353,80.31435526225587,81.98579406738281,31432000,0.0,0.0,GOOGLE,GOOG
2020-11-04 00:00:00-05:00,84.9709721050456,88.18183610365294,84.8424402415851,86.97720336914062,71342000,0.0,0.0,GOOGLE,GOOG
2020-11-05 00:00:00-05:00,88.20275735544595,89.26740226984975,86.7370699129325,87.80669403076172,39758000,0.0,0.0,GOOGLE,GOOG
2020-11-06 00:00:00-05:00,87.25071413274178,88.10561678657324,86.52035998576054,87.668701171875,28622000,0.0,0.0,GOOGLE,GOOG
2020-11-09 00:00:00-05:00,89.47464675995333,90.51636448186137,87.56008612324626,87.75288391113281,53440000,0.0,0.0,GOOGLE,GOOG
2020-11-10 00:00:00-05:00,86.17611073287821,87.65126251758112,85.4960731491163,86.57217407226562,43022000,0.0,0.0,GOOGLE,GOOG
2020-11-11 00:00:00-05:00,87.1042427619129,87.8266225882064,86.83820885154041,87.04595947265625,31838000,0.0,0.0,GOOGLE,GOOG
2020-11-12 00:00:00-05:00,86.78539589482608,87.93024780902479,86.58462376759071,86.82624816894531,26474000,0.0,0.0,GOOGLE,GOOG
2020-11-13 00:00:00-05:00,87.08431448870246,88.5355508426952,86.48548735624237,88.29293060302734,29744000,0.0,0.0,GOOGLE,GOOG
2020-11-16 00:00:00-05:00,87.88840565076451,89.39295380658639,87.74841020395236,88.38111877441406,25468000,0.0,0.0,GOOGLE,GOOG
2020-11-17 00:00:00-05:00,88.07372465767033,88.53605320268133,87.6567410725559,87.76484680175781,21314000,0.0,0.0,GOOGLE,GOOG
2020-11-18 00:00:00-05:00,87.51474953078005,87.93123897541416,86.61450958788471,86.71763610839844,20108000,0.0,0.0,GOOGLE,GOOG
2020-11-19 00:00:00-05:00,86.34848648649174,87.85602217060304,86.18856662190134,87.61090850830078,20106000,0.0,0.0,GOOGLE,GOOG
2020-11-20 00:00:00-05:00,87.78178049366831,88.0986326654224,86.43665822607944,86.50540924072266,27694000,0.0,0.0,GOOGLE,GOOG
2020-11-23 00:00:00-05:00,86.69671872564506,86.98417459885138,85.20014502917995,86.06600189208984,22530000,0.0,0.0,GOOGLE,GOOG
2020-11-24 00:00:00-05:00,86.0630160459935,88.00497382203966,85.72573772498068,87.8764419555664,27984000,0.0,0.0,GOOGLE,GOOG
2020-11-25 00:00:00-05:00,88.07123478190198,88.19926492092006,87.10224382118727,87.88789367675781,19600000,0.0,0.0,GOOGLE,GOOG
2020-11-27 00:00:00-05:00,87.90831865377476,89.52595914203532,87.90831865377476,89.02825927734375,14790000,0.0,0.0,GOOGLE,GOOG
2020-11-30 00:00:00-05:00,88.46182238783743,88.6954724641389,87.07634189895141,87.40316009521484,32418000,0.0,0.0,GOOGLE,GOOG
2020-12-01 00:00:00-05:00,88.01394925762817,90.75700402494574,87.8331015354611,89.44376373291016,37350000,0.0,0.0,GOOGLE,GOOG
2020-12-02 00:00:00-05:00,89.44375546572586,91.30600791613693,88.93609717998572,90.91890716552734,29424000,0.0,0.0,GOOGLE,GOOG
2020-12-03 00:00:00-05:00,90.69821757214093,91.85850886844305,90.52185493709996,90.76298522949219,24728000,0.0,0.0,GOOGLE,GOOG
2020-12-04 00:00:00-05:00,90.68227232185122,91.14459326490794,90.3519648864835,90.85863494873047,20544000,0.0,0.0,GOOGLE,GOOG
2020-12-07 00:00:00-05:00,90.44961574992479,91.1341384390011,89.8263790772547,90.52335357666016,22288000,0.0,0.0,GOOGLE,GOOG
2020-12-08 00:00:00-05:00,90.09938442115568,90.47053652120316,89.2404984455747,90.23937225341797,19936000,0.0,0.0,GOOGLE,GOOG
2020-12-09 00:00:00-05:00,90.19104514431577,91.08829757012232,87.78177973255339,88.57191467285156,31728000,0.0,0.0,GOOGLE,GOOG
2020-12-10 00:00:00-05:00,87.81167253448392,88.42893411573529,86.36342371825536,88.06326293945312,28688000,0.0,0.0,GOOGLE,GOOG
2020-12-11 00:00:00-05:00,87.68214672631133,88.5445219658633,87.32045890491517,88.41947174072266,18628000,0.0,0.0,GOOGLE,GOOG
2020-12-14 00:00:00-05:00,88.21620955020055,89.16675845576526,87.1406028237001,87.29653930664062,33050000,0.0,0.0,GOOGLE,GOOG
2020-12-15 00:00:00-05:00,87.67516999164631,87.88142304795741,86.76896253956801,87.73595428466797,21352000,0.0,0.0,GOOGLE,GOOG
2020-12-16 00:00:00-05:00,88.1360003477814,88.1360003477814,87.13712650323956,87.54215240478516,24676000,0.0,0.0,GOOGLE,GOOG
2020-12-17 00:00:00-05:00,87.8779342956904,88.01643216274311,86.24485447323394,86.7111587524414,34880000,0.0,0.0,GOOGLE,GOOG
2020-12-18 00:00:00-05:00,86.99313920631526,87.10224076733915,85.4402664025447,85.99923706054688,85256000,0.0,0.0,GOOGLE,GOOG
2020-12-21 00:00:00-05:00,85.14783444789241,86.53630250285211,84.39406662842674,86.41474151611328,33974000,0.0,0.0,GOOGLE,GOOG
2020-12-22 00:00:00-05:00,86.15417747044755,86.31758655277737,84.98093279518055,85.70032501220703,20370000,0.0,0.0,GOOGLE,GOOG
2020-12-23 00:00:00-05:00,85.88516072253306,86.89051128625628,85.7491486524078,86.09938049316406,22974000,0.0,0.0,GOOGLE,GOOG
2020-12-24 00:00:00-05:00,86.13774220253009,86.80582207984264,85.90608380986222,86.39481353759766,9312000,0.0,0.0,GOOGLE,GOOG
2020-12-28 00:00:00-05:00,86.93036398590236,89.02726225465624,86.77642679040835,88.37761688232422,27650000,0.0,0.0,GOOGLE,GOOG
2020-12-29 00:00:00-05:00,89.03873758776326,89.10051012187903,87.43853552322551,87.570556640625,19726000,0.0,0.0,GOOGLE,GOOG
2020-12-30 00:00:00-05:00,87.93123961215915,88.0687416405065,86.0879233616201,86.49893188476562,21026000,0.0,0.0,GOOGLE,GOOG
2020-12-31 00:00:00-05:00,86.54975002211158,87.55759397313379,86.4909574145553,87.31547546386719,21070000,0.0,0.0,GOOGLE,GOOG
2021-01-04 00:00:00-05:00,87.68214606917775,87.80619285085264,85.04869477317573,85.99476623535156,37324000,0.0,0.0,GOOGLE,GOOG
2021-01-05 00:00:00-05:00,85.9429483768037,87.02602010440519,85.53492737727899,86.68824768066406,20360000,0.0,0.0,GOOGLE,GOOG
2021-01-06 00:00:00-05:00,84.70592848888685,86.88353542794194,84.49867961477806,85.83283996582031,46588000,0.0,0.0,GOOGLE,GOOG
2021-01-07 00:00:00-05:00,86.02614068270066,88.56992052990687,86.02614068270066,88.39655303955078,41936000,0.0,0.0,GOOGLE,GOOG
2021-01-08 00:00:00-05:00,88.53704298309565,89.64303422597571,87.74291709686659,89.56681060791016,35484000,0.0,0.0,GOOGLE,GOOG
2021-01-11 00:00:00-05:00,88.53006966005195,88.89674428175523,87.29056728433751,87.497314453125,34796000,0.0,0.0,GOOGLE,GOOG
2021-01-12 00:00:00-05:00,86.95278383812753,88.0757119949811,85.5090201510068,86.5577163696289,29528000,0.0,0.0,GOOGLE,GOOG
2021-01-13 00:00:00-05:00,86.05405245944603,87.50230901741276,86.05405245944603,87.04695892333984,23432000,0.0,0.0,GOOGLE,GOOG
2021-01-14 00:00:00-05:00,87.12765580672892,88.0582879688526,85.99177402952512,86.2333984375,29212000,0.0,0.0,GOOGLE,GOOG
2021-01-15 00:00:00-05:00,86.13873947397137,87.0653806618715,85.27637182228375,86.0689926147461,31444000,0.0,0.0,GOOGLE,GOOG
2021-01-19 00:00:00-05:00,86.83521771183466,89.8662298949034,86.32855525362069,88.90122985839844,41660000,0.0,0.0,GOOGLE,GOOG
2021-01-20 00:00:00-05:00,90.98865630936496,94.64291272511348,90.64690050867388,93.6639633178711,64152000,0.0,0.0,GOOGLE,GOOG
2021-01-21 00:00:00-05:00,94.34050839326144,96.25506146549635,93.63107455098277,93.86721801757812,58634000,0.0,0.0,GOOGLE,GOOG
2021-01-22 00:00:00-05:00,94.23139983329403,94.87556430668273,93.48610051893715,94.28620147705078,32744000,0.0,0.0,GOOGLE,GOOG
2021-01-25 00:00:00-05:00,95.29155743989047,95.74391995060923,92.62223321351706,94.37188720703125,50586000,0.0,0.0,GOOGLE,GOOG
2021-01-26 00:00:00-05:00,93.95889149093976,95.44151582904261,93.46767596818985,95.05292510986328,31462000,0.0,0.0,GOOGLE,GOOG
2021-01-27 00:00:00-05:00,93.40689168755647,93.68388743518035,89.53941134895017,90.61849975585938,82512000,0.0,0.0,GOOGLE,GOOG
2021-01-28 00:00:00-05:00,91.21932607485262,94.05852868409468,91.21932607485262,92.3253173828125,55278000,0.0,0.0,GOOGLE,GOOG
2021-01-29 00:00:00-05:00,91.36977652740904,92.0433373392386,89.75264523753046,91.03797912597656,44530000,0.0,0.0,GOOGLE,GOOG
2021-02-01 00:00:00-05:00,91.89637432349734,95.43106164858229,91.89637432349734,94.3116226196289,40252000,0.0,0.0,GOOGLE,GOOG
2021-02-02 00:00:00-05:00,95.31098780648408,97.11643928448133,94.97420362433103,95.60940551757812,66332000,0.0,0.0,GOOGLE,GOOG
2021-02-03 00:00:00-05:00,102.90746072666758,104.95055343734262,100.31385813211097,102.57217407226562,97882000,0.0,0.0,GOOGLE,GOOG
2021-02-04 00:00:00-05:00,102.65884809055703,103.09127858814463,101.3874560564438,102.31061553955078,48596000,0.0,0.0,GOOGLE,GOOG
2021-02-05 00:00:00-05:00,102.60604747712506,104.41847761913148,102.12977714218258,104.06426239013672,29866000,0.0,0.0,GOOGLE,GOOG
2021-02-08 00:00:00-05:00,104.62073945674986,105.3680304528695,102.7948618010392,103.84953308105469,28828000,0.0,0.0,GOOGLE,GOOG
2021-02-09 00:00:00-05:00,103.36528753401436,104.54650658602348,103.12615654590056,103.39468383789062,21892000,0.0,0.0,GOOGLE,GOOG
2021-02-10 00:00:00-05:00,103.7807850841294,104.5649450130785,102.24136741179713,103.94718170166016,25102000,0.0,0.0,GOOGLE,GOOG
2021-02-11 00:00:00-05:00,104.17236127042146,104.32181337866476,103.06935758019877,104.06026458740234,20480000,0.0,0.0,GOOGLE,GOOG
2021-02-12 00:00:00-05:00,103.61289391276202,104.59582664089332,103.30400846982873,104.37313842773438,18990000,0.0,0.0,GOOGLE,GOOG
2021-02-16 00:00:00-05:00,104.20973641979121,106.86959656226462,104.20973641979121,105.15381622314453,31004000,0.0,0.0,GOOGLE,GOOG
2021-02-17 00:00:00-05:00,104.32081817221616,105.73868234264121,104.04034080602773,105.54837036132812,20294000,0.0,0.0,GOOGLE,GOOG
2021-02-18 00:00:00-05:00,104.86982858978384,105.71626268211989,104.28843252871336,104.9101791381836,22546000,0.0,0.0,GOOGLE,GOOG
2021-02-19 00:00:00-05:00,105.00884029321222,105.54638902312479,103.79523735548331,104.06326293945312,37938000,0.0,0.0,GOOGLE,GOOG
2021-02-22 00:00:00-05:00,102.30912492140787,103.64079961329027,102.03013748467448,102.34200286865234,29466000,0.0,0.0,GOOGLE,GOOG
2021-02-23 00:00:00-05:00,100.33577698787235,103.25070912204706,99.15206448655958,102.63394165039062,34658000,0.0,0.0,GOOGLE,GOOG
2021-02-24 00:00:00-05:00,101.13537459318772,104.03885071091864,101.01033197264503,103.81416320800781,22608000,0.0,0.0,GOOGLE,GOOG
2021-02-25 00:00:00-05:00,102.4252061789698,103.77381778061505,99.96213477750045,100.43342590332031,41548000,0.0,0.0,GOOGLE,GOOG
2021-02-26 00:00:00-05:00,101.13088744744117,102.45458773490998,99.68911542657376,100.73033905029297,40042000,0.0,0.0,GOOGLE,GOOG
2021-03-01 00:00:00-05:00,102.03013401200471,103.4365347187737,101.35358570003427,103.10922241210938,26060000,0.0,0.0,GOOGLE,GOOG
2021-03-02 00:00:00-05:00,102.86909087667888,104.35869373421451,102.46207329492115,102.85115814208984,25564000,0.0,0.0,GOOGLE,GOOG
2021-03-03 00:00:00-05:00,102.22692382102302,103.42457808906329,99.33988283526075,100.20724487304688,33892000,0.0,0.0,GOOGLE,GOOG
2021-03-04 00:00:00-05:00,100.37961714580209,103.35483186089955,99.90932187453389,101.32917785644531,49216000,0.0,0.0,GOOGLE,GOOG
2021-03-05 00:00:00-05:00,102.68525911486967,104.92961791711122,101.02278293828931,104.47476959228516,53100000,0.0,0.0,GOOGLE,GOOG
2021-03-08 00:00:00-05:00,103.82661965093199,105.30525296763314,99.89735933199495,100.01244354248047,36868000,0.0,0.0,GOOGLE,GOOG
2021-03-09 00:00:00-05:00,102.11732272226696,102.82325975945281,101.41237392395553,101.6495132446289,33920000,0.0,0.0,GOOGLE,GOOG
2021-03-10 00:00:00-05:00,102.69770994837371,102.69770994837371,100.60180744400728,101.44176483154297,27100000,0.0,0.0,GOOGLE,GOOG
2021-03-11 00:00:00-05:00,102.53928968782215,105.18220523776341,102.4511083758253,104.64764404296875,27702000,0.0,0.0,GOOGLE,GOOG
2021-03-12 00:00:00-05:00,103.44550965546584,103.50529050639058,101.25395308684375,102.12977600097656,33818000,0.0,0.0,GOOGLE,GOOG
2021-03-15 00:00:00-04:00,101.87967631284526,102.3783644281171,101.02328375306622,102.35096740722656,26168000,0.0,0.0,GOOGLE,GOOG
2021-03-16 00:00:00-04:00,102.92638942693472,105.3022753921105,102.59260033416,103.81816101074219,31900000,0.0,0.0,GOOGLE,GOOG
2021-03-17 00:00:00-04:00,103.04993048050358,104.57091360341622,101.83682935268834,103.73494720458984,26382000,0.0,0.0,GOOGLE,GOOG
2021-03-18 00:00:00-04:00,102.03909033136951,103.06387874522893,100.59433084226174,100.70194244384766,31700000,0.0,0.0,GOOGLE,GOOG
2021-03-19 00:00:00-04:00,101.11992970979266,101.48410330398204,99.78476589810643,100.98192596435547,46072000,0.0,0.0,GOOGLE,GOOG
2021-03-22 00:00:00-04:00,101.0153078881699,102.04706721218768,100.33626619815543,101.16775512695312,33536000,0.0,0.0,GOOGLE,GOOG
2021-03-23 00:00:00-04:00,101.62908681148028,102.8327237478334,101.03374890974982,101.69783782958984,28510000,0.0,0.0,GOOGLE,GOOG
2021-03-24 00:00:00-04:00,102.21745147719271,103.0065906053198,101.08356142573824,101.25942993164062,25218000,0.0,0.0,GOOGLE,GOOG
2021-03-25 00:00:00-04:00,101.08605743401239,101.91255961376623,99.44400732233429,101.25594329833984,35616000,0.0,0.0,GOOGLE,GOOG
2021-03-26 00:00:00-04:00,101.22256379776005,101.60118851847731,99.83060653550575,100.87084197998047,27978000,0.0,0.0,GOOGLE,GOOG
2021-03-29 00:00:00-04:00,100.74280057109878,102.09041626621831,99.91031577409845,101.92002868652344,26492000,0.0,0.0,GOOGLE,GOOG
2021-03-30 00:00:00-04:00,102.27823561365267,102.76098268873136,101.43977576639969,101.95391082763672,27312000,0.0,0.0,GOOGLE,GOOG
2021-03-31 00:00:00-04:00,102.34897775246182,103.93622616566056,101.98031145156382,102.75350952148438,42570000,0.0,0.0,GOOGLE,GOOG
2021-04-01 00:00:00-04:00,104.23465248148216,106.401792023939,104.19380020475673,106.1043701171875,39880000,0.0,0.0,GOOGLE,GOOG
2021-04-05 00:00:00-04:00,106.96972539348022,111.04694804336208,106.87307563358485,110.54725646972656,48510000,0.0,0.0,GOOGLE,GOOG
2021-04-06 00:00:00-04:00,110.14670337558955,110.99762260350207,109.69185505974016,110.06400299072266,35240000,0.0,0.0,GOOGLE,GOOG
2021-04-07 00:00:00-04:00,110.25531616396992,111.81964506587008,110.25531616396992,111.54713439941406,24134000,0.0,0.0,GOOGLE,GOOG
2021-04-08 00:00:00-04:00,112.79112075301705,113.17921735300315,111.74541201319593,112.11507415771484,28664000,0.0,0.0,GOOGLE,GOOG
2021-04-09 00:00:00-04:00,111.86647971286347,113.28782565198276,111.45895281366761,113.12342071533203,26146000,0.0,0.0,GOOGLE,GOOG
2021-04-12 00:00:00-04:00,112.29890533032506,112.43690147795414,110.9886526996113,111.82562255859375,25024000,0.0,0.0,GOOGLE,GOOG
2021-04-13 00:00:00-04:00,112.14297049692215,112.76471715502049,111.74740129934294,112.31434631347656,25682000,0.0,0.0,GOOGLE,GOOG
2021-04-14 00:00:00-04:00,112.9619971900941,112.9619971900941,111.39717425723353,111.69060516357422,21002000,0.0,0.0,GOOGLE,GOOG
2021-04-15 00:00:00-04:00,112.6889994794816,114.38534950155716,112.15194486886276,113.84978485107422,29174000,0.0,0.0,GOOGLE,GOOG
2021-04-16 00:00:00-04:00,114.04856393280973,114.29766093867127,113.13587213844484,113.72523498535156,26282000,0.0,0.0,GOOGLE,GOOG
2021-04-19 00:00:00-04:00,113.0990103588193,114.78838186688787,113.0990103588193,114.07447052001953,30290000,0.0,0.0,GOOGLE,GOOG
2021-04-20 00:00:00-04:00,114.45956839924328,114.53479617885418,112.44836557021146,113.53890991210938,22288000,0.0,0.0,GOOGLE,GOOG
2021-04-21 00:00:00-04:00,113.19217019429358,113.58823351736392,111.83558432610454,113.50603485107422,23204000,0.0,0.0,GOOGLE,GOOG
2021-04-22 00:00:00-04:00,113.3590652676498,114.03063440238844,111.61140281475126,112.21920013427734,24146000,0.0,0.0,GOOGLE,GOOG
2021-04-23 00:00:00-04:00,112.94058602127447,114.88952235997519,112.65412597200617,114.58113861083984,29066000,0.0,0.0,GOOGLE,GOOG
2021-04-26 00:00:00-04:00,114.80980729457114,115.80669706509309,114.45110698869605,115.07933044433594,32038000,0.0,0.0,GOOGLE,GOOG
2021-04-27 00:00:00-04:00,115.46293758663589,115.50378985999158,113.89511946951139,114.13525390625,44386000,0.0,0.0,GOOGLE,GOOG
2021-04-28 00:00:00-04:00,119.19292425294489,121.1299029266967,117.23602116237112,117.52597045898438,81106000,0.0,0.0,GOOGLE,GOOG
2021-04-29 00:00:00-04:00,119.03001067597394,119.7738124548785,118.26378347678457,119.20587158203125,41234000,0.0,0.0,GOOGLE,GOOG
2021-04-30 00:00:00-04:00,117.97333747895604,118.66233759698787,116.90421509270777,117.24996185302734,44856000,0.0,0.0,GOOGLE,GOOG
2021-05-03 00:00:00-04:00,117.81839175557107,118.64738727207323,116.35320611160176,116.7308349609375,28242000,0.0,0.0,GOOGLE,GOOG
2021-05-04 00:00:00-04:00,115.25967352737906,115.82960607841663,112.42644594452452,114.92488861083984,44818000,0.0,0.0,GOOGLE,GOOG
2021-05-05 00:00:00-04:00,116.01095514761973,116.3283014483051,114.9971285118413,115.3204574584961,26636000,0.0,0.0,GOOGLE,GOOG
2021-05-06 00:00:00-04:00,114.89997327178848,116.44537353515625,114.23787606854714,116.44537353515625,25190000,0.0,0.0,GOOGLE,GOOG
2021-05-07 00:00:00-04:00,117.76758486917417,118.13425188151923,116.88428180149477,117.17173767089844,28898000,0.0,0.0,GOOGLE,GOOG
2021-05-10 00:00:00-04:00,115.98653868476471,116.1290275242415,113.81441248301603,114.17361450195312,30914000,0.0,0.0,GOOGLE,GOOG
2021-05-11 00:00:00-04:00,111.74840465287846,113.60218105528583,111.29255288711725,113.09302520751953,34186000,0.0,0.0,GOOGLE,GOOG
2021-05-12 00:00:00-04:00,110.90745515149418,111.99302033670635,109.28483535815145,109.6151351928711,46376000,0.0,0.0,GOOGLE,GOOG
2021-05-13 00:00:00-04:00,110.90396211934527,111.5675568900471,109.93746454623565,111.0494384765625,33204000,0.0,0.0,GOOGLE,GOOG
2021-05-14 00:00:00-04:00,112.51910891638579,113.8233789149502,112.09364929698383,113.50752258300781,31996000,0.0,0.0,GOOGLE,GOOG
2021-05-17 00:00:00-04:00,112.76969964230365,114.07546724640189,112.36815538903663,114.03262329101562,21598000,0.0,0.0,GOOGLE,GOOG
2021-05-18 00:00:00-04:00,114.70169038696976,114.96723014799375,112.70094015585163,112.71488952636719,22204000,0.0,0.0,GOOGLE,GOOG
2021-05-19 00:00:00-04:00,111.01904703596884,113.33863362430941,110.87008903639969,113.16476440429688,23684000,0.0,0.0,GOOGLE,GOOG
2021-05-20 00:00:00-04:00,114.13625000710029,115.18245286035571,113.7636003426539,114.93087005615234,32352000,0.0,0.0,GOOGLE,GOOG
2021-05-21 00:00:00-04:00,115.45198007072094,115.52571789476706,114.05155435717194,114.29218292236328,40632000,0.0,0.0,GOOGLE,GOOG
2021-05-24 00:00:00-04:00,115.3264345855908,117.8502826300026,115.18046410277039,117.62560272216797,31832000,0.0,0.0,GOOGLE,GOOG
2021-05-25 00:00:00-04:00,118.1716223385103,118.76945365385379,117.32469400828721,117.7167739868164,22440000,0.0,0.0,GOOGLE,GOOG
2021-05-26 00:00:00-04:00,117.8986010430773,119.01804756536346,117.89561352112118,118.58561706542969,21572000,0.0,0.0,GOOGLE,GOOG
2021-05-27 00:00:00-04:00,119.02103252382877,119.02103252382877,117.38745859414044,117.7072982788086,35224000,0.0,0.0,GOOGLE,GOOG
2021-05-28 00:00:00-04:00,118.29218362539557,118.37438229281668,117.21758029372839,117.41685485839844,21482000,0.0,0.0,GOOGLE,GOOG
2021-06-01 00:00:00-04:00,118.29318650694809,118.85465064626295,117.2888240927478,118.62896728515625,23354000,0.0,0.0,GOOGLE,GOOG
2021-06-02 00:00:00-04:00,119.02602129528475,119.24971296514329,117.19316506458466,118.10137939453125,21158000,0.0,0.0,GOOGLE,GOOG
2021-06-03 00:00:00-04:00,116.86286004564526,117.42531997629091,116.05528647797111,116.95502471923828,18696000,0.0,0.0,GOOGLE,GOOG
2021-06-04 00:00:00-04:00,118.03561562917264,119.51823999984255,117.69385222026358,119.24622344970703,24458000,0.0,0.0,GOOGLE,GOOG
2021-06-07 00:00:00-04:00,119.04046188004686,119.79124208938643,118.61998908214694,119.68113708496094,24120000,0.0,0.0,GOOGLE,GOOG
2021-06-08 00:00:00-04:00,120.16489237627718,120.53903199374771,119.3065005306719,119.48883819580078,24240000,0.0,0.0,GOOGLE,GOOG
2021-06-09 00:00:00-04:00,120.13600454328899,120.2082372036492,119.41212716482752,119.9621353149414,17942000,0.0,0.0,GOOGLE,GOOG
2021-06-10 00:00:00-04:00,119.91131416876631,121.36006473182732,119.75488355948265,121.31671905517578,25904000,0.0,0.0,GOOGLE,GOOG
2021-06-11 00:00:00-04:00,121.55933394024409,121.64502184723942,120.51113183593498,121.07110595703125,21958000,0.0,0.0,GOOGLE,GOOG
2021-06-14 00:00:00-04:00,121.17372998618939,122.00372135329049,120.4633079129631,122.00322723388672,22098000,0.0,0.0,GOOGLE,GOOG
2021-06-15 00:00:00-04:00,122.00770667877788,122.33203145695492,120.61874461427762,120.9809341430664,21562000,0.0,0.0,GOOGLE,GOOG
2021-06-16 00:00:00-04:00,121.1328772619074,121.4457460653678,119.03847235757074,120.33626556396484,26472000,0.0,0.0,GOOGLE,GOOG
2021-06-17 00:00:00-04:00,120.2615448489189,122.07994993979183,120.06475608698388,121.30376434326172,25842000,0.0,0.0,GOOGLE,GOOG
2021-06-18 00:00:00-04:00,120.92862224622236,121.16376988101334,119.58150825101744,119.67716217041016,46116000,0.0,0.0,GOOGLE,GOOG
2021-06-21 00:00:00-04:00,120.06525529329481,121.5593355667169,119.46542473262765,121.37251281738281,27414000,0.0,0.0,GOOGLE,GOOG
2021-06-22 00:00:00-04:00,121.31024036704765,121.95789409471352,120.62672117126523,121.88864135742188,22390000,0.0,0.0,GOOGLE,GOOG
2021-06-23 00:00:00-04:00,121.65249527234397,122.65087494348631,121.39443570896914,121.68587493896484,19148000,0.0,0.0,GOOGLE,GOOG
2021-06-24 00:00:00-04:00,122.25680782875446,122.6110230424508,121.85825869956587,122.05753326416016,21362000,0.0,0.0,GOOGLE,GOOG
2021-06-25 00:00:00-04:00,121.5593394311943,122.19005627617618,121.12591307154808,122.06600189208984,34594000,0.0,0.0,GOOGLE,GOOG
2021-06-28 00:00:00-04:00,122.23537855577858,122.3415001990115,120.96698166036414,122.09339904785156,28526000,0.0,0.0,GOOGLE,GOOG
2021-06-29 00:00:00-04:00,122.22741372596614,122.57664972076277,121.25145187942462,121.83084869384766,23108000,0.0,0.0,GOOGLE,GOOG
2021-06-30 00:00:00-04:00,121.55385571715162,121.81541212963481,120.91616800193192,121.64851379394531,24474000,0.0,0.0,GOOGLE,GOOG
2021-07-01 00:00:00-04:00,121.2853289488081,122.14421492657009,121.09253115294321,122.00223541259766,18110000,0.0,0.0,GOOGLE,GOOG
2021-07-02 00:00:00-04:00,122.70519059589924,124.95104708441207,122.61501759847599,124.8050765991211,25982000,0.0,0.0,GOOGLE,GOOG
2021-07-06 00:00:00-04:00,125.19465914630301,125.97134646912995,124.13250762769843,125.73420715332031,26404000,0.0,0.0,GOOGLE,GOOG
2021-07-07 00:00:00-04:00,126.70269223196743,126.82424560699673,125.6973340734699,126.01717376708984,24060000,0.0,0.0,GOOGLE,GOOG
2021-07-08 00:00:00-04:00,123.57802540547527,125.14185262043554,123.57404204259987,124.59234619140625,23790000,0.0,0.0,GOOGLE,GOOG
2021-07-09 00:00:00-04:00,124.57340729248173,125.28034011671875,124.10161448780812,125.06512451171875,18632000,0.0,0.0,GOOGLE,GOOG
2021-07-12 00:00:00-04:00,125.72224854003221,126.61053082848238,125.15729519677421,126.5168685913086,17668000,0.0,0.0,GOOGLE,GOOG
2021-07-13 00:00:00-04:00,126.57963904780594,127.59495565583835,126.21695538501842,126.88154602050781,19240000,0.0,0.0,GOOGLE,GOOG
2021-07-14 00:00:00-04:00,127.49581213607647,128.85937643254474,127.45246646187543,127.7738037109375,23742000,0.0,0.0,GOOGLE,GOOG
2021-07-15 00:00:00-04:00,128.18432371890728,128.23513439920174,126.07297423261967,126.54625701904297,24218000,0.0,0.0,GOOGLE,GOOG
2021-07-16 00:00:00-04:00,127.20188838851513,127.34985055293852,125.69784204050538,126.51139068603516,20424000,0.0,0.0,GOOGLE,GOOG
2021-07-19 00:00:00-04:00,125.63405913672729,125.74914334395545,123.05889131165422,124.12802124023438,27968000,0.0,0.0,GOOGLE,GOOG
2021-07-20 00:00:00-04:00,125.07409576815407,126.58412475857085,123.90135270341086,125.7536392211914,26312000,0.0,0.0,GOOGLE,GOOG
2021-07-21 00:00:00-04:00,125.6779108921096,127.13512993141451,125.56830759877757,127.08830261230469,20746000,0.0,0.0,GOOGLE,GOOG
2021-07-22 00:00:00-04:00,127.38222811720419,128.0189199827993,127.03847304392843,127.95763397216797,14302000,0.0,0.0,GOOGLE,GOOG
2021-07-23 00:00:00-04:00,129.95937801445345,132.91716155671864,129.33166392864507,132.5345458984375,41506000,0.0,0.0,GOOGLE,GOOG
2021-07-26 00:00:00-04:00,132.84692745937272,133.7521390487209,131.82362892844895,133.55087280273438,30572000,0.0,0.0,GOOGLE,GOOG
2021-07-27 00:00:00-04:00,133.7655882856649,133.91355044141807,129.63406588377933,131.42356872558594,54710000,0.0,0.0,GOOGLE,GOOG
2021-07-28 00:00:00-04:00,135.81964716134036,137.79747808975895,134.7888835806072,135.60243225097656,95130000,0.0,0.0,GOOGLE,GOOG
2021-07-29 00:00:00-04:00,135.65823098456275,136.16738687452755,135.0534287718123,135.28707885742188,31716000,0.0,0.0,GOOGLE,GOOG
2021-07-30 00:00:00-04:00,134.54725604869535,134.8157833421163,133.77007463180635,134.2398681640625,25576000,0.0,0.0,GOOGLE,GOOG
2021-08-02 00:00:00-04:00,134.62898048624183,134.8476853716803,133.3107609250977,134.367431640625,21634000,0.0,0.0,GOOGLE,GOOG
2021-08-03 00:00:00-04:00,134.64688381400205,135.24172755796863,132.83795068538504,135.14010620117188,20762000,0.0,0.0,GOOGLE,GOOG
2021-08-04 00:00:00-04:00,134.86061057740247,135.15952999689696,134.00122294773328,134.63742065429688,19676000,0.0,0.0,GOOGLE,GOOG
2021-08-05 00:00:00-04:00,135.1904169466429,135.85750855812594,134.3589280063779,135.7593536376953,17870000,0.0,0.0,GOOGLE,GOOG
2021-08-06 00:00:00-04:00,135.5506157309047,135.97955696912706,134.72162023395956,135.24819946289062,20488000,0.0,0.0,GOOGLE,GOOG
2021-08-09 00:00:00-04:00,135.45147299137568,136.6884894757047,134.85063901961703,136.41845703125,17760000,0.0,0.0,GOOGLE,GOOG
2021-08-10 00:00:00-04:00,136.84590694225852,137.2748633811783,135.87194442600278,136.31285095214844,19414000,0.0,0.0,GOOGLE,GOOG
2021-08-11 00:00:00-04:00,136.68601024578308,137.18519250849718,135.77929347351906,135.78677368164062,15352000,0.0,0.0,GOOGLE,GOOG
2021-08-12 00:00:00-04:00,135.4843511917133,136.80407573625112,134.936349953469,136.69845581054688,16506000,0.0,0.0,GOOGLE,GOOG
2021-08-13 00:00:00-04:00,136.7542424426738,137.3585580427496,136.53803100691155,137.23001098632812,15948000,0.0,0.0,GOOGLE,GOOG
2021-08-16 00:00:00-04:00,137.0282699228017,137.86275409429717,134.8103120385983,137.8099365234375,22384000,0.0,0.0,GOOGLE,GOOG
2021-08-17 00:00:00-04:00,137.2524465043844,137.76608743563514,135.59047205616216,136.16787719726562,21716000,0.0,0.0,GOOGLE,GOOG
2021-08-18 00:00:00-04:00,136.00696124700988,136.60928520906825,134.83272067135763,134.9597625732422,19258000,0.0,0.0,GOOGLE,GOOG
2021-08-19 00:00:00-04:00,133.94992958578757,135.8599977332164,133.76509850399083,135.18992614746094,21782000,0.0,0.0,GOOGLE,GOOG
2021-08-20 00:00:00-04:00,135.50877958115066,137.05716751688817,134.76148851728402,136.93312072753906,31194000,0.0,0.0,GOOGLE,GOOG
2021-08-23 00:00:00-04:00,137.47116792714942,140.36567418925966,137.11047591549757,139.5356903076172,28454000,0.0,0.0,GOOGLE,GOOG
2021-08-24 00:00:00-04:00,140.10360516690898,141.5668067613832,139.83159623375502,140.7512664794922,19268000,0.0,0.0,GOOGLE,GOOG
2021-08-25 00:00:00-04:00,141.11345621696415,141.6759161710867,140.86536264941796,141.56581115722656,15848000,0.0,0.0,GOOGLE,GOOG
2021-08-26 00:00:00-04:00,141.2380025988611,141.9030873487792,140.8464167531898,140.92962646484375,20610000,0.0,0.0,GOOGLE,GOOG
2021-08-27 00:00:00-04:00,141.1408483459269,143.99051865072698,140.98590770006297,143.48385620117188,28780000,0.0,0.0,GOOGLE,GOOG
2021-08-30 00:00:00-04:00,143.87841943307077,145.44325759375565,143.64227596635465,144.0682373046875,24434000,0.0,0.0,GOOGLE,GOOG
2021-08-31 00:00:00-04:00,144.6227355158281,144.6471374136657,143.75986616388167,144.1748504638672,22448000,0.0,0.0,GOOGLE,GOOG
2021-09-01 00:00:00-04:00,144.47625751522853,145.7257258564105,144.36017746381918,144.69097900390625,21936000,0.0,0.0,GOOGLE,GOOG
2021-09-02 00:00:00-04:00,144.69148832739003,144.99388942023097,142.6678183896574,142.7694549560547,32342000,0.0,0.0,GOOGLE,GOOG
2021-09-03 00:00:00-04:00,142.5637053377978,143.63431772651685,141.88615355979695,143.22032165527344,19850000,0.0,0.0,GOOGLE,GOOG
2021-09-07 00:00:00-04:00,143.31498067592867,144.04284141939866,143.10025917198024,143.75936889648438,20124000,0.0,0.0,GOOGLE,GOOG
2021-09-08 00:00:00-04:00,143.57951629992405,143.87842053577396,142.48348342289364,143.17198181152344,18344000,0.0,0.0,GOOGLE,GOOG
2021-09-09 00:00:00-04:00,143.32095496544682,143.7892585645254,142.66035528425843,143.0225372314453,15314000,0.0,0.0,GOOGLE,GOOG
2021-09-10 00:00:00-04:00,143.69159226728954,144.1957764935622,140.22965495774272,140.36715698242188,36840000,0.0,0.0,GOOGLE,GOOG
2021-09-13 00:00:00-04:00,141.43677770651655,142.43366746913202,140.73981083958526,141.8184051513672,22094000,0.0,0.0,GOOGLE,GOOG
2021-09-14 00:00:00-04:00,142.47900759751042,142.84518811573292,141.23800760581798,142.02963256835938,19674000,0.0,0.0,GOOGLE,GOOG
2021-09-15 00:00:00-04:00,142.25580564640651,143.928741910643,140.83695318139684,143.90782165527344,27408000,0.0,0.0,GOOGLE,GOOG
2021-09-16 00:00:00-04:00,143.43054806092687,143.7787882133272,141.88714709734165,143.09127807617188,26190000,0.0,0.0,GOOGLE,GOOG
2021-09-17 00:00:00-04:00,142.51388572470947,142.9318651671126,139.9626329845503,140.29144287109375,53384000,0.0,0.0,GOOGLE,GOOG
2021-09-20 00:00:00-04:00,137.66246165022108,138.4979339731591,135.82961307424304,138.21844482421875,46518000,0.0,0.0,GOOGLE,GOOG
2021-09-21 00:00:00-04:00,139.24471117451424,139.50577344725738,137.77852974453012,138.5308074951172,25332000,0.0,0.0,GOOGLE,GOOG
2021-09-22 00:00:00-04:00,138.80084013439108,140.3781149795771,138.0510557030059,139.77679443359375,25056000,0.0,0.0,GOOGLE,GOOG
2021-09-23 00:00:00-04:00,140.47825759202823,141.18469632618687,139.89437567775664,140.7059326171875,20952000,0.0,0.0,GOOGLE,GOOG
2021-09-24 00:00:00-04:00,140.03088145961,141.8164162845254,139.73445540328063,141.70132446289062,22984000,0.0,0.0,GOOGLE,GOOG
2021-09-27 00:00:00-04:00,140.2959186090316,141.4258252775578,139.56158113910755,140.5624542236328,21882000,0.0,0.0,GOOGLE,GOOG
2021-09-28 00:00:00-04:00,138.15417908972435,138.59408220929217,134.871082402692,135.33938598632812,45772000,0.0,0.0,GOOGLE,GOOG
2021-09-29 00:00:00-04:00,136.4852181878325,136.6556057586618,133.38147942996824,133.8682098388672,30848000,0.0,0.0,GOOGLE,GOOG
2021-09-30 00:00:00-04:00,133.77655641839215,135.05292011764217,133.0735993124789,133.1931610107422,37996000,0.0,0.0,GOOGLE,GOOG
2021-10-01 00:00:00-04:00,133.96186890939381,136.41598518000123,133.5887251341205,136.0498046875,35360000,0.0,0.0,GOOGLE,GOOG
2021-10-04 00:00:00-04:00,135.46939554403545,135.46939554403545,130.5766406639165,133.1767120361328,51202000,0.0,0.0,GOOGLE,GOOG
2021-10-05 00:00:00-04:00,133.55684162099922,136.72884494534537,133.55684162099922,135.53167724609375,32404000,0.0,0.0,GOOGLE,GOOG
2021-10-06 00:00:00-04:00,134.2632656847238,137.25242929922598,134.06399115115812,137.06809997558594,24364000,0.0,0.0,GOOGLE,GOOG
2021-10-07 00:00:00-04:00,138.39031721172944,139.5361725075919,138.1501903850964,138.7221221923828,25110000,0.0,0.0,GOOGLE,GOOG
2021-10-08 00:00:00-04:00,139.07285091061453,139.824125312018,138.71465232525279,139.28060913085938,26526000,0.0,0.0,GOOGLE,GOOG
2021-10-11 00:00:00-04:00,138.7888720347405,140.20374104102797,138.35742220440957,138.4122314453125,17954000,0.0,0.0,GOOGLE,GOOG
2021-10-12 00:00:00-04:00,138.97618878992267,139.00309929245716,135.26962435212994,135.95614624023438,36332000,0.0,0.0,GOOGLE,GOOG
2021-10-13 00:00:00-04:00,136.90619646825806,137.5015419382129,136.02588853486372,137.08505249023438,19654000,0.0,0.0,GOOGLE,GOOG
2021-10-14 00:00:00-04:00,138.97021448905156,140.82697835916224,138.32355663005825,140.6411590576172,31894000,0.0,0.0,GOOGLE,GOOG
2021-10-15 00:00:00-04:00,141.10299145910653,141.2061179827892,140.2465988856145,140.8573760986328,30274000,0.0,0.0,GOOGLE,GOOG
2021-10-18 00:00:00-04:00,140.56693683465275,142.28022366058383,140.5599583482601,142.2622833251953,20396000,0.0,0.0,GOOGLE,GOOG
2021-10-19 00:00:00-04:00,142.86957358264954,143.14358939003492,142.08492719728906,142.71961975097656,20164000,0.0,0.0,GOOGLE,GOOG
2021-10-20 00:00:00-04:00,142.8202605045603,143.0275169927179,140.86584337602682,141.25692749023438,23288000,0.0,0.0,GOOGLE,GOOG
2021-10-21 00:00:00-04:00,141.25693811410423,141.64254893456277,139.99252444523884,141.37351989746094,26292000,0.0,0.0,GOOGLE,GOOG
2021-10-22 00:00:00-04:00,138.64737170147004,140.07519423967295,135.56455334377378,137.06959533691406,50588000,0.0,0.0,GOOGLE,GOOG
2021-10-25 00:00:00-04:00,137.05317106525422,137.50154262001945,134.9348431440091,136.95054626464844,34412000,0.0,0.0,GOOGLE,GOOG
2021-10-26 00:00:00-04:00,138.76049273084183,139.57702131357337,137.80495694534122,138.80532836914062,49236000,0.0,0.0,GOOGLE,GOOG
2021-10-27 00:00:00-04:00,138.9014683036961,148.11307052372035,138.9014683036961,145.68936157226562,85782000,0.0,0.0,GOOGLE,GOOG
2021-10-28 00:00:00-04:00,146.6030686470754,146.62648230748036,144.10461823040788,145.32220458984375,36206000,0.0,0.0,GOOGLE,GOOG
2021-10-29 00:00:00-04:00,144.5539791333044,147.7065521801531,144.1270295572053,147.51126098632812,43320000,0.0,0.0,GOOGLE,GOOG
2021-11-01 00:00:00-04:00,147.51126369246262,147.51126369246262,142.70816449344113,142.9786834716797,46924000,0.0,0.0,GOOGLE,GOOG
2021-11-02 00:00:00-04:00,144.0572802251033,146.07944497081846,143.81415826390838,144.90719604492188,33482000,0.0,0.0,GOOGLE,GOOG
2021-11-03 00:00:00-04:00,145.37350633659418,146.1392394014242,144.06874219700023,146.06849670410156,27494000,0.0,0.0,GOOGLE,GOOG
2021-11-04 00:00:00-04:00,146.59307209981003,149.1926569597532,145.7795235464041,147.73194885253906,38412000,0.0,0.0,GOOGLE,GOOG
2021-11-05 00:00:00-04:00,148.63070444511646,149.78452657053217,147.66172860451456,148.31436157226562,38354000,0.0,0.0,GOOGLE,GOOG
2021-11-08 00:00:00-05:00,149.2838294941872,150.07098453053808,147.89436569436276,148.49270629882812,23052000,0.0,0.0,GOOGLE,GOOG
2021-11-09 00:00:00-05:00,148.69399346952005,149.29332239717772,146.71316727294953,148.38063049316406,19530000,0.0,0.0,GOOGLE,GOOG
2021-11-10 00:00:00-05:00,146.96723507406335,147.53518355143552,144.015441603622,145.3665313720703,29970000,0.0,0.0,GOOGLE,GOOG
2021-11-11 00:00:00-05:00,145.96038595465913,147.00261306187474,145.07458945686048,145.239990234375,16518000,0.0,0.0,GOOGLE,GOOG
2021-11-12 00:00:00-05:00,146.0859256037768,148.31236698092147,144.88577790313937,148.14097595214844,22360000,0.0,0.0,GOOGLE,GOOG
2021-11-15 00:00:00-05:00,148.36266834084333,149.00932621836836,147.04195556476728,147.91578674316406,23508000,0.0,0.0,GOOGLE,GOOG
2021-11-16 00:00:00-05:00,147.6143991037247,148.22517635135688,146.78041669908438,147.34188842773438,18904000,0.0,0.0,GOOGLE,GOOG
2021-11-17 00:00:00-05:00,147.49282251164448,148.0228986220428,146.70817607591962,147.5122528076172,19594000,0.0,0.0,GOOGLE,GOOG
2021-11-18 00:00:00-05:00,147.70607029730994,150.03662660956687,147.3503650902725,149.29730224609375,35608000,0.0,0.0,GOOGLE,GOOG
2021-11-19 00:00:00-05:00,149.43378735163904,150.42122041688864,148.36118330033113,148.38858032226562,33682000,0.0,0.0,GOOGLE,GOOG
2021-11-22 00:00:00-05:00,148.7931312994158,149.2883302289329,145.6196376100613,145.77357482910156,30594000,0.0,0.0,GOOGLE,GOOG
2021-11-23 00:00:00-05:00,145.62510956137248,146.13028209755623,143.59447621265684,145.2554473876953,27218000,0.0,0.0,GOOGLE,GOOG
2021-11-24 00:00:00-05:00,144.9480443888763,145.7212424454902,143.85152499609853,145.5922088623047,18040000,0.0,0.0,GOOGLE,GOOG
2021-11-26 00:00:00-05:00,143.82710864428418,144.0353533712897,141.33016360155258,141.66943359375,30470000,0.0,0.0,GOOGLE,GOOG
2021-11-29 00:00:00-05:00,143.4798629869692,145.76906488131448,143.37374134690697,145.0048370361328,32596000,0.0,0.0,GOOGLE,GOOG
2021-11-30 00:00:00-05:00,144.48473491377032,145.47265451139563,141.0900431567815,141.38497924804688,42068000,0.0,0.0,GOOGLE,GOOG
2021-12-01 00:00:00-05:00,143.47987435242788,145.42332966480942,140.4030307121987,140.54202270507812,34020000,0.0,0.0,GOOGLE,GOOG
2021-12-02 00:00:00-05:00,140.7398102016987,143.34486867005117,139.70804321343067,142.44961547851562,29194000,0.0,0.0,GOOGLE,GOOG
2021-12-03 00:00:00-05:00,143.16203989520787,143.8784371086145,139.7942432157484,141.4886016845703,41230000,0.0,0.0,GOOGLE,GOOG
2021-12-06 00:00:00-05:00,142.52383582124932,143.33289935720407,139.64377336248802,142.63792419433594,30618000,0.0,0.0,GOOGLE,GOOG
2021-12-07 00:00:00-05:00,145.0706028185272,146.99812465875345,144.70293236055124,146.73756408691406,32240000,0.0,0.0,GOOGLE,GOOG
2021-12-08 00:00:00-05:00,147.06337983886414,147.8570116479077,145.87718915415954,147.6512451171875,24270000,0.0,0.0,GOOGLE,GOOG
2021-12-09 00:00:00-05:00,147.05791082804922,148.56146305841114,146.5836321880292,147.10523986816406,23270000,0.0,0.0,GOOGLE,GOOG
2021-12-10 00:00:00-05:00,148.1628822372189,148.4393762390746,146.17408973844277,147.46690368652344,24458000,0.0,0.0,GOOGLE,GOOG
2021-12-13 00:00:00-05:00,147.2477146860788,147.43554088789833,144.99189980486057,145.29978942871094,27070000,0.0,0.0,GOOGLE,GOOG
2021-12-14 00:00:00-05:00,143.44799132177158,143.95813541485848,140.70492917064723,143.38720703125,38446000,0.0,0.0,GOOGLE,GOOG
2021-12-15 00:00:00-05:00,142.89100225657464,146.19103576153915,141.1662518435287,145.91204833984375,36370000,0.0,0.0,GOOGLE,GOOG
2021-12-16 00:00:00-05:00,146.6389288369081,147.1435996261895,143.0882929753909,143.92327880859375,33650000,0.0,0.0,GOOGLE,GOOG
2021-12-17 00:00:00-05:00,141.9852989150622,143.31498194691542,140.78963628072304,141.21310424804688,50416000,0.0,0.0,GOOGLE,GOOG
2021-12-20 00:00:00-05:00,139.49431465775666,141.26241069099567,138.81776638026082,141.0955047607422,27192000,0.0,0.0,GOOGLE,GOOG
2021-12-21 00:00:00-05:00,141.54040373475354,143.3493521552757,139.99501101530763,142.95428466796875,28756000,0.0,0.0,GOOGLE,GOOG
2021-12-22 00:00:00-05:00,142.55074171887085,145.97083858364996,142.55074171887085,145.88613891601562,26322000,0.0,0.0,GOOGLE,GOOG
2021-12-23 00:00:00-05:00,145.97084948360668,147.70805180741047,145.92301872175508,146.38584899902344,26384000,0.0,0.0,GOOGLE,GOOG
2021-12-27 00:00:00-05:00,146.72410558903078,147.80817316067498,146.6379159607732,147.37225341796875,15976000,0.0,0.0,GOOGLE,GOOG
2021-12-28 00:00:00-05:00,147.7005665519586,147.7633425242842,145.52695801248083,146.15716552734375,18200000,0.0,0.0,GOOGLE,GOOG
2021-12-29 00:00:00-05:00,146.11481453072193,146.88453091733504,145.1214216971566,146.12527465820312,17788000,0.0,0.0,GOOGLE,GOOG
2021-12-30 00:00:00-05:00,146.1641415512686,146.76795547689343,145.4671747130842,145.67242431640625,15688000,0.0,0.0,GOOGLE,GOOG
2021-12-31 00:00:00-05:00,145.5224672383806,146.16862338260864,144.32879638671875,144.32879638671875,18136000,0.0,0.0,GOOGLE,GOOG
2022-01-03 00:00:00-05:00,144.5310511838685,145.32418124624684,143.19390325785943,144.46778869628906,28646000,0.0,0.0,GOOGLE,GOOG
2022-01-04 00:00:00-05:00,144.8708361725887,145.9559072828968,143.19741323127974,143.87794494628906,28400000,0.0,0.0,GOOGLE,GOOG
2022-01-05 00:00:00-05:00,143.89836193048714,143.9775730785169,137.19068285621367,137.27735900878906,54618000,0.0,0.0,GOOGLE,GOOG
2022-01-06 00:00:00-05:00,136.50368183855306,139.4345552904368,136.0652686352242,137.24996948242188,37348000,0.0,0.0,GOOGLE,GOOG
2022-01-07 00:00:00-05:00,137.64651288308093,137.9484274517106,135.27610798857754,136.5220947265625,29760000,0.0,0.0,GOOGLE,GOOG
2022-01-10 00:00:00-05:00,134.59012039471395,138.31810748025853,132.68353375226445,138.16864013671875,44408000,0.0,0.0,GOOGLE,GOOG
2022-01-11 00:00:00-05:00,137.5085337838183,139.7095546917597,136.19878274487746,139.2312774658203,28730000,0.0,0.0,GOOGLE,GOOG
2022-01-12 00:00:00-05:00,140.64015807589763,142.0928995430795,140.18631320047015,140.91964721679688,26108000,0.0,0.0,GOOGLE,GOOG
2022-01-13 00:00:00-05:00,141.02876276853922,142.33404393011836,137.90907496044974,138.08644104003906,31436000,0.0,0.0,GOOGLE,GOOG
2022-01-14 00:00:00-05:00,136.5838694757939,140.2336484368428,136.50367009139453,138.97669982910156,29662000,0.0,0.0,GOOGLE,GOOG
2022-01-18 00:00:00-05:00,135.68313752257072,136.63617983713343,134.9493017820108,135.50677490234375,34872000,0.0,0.0,GOOGLE,GOOG
2022-01-19 00:00:00-05:00,136.0303793886013,137.4611972177534,134.5278306220574,134.6284637451172,28648000,0.0,0.0,GOOGLE,GOOG
2022-01-20 00:00:00-05:00,135.7578653318743,137.12890227773084,132.48422537373727,132.82598876953125,29908000,0.0,0.0,GOOGLE,GOOG
2022-01-21 00:00:00-05:00,132.11458262034927,134.37836419221756,129.61663404867633,129.88067626953125,55652000,0.0,0.0,GOOGLE,GOOG
2022-01-24 00:00:00-05:00,125.52297023951006,130.72910386725636,124.05031186821009,130.33154296875,76622000,0.0,0.0,GOOGLE,GOOG
2022-01-25 00:00:00-05:00,128.27499735076876,128.93161364102292,126.04358446552224,126.47650909423828,46960000,0.0,0.0,GOOGLE,GOOG
2022-01-26 00:00:00-05:00,130.64539407702827,132.51959651517802,126.68275423803644,128.76620483398438,49130000,0.0,0.0,GOOGLE,GOOG
2022-01-27 00:00:00-05:00,130.82973938977935,132.17336419567403,128.46679937611773,128.53904724121094,31950000,0.0,0.0,GOOGLE,GOOG
2022-01-28 00:00:00-05:00,129.19067302053085,132.87482751588715,128.02091747943552,132.8693389892578,34362000,0.0,0.0,GOOGLE,GOOG
2022-01-31 00:00:00-05:00,133.67741708115645,134.98368644603235,131.73197000766598,134.81478881835938,39986000,0.0,0.0,GOOGLE,GOOG
2022-02-01 00:00:00-05:00,137.09749935139652,137.29528394047477,133.8831538953015,137.14682006835938,68644000,0.0,0.0,GOOGLE,GOOG
2022-02-02 00:00:00-05:00,150.7036845748489,150.99910716965758,144.9968790105651,147.46542358398438,123200000,0.0,0.0,GOOGLE,GOOG
2022-02-03 00:00:00-05:00,145.179212364594,149.1343720910172,142.1501844290377,142.57315063476562,71518000,0.0,0.0,GOOGLE,GOOG
2022-02-04 00:00:00-05:00,142.92639369575792,144.35172307352371,140.00747043707253,142.7754364013672,57998000,0.0,0.0,GOOGLE,GOOG
2022-02-07 00:00:00-05:00,143.7289865409024,143.7289865409024,138.39830400886814,138.69822692871094,54974000,0.0,0.0,GOOGLE,GOOG
2022-02-08 00:00:00-05:00,138.52434045716993,139.49431967260577,136.51911265261106,138.89549255371094,54284000,0.0,0.0,GOOGLE,GOOG
2022-02-09 00:00:00-05:00,140.4543422583785,142.0097085643231,139.68064246811812,141.08056640625,40144000,0.0,0.0,GOOGLE,GOOG
2022-02-10 00:00:00-05:00,139.19889087175883,140.9734484510155,137.45869359484468,138.11929321289062,39330000,0.0,0.0,GOOGLE,GOOG
2022-02-11 00:00:00-05:00,138.09938006005996,138.65385805105115,132.9181504029745,133.79747009277344,39958000,0.0,0.0,GOOGLE,GOOG
2022-02-14 00:00:00-05:00,132.77516542033035,135.80767481385527,132.77516542033035,135.03646850585938,34302000,0.0,0.0,GOOGLE,GOOG
2022-02-15 00:00:00-05:00,137.07358211363078,137.60964843169666,135.3309066687984,136.1150665283203,26680000,0.0,0.0,GOOGLE,GOOG
2022-02-16 00:00:00-05:00,136.15291422653178,137.58721346560696,134.43663247770846,137.240478515625,25022000,0.0,0.0,GOOGLE,GOOG
2022-02-17 00:00:00-05:00,135.75087249893465,136.61822682546799,131.99997439556665,132.0602569580078,38950000,0.0,0.0,GOOGLE,GOOG
2022-02-18 00:00:00-05:00,132.984919959572,133.58575399879967,129.72624024100966,129.93199157714844,45620000,0.0,0.0,GOOGLE,GOOG
2022-02-22 00:00:00-05:00,129.36902164807677,131.70305930479284,127.76035128771632,129.34461975097656,44990000,0.0,0.0,GOOGLE,GOOG
2022-02-23 00:00:00-05:00,131.17298611837336,131.5740286454837,127.06686891969255,127.12715148925781,32786000,0.0,0.0,GOOGLE,GOOG
2022-02-24 00:00:00-05:00,124.5021680331408,132.51960530986702,124.5021680331408,132.2117156982422,54456000,0.0,0.0,GOOGLE,GOOG
2022-02-25 00:00:00-05:00,133.069607879294,134.78289467970927,131.2756047745065,133.9738311767578,36406000,0.0,0.0,GOOGLE,GOOG
2022-02-28 00:00:00-05:00,132.5694288271008,135.26116339490252,132.11357705186626,134.56918334960938,38864000,0.0,0.0,GOOGLE,GOOG
2022-03-01 00:00:00-05:00,134.39130553688372,135.7633306405831,132.7373131052674,133.57725524902344,26496000,0.0,0.0,GOOGLE,GOOG
2022-03-02 00:00:00-05:00,134.14173316744186,134.77393236956735,132.5908519204788,134.08543395996094,23520000,0.0,0.0,GOOGLE,GOOG
2022-03-03 00:00:00-05:00,135.51871338193845,135.946666365466,132.5449966008486,133.4158477783203,24604000,0.0,0.0,GOOGLE,GOOG
2022-03-04 00:00:00-05:00,132.4473618386773,133.36802027083928,129.86670554907704,131.43003845214844,30430000,0.0,0.0,GOOGLE,GOOG
2022-03-07 00:00:00-05:00,131.01307695249176,131.25917883811977,125.83882547699304,125.92202758789062,45112000,0.0,0.0,GOOGLE,GOOG
2022-03-08 00:00:00-05:00,125.79398761968977,130.77592772343985,125.22056582723054,126.64540100097656,40428000,0.0,0.0,GOOGLE,GOOG
2022-03-09 00:00:00-05:00,130.7759197846523,133.25244619528777,129.43129167805884,132.93807983398438,37026000,0.0,0.0,GOOGLE,GOOG
2022-03-10 00:00:00-05:00,130.7918764796572,132.79062756683956,130.43965294916046,131.951171875,27102000,0.0,0.0,GOOGLE,GOOG
2022-03-11 00:00:00-05:00,133.00634115976752,133.31223910249224,129.16327780099954,129.4014129638672,31526000,0.0,0.0,GOOGLE,GOOG
2022-03-14 00:00:00-04:00,129.77953889503618,129.9379611837264,124.82251004302125,125.49606323242188,38812000,0.0,0.0,GOOGLE,GOOG
2022-03-15 00:00:00-04:00,126.51734918467436,129.3854612705248,125.26638337315536,128.7313232421875,30920000,0.0,0.0,GOOGLE,GOOG
2022-03-16 00:00:00-04:00,130.2607885936972,132.85138816184894,128.26950263805875,132.79908752441406,35576000,0.0,0.0,GOOGLE,GOOG
2022-03-17 00:00:00-04:00,132.66808060179636,133.59621939679315,131.70755797740026,133.3555908203125,28264000,0.0,0.0,GOOGLE,GOOG
2022-03-18 00:00:00-04:00,132.9425565953223,135.7518760439301,131.78076794149604,135.63380432128906,44566000,0.0,0.0,GOOGLE,GOOG
2022-03-21 00:00:00-04:00,135.67166632345658,136.55496933499083,133.60814776446165,135.60989379882812,26832000,0.0,0.0,GOOGLE,GOOG
2022-03-22 00:00:00-04:00,135.60991764590503,140.54054578335717,135.60991764590503,139.36280822753906,35496000,0.0,0.0,GOOGLE,GOOG
2022-03-23 00:00:00-04:00,138.20150637627583,139.0843077281052,137.33714708144754,137.7760467529297,25154000,0.0,0.0,GOOGLE,GOOG
2022-03-24 00:00:00-04:00,138.69721201374352,141.10748100525953,137.2529541189332,141.06065368652344,26396000,0.0,0.0,GOOGLE,GOOG
2022-03-25 00:00:00-04:00,141.403403920982,141.52197738045402,139.2327752751529,141.16128540039062,24126000,0.0,0.0,GOOGLE,GOOG
2022-03-28 00:00:00-04:00,140.39157678516145,141.48960144139332,139.3065056605493,140.944580078125,35050000,0.0,0.0,GOOGLE,GOOG
2022-03-29 00:00:00-04:00,142.1322690345722,143.27412583152392,141.52545996341837,141.9907684326172,34318000,0.0,0.0,GOOGLE,GOOG
2022-03-30 00:00:00-04:00,141.94544301021685,142.2050001415122,141.08854871095858,141.4258270263672,19884000,0.0,0.0,GOOGLE,GOOG
2022-03-31 00:00:00-04:00,141.53990627777597,141.5947155267523,138.522356849044,138.56520080566406,37524000,0.0,0.0,GOOGLE,GOOG
2022-04-01 00:00:00-04:00,138.99612402003592,139.96360982137884,137.8079264817857,139.64427185058594,25942000,0.0,0.0,GOOGLE,GOOG
2022-04-04 00:00:00-04:00,139.85152501558701,143.1929124115474,139.80369425800453,142.455078125,25942000,0.0,0.0,GOOGLE,GOOG
2022-04-05 00:00:00-04:00,142.35296269605644,142.47401435286852,139.87544790884033,140.08319091796875,21418000,0.0,0.0,GOOGLE,GOOG
2022-04-06 00:00:00-04:00,138.24885208200865,138.85715116656942,135.02752757717073,136.0548095703125,32468000,0.0,0.0,GOOGLE,GOOG
2022-04-07 00:00:00-04:00,135.51872621528315,136.66906661978643,133.74266339149753,135.39767456054688,26234000,0.0,0.0,GOOGLE,GOOG
2022-04-08 00:00:00-04:00,135.09377300030388,135.17996263287105,132.4852329000314,132.8060760498047,25142000,0.0,0.0,GOOGLE,GOOG
2022-04-11 00:00:00-04:00,131.3473642822272,131.6153898754899,128.20376113873866,128.3582000732422,36884000,0.0,0.0,GOOGLE,GOOG
2022-04-12 00:00:00-04:00,131.12466797846432,131.12466797846432,126.33104064844365,127.2531967163086,32710000,0.0,0.0,GOOGLE,GOOG
2022-04-13 00:00:00-04:00,127.53766387363494,129.86323309844258,127.27959670604396,129.42481994628906,27928000,0.0,0.0,GOOGLE,GOOG
2022-04-14 00:00:00-04:00,130.00822369017715,130.00822369017715,126.14372310060227,126.27226257324219,31598000,0.0,0.0,GOOGLE,GOOG
2022-04-18 00:00:00-04:00,126.54128471341241,127.74939916513134,125.72623848269868,127.21533966064453,20808000,0.0,0.0,GOOGLE,GOOG
2022-04-19 00:00:00-04:00,127.2302793384276,129.86223307709335,126.54077748702284,129.53941345214844,26490000,0.0,0.0,GOOGLE,GOOG
2022-04-20 00:00:00-04:00,130.4192182517386,130.92439074544885,127.03947181038677,127.5775146484375,31696000,0.0,0.0,GOOGLE,GOOG
2022-04-21 00:00:00-04:00,128.78315046816914,129.62858119551973,124.07670859496463,124.3636703491211,36446000,0.0,0.0,GOOGLE,GOOG
2022-04-22 00:00:00-04:00,124.54850223814198,124.94905064704274,118.49544807010321,119.20337677001953,56884000,0.0,0.0,GOOGLE,GOOG
2022-04-25 00:00:00-04:00,118.67080642459999,122.83221937115556,118.08294114702065,122.62945556640625,46128000,0.0,0.0,GOOGLE,GOOG
2022-04-26 00:00:00-04:00,121.85278013963156,122.06750164191153,118.08294529869256,118.22144317626953,73054000,0.0,0.0,GOOGLE,GOOG
2022-04-27 00:00:00-04:00,114.05603142600462,116.81851618495187,112.3292969578043,113.88166809082031,91820000,0.0,0.0,GOOGLE,GOOG
2022-04-28 00:00:00-04:00,115.99451256530844,119.2173267053612,113.70281707255184,118.09439849853516,48884000,0.0,0.0,GOOGLE,GOOG
2022-04-29 00:00:00-04:00,116.31284500127212,117.4940639981815,113.4033940424526,113.69732666015625,42676000,0.0,0.0,GOOGLE,GOOG
2022-05-02 00:00:00-04:00,112.99538089148898,116.32381491236696,112.19328824054573,116.16190338134766,35534000,0.0,0.0,GOOGLE,GOOG
2022-05-03 00:00:00-04:00,116.00994682289415,118.01418635116393,115.61538107533558,116.91018676757812,24968000,0.0,0.0,GOOGLE,GOOG
2022-05-04 00:00:00-04:00,116.60878601827247,122.41075149733813,114.70020033153038,121.81939697265625,49916000,0.0,0.0,GOOGLE,GOOG
2022-05-05 00:00:00-04:00,119.76982898497513,120.60181207679797,114.59010423610528,116.08468627929688,45840000,0.0,0.0,GOOGLE,GOOG
2022-05-06 00:00:00-04:00,114.76845601380512,117.1468352199395,113.60367971093866,115.32842254638672,39710000,0.0,0.0,GOOGLE,GOOG
2022-05-09 00:00:00-04:00,112.84094342445081,114.66134780600098,111.5959601189541,112.1046142578125,40802000,0.0,0.0,GOOGLE,GOOG
2022-05-10 00:00:00-04:00,115.09028860402236,115.83010701093993,112.49270279278159,113.98180389404297,39900000,0.0,0.0,GOOGLE,GOOG
2022-05-11 00:00:00-04:00,112.82748625085101,115.94418607674837,112.82748625085101,113.1921615600586,37534000,0.0,0.0,GOOGLE,GOOG
2022-05-12 00:00:00-04:00,110.97520666665027,113.88216439344116,109.42781470720205,112.43640899658203,53836000,0.0,0.0,GOOGLE,GOOG
2022-05-13 00:00:00-04:00,114.11931168053762,117.44924346052596,113.19466975696596,115.63133239746094,35038000,0.0,0.0,GOOGLE,GOOG
2022-05-16 00:00:00-04:00,114.54027796596183,115.75039161219318,113.47813407934586,114.03162384033203,25990000,0.0,0.0,GOOGLE,GOOG
2022-05-17 00:00:00-04:00,116.41847239485114,116.47775912305292,114.45509269235413,116.05229949951172,23054000,0.0,0.0,GOOGLE,GOOG
2022-05-18 00:00:00-04:00,114.58462635332873,114.98318309579479,111.15256392652128,111.49532318115234,35126000,0.0,0.0,GOOGLE,GOOG
2022-05-19 00:00:00-04:00,111.02901521850386,112.60181255661593,109.60268248023327,109.98529815673828,34144000,0.0,0.0,GOOGLE,GOOG
2022-05-20 00:00:00-04:00,111.54663361819895,111.77829961435592,105.41436818384658,108.5146255493164,48962000,0.0,0.0,GOOGLE,GOOG
2022-05-23 00:00:00-04:00,109.19167142132176,111.74242226758814,108.3482247834865,111.0853042602539,37184000,0.0,0.0,GOOGLE,GOOG
2022-05-24 00:00:00-04:00,105.38995924003346,106.0739801788429,101.51649616200835,105.58724212646484,76780000,0.0,0.0,GOOGLE,GOOG
2022-05-25 00:00:00-04:00,104.6062849685526,106.11531800416684,103.48136514824121,105.4228286743164,40258000,0.0,0.0,GOOGLE,GOOG
2022-05-26 00:00:00-04:00,105.29529233882666,108.25705159539172,104.84492151470927,107.40315246582031,37948000,0.0,0.0,GOOGLE,GOOG
2022-05-27 00:00:00-04:00,109.08754339061491,111.91230231037684,108.74428245172315,111.91080474853516,37914000,0.0,0.0,GOOGLE,GOOG
2022-05-31 00:00:00-04:00,112.33926213439878,115.31697028183717,111.67367565423847,113.3510971069336,50012000,0.0,0.0,GOOGLE,GOOG
2022-06-01 00:00:00-04:00,114.44014803749835,116.6785318128768,112.84094193937695,113.48062133789062,36606000,0.0,0.0,GOOGLE,GOOG
2022-06-02 00:00:00-04:00,113.58823393580184,117.4736470011331,112.53854183575937,117.19764709472656,37992000,0.0,0.0,GOOGLE,GOOG
2022-06-03 00:00:00-04:00,115.64328520481222,115.9013523792528,113.1084753451537,114.12728118896484,26136000,0.0,0.0,GOOGLE,GOOG
2022-06-06 00:00:00-04:00,116.28295838077582,118.915915421347,115.74441384424938,116.39854431152344,33542000,0.0,0.0,GOOGLE,GOOG
2022-06-07 00:00:00-04:00,115.06338617573641,117.26590451207755,114.6364365844124,116.72635650634766,31590000,0.0,0.0,GOOGLE,GOOG
2022-06-08 00:00:00-04:00,116.3397503882736,118.1422219258914,116.17883470564405,116.77069091796875,26108000,0.0,0.0,GOOGLE,GOOG
2022-06-09 00:00:00-04:00,115.90732298592225,117.87170609912248,114.36142860478937,114.42071533203125,25798000,0.0,0.0,GOOGLE,GOOG
2022-06-10 00:00:00-04:00,112.03885158121808,112.86983883225176,109.96735849781228,110.7599868774414,41452000,0.0,0.0,GOOGLE,GOOG
2022-06-13 00:00:00-04:00,106.40078329235227,108.39853844130481,105.73569857748709,106.00820922851562,47252000,0.0,0.0,GOOGLE,GOOG
2022-06-14 00:00:00-04:00,106.15020333697301,107.53468038115388,105.41785752048371,106.33004760742188,33706000,0.0,0.0,GOOGLE,GOOG
2022-06-15 00:00:00-04:00,108.1529339029106,111.0210386532561,107.28060028133893,109.36803436279297,39698000,0.0,0.0,GOOGLE,GOOG
2022-06-16 00:00:00-04:00,106.83372350162647,108.25606531080727,104.75824701640175,105.6505126953125,51684000,0.0,0.0,GOOGLE,GOOG
2022-06-17 00:00:00-04:00,105.65050894263936,108.30687974760191,104.66657274002395,106.75650024414062,51376000,0.0,0.0,GOOGLE,GOOG
2022-06-21 00:00:00-04:00,108.53604718938101,112.083193761728,108.20773903479915,111.14110565185547,47416000,0.0,0.0,GOOGLE,GOOG
2022-06-22 00:00:00-04:00,110.15717138024287,112.9370871645517,109.98379628304926,111.08480834960938,30774000,0.0,0.0,GOOGLE,GOOG
2022-06-23 00:00:00-04:00,111.8261106125584,112.3352664256238,110.1013679112633,111.8365707397461,28362000,0.0,0.0,GOOGLE,GOOG
2022-06-24 00:00:00-04:00,112.58686587104499,117.6525021464967,112.54451603583252,117.54887390136719,41164000,0.0,0.0,GOOGLE,GOOG
2022-06-27 00:00:00-04:00,117.84580283514029,118.15119144524698,114.76347065887317,115.41511535644531,36420000,0.0,0.0,GOOGLE,GOOG
2022-06-28 00:00:00-04:00,115.38422667001733,116.88578725320028,111.44401177315457,111.60293579101562,35792000,0.0,0.0,GOOGLE,GOOG
2022-06-29 00:00:00-04:00,111.14907666812196,112.75176440222242,110.47202664013756,111.29803466796875,24716000,0.0,0.0,GOOGLE,GOOG
2022-06-30 00:00:00-04:00,109.60267674032723,110.48746974453034,106.36441583663574,108.56941986083984,43170000,0.0,0.0,GOOGLE,GOOG
2022-07-01 00:00:00-04:00,107.54314330676283,108.85538762409979,106.34498736005415,108.34474182128906,35476000,0.0,0.0,GOOGLE,GOOG
2022-07-05 00:00:00-04:00,106.71365021128989,112.96747611105182,105.34959181651884,112.85388946533203,39342000,0.0,0.0,GOOGLE,GOOG
2022-07-06 00:00:00-04:00,112.89275555794994,115.17199159638265,111.07334704915517,114.15816497802734,37432000,0.0,0.0,GOOGLE,GOOG
2022-07-07 00:00:00-04:00,114.66433788700071,118.75899163325042,114.41873011949815,118.35395812988281,40936000,0.0,0.0,GOOGLE,GOOG
2022-07-08 00:00:00-04:00,116.82649130632498,119.25269361856358,116.47924699180955,118.92239379882812,38238000,0.0,0.0,GOOGLE,GOOG
2022-07-11 00:00:00-04:00,117.57179981633301,117.57179981633301,114.91393131202979,115.25868225097656,31196000,0.0,0.0,GOOGLE,GOOG
2022-07-12 00:00:00-04:00,115.79523524205695,116.55149645869649,113.2793614612062,113.6086654663086,29960000,0.0,0.0,GOOGLE,GOOG
2022-07-13 00:00:00-04:00,111.29754248311998,113.78353350500387,110.79985015928315,110.95130157470703,43722000,0.0,0.0,GOOGLE,GOOG
2022-07-14 00:00:00-04:00,109.81242620090937,110.69173833815985,107.98156166532056,109.96885681152344,37004000,0.0,0.0,GOOGLE,GOOG
2022-07-15 00:00:00-04:00,111.59595810959893,112.73183982540475,110.49943110489808,111.3737564086914,46770000,0.0,0.0,GOOGLE,GOOG
2022-07-18 00:00:00-04:00,112.23314605564603,113.26939050950665,107.97857255160505,108.63618469238281,43164600,0.0,20.0,GOOGLE,GOOG
2022-07-19 00:00:00-04:00,110.44960309317406,113.60815108041503,109.16426172131027,113.39891052246094,36530900,0.0,0.0,GOOGLE,GOOG
2022-07-20 00:00:00-04:00,112.76123505512727,114.98318377628502,112.0737324621881,113.48860168457031,35600400,0.0,0.0,GOOGLE,GOOG
2022-07-21 00:00:00-04:00,113.86722110483029,114.13625012583103,110.70867292263873,113.927001953125,32676200,0.0,0.0,GOOGLE,GOOG
2022-07-22 00:00:00-04:00,110.59907051490777,111.93422681638599,106.11532441295205,107.51026916503906,48901200,0.0,0.0,GOOGLE,GOOG
2022-07-25 00:00:00-04:00,108.01842428405527,109.47314981890939,105.91604504349233,107.12167358398438,34690900,0.0,0.0,GOOGLE,GOOG
2022-07-26 00:00:00-04:00,106.21495799233351,106.81278926472051,103.69409759917966,104.64066314697266,47991000,0.0,0.0,GOOGLE,GOOG
2022-07-27 00:00:00-04:00,108.86535668955095,113.49856248146169,107.61987167031889,112.65162658691406,59858500,0.0,0.0,GOOGLE,GOOG
2022-07-28 00:00:00-04:00,111.96412538101411,113.92700340954364,111.05740862715433,113.80744171142578,32816600,0.0,0.0,GOOGLE,GOOG
2022-07-29 00:00:00-04:00,112.67156144466348,116.28844729503248,112.65162942682441,115.89985656738281,37223400,0.0,0.0,GOOGLE,GOOG
2022-08-01 00:00:00-04:00,114.88354255901899,116.29841173298186,113.92700336343894,114.44512939453125,26034300,0.0,0.0,GOOGLE,GOOG
2022-08-02 00:00:00-04:00,113.58823375436927,115.92974407016645,113.30924632635427,114.71414947509766,20236000,0.0,0.0,GOOGLE,GOOG
2022-08-03 00:00:00-04:00,115.29205351350673,118.19154621587455,115.0628885326311,117.65349578857422,28499000,0.0,0.0,GOOGLE,GOOG
2022-08-04 00:00:00-04:00,117.0556651055272,118.35096493912133,116.4677922349789,117.76309967041016,21602900,0.0,0.0,GOOGLE,GOOG
2022-08-05 00:00:00-04:00,115.81018107651087,117.68338778780269,115.58100849072952,117.04570007324219,19159500,0.0,0.0,GOOGLE,GOOG
2022-08-08 00:00:00-04:00,117.96237919767223,119.71602427287345,116.45783113194356,116.8763198852539,19138300,0.0,0.0,GOOGLE,GOOG
2022-08-09 00:00:00-04:00,116.71689262618324,116.89624277473496,115.29205744653272,116.20873260498047,19086500,0.0,0.0,GOOGLE,GOOG
2022-08-10 00:00:00-04:00,118.35096403535053,120.48323372219026,117.98230534485099,119.26763916015625,30930400,0.0,0.0,GOOGLE,GOOG
2022-08-11 00:00:00-04:00,120.84193281345173,121.05117337671156,118.13175629569915,118.4107437133789,24293700,0.0,0.0,GOOGLE,GOOG
2022-08-12 00:00:00-04:00,119.82562461982901,121.24049377441406,119.02851116837523,121.24049377441406,19096300,0.0,0.0,GOOGLE,GOOG
2022-08-15 00:00:00-04:00,120.69248014875949,121.85825992909446,120.17436171448418,121.63905334472656,19494800,0.0,0.0,GOOGLE,GOOG
2022-08-16 00:00:00-04:00,121.08106398306423,121.98778069373306,120.20424529733806,121.26041412353516,19041200,0.0,0.0,GOOGLE,GOOG
2022-08-17 00:00:00-04:00,119.68612779950573,120.85189992048215,118.94879521540628,119.1181869506836,22847000,0.0,0.0,GOOGLE,GOOG
2022-08-18 00:00:00-04:00,118.99862164827164,120.38360038927006,118.29118706560489,119.73594665527344,17987700,0.0,0.0,GOOGLE,GOOG
2022-08-19 00:00:00-04:00,118.62995262877435,118.7196315015644,116.33826479410028,116.78663635253906,21809500,0.0,0.0,GOOGLE,GOOG
2022-08-22 00:00:00-04:00,114.78390131401044,115.21234848329696,113.43877895522078,113.8273696899414,21456600,0.0,0.0,GOOGLE,GOOG
2022-08-23 00:00:00-04:00,113.07012099937215,114.59459352304536,113.02029855537019,113.44874572753906,15870400,0.0,0.0,GOOGLE,GOOG
2022-08-24 00:00:00-04:00,113.09003413464454,114.36540951475897,112.46231245276111,113.27935028076172,17734600,0.0,0.0,GOOGLE,GOOG
2022-08-25 00:00:00-04:00,113.82736934987244,116.2984150727132,113.69784163929842,116.22866821289062,16956800,0.0,0.0,GOOGLE,GOOG
2022-08-26 00:00:00-04:00,114.30562854836217,114.70418525468516,109.79199228370881,109.94144439697266,37245700,0.0,0.0,GOOGLE,GOOG
2022-08-29 00:00:00-04:00,109.59271349740904,110.54924506087626,108.40701695200379,109.02477264404297,21191200,0.0,0.0,GOOGLE,GOOG
2022-08-30 00:00:00-04:00,109.77206174534813,110.10087160262944,107.41062710194252,108.5465087890625,27513300,0.0,0.0,GOOGLE,GOOG
2022-08-31 00:00:00-04:00,110.25033230488235,110.44960686158903,107.73943032009058,107.82910919189453,28627000,0.0,0.0,GOOGLE,GOOG
2022-09-01 00:00:00-04:00,107.8888871606007,110.05104721072452,106.97221206126298,109.34361267089844,28360900,0.0,0.0,GOOGLE,GOOG
2022-09-02 00:00:00-04:00,110.19054251249287,110.34000222911857,106.87257633295454,107.46044158935547,24160700,0.0,0.0,GOOGLE,GOOG
2022-09-06 00:00:00-04:00,106.91243756837103,107.6397965658172,105.39792352120229,106.42420196533203,25068300,0.0,0.0,GOOGLE,GOOG
2022-09-07 00:00:00-04:00,106.67329787697939,109.58275664245654,106.51387974839608,109.0546646118164,23167000,0.0,0.0,GOOGLE,GOOG
2022-09-08 00:00:00-04:00,107.64975712989907,109.20411992962872,106.77293845345821,107.988525390625,24238300,0.0,0.0,GOOGLE,GOOG
2022-09-09 00:00:00-04:00,108.67604080074555,110.58910397053998,108.6262183591191,110.25033569335938,23197700,0.0,0.0,GOOGLE,GOOG
2022-09-12 00:00:00-04:00,110.58910717718582,111.21683651179683,109.53293828024826,110.45957946777344,22966800,0.0,0.0,GOOGLE,GOOG
2022-09-13 00:00:00-04:00,107.41063285266732,107.90882686849261,103.71402656562675,103.94319915771484,38172900,0.0,0.0,GOOGLE,GOOG
2022-09-14 00:00:00-04:00,104.1922956423202,104.89973022901853,103.28558649102759,104.62074279785156,26395100,0.0,0.0,GOOGLE,GOOG
2022-09-15 00:00:00-04:00,103.65424161729467,104.88976059916816,101.98030948624408,102.53829193115234,34188300,0.0,0.0,GOOGLE,GOOG
2022-09-16 00:00:00-04:00,101.70132904960548,102.75749796133897,100.57541327769782,102.42869567871094,42797200,0.0,0.0,GOOGLE,GOOG
2022-09-19 00:00:00-04:00,101.38248384055446,102.95677878016083,101.18320927177487,102.69771575927734,23036800,0.0,0.0,GOOGLE,GOOG
2022-09-20 00:00:00-04:00,101.7112882381291,102.00024166857025,100.15691779845123,100.7746810913086,26517100,0.0,0.0,GOOGLE,GOOG
2022-09-21 00:00:00-04:00,101.30276093781193,102.50838944373183,98.91142834014147,98.92139434814453,31487300,0.0,0.0,GOOGLE,GOOG
2022-09-22 00:00:00-04:00,98.46305799062655,100.8743150315285,98.4331675680939,99.77828979492188,34298600,0.0,0.0,GOOGLE,GOOG
2022-09-23 00:00:00-04:00,99.27013124753239,99.30002927233596,97.11793717373003,98.38334655761719,31625400,0.0,0.0,GOOGLE,GOOG
2022-09-26 00:00:00-04:00,97.74566756829712,99.51923710610934,97.44675571016832,97.81541442871094,27072700,0.0,0.0,GOOGLE,GOOG
2022-09-27 00:00:00-04:00,99.07085623606467,99.63879707532051,96.52010546352429,97.1478271484375,30072800,0.0,0.0,GOOGLE,GOOG
2022-09-28 00:00:00-04:00,97.29729626907184,100.33627531251146,96.75924580063729,99.68862915039062,32466300,0.0,0.0,GOOGLE,GOOG
2022-09-29 00:00:00-04:00,98.28370978686021,98.28370978686021,95.61338969508783,97.068115234375,31047200,0.0,0.0,GOOGLE,GOOG
2022-09-30 00:00:00-04:00,96.69945671946289,98.54277296628402,95.21483315256677,95.30451202392578,32941500,0.0,0.0,GOOGLE,GOOG
2022-10-03 00:00:00-04:00,96.41050005788857,98.93136035214984,96.17136147684545,98.28370666503906,27982000,0.0,0.0,GOOGLE,GOOG
2022-10-04 00:00:00-04:00,100.07721039844441,101.47214747858575,100.01742195084053,101.27287292480469,28850800,0.0,0.0,GOOGLE,GOOG
2022-10-05 00:00:00-04:00,99.46941747435021,101.56183078784841,98.44313903403386,101.06363677978516,22176900,0.0,0.0,GOOGLE,GOOG
2022-10-06 00:00:00-04:00,100.3163401986461,102.55821311047356,100.22666132921783,101.05366516113281,22324000,0.0,0.0,GOOGLE,GOOG
2022-10-07 00:00:00-04:00,99.48933469215784,100.1668787981794,97.94493793999584,98.32356262207031,27502800,0.0,0.0,GOOGLE,GOOG
2022-10-10 00:00:00-04:00,98.64241247908855,98.74204975920503,96.6596024779728,97.50653076171875,18225100,0.0,0.0,GOOGLE,GOOG
2022-10-11 00:00:00-04:00,97.0780841240967,98.89150999833014,95.96212681616952,96.82898712158203,26507100,0.0,0.0,GOOGLE,GOOG
2022-10-12 00:00:00-04:00,96.94855567667666,98.39331523945789,96.39057322606945,97.20761108398438,21876400,0.0,0.0,GOOGLE,GOOG
2022-10-13 00:00:00-04:00,94.80631370463239,99.41958711524546,94.0390907362861,98.70218658447266,34574500,0.0,0.0,GOOGLE,GOOG
2022-10-14 00:00:00-04:00,99.62883082298053,100.32630696190093,96.02191124286752,96.21121978759766,25410700,0.0,0.0,GOOGLE,GOOG
2022-10-17 00:00:00-04:00,98.5029258631292,100.56544887766599,98.47303543712455,99.60891723632812,28419200,0.0,0.0,GOOGLE,GOOG
2022-10-18 00:00:00-04:00,102.7574975398728,103.09627343207029,99.60891523399145,100.40602111816406,24060700,0.0,0.0,GOOGLE,GOOG
2022-10-19 00:00:00-04:00,99.64877393686338,100.65512042360851,98.56270697749738,99.2701416015625,23811100,0.0,0.0,GOOGLE,GOOG
2022-10-20 00:00:00-04:00,99.63880766233278,101.9504276960254,99.03101032744553,99.60891723632812,25323200,0.0,0.0,GOOGLE,GOOG
2022-10-21 00:00:00-04:00,97.49656563297961,100.94406724861382,97.36703792784301,100.76471710205078,32458700,0.0,0.0,GOOGLE,GOOG
2022-10-24 00:00:00-04:00,101.43230336205211,102.37886893924696,99.61887747177592,102.14969635009766,27176400,0.0,0.0,GOOGLE,GOOG
2022-10-25 00:00:00-04:00,102.5283281002118,104.44139126151721,102.34897795372457,104.10262298583984,40611400,0.0,0.0,GOOGLE,GOOG
2022-10-26 00:00:00-04:00,96.08169441542343,97.9549011045563,94.3479814370857,94.58711242675781,88114100,0.0,0.0,GOOGLE,GOOG
2022-10-27 00:00:00-04:00,94.17858967638885,95.08530639815777,91.46842072319252,91.88690185546875,60710900,0.0,0.0,GOOGLE,GOOG
2022-10-28 00:00:00-04:00,91.93671576202723,96.2012627108873,91.79722205268253,95.94219970703125,43697300,0.0,0.0,GOOGLE,GOOG
2022-10-31 00:00:00-04:00,95.07534163917173,95.68313893053819,93.6405480808209,94.16863250732422,31675000,0.0,0.0,GOOGLE,GOOG
2022-11-01 00:00:00-04:00,95.10523477424425,95.68314165822098,90.0435893405344,90.14322662353516,47161400,0.0,0.0,GOOGLE,GOOG
2022-11-02 00:00:00-04:00,90.61152226374979,90.85065324233337,86.5661820327621,86.6558609008789,57038300,0.0,0.0,GOOGLE,GOOG
2022-11-03 00:00:00-04:00,86.00821530738868,86.2074898746506,83.03897560342638,83.12865447998047,61288000,0.0,0.0,GOOGLE,GOOG
2022-11-04 00:00:00-04:00,85.09154235666125,86.32706142998515,83.40764409253529,86.26728057861328,51124900,0.0,0.0,GOOGLE,GOOG
2022-11-07 00:00:00-05:00,86.96474344125453,88.57889473824162,86.53629629709458,88.17037200927734,34078900,0.0,0.0,GOOGLE,GOOG
2022-11-08 00:00:00-05:00,88.57889556884766,89.99376471795951,87.27362210709543,88.57889556884766,30429000,0.0,0.0,GOOGLE,GOOG
2022-11-09 00:00:00-05:00,88.1305162368981,89.11694583780549,86.96474409237543,87.00460052490234,31769100,0.0,0.0,GOOGLE,GOOG
2022-11-10 00:00:00-05:00,91.91680205985524,94.04907198187722,91.279114285148,93.60070037841797,51620100,0.0,0.0,GOOGLE,GOOG
2022-11-11 00:00:00-05:00,94.34797905804209,96.57988597632273,93.58075606617763,96.061767578125,33090500,0.0,0.0,GOOGLE,GOOG
2022-11-14 00:00:00-05:00,94.74653466032616,96.4403988820202,94.1686353770502,95.35433197021484,30179500,0.0,0.0,GOOGLE,GOOG
2022-11-15 00:00:00-05:00,97.90508437003723,99.77829102289418,96.36067997092304,98.08443450927734,41640800,0.0,0.0,GOOGLE,GOOG
2022-11-16 00:00:00-05:00,97.54639245394533,99.28010554733504,97.28732943020373,98.49295806884766,29105200,0.0,0.0,GOOGLE,GOOG
2022-11-17 00:00:00-05:00,96.61974390728591,98.92139771493929,96.44039376631052,98.00472259521484,26052600,0.0,0.0,GOOGLE,GOOG
2022-11-18 00:00:00-05:00,98.41324317515632,98.54277848528112,96.02191796526337,97.07808685302734,28342300,0.0,0.0,GOOGLE,GOOG
2022-11-21 00:00:00-05:00,96.93859800859744,98.04458939459397,95.01556869438919,95.25469970703125,21647400,0.0,0.0,GOOGLE,GOOG
2022-11-22 00:00:00-05:00,95.60342241579859,96.86883939122015,93.71029135951498,96.69945526123047,23438500,0.0,0.0,GOOGLE,GOOG
2022-11-23 00:00:00-05:00,96.73930817833025,98.40328193133108,96.73930817833025,98.10436248779297,18868100,0.0,0.0,GOOGLE,GOOG
2022-11-25 00:00:00-05:00,97.88515259609355,98.2837093067077,97.04819034545706,97.10797119140625,9701400,0.0,0.0,GOOGLE,GOOG
2022-11-28 00:00:00-05:00,96.68949359761316,97.2275440363187,95.26465843636622,95.70307159423828,26237500,0.0,0.0,GOOGLE,GOOG
2022-11-29 00:00:00-05:00,95.3842265796523,95.77281729148433,93.77007528307819,94.84617614746094,20061700,0.0,0.0,GOOGLE,GOOG
2022-11-30 00:00:00-05:00,94.47751632530994,100.67505132598242,94.07895957765118,100.62522888183594,43647500,0.0,0.0,GOOGLE,GOOG
2022-12-01 00:00:00-05:00,100.65511930758876,101.88067997631784,99.88790383986174,100.62522888183594,28687100,0.0,0.0,GOOGLE,GOOG
2022-12-02 00:00:00-05:00,98.69223081173017,100.40601172316964,98.54277109685852,100.07720947265625,21480700,0.0,0.0,GOOGLE,GOOG
2022-12-05 00:00:00-05:00,99.04096889811133,101.01381288462309,98.64241217702863,99.12068176269531,24405100,0.0,0.0,GOOGLE,GOOG
2022-12-06 00:00:00-05:00,98.94132709072056,99.41958905266468,96.07172491170854,96.62970733642578,24910700,0.0,0.0,GOOGLE,GOOG
2022-12-07 00:00:00-05:00,96.061775697462,96.53007169614035,94.37787745777824,94.59708404541016,31045400,0.0,0.0,GOOGLE,GOOG
2022-12-08 00:00:00-05:00,95.03548717492762,95.23476934121265,93.1124579808419,93.37152099609375,32213300,0.0,0.0,GOOGLE,GOOG
2022-12-09 00:00:00-05:00,93.43129709832616,93.91953267954187,92.41498470833655,92.49469757080078,28225400,0.0,0.0,GOOGLE,GOOG
2022-12-12 00:00:00-05:00,92.37513014885984,93.2220584246516,91.27910487419773,92.97296142578125,29420000,0.0,0.0,GOOGLE,GOOG
2022-12-13 00:00:00-05:00,97.40689540275183,99.17049886129242,94.68675275108303,95.28458404541016,40593700,0.0,0.0,GOOGLE,GOOG
2022-12-14 00:00:00-05:00,94.8561359816481,96.52010974399589,93.26191667810996,94.72660827636719,28733600,0.0,0.0,GOOGLE,GOOG
2022-12-15 00:00:00-05:00,92.79361199755841,93.30177200768405,89.6848862928774,90.53181457519531,40107000,0.0,0.0,GOOGLE,GOOG
2022-12-16 00:00:00-05:00,90.43217684823813,91.00011770315805,89.19665025710515,89.9339828491211,58011800,0.0,0.0,GOOGLE,GOOG
2022-12-19 00:00:00-05:00,89.93398560057557,90.23289744808845,87.8913871009693,88.12055969238281,29493000,0.0,0.0,GOOGLE,GOOG
2022-12-20 00:00:00-05:00,87.79174668968311,88.85788153834193,87.12416855867481,88.69845581054688,23453800,0.0,0.0,GOOGLE,GOOG
2022-12-21 00:00:00-05:00,88.75824520706126,89.89412692329897,88.00098819562373,89.25643920898438,24745600,0.0,0.0,GOOGLE,GOOG
2022-12-22 00:00:00-05:00,87.84157278648655,88.22019750300441,86.00821484971539,87.4430160522461,27658300,0.0,0.0,GOOGLE,GOOG
2022-12-23 00:00:00-05:00,86.79536185521906,89.22655107971215,86.7555054218198,88.90770721435547,23003000,0.0,0.0,GOOGLE,GOOG
2022-12-27 00:00:00-05:00,88.47925145413662,88.61874515655136,86.69571614259202,87.0743408203125,20097300,0.0,0.0,GOOGLE,GOOG
2022-12-28 00:00:00-05:00,86.66583640297101,87.72200530910052,85.62959191314083,85.70929718017578,19523200,0.0,0.0,GOOGLE,GOOG
2022-12-29 00:00:00-05:00,86.30713177944276,88.52907277484294,86.29716577087261,88.1305160522461,23333500,0.0,0.0,GOOGLE,GOOG
2022-12-30 00:00:00-05:00,86.66582340611124,87.98105513791869,86.25730071578191,87.91130828857422,23986300,0.0,0.0,GOOGLE,GOOG
2023-01-03 00:00:00-05:00,89.26639931771285,90.72113252068196,88.20026443734325,88.79810333251953,28131200,0.0,0.0,GOOGLE,GOOG
2023-01-04 00:00:00-05:00,90.02365347405346,90.32257291211343,86.95477663707446,87.76185607910156,34854800,0.0,0.0,GOOGLE,GOOG
2023-01-05 00:00:00-05:00,87.15406609854381,87.25370338563282,85.58973712554938,85.8886489868164,27194400,0.0,0.0,GOOGLE,GOOG
2023-01-06 00:00:00-05:00,86.47651963786872,87.3732704018482,84.55349040027176,87.02452850341797,41381500,0.0,0.0,GOOGLE,GOOG
2023-01-09 00:00:00-05:00,88.04084803091195,89.7247462550852,87.54265400973289,87.70207214355469,29003900,0.0,0.0,GOOGLE,GOOG
2023-01-10 00:00:00-05:00,85.66944256272718,88.34972108150079,85.51998284414289,88.10062408447266,30467800,0.0,0.0,GOOGLE,GOOG
2023-01-11 00:00:00-05:00,88.8578858679864,91.26914310459799,88.68850172532865,91.1894302368164,26862000,0.0,0.0,GOOGLE,GOOG
2023-01-12 00:00:00-05:00,91.14957653320798,91.5381672405778,89.42582196828673,90.80083465576172,30258100,0.0,0.0,GOOGLE,GOOG
2023-01-13 00:00:00-05:00,90.52185251603511,91.85701645147581,89.80445190616697,91.78726959228516,26329200,0.0,0.0,GOOGLE,GOOG
2023-01-17 00:00:00-05:00,91.72748156795588,91.91679773028649,89.7247470582125,90.96026611328125,32602400,0.0,0.0,GOOGLE,GOOG
2023-01-18 00:00:00-05:00,91.80719072227554,92.46481045839508,90.31260870582629,90.79087829589844,29116700,0.0,0.0,GOOGLE,GOOG
2023-01-19 00:00:00-05:00,90.3923194977329,93.27188017522701,90.30264062584763,92.71390533447266,37000400,0.0,0.0,GOOGLE,GOOG
2023-01-20 00:00:00-05:00,94.75649586822666,97.94494198183678,94.67678300497307,97.66594696044922,63191100,0.0,0.0,GOOGLE,GOOG
2023-01-23 00:00:00-05:00,97.59620744614631,99.67866244471271,97.14783585983596,99.4295654296875,40005100,0.0,0.0,GOOGLE,GOOG
2023-01-24 00:00:00-05:00,97.74565600305147,99.2502039303462,96.8489053310931,97.34709930419922,33078500,0.0,0.0,GOOGLE,GOOG
2023-01-25 00:00:00-05:00,95.22481005796136,95.8126829877257,93.42135003627217,94.8760757446289,42330000,0.0,0.0,GOOGLE,GOOG
2023-01-26 00:00:00-05:00,96.1514427043169,97.21757756805295,95.03548539948105,97.16775512695312,30114000,0.0,0.0,GOOGLE,GOOG
2023-01-27 00:00:00-05:00,96.95852091146214,99.95765113848242,96.95852091146214,99.0110855102539,33879800,0.0,0.0,GOOGLE,GOOG
2023-01-30 00:00:00-05:00,97.12790179059655,97.93497360648114,96.05180096819252,96.58985137939453,27226200,0.0,0.0,GOOGLE,GOOG
2023-01-31 00:00:00-05:00,96.52010847216931,98.52284288248825,96.47028603134386,98.48298645019531,29870700,0.0,0.0,GOOGLE,GOOG
2023-02-01 00:00:00-05:00,98.35346443427653,100.82451016647553,97.22754866378031,100.06725311279297,35531100,0.0,0.0,GOOGLE,GOOG
2023-02-02 00:00:00-05:00,105.41785021590076,107.46044099231362,105.22853406910423,107.35083770751953,69883800,0.0,0.0,GOOGLE,GOOG
2023-02-03 00:00:00-05:00,102.55821872611254,107.42058950445697,102.20948444110049,104.40153503417969,65309300,0.0,0.0,GOOGLE,GOOG
2023-02-06 00:00:00-05:00,102.03013393595903,103.98305352700574,101.51200791275724,102.52832794189453,31999600,0.0,0.0,GOOGLE,GOOG
2023-02-07 00:00:00-05:00,102.84717223763629,107.7892558852478,102.74753495639422,107.25120544433594,49010200,0.0,0.0,GOOGLE,GOOG
2023-02-08 00:00:00-05:00,101.68140584887735,102.7674651991219,97.68588754926381,99.0110855102539,94743500,0.0,0.0,GOOGLE,GOOG
2023-02-09 00:00:00-05:00,99.63879824471734,99.66868866789683,93.29180405986752,94.66682434082031,119455000,0.0,0.0,GOOGLE,GOOG
2023-02-10 00:00:00-05:00,95.10522747919919,96.40053486436466,93.90956497122862,94.22840881347656,54980700,0.0,0.0,GOOGLE,GOOG
2023-02-13 00:00:00-05:00,94.39779246763905,94.85613001345358,93.5010417902468,94.26826477050781,50076100,0.0,0.0,GOOGLE,GOOG
2023-02-14 00:00:00-05:00,94.08892331366818,94.50740446777245,91.92676308229196,94.33802032470703,54726100,0.0,0.0,GOOGLE,GOOG
2023-02-15 00:00:00-05:00,94.1486963136537,96.76920151646188,93.8099280557692,96.58985137939453,50169000,0.0,0.0,GOOGLE,GOOG
2023-02-16 00:00:00-05:00,95.02552246808358,97.32717622276208,94.39779318819902,95.1650161743164,42462600,0.0,0.0,GOOGLE,GOOG
2023-02-17 00:00:00-05:00,94.50740269191552,95.2148372777522,92.87332693835303,94.00920867919922,34284100,0.0,0.0,GOOGLE,GOOG
2023-02-21 00:00:00-05:00,92.66408654770441,92.76372383007642,91.38871108893322,91.45845794677734,33629300,0.0,0.0,GOOGLE,GOOG
2023-02-22 00:00:00-05:00,91.36877693627122,91.7772996668387,90.28271766067176,91.31896209716797,30884000,0.0,0.0,GOOGLE,GOOG
2023-02-23 00:00:00-05:00,91.58798498742568,91.6079170048575,89.43579081686464,90.56170654296875,41206400,0.0,0.0,GOOGLE,GOOG
2023-02-24 00:00:00-05:00,89.11694514159397,89.5653167008038,88.26005085355271,88.80805969238281,36585100,0.0,0.0,GOOGLE,GOOG
2023-02-27 00:00:00-05:00,89.54539489746094,89.8343483380739,89.01730285657956,89.54539489746094,27502300,0.0,0.0,GOOGLE,GOOG
2023-02-28 00:00:00-05:00,89.00734406302703,90.90048283015722,88.99737805426645,89.73470306396484,30142000,0.0,0.0,GOOGLE,GOOG
2023-03-01 00:00:00-05:00,89.6549980280425,90.70120089545082,89.34611257037564,90.03362274169922,31111200,0.0,0.0,GOOGLE,GOOG
2023-03-02 00:00:00-05:00,89.33614986921337,91.94668150969538,89.26639541290174,91.66769409179688,32204400,0.0,0.0,GOOGLE,GOOG
2023-03-03 00:00:00-05:00,92.14596493323113,93.39144992442412,92.11606690789932,93.31173706054688,35160100,0.0,0.0,GOOGLE,GOOG
2023-03-06 00:00:00-05:00,93.68039333078706,95.62335442791783,93.66046891625142,94.78638458251953,32639300,0.0,0.0,GOOGLE,GOOG
2023-03-07 00:00:00-05:00,94.63694588244644,95.32444850800572,93.19217856413607,93.52098846435547,27835500,0.0,0.0,GOOGLE,GOOG
2023-03-08 00:00:00-05:00,93.78004108357678,95.61339135052926,93.66047178718708,93.9095687866211,34103300,0.0,0.0,GOOGLE,GOOG
2023-03-09 00:00:00-05:00,93.71029636831206,95.18494638161611,91.56806060387983,91.98654174804688,28813500,0.0,0.0,GOOGLE,GOOG
2023-03-10 00:00:00-05:00,91.8370812734991,92.45484457781508,90.07347783645488,90.30264282226562,35941000,0.0,0.0,GOOGLE,GOOG
2023-03-13 00:00:00-04:00,89.76459425581886,92.23563992279024,89.0970160980626,90.78091430664062,37335600,0.0,0.0,GOOGLE,GOOG
2023-03-14 00:00:00-04:00,92.22567394079233,94.01917544168379,92.10611224195785,93.63058471679688,36050200,0.0,0.0,GOOGLE,GOOG
2023-03-15 00:00:00-04:00,92.88328729040643,96.57988572741318,92.30538044640984,95.76284790039062,50622100,0.0,0.0,GOOGLE,GOOG
2023-03-16 00:00:00-04:00,95.85252039748471,100.82450187867342,95.15505185394973,99.9576416015625,65492000,0.0,0.0,GOOGLE,GOOG
2023-03-17 00:00:00-04:00,99.89785674313038,102.46853184450678,99.73843102424739,101.25294494628906,61028500,0.0,0.0,GOOGLE,GOOG
2023-03-20 00:00:00-04:00,99.75836774281036,101.38247742085163,99.50927074669035,100.8543930053711,32960400,0.0,0.0,GOOGLE,GOOG
2023-03-21 00:00:00-04:00,100.88428861712059,104.72038103429298,100.85439819234283,104.54103088378906,42110300,0.0,0.0,GOOGLE,GOOG
2023-03-22 00:00:00-04:00,103.8933786002966,106.20499857159132,102.95677900280211,102.99663543701172,43427400,0.0,0.0,GOOGLE,GOOG
2023-03-23 00:00:00-04:00,104.68052407511516,105.91605070653395,104.08269277704915,105.21857452392578,40797800,0.0,0.0,GOOGLE,GOOG
2023-03-24 00:00:00-04:00,104.61077914201698,105.10897316654567,103.46493136523353,105.05915832519531,30393300,0.0,0.0,GOOGLE,GOOG
2023-03-27 00:00:00-04:00,104.24212190935401,104.38161563005595,101.56183558673975,102.08992004394531,31120900,0.0,0.0,GOOGLE,GOOG
2023-03-28 00:00:00-04:00,102.06999565728084,102.07995406459273,99.37974332473478,100.66508483886719,32057900,0.0,0.0,GOOGLE,GOOG
2023-03-29 00:00:00-04:00,101.91056555313638,102.11980612528802,100.28645581586184,101.0237808227539,28779600,0.0,0.0,GOOGLE,GOOG
2023-03-30 00:00:00-04:00,100.54552100713474,100.79461801773391,99.41959765405045,100.52558898925781,33086200,0.0,0.0,GOOGLE,GOOG
2023-03-31 00:00:00-04:00,100.93410825723853,103.51474954923273,100.67504524662844,103.35533142089844,36863400,0.0,0.0,GOOGLE,GOOG
2023-04-03 00:00:00-04:00,102.0201694850945,104.15243925490958,101.56183190485585,103.9830551147461,25035400,0.0,0.0,GOOGLE,GOOG
2023-04-04 00:00:00-04:00,103.95316039228291,105.19864537464467,103.66420696415454,104.34175109863281,24420100,0.0,0.0,GOOGLE,GOOG
2023-04-05 00:00:00-04:00,105.3979248868827,105.71676875328583,103.28558712265107,104.09265899658203,28290500,0.0,0.0,GOOGLE,GOOG
2023-04-06 00:00:00-04:00,104.87980673804246,108.77568000362447,103.95316556101758,108.02838897705078,48711500,0.0,0.0,GOOGLE,GOOG
2023-04-10 00:00:00-04:00,106.59359242866749,107.20138211978893,104.74031012584882,106.0555419921875,27067400,0.0,0.0,GOOGLE,GOOG
2023-04-11 00:00:00-04:00,106.16514495942444,106.34449510437418,104.30189665365981,104.96947479248047,26311800,0.0,0.0,GOOGLE,GOOG
2023-04-12 00:00:00-04:00,106.1950343273825,106.36441846208496,103.96311974534717,104.26203918457031,24370300,0.0,0.0,GOOGLE,GOOG
2023-04-13 00:00:00-04:00,105.45770081878455,107.10174251651071,105.45770081878455,107.04196166992188,24843600,0.0,0.0,GOOGLE,GOOG
2023-04-14 00:00:00-04:00,106.50390934187409,108.5465077179774,106.4540869027157,108.47676086425781,26578000,0.0,0.0,GOOGLE,GOOG
2023-04-17 00:00:00-04:00,104.28197622280368,105.77655828721112,104.14247490310183,105.58724212646484,37571200,0.0,0.0,GOOGLE,GOOG
2023-04-18 00:00:00-04:00,106.10536105037748,106.15518349348778,103.69410379985447,104.12255096435547,26596400,0.0,0.0,GOOGLE,GOOG
2023-04-19 00:00:00-04:00,103.20587202176895,104.60081675777899,102.69771200755615,103.80370330810547,20905700,0.0,0.0,GOOGLE,GOOG
2023-04-20 00:00:00-04:00,103.53468571674718,105.86623010018933,103.4948292826066,104.90969848632812,27820800,0.0,0.0,GOOGLE,GOOG
2023-04-21 00:00:00-04:00,105.0890472068993,105.61713164884955,104.40153703055937,105.02926635742188,25800100,0.0,0.0,GOOGLE,GOOG
2023-04-24 00:00:00-04:00,105.10897252104597,106.24485428184863,104.32182505490422,105.58724212646484,23542800,0.0,0.0,GOOGLE,GOOG
2023-04-25 00:00:00-04:00,105.44774323564162,106.30463751867882,103.46492565414268,103.47489166259766,46664100,0.0,0.0,GOOGLE,GOOG
2023-04-26 00:00:00-04:00,104.54103206703503,105.96586727832175,102.25930252717939,103.33540344238281,53347600,0.0,0.0,GOOGLE,GOOG
2023-04-27 00:00:00-04:00,104.07272766283151,107.97857455423448,103.16601850003548,107.20138549804688,50089200,0.0,0.0,GOOGLE,GOOG
2023-04-28 00:00:00-04:00,106.65337392352426,106.96225177525531,104.71041273525408,106.95228576660156,36139800,0.0,0.0,GOOGLE,GOOG
2023-05-01 00:00:00-04:00,106.4540896310021,107.59993734447947,106.43416521593025,106.81278991699219,26681700,0.0,0.0,GOOGLE,GOOG
2023-05-02 00:00:00-04:00,106.75300866281339,106.81278950963804,103.33539755232405,104.93958282470703,30997200,0.0,0.0,GOOGLE,GOOG
2023-05-03 00:00:00-04:00,105.1488280563767,107.1017476916255,104.58088718082902,105.02926635742188,21795400,0.0,0.0,GOOGLE,GOOG
2023-05-04 00:00:00-04:00,105.1089726343614,105.21857592734976,103.59446615227093,104.3118667602539,23419500,0.0,0.0,GOOGLE,GOOG
2023-05-05 00:00:00-04:00,104.44139154407344,105.49756040855702,103.73395696485923,105.18868255615234,26625100,0.0,0.0,GOOGLE,GOOG
2023-05-08 00:00:00-04:00,104.80008844598915,107.57004582481335,104.78016403112034,107.38072967529297,26511400,0.0,0.0,GOOGLE,GOOG
2023-05-09 00:00:00-04:00,107.99849418300555,109.7521391829327,106.80283162959533,106.96224975585938,36360100,0.0,0.0,GOOGLE,GOOG
2023-05-10 00:00:00-04:00,107.58001382066816,112.53206340821097,107.54015738835716,111.34635925292969,63153400,0.0,0.0,GOOGLE,GOOG
2023-05-11 00:00:00-04:00,114.9831840885656,117.49407866465702,113.99676203386942,116.14895629882812,78900000,0.0,0.0,GOOGLE,GOOG
2023-05-12 00:00:00-04:00,116.25855216567884,117.60367444556137,115.69061130964677,117.08555603027344,41073800,0.0,0.0,GOOGLE,GOOG
2023-05-15 00:00:00-04:00,115.69061562796306,118.05205801320747,115.59097834459287,116.08917236328125,36266800,0.0,0.0,GOOGLE,GOOG
2023-05-16 00:00:00-04:00,116.06923500226898,120.31384997460805,116.00945415536636,119.07833099365234,45035600,0.0,0.0,GOOGLE,GOOG
2023-05-17 00:00:00-04:00,119.17797328210969,121.2305301983083,118.4605726817738,120.40352630615234,33323600,0.0,0.0,GOOGLE,GOOG
2023-05-18 00:00:00-04:00,120.51312301465028,122.86459925314621,120.39356132235058,122.38633728027344,35234200,0.0,0.0,GOOGLE,GOOG
2023-05-19 00:00:00-04:00,123.10374444267285,125.51500165661868,121.70879967695764,122.31659698486328,41330300,0.0,0.0,GOOGLE,GOOG
2023-05-22 00:00:00-04:00,122.49594826089861,125.97334039739799,122.29666609148589,124.59832763671875,35253000,0.0,0.0,GOOGLE,GOOG
2023-05-23 00:00:00-04:00,123.71153643510985,124.17983240466921,121.768575294327,122.1173095703125,34046300,0.0,0.0,GOOGLE,GOOG
2023-05-24 00:00:00-04:00,120.68251681712213,121.46966424621482,119.42706581359634,120.46331024169922,34182600,0.0,0.0,GOOGLE,GOOG
2023-05-25 00:00:00-04:00,124.07023343765825,124.86734689781153,121.51948252810746,123.03399658203125,42317000,0.0,0.0,GOOGLE,GOOG
2023-05-26 00:00:00-04:00,122.72511846541347,124.80757351365041,122.00771782873544,124.15991973876953,35635900,0.0,0.0,GOOGLE,GOOG
2023-05-30 00:00:00-04:00,125.1861903664525,125.20612238390397,121.55933857769132,123.22330474853516,35076700,0.0,0.0,GOOGLE,GOOG
2023-05-31 00:00:00-04:00,122.30662394363127,123.61188975842558,122.05752694985605,122.42619323730469,37325800,0.0,0.0,GOOGLE,GOOG
2023-06-01 00:00:00-04:00,122.37637397359454,123.97059325475999,122.1770994141378,123.27312469482422,30772700,0.0,0.0,GOOGLE,GOOG
2023-06-02 00:00:00-04:00,123.54215186861634,125.69435369988244,123.31298687474336,124.21969604492188,26963100,0.0,0.0,GOOGLE,GOOG
2023-06-05 00:00:00-04:00,123.5620868337433,126.96973221268811,123.39269508424852,125.55486297607422,32305500,0.0,0.0,GOOGLE,GOOG
2023-06-06 00:00:00-04:00,125.55485880304526,127.82661471166512,124.90720505794604,126.85015869140625,26638300,0.0,0.0,GOOGLE,GOOG
2023-06-07 00:00:00-04:00,126.51138895956268,128.57390426880946,121.67890855069605,122.05753326416016,52539000,0.0,0.0,GOOGLE,GOOG
2023-06-08 00:00:00-04:00,121.78850852378929,122.78489652329007,120.80207893096076,121.6988296508789,29389200,0.0,0.0,GOOGLE,GOOG
2023-06-09 00:00:00-04:00,121.80843759953775,123.31298566486453,121.46966931562756,121.78851318359375,23762500,0.0,0.0,GOOGLE,GOOG
2023-06-12 00:00:00-04:00,122.34648449378062,123.60193551318817,121.2205687806728,123.19341278076172,28306400,0.0,0.0,GOOGLE,GOOG
2023-06-13 00:00:00-04:00,124.52858400389017,124.7079341600891,122.73508244190093,123.38273620605469,22278300,0.0,0.0,GOOGLE,GOOG
2023-06-14 00:00:00-04:00,122.65536388056533,123.6019370617399,121.01132212533565,123.22330474853516,30592300,0.0,0.0,GOOGLE,GOOG
2023-06-15 00:00:00-04:00,122.69522233192862,125.00684227489894,121.95789731267912,124.63817596435547,35246300,0.0,0.0,GOOGLE,GOOG
2023-06-16 00:00:00-04:00,125.47514162852602,125.65449177329197,122.83471189796403,123.08380889892578,45514000,0.0,0.0,GOOGLE,GOOG
2023-06-20 00:00:00-04:00,122.48598084955104,124.12005661083856,121.6988333935176,122.65536499023438,26097500,0.0,0.0,GOOGLE,GOOG
2023-06-21 00:00:00-04:00,121.95789455442348,122.21695756683378,119.6661990792251,120.11457824707031,30306300,0.0,0.0,GOOGLE,GOOG
2023-06-22 00:00:00-04:00,119.56656118504847,122.79485620853035,118.40078903793518,122.70518493652344,26952200,0.0,0.0,GOOGLE,GOOG
2023-06-23 00:00:00-04:00,120.94157025819977,122.3464809586778,120.6227264087195,121.89810180664062,34885300,0.0,0.0,GOOGLE,GOOG
2023-06-26 00:00:00-04:00,120.32380882386583,121.55932773130915,117.84279739930608,117.91254425048828,33969900,0.0,0.0,GOOGLE,GOOG
2023-06-27 00:00:00-04:00,116.65711050253054,118.64988653051294,115.68064690401077,117.90259552001953,39535900,0.0,0.0,GOOGLE,GOOG
2023-06-28 00:00:00-04:00,116.66706775870843,119.95515121318527,116.42793676622343,119.74591064453125,27091400,0.0,0.0,GOOGLE,GOOG
2023-06-29 00:00:00-04:00,118.80930114376565,119.62633898698562,117.8727016075809,118.66980743408203,24090900,0.0,0.0,GOOGLE,GOOG
2023-06-30 00:00:00-04:00,119.73594273095661,120.6426594492019,119.25768075359582,119.26763916015625,29519700,0.0,0.0,GOOGLE,GOOG
2023-07-03 00:00:00-04:00,118.80930682460853,119.75588001624993,118.39082567554806,119.46692657470703,14467900,0.0,0.0,GOOGLE,GOOG
2023-07-05 00:00:00-04:00,118.80930563505716,122.16713600643209,118.79934722815834,121.31024169921875,27584800,0.0,0.0,GOOGLE,GOOG
2023-07-06 00:00:00-04:00,119.36728487378151,119.86547887141528,117.9723401600396,119.67616271972656,24745200,0.0,0.0,GOOGLE,GOOG
2023-07-07 00:00:00-04:00,119.66620237640888,120.61277557782724,118.96873378743742,119.04844665527344,21692600,0.0,0.0,GOOGLE,GOOG
2023-07-10 00:00:00-04:00,117.87270469949438,117.88266310627797,115.72050294762924,116.02938079833984,35315200,0.0,0.0,GOOGLE,GOOG
2023-07-11 00:00:00-04:00,115.86996773145336,117.28483694393134,114.93336052794712,116.7168960571289,23078800,0.0,0.0,GOOGLE,GOOG
2023-07-12 00:00:00-04:00,118.3708995404575,119.89537199120542,117.98230882171146,118.50042724609375,30404400,0.0,0.0,GOOGLE,GOOG
2023-07-13 00:00:00-04:00,120.49320284562855,124.37911762087124,120.01493325406626,124.09016418457031,44297900,0.0,0.0,GOOGLE,GOOG
2023-07-14 00:00:00-04:00,124.34922429135456,126.32206825609043,123.04395085417015,124.96697998046875,33266800,0.0,0.0,GOOGLE,GOOG
2023-07-17 00:00:00-04:00,125.48511723125685,126.64092345113316,123.75139649868574,124.19977569580078,25716200,0.0,0.0,GOOGLE,GOOG
2023-07-18 00:00:00-04:00,124.14994292055289,124.22965578476325,122.5158672134261,123.31298065185547,26226400,0.0,0.0,GOOGLE,GOOG
2023-07-19 00:00:00-04:00,124.14994261118203,124.72784947251137,121.36006078730566,121.58922576904297,37224000,0.0,0.0,GOOGLE,GOOG
2023-07-20 00:00:00-04:00,120.98142214576052,123.64177612761551,117.79298377070995,118.76943969726562,37906800,0.0,0.0,GOOGLE,GOOG
2023-07-21 00:00:00-04:00,120.18432570988017,120.5529844121068,118.30115296021432,119.58648681640625,72937900,0.0,0.0,GOOGLE,GOOG
2023-07-24 00:00:00-04:00,121.22056924233992,122.55572553012773,120.54302508980719,121.09103393554688,29686100,0.0,0.0,GOOGLE,GOOG
2023-07-25 00:00:00-04:00,120.92164928904083,122.70518473602398,120.58287341328139,121.7685775756836,52509600,0.0,0.0,GOOGLE,GOOG
2023-07-26 00:00:00-04:00,129.600198794557,130.50690035010535,127.85651973620851,128.80308532714844,61682100,0.0,0.0,GOOGLE,GOOG
2023-07-27 00:00:00-04:00,131.19440695995237,132.75874342754594,128.32480463674472,128.93260192871094,44952100,0.0,0.0,GOOGLE,GOOG
2023-07-28 00:00:00-04:00,130.30761859333836,133.256933698894,130.09838563194066,132.1011199951172,36591200,0.0,0.0,GOOGLE,GOOG
2023-07-31 00:00:00-04:00,132.25058951128685,133.04770303958819,131.30402384803728,132.24063110351562,28055500,0.0,0.0,GOOGLE,GOOG
2023-08-01 00:00:00-04:00,130.30762134379327,132.15094522413256,130.20797646238464,131.07484436035156,23166800,0.0,0.0,GOOGLE,GOOG
2023-08-02 00:00:00-04:00,128.98241748710194,129.62010516893426,127.09924486390386,127.91629028320312,26273300,0.0,0.0,GOOGLE,GOOG
2023-08-03 00:00:00-04:00,127.50776861425393,128.92263769475255,126.95975219484545,127.98603057861328,20089500,0.0,0.0,GOOGLE,GOOG
2023-08-04 00:00:00-04:00,128.81303466574116,131.03497556664055,127.44798802133765,127.64726257324219,26130000,0.0,0.0,GOOGLE,GOOG
2023-08-07 00:00:00-04:00,128.6934816156915,131.13462924868435,128.55398789962547,131.05491638183594,22746300,0.0,0.0,GOOGLE,GOOG
2023-08-08 00:00:00-04:00,130.148187885622,131.03497254426583,129.0720870857497,130.9253692626953,23535200,0.0,0.0,GOOGLE,GOOG
2023-08-09 00:00:00-04:00,131.18444155563853,131.56305863932315,128.53404595147833,129.19166564941406,24912900,0.0,0.0,GOOGLE,GOOG
2023-08-10 00:00:00-04:00,130.84569031592892,131.57304935925964,128.982434262809,129.22157287597656,20857800,0.0,0.0,GOOGLE,GOOG
2023-08-11 00:00:00-04:00,128.1952826458814,129.46068444854572,127.7070470566833,129.09202575683594,19569200,0.0,0.0,GOOGLE,GOOG
2023-08-14 00:00:00-04:00,128.92264146281912,130.8954854266769,128.49420192473363,130.8556365966797,24695600,0.0,0.0,GOOGLE,GOOG
2023-08-15 00:00:00-04:00,130.62647297925608,130.9453092335841,128.81303952013488,129.3112335205078,19770700,0.0,0.0,GOOGLE,GOOG
2023-08-16 00:00:00-04:00,128.23513793945312,129.8094328699446,127.4081416421522,128.23513793945312,25216100,0.0,0.0,GOOGLE,GOOG
2023-08-17 00:00:00-04:00,129.33116767322912,131.51325986348394,128.82300005410565,129.4507293701172,33446300,0.0,0.0,GOOGLE,GOOG
2023-08-18 00:00:00-04:00,128.0458137178071,128.78314629564642,125.92351005903534,126.9996109008789,30491300,0.0,0.0,GOOGLE,GOOG
2023-08-21 00:00:00-04:00,126.72062215116084,128.26501894139525,126.10285887396492,127.90631866455078,25248700,0.0,0.0,GOOGLE,GOOG
2023-08-22 00:00:00-04:00,128.04582105287807,129.8094321339003,127.85652009709561,128.61376953125,22067500,0.0,0.0,GOOGLE,GOOG
2023-08-23 00:00:00-04:00,129.70978404287024,132.92812826674933,129.40090619188467,131.89187622070312,27819700,0.0,0.0,GOOGLE,GOOG
2023-08-24 00:00:00-04:00,133.46616965917727,133.7650891001359,129.1020005544088,129.3112335205078,28500700,0.0,0.0,GOOGLE,GOOG
2023-08-25 00:00:00-04:00,129.07208995110042,130.28768448144152,126.79036820697252,129.41087341308594,26762900,0.0,0.0,GOOGLE,GOOG
2023-08-28 00:00:00-04:00,130.83570838696667,132.06126139372614,129.66993622877965,130.5367889404297,20543300,0.0,0.0,GOOGLE,GOOG
2023-08-29 00:00:00-04:00,131.76235276638167,136.07671457100213,131.76235276638167,134.0839385986328,43075600,0.0,0.0,GOOGLE,GOOG
2023-08-30 00:00:00-04:00,134.2931881894262,135.78777035375754,133.58576114570124,135.38922119140625,28315800,0.0,0.0,GOOGLE,GOOG
2023-08-31 00:00:00-04:00,135.5187206402066,137.50153814915828,135.29951407324012,135.6781463623047,30053800,0.0,0.0,GOOGLE,GOOG
2023-09-01 00:00:00-04:00,136.9634995889822,136.9634995889822,134.36292633084724,135.1699981689453,21524600,0.0,0.0,GOOGLE,GOOG
2023-09-05 00:00:00-04:00,134.9507921886889,135.92724816468564,134.09389790666236,135.27960205078125,19403100,0.0,0.0,GOOGLE,GOOG
2023-09-06 00:00:00-04:00,135.5286975357515,136.03684993312544,133.18717969715058,133.97433471679688,18684500,0.0,0.0,GOOGLE,GOOG
2023-09-07 00:00:00-04:00,133.10745735326879,135.09027476905888,132.46976969851147,134.77142333984375,18844300,0.0,0.0,GOOGLE,GOOG
2023-09-08 00:00:00-04:00,134.4226986700277,136.16637753954817,134.36291782708898,135.88739013671875,23558300,0.0,0.0,GOOGLE,GOOG
2023-09-11 00:00:00-04:00,136.0468132447454,136.98342041395486,135.2995222314836,136.42544555664062,20763400,0.0,0.0,GOOGLE,GOOG
2023-09-12 00:00:00-04:00,135.76781030097848,136.37560753045463,134.70168314980262,134.85113525390625,18405500,0.0,0.0,GOOGLE,GOOG
2023-09-13 00:00:00-04:00,134.60205806109118,136.40551799947846,133.66545086125632,136.21621704101562,20749500,0.0,0.0,GOOGLE,GOOG
2023-09-14 00:00:00-04:00,137.1029870586992,138.19900467395846,135.74789884787035,137.60118103027344,24751000,0.0,0.0,GOOGLE,GOOG
2023-09-15 00:00:00-04:00,137.48162395578453,138.0196820366998,135.98704182562636,136.90371704101562,38908400,0.0,0.0,GOOGLE,GOOG
2023-09-18 00:00:00-04:00,136.11657319680083,138.65736578516098,136.11657319680083,137.71080017089844,21861300,0.0,0.0,GOOGLE,GOOG
2023-09-19 00:00:00-04:00,136.9236413807494,137.9100710046555,136.12652791530078,137.54139709472656,20353700,0.0,0.0,GOOGLE,GOOG
2023-09-20 00:00:00-04:00,137.58124746594825,137.58124746594825,133.1373505999044,133.25692749023438,29927500,0.0,0.0,GOOGLE,GOOG
2023-09-21 00:00:00-04:00,130.96524483957415,131.75238469211735,129.6001981063206,129.96885681152344,31488700,0.0,0.0,GOOGLE,GOOG
2023-09-22 00:00:00-04:00,130.28769343802546,131.55311049420865,129.13189487705534,129.779541015625,26397300,0.0,0.0,GOOGLE,GOOG
2023-09-25 00:00:00-04:00,129.36105343327074,130.6962096792964,128.49420075473788,130.6364288330078,20094600,0.0,0.0,GOOGLE,GOOG
2023-09-26 00:00:00-04:00,129.30128398003765,129.88914929190594,126.76049136317812,128.10562133789062,25718700,0.0,0.0,GOOGLE,GOOG
2023-09-27 00:00:00-04:00,128.10561109359506,130.42718172963976,128.10561109359506,130.0684814453125,22746500,0.0,0.0,GOOGLE,GOOG
2023-09-28 00:00:00-04:00,129.37101273802696,132.81852186678947,129.3211902978825,131.83209228515625,22513100,0.0,0.0,GOOGLE,GOOG
2023-09-29 00:00:00-04:00,132.7985861412059,133.5658091277159,129.8891351213798,130.3873291015625,30848100,0.0,0.0,GOOGLE,GOOG
2023-10-02 00:00:00-04:00,130.7360789985593,133.9344760337104,130.69621496363905,133.6853790283203,22288000,0.0,0.0,GOOGLE,GOOG
2023-10-03 00:00:00-04:00,133.45621581921205,133.7750520844503,131.36379486457568,131.95166015625,22989400,0.0,0.0,GOOGLE,GOOG
2023-10-04 00:00:00-04:00,132.31036298398095,135.08033576112487,132.0513075632974,134.75152587890625,26752300,0.0,0.0,GOOGLE,GOOG
2023-10-05 00:00:00-04:00,134.58213806152344,135.00061920828836,132.96797911980192,134.58213806152344,19832600,0.0,0.0,GOOGLE,GOOG
2023-10-06 00:00:00-04:00,133.5259413717916,137.66096041420468,133.5259413717916,137.0830535888672,27583200,0.0,0.0,GOOGLE,GOOG
2023-10-09 00:00:00-04:00,136.44536356994402,138.43813940078024,135.12016581799716,137.92001342773438,19278100,0.0,0.0,GOOGLE,GOOG
2023-10-10 00:00:00-04:00,137.99973822654982,139.21533280483936,136.8339660890769,137.5613250732422,27786600,0.0,0.0,GOOGLE,GOOG
2023-10-11 00:00:00-04:00,138.07945746946,140.60031801375123,138.07945746946,140.04234313964844,25884300,0.0,0.0,GOOGLE,GOOG
2023-10-12 00:00:00-04:00,140.54053705772182,140.7099212012559,137.76060589277833,138.46804809570312,24765500,0.0,0.0,GOOGLE,GOOG
2023-10-13 00:00:00-04:00,138.87656917154035,139.4943248880113,136.1265284648248,136.86386108398438,23420500,0.0,0.0,GOOGLE,GOOG
2023-10-16 00:00:00-04:00,137.67091603281727,139.12564907454743,137.49157350634707,138.59756469726562,28501900,0.0,0.0,GOOGLE,GOOG
2023-10-17 00:00:00-04:00,138.12928790413469,139.3946898512302,136.6845129884962,139.21534729003906,23515800,0.0,0.0,GOOGLE,GOOG
2023-10-18 00:00:00-04:00,138.94630888601665,140.21172595155744,136.88379355285713,137.46170043945312,23375000,0.0,0.0,GOOGLE,GOOG
2023-10-19 00:00:00-04:00,137.9997477176618,139.15556152793368,136.88379794425464,137.25245666503906,26066000,0.0,0.0,GOOGLE,GOOG
2023-10-20 00:00:00-04:00,136.83397661053107,137.3720194831689,134.5921034344683,135.1102294921875,26315200,0.0,0.0,GOOGLE,GOOG
2023-10-23 00:00:00-04:00,134.55222488089632,137.16277170276794,133.46616564165706,136.0069580078125,26317900,0.0,0.0,GOOGLE,GOOG
2023-10-24 00:00:00-04:00,137.33215307409841,138.85662542242744,136.92363036541585,138.30860900878906,44814300,0.0,0.0,GOOGLE,GOOG
2023-10-25 00:00:00-04:00,127.69709597069001,127.84654809652548,124.61825294724147,125.15630340576172,84366200,0.0,0.0,GOOGLE,GOOG
2023-10-26 00:00:00-04:00,122.82474750878784,123.88092397604004,120.83197147482018,121.83832550048828,57061100,0.0,0.0,GOOGLE,GOOG
2023-10-27 00:00:00-04:00,122.43615619505098,122.86460334434449,119.77580202707922,121.72872161865234,44566500,0.0,0.0,GOOGLE,GOOG
2023-10-30 00:00:00-04:00,122.76496724336327,124.94705944350845,122.30662966559456,124.01045227050781,28940100,0.0,0.0,GOOGLE,GOOG
2023-10-31 00:00:00-04:00,124.60828431827505,124.91716977612808,122.24684955767498,123.63182830810547,26292300,0.0,0.0,GOOGLE,GOOG
2023-11-01 00:00:00-04:00,123.62186247192567,126.03311967801518,123.27312818209245,125.9932632446289,30082400,0.0,0.0,GOOGLE,GOOG
2023-11-02 00:00:00-04:00,127.95615168958372,128.5141265655758,126.4715356220548,127.02951049804688,27124600,0.0,0.0,GOOGLE,GOOG
2023-11-03 00:00:00-04:00,127.55759664006862,129.06213705409462,127.39817091040808,128.63369750976562,26380100,0.0,0.0,GOOGLE,GOOG
2023-11-06 00:00:00-05:00,128.5838784193638,129.86921228951778,128.20524610247242,129.779541015625,19052700,0.0,0.0,GOOGLE,GOOG
2023-11-07 00:00:00-05:00,130.2378928143369,131.43355547132703,129.41088888230257,130.4969482421875,29757300,0.0,0.0,GOOGLE,GOOG
2023-11-08 00:00:00-05:00,130.49693213138377,131.7324586731549,130.307615986695,131.36378479003906,26425800,0.0,0.0,GOOGLE,GOOG
2023-11-09 00:00:00-05:00,131.4833655819673,132.07123084598703,129.6001928928534,129.7695770263672,23747800,0.0,0.0,GOOGLE,GOOG
2023-11-10 00:00:00-05:00,129.63008754377262,132.32033215828918,128.94257737706485,132.111083984375,26913300,0.0,0.0,GOOGLE,GOOG
2023-11-13 00:00:00-05:00,131.3040066805253,132.1110785110762,130.77592226785188,131.61288452148438,18324800,0.0,0.0,GOOGLE,GOOG
2023-11-14 00:00:00-05:00,133.70530807658145,135.2098484824034,132.83845538225,133.13735961914062,32395200,0.0,0.0,GOOGLE,GOOG
2023-11-15 00:00:00-05:00,134.38284027794552,134.5422660015874,133.0875480834585,134.1337432861328,23861500,0.0,0.0,GOOGLE,GOOG
2023-11-16 00:00:00-05:00,134.70170405454627,136.72437059690728,133.83485130887016,136.43540954589844,28013200,0.0,0.0,GOOGLE,GOOG
2023-11-17 00:00:00-05:00,135.50876870106666,135.56854954878804,133.16725080748287,134.82125854492188,37240600,0.0,0.0,GOOGLE,GOOG
2023-11-20 00:00:00-05:00,133.20712252737732,136.1663962897221,133.13736806522817,135.75787353515625,27815500,0.0,0.0,GOOGLE,GOOG
2023-11-21 00:00:00-05:00,135.79771375738326,136.68449846875959,135.46891909679343,136.4752655029297,22635300,0.0,0.0,GOOGLE,GOOG
2023-11-22 00:00:00-05:00,136.97345661626224,138.91641013353967,136.97345661626224,137.98977661132812,17813900,0.0,0.0,GOOGLE,GOOG
2023-11-24 00:00:00-05:00,137.53143003219628,137.63107491048424,135.49880526671663,136.19627380371094,12514300,0.0,0.0,GOOGLE,GOOG
2023-11-27 00:00:00-05:00,135.53866503962365,137.92003186771603,135.5087746144586,135.91729736328125,23436500,0.0,0.0,GOOGLE,GOOG
2023-11-28 00:00:00-05:00,135.58848750636932,136.75425969903483,134.93086774527336,136.70443725585938,18730000,0.0,0.0,GOOGLE,GOOG
2023-11-29 00:00:00-05:00,137.073109098943,137.7904944958527,134.3529588201955,134.50242614746094,23967200,0.0,0.0,GOOGLE,GOOG
2023-11-30 00:00:00-05:00,134.5622020587288,135.06039605731448,130.80581505236393,132.05130004882812,38988300,0.0,0.0,GOOGLE,GOOG
2023-12-01 00:00:00-05:00,131.3837127685547,131.63280975050603,130.19800870187865,131.3837127685547,31431200,0.0,0.0,GOOGLE,GOOG
2023-12-04 00:00:00-05:00,129.41088263563404,129.5603347591654,127.43803098480845,128.80308532714844,36669900,0.0,0.0,GOOGLE,GOOG
2023-12-05 00:00:00-05:00,128.4842360834322,131.66271639741683,127.78676748875102,130.51687622070312,27384800,0.0,0.0,GOOGLE,GOOG
2023-12-06 00:00:00-05:00,130.96523836817326,131.3637874782301,129.410875553808,129.5503692626953,23576200,0.0,0.0,GOOGLE,GOOG
2023-12-07 00:00:00-05:00,134.55223672357351,138.05952694634925,134.21346843258232,136.43540954589844,56767100,0.0,0.0,GOOGLE,GOOG
2023-12-08 00:00:00-05:00,133.71527108675093,135.90732172023704,133.54588694545663,134.50242614746094,32233900,0.0,0.0,GOOGLE,GOOG
2023-12-11 00:00:00-05:00,131.90184646110157,132.85837041367114,130.8855264582816,132.8085479736328,31138000,0.0,0.0,GOOGLE,GOOG
2023-12-12 00:00:00-05:00,131.3338939218721,132.51959802096323,130.7858775058627,132.0413360595703,29032800,0.0,0.0,GOOGLE,GOOG
2023-12-13 00:00:00-05:00,132.89824315365036,133.01780485463578,131.09478321330286,132.09117126464844,30104800,0.0,0.0,GOOGLE,GOOG
2023-12-14 00:00:00-05:00,132.89822572093507,133.23699396507317,129.22155186116376,131.4634246826172,38722400,0.0,0.0,GOOGLE,GOOG
2023-12-15 00:00:00-05:00,131.14457683804127,133.02774945143423,130.70616370837544,132.1210479736328,50815200,0.0,0.0,GOOGLE,GOOG
2023-12-18 00:00:00-05:00,132.15096077210853,136.65462411257124,131.95167098584423,135.30950927734375,32258000,0.0,0.0,GOOGLE,GOOG
2023-12-19 00:00:00-05:00,136.34573400445132,136.9734633268152,135.58848457703954,136.1564178466797,25476800,0.0,0.0,GOOGLE,GOOG
2023-12-20 00:00:00-05:00,138.46803076985788,141.1881655405421,137.571287721312,137.84030151367188,49107200,0.0,0.0,GOOGLE,GOOG
2023-12-21 00:00:00-05:00,138.98616251214816,140.18182502770122,138.6772694723545,139.9127960205078,27488300,0.0,0.0,GOOGLE,GOOG
2023-12-22 00:00:00-05:00,140.261542298475,141.47713686854152,140.20176145136915,140.97894287109375,26514600,0.0,0.0,GOOGLE,GOOG
2023-12-26 00:00:00-05:00,141.078574093363,142.16463337081103,140.68002497250987,141.0088348388672,16780300,0.0,0.0,GOOGLE,GOOG
2023-12-27 00:00:00-05:00,141.07857062773616,141.56680621191086,139.38471410020873,139.86297607421875,19628600,0.0,0.0,GOOGLE,GOOG
2023-12-28 00:00:00-05:00,140.27149664668124,140.63019692261247,139.24521825792567,139.72348022460938,16045700,0.0,0.0,GOOGLE,GOOG
2023-12-29 00:00:00-05:00,139.12565921696174,139.8530181890156,138.27872334820412,139.18544006347656,18727200,0.0,0.0,GOOGLE,GOOG
2024-01-02 00:00:00-05:00,138.0495612625078,138.94630438637614,135.9870307924664,137.67092895507812,23711200,0.0,0.0,GOOGLE,GOOG
2024-01-03 00:00:00-05:00,136.75426190549678,139.12567036509972,136.58487775890734,138.41822814941406,24212100,0.0,0.0,GOOGLE,GOOG
2024-01-04 00:00:00-05:00,137.92002048142746,138.65735304986882,135.85750529693797,135.89735412597656,27137700,0.0,0.0,GOOGLE,GOOG
2024-01-05 00:00:00-05:00,136.25606616421598,136.66458891457754,134.66183919892327,135.23974609375,22506000,0.0,0.0,GOOGLE,GOOG
2024-01-08 00:00:00-05:00,135.79772361160872,138.50790038311104,135.76783318574974,138.33851623535156,21404000,0.0,0.0,GOOGLE,GOOG
2024-01-09 00:00:00-05:00,137.99973985902156,140.97894549247778,137.65099797285387,140.44088745117188,24759600,0.0,0.0,GOOGLE,GOOG
2024-01-10 00:00:00-05:00,140.4907073459037,142.48348333662574,140.40103607520302,141.76608276367188,21320200,0.0,0.0,GOOGLE,GOOG
2024-01-11 00:00:00-05:00,142.97172905920294,144.6954761563001,140.1320169897214,141.5668182373047,24008700,0.0,0.0,GOOGLE,GOOG
2024-01-12 00:00:00-05:00,142.15466712346748,142.68275152112463,141.3077464874483,142.13473510742188,18768600,0.0,0.0,GOOGLE,GOOG
2024-01-16 00:00:00-05:00,141.4870909621475,143.82860876024412,140.93907454092556,141.97532653808594,22670500,0.0,0.0,GOOGLE,GOOG
2024-01-17 00:00:00-05:00,140.83945319494103,141.3276735960756,138.39829037456934,140.95901489257812,20968600,0.0,0.0,GOOGLE,GOOG
2024-01-18 00:00:00-05:00,141.5369186712633,143.68912040365055,141.47713782375382,142.9617462158203,25746400,0.0,0.0,GOOGLE,GOOG
2024-01-19 00:00:00-05:00,144.21721204550573,145.9210270994899,143.85851173882352,145.85128784179688,33300700,0.0,0.0,GOOGLE,GOOG
2024-01-22 00:00:00-05:00,146.56868356917025,147.85401742312334,145.31322493579674,145.4626922607422,32200400,0.0,0.0,GOOGLE,GOOG
2024-01-23 00:00:00-05:00,145.36305566912128,146.6483895963913,144.97446492797684,146.50889587402344,21636100,0.0,0.0,GOOGLE,GOOG
2024-01-24 00:00:00-05:00,148.00347709209575,149.30875823368288,147.56507911278618,148.16290283203125,25233500,0.0,0.0,GOOGLE,GOOG
2024-01-25 00:00:00-05:00,149.52795540200455,152.4971874037259,148.99985577128933,151.32144165039062,29149100,0.0,0.0,GOOGLE,GOOG
2024-01-26 00:00:00-05:00,150.55423005590535,151.98901597789123,150.4645435827961,151.64028930664062,26115500,0.0,0.0,GOOGLE,GOOG
2024-01-29 00:00:00-05:00,151.51074591606653,153.2245343687124,150.88301665618076,152.95550537109375,27784300,0.0,0.0,GOOGLE,GOOG
2024-01-30 00:00:00-05:00,152.24808962231998,153.0651198773838,150.6439043322597,150.91293334960938,36331800,0.0,0.0,GOOGLE,GOOG
2024-01-31 00:00:00-05:00,143.10123840478371,143.47987070654617,139.3647834384674,139.59396362304688,71910000,0.0,0.0,GOOGLE,GOOG
2024-02-01 00:00:00-05:00,141.60667053706408,142.5432777745924,140.2814725524416,140.650146484375,40466500,0.0,0.0,GOOGLE,GOOG
2024-02-02 00:00:00-05:00,138.75699680595707,142.1048613208855,136.00697121299544,141.86573791503906,62470600,0.0,0.0,GOOGLE,GOOG
2024-02-05 00:00:00-05:00,142.30414688383104,144.9445691030408,142.2642828482534,143.16102600097656,38505400,0.0,0.0,GOOGLE,GOOG
2024-02-06 00:00:00-05:00,144.12753009117665,144.83497231956045,142.67281200439112,143.57952880859375,29128200,0.0,0.0,GOOGLE,GOOG
2024-02-07 00:00:00-05:00,144.23713126730334,145.09402561403104,143.41012734632514,145.01431274414062,25208900,0.0,0.0,GOOGLE,GOOG
2024-02-08 00:00:00-05:00,145.30326748025513,145.8014614926525,144.5759084791839,145.3829803466797,22563800,0.0,0.0,GOOGLE,GOOG
2024-02-09 00:00:00-05:00,146.15019488835944,148.90023569338922,145.65200085309178,148.46182250976562,26829500,0.0,0.0,GOOGLE,GOOG
2024-02-12 00:00:00-05:00,147.88391612540983,148.80059132909076,146.83770560692685,146.99713134765625,21564100,0.0,0.0,GOOGLE,GOOG
2024-02-13 00:00:00-05:00,144.39654659834972,146.14022559186256,143.17099361993803,144.61575317382812,27837700,0.0,0.0,GOOGLE,GOOG
2024-02-14 00:00:00-05:00,145.5523660312579,145.9907791994086,143.5695483675491,145.41287231445312,22704200,0.0,0.0,GOOGLE,GOOG
2024-02-15 00:00:00-05:00,142.62297693010822,143.00160923320863,139.9526644025084,142.2543182373047,37590700,0.0,0.0,GOOGLE,GOOG
2024-02-16 00:00:00-05:00,142.47353083877866,142.6728054053805,139.6338188527591,140.012451171875,31451100,0.0,0.0,GOOGLE,GOOG
2024-02-20 00:00:00-05:00,139.15555724494791,141.56681447608818,138.9861731026745,140.6102752685547,25144700,0.0,0.0,GOOGLE,GOOG
2024-02-21 00:00:00-05:00,140.93907760734248,142.17460418355395,140.17185460093927,142.0351104736328,23315700,0.0,0.0,GOOGLE,GOOG
2024-02-22 00:00:00-05:00,144.4064965205876,144.47625097399344,142.28420055167445,143.5695343017578,27191900,0.0,0.0,GOOGLE,GOOG
2024-02-23 00:00:00-05:00,143.151071905206,144.15741838056348,142.91193329556273,143.44003295898438,19493800,0.0,0.0,GOOGLE,GOOG
2024-02-26 00:00:00-05:00,141.62659012579664,141.9255095674052,136.89374711196356,137.07310485839844,53641800,0.0,0.0,GOOGLE,GOOG
2024-02-27 00:00:00-05:00,137.5214778925495,138.74703089223482,136.5948291340012,138.3783721923828,33099200,0.0,0.0,GOOGLE,GOOG
2024-02-28 00:00:00-05:00,137.40188883674327,137.5114921166886,134.92089263274784,135.88739013671875,37328600,0.0,0.0,GOOGLE,GOOG
2024-02-29 00:00:00-05:00,136.78413893621683,138.35843374900972,135.90731265980716,137.9598846435547,42133000,0.0,0.0,GOOGLE,GOOG
2024-03-01 00:00:00-05:00,137.92997178231911,138.36838489752787,136.42543150391907,136.64463806152344,31119500,0.0,0.0,GOOGLE,GOOG
2024-03-04 00:00:00-05:00,135.17000103766665,135.17000103766665,131.43354600148837,132.86834716796875,55999400,0.0,0.0,GOOGLE,GOOG
2024-03-05 00:00:00-05:00,131.40365605755701,132.75874436377524,130.1980198718621,132.1907958984375,40194800,0.0,0.0,GOOGLE,GOOG
2024-03-06 00:00:00-05:00,132.63915773615787,133.09750287827276,130.37736805851614,130.9253692626953,35318600,0.0,0.0,GOOGLE,GOOG
2024-03-07 00:00:00-05:00,132.31035434571908,134.4525976438854,131.1346238166757,133.89462280273438,37738200,0.0,0.0,GOOGLE,GOOG
2024-03-08 00:00:00-05:00,133.72523591626486,137.59121089480263,133.51598775330365,134.9208984375,39343100,0.0,0.0,GOOGLE,GOOG
2024-03-11 00:00:00-04:00,135.63831380184791,138.59758760715184,135.63831380184791,137.17274475097656,32437800,0.0,0.0,GOOGLE,GOOG
2024-03-12 00:00:00-04:00,136.53503389985363,138.87655156654463,136.53503389985363,137.99972534179688,27563400,0.0,0.0,GOOGLE,GOOG
2024-03-13 00:00:00-04:00,138.4979249071936,140.58037207166473,138.48796650102636,139.28506469726562,23347200,0.0,0.0,GOOGLE,GOOG
2024-03-14 00:00:00-04:00,140.68002514056542,143.07135027588964,139.95266615248607,142.5831298828125,42753400,0.0,0.0,GOOGLE,GOOG
2024-03-15 00:00:00-04:00,141.98528334139613,142.66281985185842,139.52420388051803,140.6700439453125,49460600,0.0,0.0,GOOGLE,GOOG
2024-03-18 00:00:00-04:00,148.07322469496503,151.6004316065011,146.63842350936574,147.14657592773438,69273700,0.0,0.0,GOOGLE,GOOG
2024-03-19 00:00:00-04:00,147.62483985585152,148.25255391537198,145.55235113001697,146.49891662597656,24070400,0.0,0.0,GOOGLE,GOOG
2024-03-20 00:00:00-04:00,147.46542618481558,148.3223204856581,146.20998275953795,148.2027587890625,21311500,0.0,0.0,GOOGLE,GOOG
2024-03-21 00:00:00-04:00,148.93012002291613,149.82686316822054,146.36939548869663,147.06687927246094,24755600,0.0,0.0,GOOGLE,GOOG
2024-03-22 00:00:00-04:00,148.58138391432624,151.0325052525323,148.44189019287876,150.22543334960938,29175700,0.0,0.0,GOOGLE,GOOG
2024-03-25 00:00:00-04:00,149.3984187966953,149.8368319482388,147.28608110690303,149.5279541015625,19229300,0.0,0.0,GOOGLE,GOOG
2024-03-26 00:00:00-04:00,149.67740663878985,151.71003147002185,149.43826804536724,150.1257781982422,22149100,0.0,0.0,GOOGLE,GOOG
2024-03-27 00:00:00-04:00,150.63392055153534,151.09226569075258,148.3621572785026,150.32504272460938,22879200,0.0,0.0,GOOGLE,GOOG
2024-03-28 00:00:00-04:00,150.3051442537394,150.88303594669563,149.6275924700879,150.3848419189453,24485400,0.0,0.0,GOOGLE,GOOG
2024-04-01 00:00:00-04:00,150.14572460193273,155.17748752690167,150.0660117298206,154.9283905029297,31730800,0.0,0.0,GOOGLE,GOOG
2024-04-02 00:00:00-04:00,152.9455554136123,154.14121795265817,151.60042555488943,154.00172424316406,24586000,0.0,0.0,GOOGLE,GOOG
2024-04-03 00:00:00-04:00,153.04520359621367,154.5198535860717,152.17833569366672,154.3604278564453,24705000,0.0,0.0,GOOGLE,GOOG
2024-04-04 00:00:00-04:00,152.9455714438344,154.21098857209273,149.90658473597423,149.98629760742188,34724700,0.0,0.0,GOOGLE,GOOG
2024-04-05 00:00:00-04:00,149.48809334917573,152.86584812713113,149.05965379855488,151.9491729736328,23449300,0.0,0.0,GOOGLE,GOOG
2024-04-08 00:00:00-04:00,152.22816463496113,154.70917634581278,152.0587804913781,154.2906951904297,20702000,0.0,0.0,GOOGLE,GOOG
2024-04-09 00:00:00-04:00,155.5261951959325,157.98727470773983,154.6294521008992,156.03436279296875,31113000,0.0,0.0,GOOGLE,GOOG
2024-04-10 00:00:00-04:00,155.6457737437859,156.04432285610454,154.12128614016555,155.57601928710938,22838600,0.0,0.0,GOOGLE,GOOG
2024-04-11 00:00:00-04:00,156.34324327992178,159.10322706769728,155.89487172481208,158.83421325683594,27166400,0.0,0.0,GOOGLE,GOOG
2024-04-12 00:00:00-04:00,157.3894585118247,159.64128996632022,156.57241303671086,157.1602783203125,25329200,0.0,0.0,GOOGLE,GOOG
2024-04-15 00:00:00-04:00,158.28619585975292,158.6648281591198,154.031614907997,154.30064392089844,27136500,0.0,0.0,GOOGLE,GOOG
2024-04-16 00:00:00-04:00,153.63306745005346,155.0877854093437,152.87580284316473,153.84230041503906,20779500,0.0,0.0,GOOGLE,GOOG
2024-04-17 00:00:00-04:00,155.05789938771466,156.5126325919776,154.02166253265213,154.908447265625,21763100,0.0,0.0,GOOGLE,GOOG
2024-04-18 00:00:00-04:00,154.7789092868179,156.37313617874938,154.06150870581618,155.4464874267578,19883000,0.0,0.0,GOOGLE,GOOG
2024-04-19 00:00:00-04:00,155.63581141460372,155.79523715255652,151.74990407497378,153.53343200683594,32239100,0.0,0.0,GOOGLE,GOOG
2024-04-22 00:00:00-04:00,153.75262956404245,157.07060342236827,153.50353256450154,155.71551513671875,26446200,0.0,0.0,GOOGLE,GOOG
2024-04-23 00:00:00-04:00,156.3930622954958,158.39579663975618,155.71551057070164,157.6883544921875,21151600,0.0,0.0,GOOGLE,GOOG
2024-04-24 00:00:00-04:00,156.92116100653016,158.99364999529317,156.60230952963957,158.55523681640625,22779100,0.0,0.0,GOOGLE,GOOG
2024-04-25 00:00:00-04:00,150.7833934385234,155.92475901649166,150.32504828236043,155.4365234375,57109700,0.0,0.0,GOOGLE,GOOG
2024-04-26 00:00:00-04:00,173.74017566152074,174.078959145998,169.03722295078387,171.32891845703125,64665300,0.0,0.0,GOOGLE,GOOG
2024-04-29 00:00:00-04:00,168.44935854969052,168.93759415954082,164.61327374203753,165.54986572265625,45610000,0.0,0.0,GOOGLE,GOOG
2024-04-30 00:00:00-04:00,165.01182715214094,167.49283889377236,162.01270456618366,162.19204711914062,33562900,0.0,0.0,GOOGLE,GOOG
2024-05-01 00:00:00-04:00,163.7065558646306,166.51636219465024,162.50091966243357,163.2681427001953,33493200,0.0,0.0,GOOGLE,GOOG
2024-05-02 00:00:00-04:00,164.19478124874115,166.12777651220736,163.2980380787729,166.01817321777344,24294500,0.0,0.0,GOOGLE,GOOG
2024-05-03 00:00:00-04:00,166.95476152926307,167.35332582922283,162.46105737339033,166.63592529296875,34662400,0.0,0.0,GOOGLE,GOOG
2024-05-06 00:00:00-04:00,166.85515585993315,167.53269246182137,165.43031298857602,167.4928436279297,21871300,0.0,0.0,GOOGLE,GOOG
2024-05-07 00:00:00-04:00,167.8913723019788,171.13959159841556,167.78176901755162,170.63143920898438,28039700,0.0,0.0,GOOGLE,GOOG
2024-05-08 00:00:00-04:00,168.38958665601007,169.53542687427006,168.1305312267856,168.76821899414062,19569100,0.0,0.0,GOOGLE,GOOG
2024-05-09 00:00:00-04:00,168.77816664131814,170.07347411221014,167.57253044363202,169.3461151123047,15346700,0.0,0.0,GOOGLE,GOOG
2024-05-10 00:00:00-04:00,167.42307681588042,169.2365102995548,165.58972651856698,168.04083251953125,29799900,0.0,0.0,GOOGLE,GOOG
2024-05-13 00:00:00-04:00,163.6666896221682,168.66856170690536,163.40763421198423,168.52906799316406,31327600,0.0,0.0,GOOGLE,GOOG
2024-05-14 00:00:00-04:00,169.15679818060167,170.63144819115178,168.19030058623227,169.7247314453125,25127100,0.0,0.0,GOOGLE,GOOG
2024-05-15 00:00:00-04:00,170.01370260740424,172.02639557823605,169.89412569954976,171.88690185546875,26948400,0.0,0.0,GOOGLE,GOOG
2024-05-16 00:00:00-04:00,172.66405763593266,174.48744937159597,172.06623400035872,173.55084228515625,27867900,0.0,0.0,GOOGLE,GOOG
2024-05-17 00:00:00-04:00,173.55084282809628,175.63330516232904,173.06262247140117,175.42405700683594,24479300,0.0,0.0,GOOGLE,GOOG
2024-05-20 00:00:00-04:00,175.5536163084611,178.12429935090404,175.44401301272487,176.28097534179688,22554400,0.0,0.0,GOOGLE,GOOG
2024-05-21 00:00:00-04:00,176.2610303253048,177.50651531969976,175.1749710590742,177.20761108398438,16989400,0.0,0.0,GOOGLE,GOOG
2024-05-22 00:00:00-04:00,176.00196004670582,176.5101124081547,174.57713263128701,175.74290466308594,17880000,0.0,0.0,GOOGLE,GOOG
2024-05-23 00:00:00-04:00,176.43044708586282,177.60617773890863,172.3253178004668,172.92315673828125,21024900,0.0,0.0,GOOGLE,GOOG
2024-05-24 00:00:00-04:00,174.3479823214454,175.1351374202391,173.02278434801946,174.3579559326172,16572500,0.0,0.0,GOOGLE,GOOG
2024-05-28 00:00:00-04:00,173.81989422193845,176.62971585206563,173.7401813526077,175.76284790039062,20572200,0.0,0.0,GOOGLE,GOOG
2024-05-29 00:00:00-04:00,174.796329628976,176.20124027818085,174.08890270315405,175.26463317871094,23388700,0.0,0.0,GOOGLE,GOOG
2024-05-30 00:00:00-04:00,174.56717761008156,174.58710962745872,171.16949082182018,171.48834228515625,22958700,0.0,0.0,GOOGLE,GOOG
2024-05-31 00:00:00-04:00,171.23923492299636,172.43489743083498,168.82797789114755,171.87692260742188,37638900,0.0,0.0,GOOGLE,GOOG
2024-06-03 00:00:00-04:00,171.91678057614513,173.89959818960278,170.5417754606809,172.5445098876953,27459100,0.0,0.0,GOOGLE,GOOG
2024-06-04 00:00:00-04:00,172.65412477570507,173.22207327739036,171.26914595674637,173.1622772216797,26879600,0.0,0.0,GOOGLE,GOOG
2024-06-05 00:00:00-04:00,174.5671648059415,176.0119242844858,173.30174785961339,174.7764129638672,22068500,0.0,0.0,GOOGLE,GOOG
2024-06-06 00:00:00-04:00,175.2646404353294,176.51012541626176,175.11518831908717,176.09164428710938,23251000,0.0,0.0,GOOGLE,GOOG
2024-06-07 00:00:00-04:00,176.41049039660777,177.22752061344144,173.67042352155187,173.82984924316406,19661400,0.0,0.0,GOOGLE,GOOG
2024-06-10 00:00:00-04:00,174.53809310697318,176.62293035262113,172.33354172730304,174.57798767089844,23779200,0.2,0.0,GOOGLE,GOOG
2024-06-11 00:00:00-04:00,175.7850144566034,176.4034791591506,173.3410651546964,176.18402099609375,21540600,0.0,0.0,GOOGLE,GOOG
2024-06-12 00:00:00-04:00,177.810006484063,179.96467837839828,175.67528948350602,177.35113525390625,27864700,0.0,0.0,GOOGLE,GOOG
2024-06-13 00:00:00-04:00,175.67528254711183,176.3037322967602,174.44832299786256,174.72763061523438,20913300,0.0,0.0,GOOGLE,GOOG
2024-06-14 00:00:00-04:00,173.78995884712361,176.6229449751787,173.72012432806883,176.35360717773438,18063600,0.0,0.0,GOOGLE,GOOG
2024-06-17 00:00:00-04:00,175.02690047059144,177.9197360095358,174.37849580074237,176.80250549316406,19618500,0.0,0.0,GOOGLE,GOOG
2024-06-18 00:00:00-04:00,176.7027338090892,176.9521166904513,173.67024466902018,174.6577911376953,21869900,0.0,0.0,GOOGLE,GOOG
2024-06-20 00:00:00-04:00,174.9370949155744,176.85235357595167,174.5580432945699,175.86480712890625,20160100,0.0,0.0,GOOGLE,GOOG
2024-06-21 00:00:00-04:00,176.5630868470822,180.40358945734673,176.1740501459251,179.1865997314453,58582700,0.0,0.0,GOOGLE,GOOG
2024-06-24 00:00:00-04:00,179.715285228895,180.44347898846334,178.22895776023654,178.77760314941406,18298000,0.0,0.0,GOOGLE,GOOG
2024-06-25 00:00:00-04:00,179.17661159493576,183.8350820927234,178.97710832976765,183.5757293701172,23235600,0.0,0.0,GOOGLE,GOOG
2024-06-26 00:00:00-04:00,182.17920243340316,184.05455150601273,182.02956355953378,183.42611694335938,19839000,0.0,0.0,GOOGLE,GOOG
2024-06-27 00:00:00-04:00,183.72535675600184,185.59075113718478,183.56576327329066,184.95233154296875,18848900,0.0,0.0,GOOGLE,GOOG
2024-06-28 00:00:00-04:00,183.86501998647395,184.6730180950996,181.51084495311952,181.7003631591797,29156600,0.0,0.0,GOOGLE,GOOG
2024-07-01 00:00:00-04:00,182.5781941243229,183.42610201051411,180.8524688449508,182.53829956054688,16006100,0.0,0.0,GOOGLE,GOOG
2024-07-02 00:00:00-04:00,181.60063235393275,185.111947877425,181.11183638621065,184.7827606201172,17372500,0.0,0.0,GOOGLE,GOOG
2024-07-03 00:00:00-04:00,184.39370608187988,185.63063541524275,183.54579820822966,185.36131286621094,10242100,0.0,0.0,GOOGLE,GOOG
2024-07-05 00:00:00-04:00,185.40122652681802,190.3888846005825,185.34137706531277,190.12953186035156,20967500,0.0,0.0,GOOGLE,GOOG
2024-07-08 00:00:00-04:00,189.43123257522205,189.70057035182427,187.31647058991524,188.56338500976562,21035900,0.0,0.0,GOOGLE,GOOG
2024-07-09 00:00:00-04:00,189.8402227880015,190.88763393734175,188.25415131046745,188.5135040283203,15121400,0.0,0.0,GOOGLE,GOOG
2024-07-10 00:00:00-04:00,188.6830810780451,191.27666912067295,188.56338216630394,190.70806884765625,15952500,0.0,0.0,GOOGLE,GOOG
2024-07-11 00:00:00-04:00,189.38137232601392,190.38887371973013,184.62314253366378,185.1119384765625,25625800,0.0,0.0,GOOGLE,GOOG
2024-07-12 00:00:00-04:00,184.6231442745435,186.64813213816686,184.03460430299506,184.61317443847656,22898400,0.0,0.0,GOOGLE,GOOG
2024-07-15 00:00:00-04:00,184.46353836306906,187.7753505222774,184.46353836306906,186.06956481933594,16474000,0.0,0.0,GOOGLE,GOOG
2024-07-16 00:00:00-04:00,186.8975144333893,188.21424818283919,182.91735801356307,183.46600341796875,18290700,0.0,0.0,GOOGLE,GOOG
2024-07-17 00:00:00-04:00,182.5183493766844,183.09691950366312,179.4559202044025,180.5731658935547,20734100,0.0,0.0,GOOGLE,GOOG
2024-07-18 00:00:00-04:00,181.48091269947318,182.04951300513554,176.03439880682015,177.2513885498047,25315700,0.0,0.0,GOOGLE,GOOG
2024-07-19 00:00:00-04:00,178.43844045927736,179.84494831307,176.69276032578057,177.22145080566406,18881900,0.0,0.0,GOOGLE,GOOG
2024-07-22 00:00:00-04:00,180.1442065321955,182.24899856631816,179.78509459012787,181.22154235839844,24100300,0.0,0.0,GOOGLE,GOOG
2024-07-23 00:00:00-04:00,181.60061549421846,183.15676222347483,181.09186467964565,181.34124755859375,36352700,0.0,0.0,GOOGLE,GOOG
2024-07-24 00:00:00-04:00,173.1714948257791,175.75509806112905,171.39588976494113,172.20388793945312,49585200,0.0,0.0,GOOGLE,GOOG
2024-07-25 00:00:00-04:00,172.09415162233938,172.9919239516059,166.77730649977468,166.86708068847656,44852000,0.0,0.0,GOOGLE,GOOG
2024-07-26 00:00:00-04:00,166.73739219847286,167.67507428919038,163.65502336750666,166.5877685546875,41336900,0.0,0.0,GOOGLE,GOOG
2024-07-29 00:00:00-04:00,168.41325743181997,170.00929881723164,167.57533456289457,169.1115264892578,20293800,0.0,0.0,GOOGLE,GOOG
2024-07-30 00:00:00-04:00,169.81977976349475,170.80732627515368,168.0242198953097,169.86964416503906,18959700,0.0,0.0,GOOGLE,GOOG
2024-07-31 00:00:00-04:00,172.81236235595543,173.81986369028056,169.59032465517112,171.11654663085938,25729100,0.0,0.0,GOOGLE,GOOG
2024-08-01 00:00:00-04:00,169.82975009576955,173.62037311276333,168.46313671318876,170.33848571777344,24531400,0.0,0.0,GOOGLE,GOOG
2024-08-02 00:00:00-04:00,166.02916853058215,168.09405110957144,164.2635332665733,166.24862670898438,29130100,0.0,0.0,GOOGLE,GOOG
2024-08-05 00:00:00-04:00,155.11615967563407,164.02410932064197,154.54755937261288,158.85690307617188,53630700,0.0,0.0,GOOGLE,GOOG
2024-08-06 00:00:00-04:00,158.93671816371597,160.1736628779792,156.02392759895886,157.89927673339844,49004600,0.0,0.0,GOOGLE,GOOG
2024-08-07 00:00:00-04:00,160.8519639234384,162.57768925896593,158.07882740651024,158.54766845703125,25138600,0.0,0.0,GOOGLE,GOOG
2024-08-08 00:00:00-04:00,160.11378318649506,163.2859414220711,159.81453589918704,161.63003540039062,25578800,0.0,0.0,GOOGLE,GOOG
2024-08-09 00:00:00-04:00,159.61502198985195,163.38569012929312,158.66737003691415,163.2659912109375,28602300,0.0,0.0,GOOGLE,GOOG
2024-08-12 00:00:00-04:00,163.94431682299714,164.49294700024495,161.44050288346338,161.88938903808594,15895300,0.0,0.0,GOOGLE,GOOG
2024-08-13 00:00:00-04:00,163.0066273700011,164.32336104553403,162.56771107111587,163.75477600097656,18551700,0.0,0.0,GOOGLE,GOOG
2024-08-14 00:00:00-04:00,161.9991088123198,162.81709194492808,157.32069888325617,159.97412109375,40591100,0.0,0.0,GOOGLE,GOOG
2024-08-15 00:00:00-04:00,160.1038271180178,161.24101257094563,159.21602457337346,160.90185546875,31524300,0.0,0.0,GOOGLE,GOOG
2024-08-16 00:00:00-04:00,161.0714269686932,164.65256172180474,160.7322698813447,162.55775451660156,24208600,0.0,0.0,GOOGLE,GOOG
2024-08-19 00:00:00-04:00,164.87202237680913,166.27854559224733,163.8545358782874,166.2585906982422,22416200,0.0,0.0,GOOGLE,GOOG
2024-08-20 00:00:00-04:00,166.48801110675902,168.2237214990038,166.4082219766287,166.76731872558594,18341500,0.0,0.0,GOOGLE,GOOG
2024-08-21 00:00:00-04:00,164.74232853471239,166.43814433776538,164.26351765512456,165.44061279296875,22902000,0.0,0.0,GOOGLE,GOOG
2024-08-22 00:00:00-04:00,166.84712639815703,167.17631364571102,162.90687970594058,163.3956756591797,22493300,0.0,0.0,GOOGLE,GOOG
2024-08-23 00:00:00-04:00,164.3134092732105,165.7697969111162,163.42560674236745,165.211181640625,13955700,0.0,0.0,GOOGLE,GOOG
2024-08-26 00:00:00-04:00,165.96930557266754,167.13641566956838,164.05404680689762,165.74984741210938,14190400,0.0,0.0,GOOGLE,GOOG
2024-08-27 00:00:00-04:00,165.4306234917133,166.02914849168488,164.05404034557552,164.2734832763672,11821900,0.0,0.0,GOOGLE,GOOG
2024-08-28 00:00:00-04:00,164.63259453776357,165.19122497190503,161.13126439972936,162.44801330566406,16407400,0.0,0.0,GOOGLE,GOOG
2024-08-29 00:00:00-04:00,163.90441474074623,165.56032084961527,159.85443888061718,161.3806610107422,19699800,0.0,0.0,GOOGLE,GOOG
2024-08-30 00:00:00-04:00,162.21858134242328,163.2560227137605,161.2908842753107,162.97671508789062,22123800,0.0,0.0,GOOGLE,GOOG
2024-09-03 00:00:00-04:00,161.3207955706967,161.45047953659505,156.0937250254868,156.9715576171875,38945300,0.0,0.0,GOOGLE,GOOG
2024-09-04 00:00:00-04:00,156.2733005844292,158.60752082271256,155.57503152440304,156.06381225585938,19353800,0.0,0.0,GOOGLE,GOOG
2024-09-05 00:00:00-04:00,155.9141855757843,159.05640389536052,155.59496817105187,156.85186767578125,18688700,0.0,0.0,GOOGLE,GOOG
2024-09-06 00:00:00-04:00,156.91171078806016,157.44040127478374,150.17837304317212,150.54745483398438,37912100,0.0,0.0,GOOGLE,GOOG
2024-09-09 00:00:00-04:00,152.3354019943942,153.2243825181643,147.05146466034253,148.53976440429688,39260500,0.2,0.0,GOOGLE,GOOG
2024-09-10 00:00:00-04:00,150.27776654607942,151.0968351518263,148.17018139774882,148.4898223876953,31118800,0.0,0.0,GOOGLE,GOOG
2024-09-11 00:00:00-04:00,149.7483678165099,151.3265608410383,147.35112146407118,150.98695373535156,29607700,0.0,0.0,GOOGLE,GOOG
2024-09-12 00:00:00-04:00,153.623943613462,154.64278025669208,152.4752509078758,154.51292419433594,29695000,0.0,0.0,GOOGLE,GOOG
2024-09-13 00:00:00-04:00,155.25206445570748,158.19869964127616,155.0323303223496,157.27975463867188,29591200,0.0,0.0,GOOGLE,GOOG
2024-09-16 00:00:00-04:00,157.12991739820077,158.06884377455685,156.42073870376782,157.87905883789062,18379800,0.0,0.0,GOOGLE,GOOG
2024-09-17 00:00:00-04:00,158.83795940795798,160.36620665654814,158.1986926846348,159.1376190185547,20715600,0.0,0.0,GOOGLE,GOOG
2024-09-18 00:00:00-04:00,159.67700574881235,160.31627251867317,158.41845358227067,159.62705993652344,23677300,0.0,0.0,GOOGLE,GOOG
2024-09-19 00:00:00-04:00,163.52260155578028,163.602496564332,161.15530422207948,161.9543914794922,26587700,0.0,0.0,GOOGLE,GOOG
2024-09-20 00:00:00-04:00,163.31283190595235,163.5425643438158,161.87447792027933,163.40272521972656,40896400,0.0,0.0,GOOGLE,GOOG
2024-09-23 00:00:00-04:00,164.16185660339156,165.30055091054933,161.4849167682097,161.6647186279297,24150900,0.0,0.0,GOOGLE,GOOG
2024-09-24 00:00:00-04:00,162.84336059885683,163.03314552379246,160.50604310941137,162.1042022705078,23332100,0.0,0.0,GOOGLE,GOOG
2024-09-25 00:00:00-04:00,161.28514863352729,162.62361092925534,161.11534508030692,161.3051300048828,18869200,0.0,0.0,GOOGLE,GOOG
2024-09-26 00:00:00-04:00,163.4526630547652,163.89216177797897,162.0942193836139,162.543701171875,20319300,0.0,0.0,GOOGLE,GOOG
2024-09-27 00:00:00-04:00,162.6236194767887,165.51031051590132,162.44383284910126,163.76231384277344,21101300,0.0,0.0,GOOGLE,GOOG
2024-09-30 00:00:00-04:00,163.1330385549028,165.9597853581085,163.0730944402025,165.66014099121094,20413900,0.0,0.0,GOOGLE,GOOG
2024-10-01 00:00:00-04:00,167.49803900926474,168.9663574434244,164.39159857770997,166.79884338378906,28338100,0.0,0.0,GOOGLE,GOOG
2024-10-02 00:00:00-04:00,166.22949200998104,167.32823890222443,164.54142416704428,165.67013549804688,17760200,0.0,0.0,GOOGLE,GOOG
2024-10-03 00:00:00-04:00,164.22179840650557,166.4492413884297,163.73235383790225,165.67013549804688,15073100,0.0,0.0,GOOGLE,GOOG
2024-10-04 00:00:00-04:00,167.8676144263969,168.03741799352926,165.29056599793975,166.86875915527344,19047400,0.0,0.0,GOOGLE,GOOG
2024-10-07 00:00:00-04:00,167.52800594767675,168.2871304607625,162.56369407072728,162.79342651367188,22463100,0.0,0.0,GOOGLE,GOOG
2024-10-08 00:00:00-04:00,163.75233474045888,164.54142369438745,162.68355229004484,164.19183349609375,23072700,0.0,0.0,GOOGLE,GOOG
2024-10-09 00:00:00-04:00,163.26288934163853,164.65129754460094,159.5571448589351,161.67471313476562,31181800,0.0,0.0,GOOGLE,GOOG
2024-10-10 00:00:00-04:00,160.6858334406201,162.88332710504665,160.21637027061266,161.8944549560547,14144100,0.0,0.0,GOOGLE,GOOG
2024-10-11 00:00:00-04:00,161.94440120303656,163.7123639633056,161.05542066959453,163.05313110351562,15344300,0.0,0.0,GOOGLE,GOOG
2024-10-14 00:00:00-04:00,163.45266773305087,166.03969909717978,163.21293699316715,164.7711639404297,19016100,0.0,0.0,GOOGLE,GOOG
2024-10-15 00:00:00-04:00,165.6002081913426,167.48804403838992,164.44154766375664,165.27059936523438,20247200,0.0,0.0,GOOGLE,GOOG
2024-10-16 00:00:00-04:00,164.34164834019793,165.61019873881125,163.55255942155696,164.97093200683594,16406000,0.0,0.0,GOOGLE,GOOG
2024-10-17 00:00:00-04:00,165.54026682623436,166.179533539939,162.5736656844729,162.74346923828125,21453400,0.0,0.0,GOOGLE,GOOG
2024-10-18 00:00:00-04:00,163.0031929718876,164.52145724074808,162.89331828319396,163.23292541503906,19757700,0.0,0.0,GOOGLE,GOOG
2024-10-21 00:00:00-04:00,162.76345865438103,164.3116873279236,162.43383459552447,163.88218688964844,20946500,0.0,0.0,GOOGLE,GOOG
2024-10-22 00:00:00-04:00,162.79342721641044,165.5802419476502,162.79342721641044,164.95095825195312,16568100,0.0,0.0,GOOGLE,GOOG
2024-10-23 00:00:00-04:00,164.57138759989343,165.63018698109346,161.74462537741965,162.59365844726562,18280500,0.0,0.0,GOOGLE,GOOG
2024-10-24 00:00:00-04:00,162.64359660721192,163.14302421507978,160.82567279873874,162.53372192382812,22412500,0.0,0.0,GOOGLE,GOOG
2024-10-25 00:00:00-04:00,163.48263605894513,165.4004362996681,163.2329222477887,165.080810546875,19828900,0.0,0.0,GOOGLE,GOOG
2024-10-28 00:00:00-04:00,168.55681917401554,168.55681917401554,163.76231104702376,166.52914428710938,32138600,0.0,0.0,GOOGLE,GOOG
2024-10-29 00:00:00-04:00,167.5379836387061,170.18495914581706,166.89871690047832,169.48574829101562,42169000,0.0,0.0,GOOGLE,GOOG
2024-10-30 00:00:00-04:00,180.47314972890098,181.8116272766613,173.86073320012326,174.26028442382812,68890800,0.0,0.0,GOOGLE,GOOG
2024-10-31 00:00:00-04:00,172.93181542068857,176.61759375547854,170.80424884729752,170.91412353515625,44769000,0.0,0.0,GOOGLE,GOOG
2024-11-01 00:00:00-04:00,169.87531325104803,172.1227374784499,168.68667310994414,171.09390258789062,31796500,0.0,0.0,GOOGLE,GOOG
2024-11-04 00:00:00-05:00,169.7354619545759,170.53454918701203,167.81766174152193,169.0462646484375,21492700,0.0,0.0,GOOGLE,GOOG
2024-11-05 00:00:00-05:00,169.2360421349021,170.33478903527796,168.64672117984685,169.5457000732422,18242100,0.0,0.0,GOOGLE,GOOG
2024-11-06 00:00:00-05:00,173.60104838470335,176.73745331219902,173.30138875645662,176.3079376220703,33695500,0.0,0.0,GOOGLE,GOOG
2024-11-07 00:00:00-05:00,177.20691786224168,180.87271488977294,176.9871684826014,180.5430908203125,25352900,0.0,0.0,GOOGLE,GOOG
2024-11-08 00:00:00-05:00,180.44319843386418,180.69291225137096,177.87614831538193,178.14584350585938,22006200,0.0,0.0,GOOGLE,GOOG
2024-11-11 00:00:00-05:00,178.37557658568522,180.3433226939525,178.26570189593804,180.1435546875,17450400,0.0,0.0,GOOGLE,GOOG
2024-11-12 00:00:00-05:00,179.61415166757834,182.28109325658866,179.18463600062077,181.41207885742188,25134900,0.0,0.0,GOOGLE,GOOG
2024-11-13 00:00:00-05:00,180.25342505699032,180.75285268181247,178.3356095653103,178.67523193359375,23184000,0.0,0.0,GOOGLE,GOOG
2024-11-14 00:00:00-05:00,178.0759037938209,178.6152941368307,174.12044573791286,175.37899780273438,31007500,0.0,0.0,GOOGLE,GOOG
2024-11-15 00:00:00-05:00,173.5311122159291,173.9406465119526,171.02399111342126,172.29254150390625,32504600,0.0,0.0,GOOGLE,GOOG
2024-11-18 00:00:00-05:00,173.2214668063966,175.23915857623498,172.70205783527248,175.0993194580078,20206600,0.0,0.0,GOOGLE,GOOG
2024-11-19 00:00:00-05:00,173.52113492372038,178.66523335503967,173.3613144261031,177.9160919189453,23434900,0.0,0.0,GOOGLE,GOOG
2024-11-20 00:00:00-05:00,177.13697761802752,177.47658472831748,173.58105554247194,175.77853393554688,18997100,0.0,0.0,GOOGLE,GOOG
2024-11-21 00:00:00-05:00,173.70092179220046,173.93066947333787,163.51260129552495,167.4381103515625,59734400,0.0,0.0,GOOGLE,GOOG
2024-11-22 00:00:00-05:00,165.66014438880168,166.26944668285782,163.7123645160949,164.57138061523438,38604600,0.0,0.0,GOOGLE,GOOG
2024-11-25 00:00:00-05:00,165.8998571680873,168.43695792128977,165.4204109377555,167.45806884765625,33135300,0.0,0.0,GOOGLE,GOOG
2024-11-26 00:00:00-05:00,167.43810706347386,169.62560245554164,167.38816125371517,168.9263916015625,20486700,0.0,0.0,GOOGLE,GOOG
2024-11-27 00:00:00-05:00,168.80653770105775,169.28598395476882,167.8276638210122,169.03627014160156,19266500,0.0,0.0,GOOGLE,GOOG
2024-11-29 00:00:00-05:00,168.30710998168675,169.236038050321,166.96864760176737,168.756591796875,14257200,0.0,0.0,GOOGLE,GOOG
2024-12-02 00:00:00-05:00,168.5767985152317,171.88300683066288,168.37703052095557,171.29368591308594,23789100,0.0,0.0,GOOGLE,GOOG
2024-12-03 00:00:00-05:00,171.29368202779142,172.4823069012363,170.65441531581507,171.1438446044922,22248700,0.0,0.0,GOOGLE,GOOG
2024-12-04 00:00:00-05:00,170.95406461457648,174.70976999200622,170.86417130279446,174.17037963867188,31615100,0.0,0.0,GOOGLE,GOOG
2024-12-05 00:00:00-05:00,175.15925501840792,175.858450636237,172.13272486876673,172.44236755371094,21356200,0.0,0.0,GOOGLE,GOOG
2024-12-06 00:00:00-05:00,171.83306973436635,174.8795813358406,171.6632661685559,174.510009765625,21462400,0.0,0.0,GOOGLE,GOOG
2024-12-09 00:00:00-05:00,173.9600067138672,176.25999450683594,173.64999389648438,175.3699951171875,25389600,0.2,0.0,GOOGLE,GOOG
2024-12-10 00:00:00-05:00,182.85000610351562,186.36000061035156,181.0500030517578,185.1699981689453,54813000,0.0,0.0,GOOGLE,GOOG
2024-12-11 00:00:00-05:00,185.30999755859375,195.61000061035156,184.85000610351562,195.39999389648438,67894100,0.0,0.0,GOOGLE,GOOG
2024-12-12 00:00:00-05:00,195.0,195.17999267578125,191.7100067138672,191.9600067138672,34817500,0.0,0.0,GOOGLE,GOOG
2024-12-13 00:00:00-05:00,191.00999450683594,192.72999572753906,189.63999938964844,189.82000732421875,25143500,0.0,0.0,GOOGLE,GOOG
2024-12-16 00:00:00-05:00,192.8699951171875,199.0,192.6199951171875,196.66000366210938,44934900,0.0,0.0,GOOGLE,GOOG
2024-12-17 00:00:00-05:00,197.25,201.4199981689453,194.97999572753906,195.4199981689453,43504000,0.0,0.0,GOOGLE,GOOG
2024-12-18 00:00:00-05:00,195.22000122070312,197.0,187.74000549316406,188.39999389648438,34166100,0.0,0.0,GOOGLE,GOOG
2024-12-19 00:00:00-05:00,191.6300048828125,193.02999877929688,188.3800048828125,188.50999450683594,32265200,0.0,0.0,GOOGLE,GOOG
2024-12-20 00:00:00-05:00,185.77999877929688,192.88999938964844,185.22000122070312,191.41000366210938,63462900,0.0,0.0,GOOGLE,GOOG
2024-12-23 00:00:00-05:00,192.6199951171875,195.10000610351562,190.14999389648438,194.6300048828125,25675000,0.0,0.0,GOOGLE,GOOG
2024-12-24 00:00:00-05:00,194.83999633789062,196.11000061035156,193.77999877929688,196.11000061035156,10403300,0.0,0.0,GOOGLE,GOOG
2024-12-26 00:00:00-05:00,195.14999389648438,196.75,194.3800048828125,195.60000610351562,12046600,0.0,0.0,GOOGLE,GOOG
2024-12-27 00:00:00-05:00,194.9499969482422,195.32000732421875,190.64999389648438,192.75999450683594,18891400,0.0,0.0,GOOGLE,GOOG
2024-12-30 00:00:00-05:00,189.8000030517578,192.5500030517578,189.1199951171875,191.24000549316406,14264700,0.0,0.0,GOOGLE,GOOG
2024-12-31 00:00:00-05:00,191.0800018310547,191.9600067138672,188.50999450683594,189.3000030517578,17466900,0.0,0.0,GOOGLE,GOOG
2025-01-02 00:00:00-05:00,190.64999389648438,192.0,187.5,189.42999267578125,20370800,0.0,0.0,GOOGLE,GOOG
2025-01-03 00:00:00-05:00,191.3699951171875,193.2100067138672,189.97999572753906,191.7899932861328,18596200,0.0,0.0,GOOGLE,GOOG
2025-01-06 00:00:00-05:00,193.97999572753906,198.22000122070312,193.85000610351562,196.8699951171875,29563600,0.0,0.0,GOOGLE,GOOG
2025-01-07 00:00:00-05:00,197.11000061035156,201.0,194.60000610351562,195.49000549316406,26487200,0.0,0.0,GOOGLE,GOOG
2025-01-08 00:00:00-05:00,192.57000732421875,196.2899932861328,192.3800048828125,193.9499969482422,24864800,0.0,0.0,GOOGLE,GOOG
2025-01-10 00:00:00-05:00,194.3000030517578,196.52000427246094,190.30999755859375,192.0399932861328,26665200,0.0,0.0,GOOGLE,GOOG
2025-01-13 00:00:00-05:00,190.07000732421875,191.17999267578125,187.36000061035156,191.00999450683594,21823700,0.0,0.0,GOOGLE,GOOG
2025-01-14 00:00:00-05:00,191.24000549316406,191.97999572753906,188.30999755859375,189.66000366210938,17174900,0.0,0.0,GOOGLE,GOOG
2025-01-15 00:00:00-05:00,193.08999633789062,196.36000061035156,191.86000061035156,195.5500030517578,21776000,0.0,0.0,GOOGLE,GOOG
2025-01-16 00:00:00-05:00,194.13999938964844,195.47999572753906,192.80999755859375,192.91000366210938,17815400,0.0,0.0,GOOGLE,GOOG
2025-01-17 00:00:00-05:00,196.52999877929688,197.22999572753906,193.75,196.0,27629800,0.0,0.0,GOOGLE,GOOG
