Date,Open,High,Low,Close,Volume,Dividends,Stock Splits,company_name,ticker
2018-01-18 00:00:00-05:00,83.20057458329485,84.00663350506284,83.07086378970672,83.47852325439453,24159700,0.0,0.0,MICROSOFT,MSFT
2018-01-19 00:00:00-05:00,83.51559796050424,83.95105872437125,83.0708771875361,83.3858871459961,36875000,0.0,0.0,MICROSOFT,MSFT
2018-01-22 00:00:00-05:00,83.38590461666227,84.88685344449806,83.14501002408625,84.8775863647461,23601600,0.0,0.0,MICROSOFT,MSFT
2018-01-23 00:00:00-05:00,85.14624786376953,85.51685317936118,84.8127037866079,85.14624786376953,23412800,0.0,0.0,MICROSOFT,MSFT
2018-01-24 00:00:00-05:00,85.74851431033818,86.56384067003121,84.84979836423506,85.07215881347656,33277500,0.0,0.0,MICROSOFT,MSFT
2018-01-25 00:00:00-05:00,85.67436565772228,86.38777512114207,85.17404949808503,85.5446548461914,26383200,0.0,0.0,MICROSOFT,MSFT
2018-01-26 00:00:00-05:00,86.27658478354287,87.14749908447266,85.77626870324298,87.14749908447266,29172200,0.0,0.0,MICROSOFT,MSFT
2018-01-29 00:00:00-05:00,88.14815020147998,88.43536600484677,86.8325078566721,87.01780700683594,31569900,0.0,0.0,MICROSOFT,MSFT
2018-01-30 00:00:00-05:00,86.44338807892804,86.77693225311212,85.33157180874426,85.9245376586914,38635100,0.0,0.0,MICROSOFT,MSFT
2018-01-31 00:00:00-05:00,86.86029794788483,88.38904060550944,86.63793756437681,88.02770233154297,48756300,0.0,0.0,MICROSOFT,MSFT
2018-02-01 00:00:00-05:00,87.8238814928214,89.00981313137157,86.70280526985724,87.33283233642578,47227900,0.0,0.0,MICROSOFT,MSFT
2018-02-02 00:00:00-05:00,86.758381201497,87.0641311464185,84.77565070140886,85.03507232666016,47867800,0.0,0.0,MICROSOFT,MSFT
2018-02-05 00:00:00-05:00,83.90473040402867,86.38777710401337,81.53286743164062,81.53286743164062,51031500,0.0,0.0,MICROSOFT,MSFT
2018-02-06 00:00:00-05:00,80.50443542736794,84.7571190571447,78.98495993085177,84.6181411743164,67998600,0.0,0.0,MICROSOFT,MSFT
2018-02-07 00:00:00-05:00,83.8398775459731,85.02580906822604,82.64467894562803,83.02455139160156,41107600,0.0,0.0,MICROSOFT,MSFT
2018-02-08 00:00:00-05:00,83.11722134949589,83.27472637214038,78.53099911980927,78.76262664794922,55628700,0.0,0.0,MICROSOFT,MSFT
2018-02-09 00:00:00-05:00,79.95780987059692,82.39452844432475,77.66932921009595,81.69964599609375,63499100,0.0,0.0,MICROSOFT,MSFT
2018-02-12 00:00:00-05:00,82.21845766881349,83.18202847461946,81.46798717539158,82.57979583740234,35720300,0.0,0.0,MICROSOFT,MSFT
2018-02-13 00:00:00-05:00,82.3945256024347,83.38589091163577,81.3475719612796,83.22838592529297,26407700,0.0,0.0,MICROSOFT,MSFT
2018-02-14 00:00:00-05:00,82.39059967150519,84.69913351223678,82.29751488955714,84.53157806396484,34960900,0.42,0.0,MICROSOFT,MSFT
2018-02-15 00:00:00-05:00,84.90393070075795,86.30953445055925,84.35472547448036,86.2536849975586,27823900,0.0,0.0,MICROSOFT,MSFT
2018-02-16 00:00:00-05:00,86.05819017943324,87.03559813292131,85.45313555308816,85.6393051147461,30596900,0.0,0.0,MICROSOFT,MSFT
2018-02-20 00:00:00-05:00,85.15525766125414,86.62601420266675,84.71775139123447,86.30952453613281,30911700,0.0,0.0,MICROSOFT,MSFT
2018-02-21 00:00:00-05:00,86.55157110013101,86.90529618197257,85.16458129882812,85.16458129882812,26922500,0.0,0.0,MICROSOFT,MSFT
2018-02-22 00:00:00-05:00,85.68586082324715,86.31884734771577,85.04356368906029,85.38798522949219,24392800,0.0,0.0,MICROSOFT,MSFT
2018-02-23 00:00:00-05:00,87.12868146998179,87.56618774473314,85.97441458261956,87.55687713623047,26329200,0.0,0.0,MICROSOFT,MSFT
2018-02-26 00:00:00-05:00,87.87337694379423,88.8507778129382,87.73374621908404,88.8228530883789,30199800,0.0,0.0,MICROSOFT,MSFT
2018-02-27 00:00:00-05:00,89.12073861997864,89.21382341289063,87.68721008300781,87.68721008300781,25869100,0.0,0.0,MICROSOFT,MSFT
2018-02-28 00:00:00-05:00,88.28295603796356,89.09280860223157,87.15661377620413,87.28693389892578,31167300,0.0,0.0,MICROSOFT,MSFT
2018-03-01 00:00:00-05:00,87.49173190951761,88.03163366356613,85.49037685703749,86.43054962158203,37135600,0.0,0.0,MICROSOFT,MSFT
2018-03-02 00:00:00-05:00,85.24834616115703,86.70979925988259,84.57812436522187,86.61671447753906,32830400,0.0,0.0,MICROSOFT,MSFT
2018-03-05 00:00:00-05:00,85.95578548791735,87.7523492609574,85.88132193246066,87.16590881347656,23901600,0.0,0.0,MICROSOFT,MSFT
2018-03-06 00:00:00-05:00,87.81751039932944,87.95714110814997,86.5143093887721,86.86803436279297,22175800,0.0,0.0,MICROSOFT,MSFT
2018-03-07 00:00:00-05:00,86.7191116882829,87.4451829484763,86.03957926928092,87.37071228027344,26716100,0.0,0.0,MICROSOFT,MSFT
2018-03-08 00:00:00-05:00,87.75234957827716,88.52496667197553,87.28691862090409,87.90129089355469,25887800,0.0,0.0,MICROSOFT,MSFT
2018-03-09 00:00:00-05:00,88.7018550527156,89.86543273925781,88.43190417720805,89.86543273925781,36937300,0.0,0.0,MICROSOFT,MSFT
2018-03-12 00:00:00-04:00,89.82816871582314,90.48907977849764,89.399973116143,90.07949829101562,26073700,0.0,0.0,MICROSOFT,MSFT
2018-03-13 00:00:00-04:00,90.29361191572222,90.51701680202953,87.47310125713517,87.88268280029297,35387800,0.0,0.0,MICROSOFT,MSFT
2018-03-14 00:00:00-04:00,88.54358776735297,88.81353857449308,87.03558891081916,87.36138916015625,32132000,0.0,0.0,MICROSOFT,MSFT
2018-03-15 00:00:00-04:00,87.06350983441172,88.04091764170354,86.41190936415883,87.66857147216797,27611000,0.0,0.0,MICROSOFT,MSFT
2018-03-16 00:00:00-04:00,88.1340257277045,88.78562637036228,87.42656852859436,88.05955505371094,49081300,0.0,0.0,MICROSOFT,MSFT
2018-03-19 00:00:00-04:00,87.25898164534969,87.4079229397103,85.74167949408795,86.4677505493164,33344100,0.0,0.0,MICROSOFT,MSFT
2018-03-20 00:00:00-04:00,86.61672904969896,87.28694385647556,86.57018309973961,86.69119262695312,23075200,0.0,0.0,MICROSOFT,MSFT
2018-03-21 00:00:00-04:00,86.5049979968257,87.54756589773339,85.8347762820931,86.08611297607422,24457100,0.0,0.0,MICROSOFT,MSFT
2018-03-22 00:00:00-04:00,84.95977169883614,85.40658858411814,83.46109041112045,83.58209991455078,38604700,0.0,0.0,MICROSOFT,MSFT
2018-03-23 00:00:00-04:00,83.31215713997295,84.20578389505471,81.05947258433476,81.15255737304688,44068900,0.0,0.0,MICROSOFT,MSFT
2018-03-26 00:00:00-04:00,84.34541077136608,87.5010325472025,84.14993059343709,87.2962417602539,56396800,0.0,0.0,MICROSOFT,MSFT
2018-03-27 00:00:00-04:00,88.37606610029557,88.56223571334796,82.39062142595142,83.28424835205078,56569000,0.0,0.0,MICROSOFT,MSFT
2018-03-28 00:00:00-04:00,83.61002589433163,84.92254474426056,82.7257098209411,83.20975494384766,52501100,0.0,0.0,MICROSOFT,MSFT
2018-03-29 00:00:00-04:00,83.94514912498452,85.90926883323877,82.28821563125298,84.95978546142578,45867500,0.0,0.0,MICROSOFT,MSFT
2018-04-02 00:00:00-04:00,84.21511092434946,84.59676076305557,81.45975945014396,82.3999252319336,48515400,0.0,0.0,MICROSOFT,MSFT
2018-04-03 00:00:00-04:00,83.3866427459082,83.82414914331626,81.81348325784487,83.50765228271484,37213800,0.0,0.0,MICROSOFT,MSFT
2018-04-04 00:00:00-04:00,81.77622993395744,86.34676602301053,81.66453103282464,85.94649505615234,35560000,0.0,0.0,MICROSOFT,MSFT
2018-04-05 00:00:00-04:00,86.04888328122517,86.63532376905637,85.08078597454991,85.99302673339844,29771900,0.0,0.0,MICROSOFT,MSFT
2018-04-06 00:00:00-04:00,85.16456500254286,86.06750230653236,83.29353743855631,83.99168395996094,38026000,0.0,0.0,MICROSOFT,MSFT
2018-04-09 00:00:00-04:00,84.74566039731512,86.7283935044123,84.35470013990081,84.49432373046875,31533900,0.0,0.0,MICROSOFT,MSFT
2018-04-10 00:00:00-04:00,86.00235274445234,86.83081948280658,85.30420613784497,86.4584732055664,26812000,0.0,0.0,MICROSOFT,MSFT
2018-04-11 00:00:00-04:00,85.64862579477166,86.84012817408303,85.15527000664252,85.50899505615234,24872100,0.0,0.0,MICROSOFT,MSFT
2018-04-12 00:00:00-04:00,86.03957653472897,87.64997094934297,86.03957653472897,87.11006927490234,26758900,0.0,0.0,MICROSOFT,MSFT
2018-04-13 00:00:00-04:00,87.54758306129025,87.66859257720793,86.04889451700693,86.64464569091797,23346100,0.0,0.0,MICROSOFT,MSFT
2018-04-16 00:00:00-04:00,87.56618646231111,88.11539872531102,86.96112475293991,87.65927124023438,20288100,0.0,0.0,MICROSOFT,MSFT
2018-04-17 00:00:00-04:00,88.43191045296939,89.86543911675261,88.32020443044463,89.42793273925781,26771000,0.0,0.0,MICROSOFT,MSFT
2018-04-18 00:00:00-04:00,89.56754807875761,90.0329791063114,88.91594037903398,89.7723388671875,21043300,0.0,0.0,MICROSOFT,MSFT
2018-04-19 00:00:00-04:00,89.77233509552005,90.3587756089103,88.74838119639071,89.46514892578125,23552500,0.0,0.0,MICROSOFT,MSFT
2018-04-20 00:00:00-04:00,89.27898024687985,89.46514981115654,87.54757631183479,88.43189239501953,31154400,0.0,0.0,MICROSOFT,MSFT
2018-04-23 00:00:00-04:00,89.12074136334861,89.63271839299621,88.08748379581596,88.75770568847656,22331800,0.0,0.0,MICROSOFT,MSFT
2018-04-24 00:00:00-04:00,89.58616220320673,89.80026360074315,86.02096592927334,86.68187713623047,34524800,0.0,0.0,MICROSOFT,MSFT
2018-04-25 00:00:00-04:00,86.84943793826262,86.84943793826262,84.03823038140025,85.9278793334961,33729300,0.0,0.0,MICROSOFT,MSFT
2018-04-26 00:00:00-04:00,87.08216120339078,88.57153929535627,86.66326895439381,87.74307250976562,42529000,0.0,0.0,MICROSOFT,MSFT
2018-04-27 00:00:00-04:00,90.85213131069928,91.13139275617091,87.41725530211431,89.19519805908203,48272800,0.0,0.0,MICROSOFT,MSFT
2018-04-30 00:00:00-04:00,89.66993376923428,89.73509382196389,86.70979247025082,87.05420684814453,41523600,0.0,0.0,MICROSOFT,MSFT
2018-05-01 00:00:00-04:00,86.76564851766268,88.70184323456029,86.37468817153345,88.43189239501953,31408900,0.0,0.0,MICROSOFT,MSFT
2018-05-02 00:00:00-04:00,88.42260163387178,88.59015712009634,86.74705387354146,87.04492950439453,27471000,0.0,0.0,MICROSOFT,MSFT
2018-05-03 00:00:00-04:00,86.5329502636026,88.36674995518213,86.05820854755912,87.56620788574219,31142500,0.0,0.0,MICROSOFT,MSFT
2018-05-04 00:00:00-04:00,86.86805110321284,88.77632125370789,86.4957048419072,88.58084106445312,22531300,0.0,0.0,MICROSOFT,MSFT
2018-05-07 00:00:00-04:00,88.59014263239227,90.02367109078725,88.52498257073404,89.56755065917969,24242000,0.0,0.0,MICROSOFT,MSFT
2018-05-08 00:00:00-04:00,89.22311789917823,89.51168993754611,88.48773609481039,89.18588256835938,23484600,0.0,0.0,MICROSOFT,MSFT
2018-05-09 00:00:00-04:00,89.37207563965852,90.26570243772643,88.4784488415906,90.23777770996094,27327400,0.0,0.0,MICROSOFT,MSFT
2018-05-10 00:00:00-04:00,90.72183191824315,91.17795242157568,90.34018209763457,91.1407241821289,22388100,0.0,0.0,MICROSOFT,MSFT
2018-05-11 00:00:00-04:00,91.03831283533519,91.10347289583552,90.33085567710734,90.94522094726562,16778300,0.0,0.0,MICROSOFT,MSFT
2018-05-14 00:00:00-04:00,91.15002310994605,91.8667909667885,90.58219661106587,91.2524185180664,19454100,0.0,0.0,MICROSOFT,MSFT
2018-05-15 00:00:00-04:00,90.51704390236601,91.0848704474161,89.67926645049576,90.59151458740234,24594000,0.0,0.0,MICROSOFT,MSFT
2018-05-16 00:00:00-04:00,91.02153036510883,91.05892708372508,90.3297089024449,90.82520294189453,17384700,0.42,0.0,MICROSOFT,MSFT
2018-05-17 00:00:00-04:00,90.4606072799037,91.1898255694345,89.59115305791794,89.91836547851562,17246700,0.0,0.0,MICROSOFT,MSFT
2018-05-18 00:00:00-04:00,89.75944221527524,90.61954554457662,89.75944221527524,90.08665466308594,17865800,0.0,0.0,MICROSOFT,MSFT
2018-05-21 00:00:00-04:00,90.68497408702686,91.6292216906547,90.49799761209049,91.24591064453125,19422500,0.0,0.0,MICROSOFT,MSFT
2018-05-22 00:00:00-04:00,91.32070172010349,91.77879906470815,90.87194820611666,91.15242004394531,15441200,0.0,0.0,MICROSOFT,MSFT
2018-05-23 00:00:00-04:00,90.41384771258696,92.30234280511128,90.04923861572536,92.23690032958984,21251200,0.0,0.0,MICROSOFT,MSFT
2018-05-24 00:00:00-04:00,92.30236820961913,92.49869569021894,90.50736085484097,91.90970611572266,26649300,0.0,0.0,MICROSOFT,MSFT
2018-05-25 00:00:00-04:00,91.90035226476337,92.53608233236974,91.48899541728393,91.9564437866211,18363900,0.0,0.0,MICROSOFT,MSFT
2018-05-29 00:00:00-04:00,91.47027359392571,92.44256684660215,90.89999326944755,91.62921142578125,28671000,0.0,0.0,MICROSOFT,MSFT
2018-05-30 00:00:00-04:00,91.90970038240494,92.78850564020067,91.53574737565445,92.5080337524414,22158500,0.0,0.0,MICROSOFT,MSFT
2018-05-31 00:00:00-04:00,92.82589732293634,93.48032218188241,92.19016726023331,92.40518951416016,34140900,0.0,0.0,MICROSOFT,MSFT
2018-06-01 00:00:00-04:00,92.81653741181196,94.29367581698891,92.71369821064805,94.22823333740234,28655600,0.0,0.0,MICROSOFT,MSFT
2018-06-04 00:00:00-04:00,94.667637546667,95.22857411469346,94.28432649335339,95.05094146728516,27281600,0.0,0.0,MICROSOFT,MSFT
2018-06-05 00:00:00-04:00,95.35946907956311,95.66798672078525,94.92006646316118,95.53710174560547,23514400,0.0,0.0,MICROSOFT,MSFT
2018-06-06 00:00:00-04:00,95.80824497196085,95.92042804384168,95.26600301554396,95.81758880615234,21122900,0.0,0.0,MICROSOFT,MSFT
2018-06-07 00:00:00-04:00,95.96714134432946,96.00453806578345,93.84492198116101,94.31237030029297,28232200,0.0,0.0,MICROSOFT,MSFT
2018-06-08 00:00:00-04:00,94.50870472677121,95.31271646574577,93.99451581732197,95.0135498046875,22165100,0.0,0.0,MICROSOFT,MSFT
2018-06-11 00:00:00-04:00,94.433901500251,94.97613607258991,94.11603296765759,94.47129821777344,23490900,0.0,0.0,MICROSOFT,MSFT
2018-06-12 00:00:00-04:00,94.51807375496651,94.84528623855097,94.19086127138203,94.71440124511719,18325200,0.0,0.0,MICROSOFT,MSFT
2018-06-13 00:00:00-04:00,95.09771807079404,95.36883903986731,94.01323419450095,94.28435516357422,29492900,0.0,0.0,MICROSOFT,MSFT
2018-06-14 00:00:00-04:00,95.03226727024649,95.38752550936793,94.4245828845491,94.8172378540039,25691800,0.0,0.0,MICROSOFT,MSFT
2018-06-15 00:00:00-04:00,94.90137582843012,94.92007062597732,93.55512215874394,93.61121368408203,65738600,0.0,0.0,MICROSOFT,MSFT
2018-06-18 00:00:00-04:00,93.49902510939414,94.52741009844799,92.94743232293771,94.29368591308594,23586000,0.0,0.0,MICROSOFT,MSFT
2018-06-19 00:00:00-04:00,93.16246171185708,94.424570886273,93.02222577410063,94.29368591308594,28653100,0.0,0.0,MICROSOFT,MSFT
2018-06-20 00:00:00-04:00,94.77045916758543,95.84558441821999,94.53673504654415,95.23790740966797,26180800,0.0,0.0,MICROSOFT,MSFT
2018-06-21 00:00:00-04:00,95.43427100910864,95.78952924005408,94.31239052301804,94.55546569824219,23198200,0.0,0.0,MICROSOFT,MSFT
2018-06-22 00:00:00-04:00,93.87298583984375,94.20954210686214,93.14376038533152,93.87298583984375,38923100,0.0,0.0,MICROSOFT,MSFT
2018-06-25 00:00:00-04:00,93.48968151329224,93.59252073357258,90.965462965512,91.9844970703125,35433300,0.0,0.0,MICROSOFT,MSFT
2018-06-26 00:00:00-04:00,92.38648725024225,93.56445903382475,92.32104476963741,92.62956237792969,26897200,0.0,0.0,MICROSOFT,MSFT
2018-06-27 00:00:00-04:00,93.09700155298576,93.50835119090459,91.05892675820134,91.18981170654297,31298400,0.0,0.0,MICROSOFT,MSFT
2018-06-28 00:00:00-04:00,91.04026398531961,92.6576388749579,90.92808091432126,92.2088851928711,26650700,0.0,0.0,MICROSOFT,MSFT
2018-06-29 00:00:00-04:00,92.48933696667213,93.40553893198394,91.92840033591007,92.19017028808594,28053200,0.0,0.0,MICROSOFT,MSFT
2018-07-02 00:00:00-04:00,91.71336726956977,93.54576399411897,91.61987902363586,93.4990234375,19564500,0.0,0.0,MICROSOFT,MSFT
2018-07-03 00:00:00-04:00,93.93841922837417,94.0786480207598,92.49867752075306,92.60151672363281,14670300,0.0,0.0,MICROSOFT,MSFT
2018-07-05 00:00:00-04:00,93.0222446250282,93.41489962416081,92.58284192627133,93.26531982421875,18977400,0.0,0.0,MICROSOFT,MSFT
2018-07-06 00:00:00-04:00,93.38684992704458,94.82659199596651,93.1811714696704,94.57417297363281,19234600,0.0,0.0,MICROSOFT,MSFT
2018-07-09 00:00:00-04:00,95.03226938750899,95.59320608961276,94.65830920854076,95.21924591064453,18212000,0.0,0.0,MICROSOFT,MSFT
2018-07-10 00:00:00-04:00,95.35947424418231,95.83627361255827,95.22858926191387,95.47166442871094,19293100,0.0,0.0,MICROSOFT,MSFT
2018-07-11 00:00:00-04:00,94.56480851500812,95.67733080699198,94.51806082402135,95.34077453613281,19644600,0.0,0.0,MICROSOFT,MSFT
2018-07-12 00:00:00-04:00,96.07933211502481,97.61256928735699,96.04194252325446,97.40689086914062,24335900,0.0,0.0,MICROSOFT,MSFT
2018-07-13 00:00:00-04:00,97.57517386225874,98.725092840951,97.3133967875091,98.566162109375,24635200,0.0,0.0,MICROSOFT,MSFT
2018-07-16 00:00:00-04:00,98.53812214477719,98.93077708095339,97.7154084125645,98.08002471923828,21786900,0.0,0.0,MICROSOFT,MSFT
2018-07-17 00:00:00-04:00,97.79955644910939,99.56651085995196,97.52843551666574,99.05231475830078,25901700,0.0,0.0,MICROSOFT,MSFT
2018-07-18 00:00:00-04:00,99.04298237962911,99.14582161185231,97.90240699147904,98.2763671875,29493900,0.0,0.0,MICROSOFT,MSFT
2018-07-19 00:00:00-04:00,98.09872753058421,98.45398576861912,97.12643394298148,97.60323333740234,40171600,0.0,0.0,MICROSOFT,MSFT
2018-07-20 00:00:00-04:00,101.04364661409835,101.15582966379392,99.17385303707668,99.35147857666016,56004000,0.0,0.0,MICROSOFT,MSFT
2018-07-23 00:00:00-04:00,99.37954268548519,101.09974954675408,99.22060479265495,100.9408187866211,29707000,0.0,0.0,MICROSOFT,MSFT
2018-07-24 00:00:00-04:00,101.50173034208265,101.73545450766106,100.27701799691435,100.6509780883789,26316600,0.0,0.0,MICROSOFT,MSFT
2018-07-25 00:00:00-04:00,100.93145994972336,103.91378309148618,100.59489652351266,103.61461639404297,30702100,0.0,0.0,MICROSOFT,MSFT
2018-07-26 00:00:00-04:00,103.53047066964538,103.77354583722997,102.37120062321335,102.48339080810547,31372100,0.0,0.0,MICROSOFT,MSFT
2018-07-27 00:00:00-04:00,103.0069195027876,103.0069195027876,99.22993594910935,100.669677734375,37005300,0.0,0.0,MICROSOFT,MSFT
2018-07-30 00:00:00-04:00,100.21158256049647,100.52944402433417,97.93978322606443,98.51007080078125,34668300,0.0,0.0,MICROSOFT,MSFT
2018-07-31 00:00:00-04:00,99.55716263853051,99.77219205042833,98.51942657401288,99.17385864257812,27655200,0.0,0.0,MICROSOFT,MSFT
2018-08-01 00:00:00-04:00,99.1270851765967,99.5197400360362,98.55679768101764,99.36080932617188,23628700,0.0,0.0,MICROSOFT,MSFT
2018-08-02 00:00:00-04:00,98.53813188088806,101.0529996200487,98.01458478156071,100.56685638427734,26104300,0.0,0.0,MICROSOFT,MSFT
2018-08-03 00:00:00-04:00,100.78186763272448,101.0155918089296,99.86566572361427,101.00624084472656,18659600,0.0,0.0,MICROSOFT,MSFT
2018-08-06 00:00:00-04:00,101.08101871876056,101.36148340737624,100.55747179449418,101.09036254882812,20265900,0.0,0.0,MICROSOFT,MSFT
2018-08-07 00:00:00-04:00,101.49239823917796,101.99724338656884,101.12778904373401,101.79156494140625,16080200,0.0,0.0,MICROSOFT,MSFT
2018-08-08 00:00:00-04:00,102.2122671473306,102.60492208492006,101.67937626554594,102.36184692382812,15487500,0.0,0.0,MICROSOFT,MSFT
2018-08-09 00:00:00-04:00,102.56753283842447,102.9882407016946,102.46469361402713,102.53013610839844,13677200,0.0,0.0,MICROSOFT,MSFT
2018-08-10 00:00:00-04:00,102.29641780629967,102.54884396538719,101.32412416753124,101.90376281738281,18183700,0.0,0.0,MICROSOFT,MSFT
2018-08-13 00:00:00-04:00,102.12812660421918,102.44599523197344,101.06234480019589,101.1651840209961,18472500,0.0,0.0,MICROSOFT,MSFT
2018-08-14 00:00:00-04:00,101.4923950633211,102.60492454587136,101.00625186217363,102.42729187011719,16788300,0.0,0.0,MICROSOFT,MSFT
2018-08-15 00:00:00-04:00,101.81725207439828,102.28649925883575,100.24996819681171,101.0383071899414,29982800,0.42,0.0,MICROSOFT,MSFT
2018-08-16 00:00:00-04:00,101.63894863397515,102.16450321836292,100.70045421320029,101.01953887939453,21384300,0.0,0.0,MICROSOFT,MSFT
2018-08-17 00:00:00-04:00,100.75676402456574,101.26355188326096,100.1279744658704,100.9632339477539,18061500,0.0,0.0,MICROSOFT,MSFT
2018-08-20 00:00:00-04:00,100.89755674933244,101.2635690716036,99.93090845409604,100.29692077636719,17914200,0.0,0.0,MICROSOFT,MSFT
2018-08-21 00:00:00-04:00,100.34384236030056,100.74739533052472,99.33965341022821,99.46166229248047,22881900,0.0,0.0,MICROSOFT,MSFT
2018-08-22 00:00:00-04:00,99.3396497743645,100.73800469250466,99.27395544022758,100.47522735595703,18000600,0.0,0.0,MICROSOFT,MSFT
2018-08-23 00:00:00-04:00,100.55966381641733,101.52631178190894,100.29688656290232,100.94444274902344,18167700,0.0,0.0,MICROSOFT,MSFT
2018-08-24 00:00:00-04:00,101.04769164395707,101.8829510980103,100.94445668580269,101.73279571533203,17234000,0.0,0.0,MICROSOFT,MSFT
2018-08-27 00:00:00-04:00,102.5493038464217,102.8965494330322,101.83605309143437,102.8590087890625,19662300,0.0,0.0,MICROSOFT,MSFT
2018-08-28 00:00:00-04:00,103.17807563597852,103.70363020368323,103.03730004530219,103.4783935546875,19151500,0.0,0.0,MICROSOFT,MSFT
2018-08-29 00:00:00-04:00,103.65673634270101,105.13955968129619,103.48780701096047,105.13017272949219,20818000,0.0,0.0,MICROSOFT,MSFT
2018-08-30 00:00:00-04:00,104.80169103946687,105.68387826124474,104.58584128955034,105.06446838378906,22798700,0.0,0.0,MICROSOFT,MSFT
2018-08-31 00:00:00-04:00,104.82044567771653,105.8434011744246,104.66089618214617,105.42108154296875,23222700,0.0,0.0,MICROSOFT,MSFT
2018-09-04 00:00:00-04:00,104.0320971678056,105.07382646813912,103.44084830551239,104.83920288085938,22634600,0.0,0.0,MICROSOFT,MSFT
2018-09-05 00:00:00-04:00,104.1822785693781,104.56705759893094,101.45125608194728,101.81726837158203,32872400,0.0,0.0,MICROSOFT,MSFT
2018-09-06 00:00:00-04:00,101.59203481793608,102.28651877859448,100.89755085727766,102.05189514160156,23477600,0.0,0.0,MICROSOFT,MSFT
2018-09-07 00:00:00-04:00,101.57326303545099,102.0331233362895,100.63476853406517,101.55448913574219,22498600,0.0,0.0,MICROSOFT,MSFT
2018-09-10 00:00:00-04:00,102.14574655292907,102.89654508027131,101.69527316464006,102.65253448486328,20727900,0.0,0.0,MICROSOFT,MSFT
2018-09-11 00:00:00-04:00,102.20206597064521,104.72661163993598,102.19267901956577,104.39813995361328,24301800,0.0,0.0,MICROSOFT,MSFT
2018-09-12 00:00:00-04:00,104.57642560872907,104.97059151692454,103.71301252597411,104.83920288085938,18891100,0.0,0.0,MICROSOFT,MSFT
2018-09-13 00:00:00-04:00,105.22398929868118,106.73496577785066,105.22398929868118,105.96540069580078,26055600,0.0,0.0,MICROSOFT,MSFT
2018-09-14 00:00:00-04:00,106.38773829419408,106.73498384076747,105.52432506287875,106.39712524414062,19122300,0.0,0.0,MICROSOFT,MSFT
2018-09-17 00:00:00-04:00,106.69744433431308,106.70682412421435,104.97999764324382,105.2427749633789,20736500,0.0,0.0,MICROSOFT,MSFT
2018-09-18 00:00:00-04:00,105.28968712197302,106.70680848502575,104.8485936163318,106.2469482421875,22170900,0.0,0.0,MICROSOFT,MSFT
2018-09-19 00:00:00-04:00,106.0968073019751,106.35019766940819,104.21043133056918,104.829833984375,21728400,0.0,0.0,MICROSOFT,MSFT
2018-09-20 00:00:00-04:00,105.37416480408727,106.80068050101075,105.04569315023814,106.58482360839844,23714500,0.0,0.0,MICROSOFT,MSFT
2018-09-21 00:00:00-04:00,106.98838076487182,108.19903961695492,106.5285204313372,107.23239135742188,71229700,0.0,0.0,MICROSOFT,MSFT
2018-09-24 00:00:00-04:00,106.07803417580607,107.83302150132229,105.31785590781722,107.6171646118164,27334500,0.0,0.0,MICROSOFT,MSFT
2018-09-25 00:00:00-04:00,107.7391691035362,108.0207131512808,106.75374703606848,107.41069030761719,22668000,0.0,0.0,MICROSOFT,MSFT
2018-09-26 00:00:00-04:00,107.42946478474516,107.98317309372251,106.74436066060666,106.9696044921875,19352000,0.0,0.0,MICROSOFT,MSFT
2018-09-27 00:00:00-04:00,107.72039970532667,107.84240857524428,107.17607116607336,107.37316131591797,19091300,0.0,0.0,MICROSOFT,MSFT
2018-09-28 00:00:00-04:00,107.16669538873587,107.5233207415245,106.68806116146138,107.33562469482422,21647800,0.0,0.0,MICROSOFT,MSFT
2018-10-01 00:00:00-04:00,107.69225321802594,108.565053465153,107.67348647686151,108.49935913085938,18883100,0.0,0.0,MICROSOFT,MSFT
2018-10-02 00:00:00-04:00,108.20842545711005,108.71520621776287,107.40131956400333,108.0676498413086,20787200,0.0,0.0,MICROSOFT,MSFT
2018-10-03 00:00:00-04:00,108.32102650297242,109.0342842819271,107.86116623239705,108.0864028930664,16648000,0.0,0.0,MICROSOFT,MSFT
2018-10-04 00:00:00-04:00,107.56086596557664,107.70164158667228,104.7641489256576,105.8528060913086,34821700,0.0,0.0,MICROSOFT,MSFT
2018-10-05 00:00:00-04:00,105.70263041743547,106.20941829447533,103.83502841215234,105.23338317871094,29068900,0.0,0.0,MICROSOFT,MSFT
2018-10-08 00:00:00-04:00,104.79228215224819,105.1395204779122,102.61496839493803,104.03209686279297,29640600,0.0,0.0,MICROSOFT,MSFT
2018-10-09 00:00:00-04:00,104.30426095298719,106.12494227392587,103.9851763124873,105.35537719726562,26198600,0.0,0.0,MICROSOFT,MSFT
2018-10-10 00:00:00-04:00,104.39813957647908,104.64215018264264,99.28334675896426,99.6305923461914,61376300,0.0,0.0,MICROSOFT,MSFT
2018-10-11 00:00:00-04:00,98.8704037362786,102.23021609071297,97.79113352452902,99.39596557617188,63904300,0.0,0.0,MICROSOFT,MSFT
2018-10-12 00:00:00-04:00,102.30527885048089,104.39811739988443,100.5315249673869,102.8308334350586,47742100,0.0,0.0,MICROSOFT,MSFT
2018-10-15 00:00:00-04:00,102.21145031185635,102.7463919473929,100.37199459512647,100.98201751708984,32068100,0.0,0.0,MICROSOFT,MSFT
2018-10-16 00:00:00-04:00,102.8027111830668,104.55769886484218,102.24899558201935,104.17291259765625,31610200,0.0,0.0,MICROSOFT,MSFT
2018-10-17 00:00:00-04:00,104.81107483470824,104.93307655228583,102.812083959747,103.9007339477539,26548200,0.0,0.0,MICROSOFT,MSFT
2018-10-18 00:00:00-04:00,103.32824228416263,103.7317952027025,101.1978629347557,101.82665252685547,32506200,0.0,0.0,MICROSOFT,MSFT
2018-10-19 00:00:00-04:00,102.23020463073708,104.0414992748456,101.55448745529735,101.97681427001953,32785500,0.0,0.0,MICROSOFT,MSFT
2018-10-22 00:00:00-04:00,102.59621500212738,103.7411793992325,101.58263925779059,102.88714599609375,26545600,0.0,0.0,MICROSOFT,MSFT
2018-10-23 00:00:00-04:00,101.14154328336615,102.26774091452373,98.64515178056732,101.45124816894531,43770400,0.0,0.0,MICROSOFT,MSFT
2018-10-24 00:00:00-04:00,101.74219955868864,101.81727368242183,95.34165973087842,96.02676391601562,63897800,0.0,0.0,MICROSOFT,MSFT
2018-10-25 00:00:00-04:00,99.99659634301818,102.549295483473,99.62119709408081,101.63896179199219,61646800,0.0,0.0,MICROSOFT,MSFT
2018-10-26 00:00:00-04:00,99.18947814484709,102.06126879628253,98.31667804252828,100.38136291503906,55523100,0.0,0.0,MICROSOFT,MSFT
2018-10-29 00:00:00-04:00,101.46066658627194,102.01437504421186,95.3792175402638,97.46267700195312,55162000,0.0,0.0,MICROSOFT,MSFT
2018-10-30 00:00:00-04:00,97.28434991743008,97.96005998882356,93.9526913519829,97.35004425048828,65350900,0.0,0.0,MICROSOFT,MSFT
2018-10-31 00:00:00-04:00,98.95486763503709,101.48880005576879,98.90794004348291,100.2406005859375,51062400,0.0,0.0,MICROSOFT,MSFT
2018-11-01 00:00:00-04:00,100.46583782682497,100.71922818817771,99.03932219506635,99.40533447265625,33384200,0.0,0.0,MICROSOFT,MSFT
2018-11-02 00:00:00-04:00,99.93091033833666,100.7192423826633,98.52316840762846,99.6305923461914,37680200,0.0,0.0,MICROSOFT,MSFT
2018-11-05 00:00:00-05:00,99.82766171254791,101.11339458436387,99.3865681555926,100.89754486083984,27922100,0.0,0.0,MICROSOFT,MSFT
2018-11-06 00:00:00-05:00,100.77554313652901,102.14574433302684,99.74320055397807,101.09463500976562,24340200,0.0,0.0,MICROSOFT,MSFT
2018-11-07 00:00:00-05:00,102.70884188526936,105.33662222791838,102.6713012454986,105.07384490966797,37901700,0.0,0.0,MICROSOFT,MSFT
2018-11-08 00:00:00-05:00,104.92368998009633,105.30846900921429,104.08843043185895,104.87676239013672,25644100,0.0,0.0,MICROSOFT,MSFT
2018-11-09 00:00:00-05:00,104.03210514846148,104.59520036910106,102.07065524520237,102.8308334350586,32039200,0.0,0.0,MICROSOFT,MSFT
2018-11-12 00:00:00-05:00,102.69007771735967,103.1968656620764,99.57427592254783,100.29692077636719,33621800,0.0,0.0,MICROSOFT,MSFT
2018-11-13 00:00:00-05:00,100.93507676801889,102.05188024822095,100.081043417132,100.36259460449219,35374600,0.0,0.0,MICROSOFT,MSFT
2018-11-14 00:00:00-05:00,101.88953711170385,102.04034839106204,98.46808711088764,98.93936157226562,39495100,0.46,0.0,MICROSOFT,MSFT
2018-11-15 00:00:00-05:00,98.95821541485736,101.60678293907645,97.94026798148988,101.11665344238281,38505200,0.0,0.0,MICROSOFT,MSFT
2018-11-16 00:00:00-05:00,100.92814304008299,102.624726831204,100.6642304853138,102.0686264038086,33502100,0.0,0.0,MICROSOFT,MSFT
2018-11-19 00:00:00-05:00,102.04977211226888,102.3231121719299,97.60094708872754,98.6094741821289,44773900,0.0,0.0,MICROSOFT,MSFT
2018-11-20 00:00:00-05:00,95.95148658777494,97.05426714032757,93.64223733115581,95.86665344238281,64052500,0.0,0.0,MICROSOFT,MSFT
2018-11-21 00:00:00-05:00,97.64808054340537,98.43039798398185,96.36621325484684,97.18623352050781,28130600,0.0,0.0,MICROSOFT,MSFT
2018-11-23 00:00:00-05:00,96.30022591759845,97.84600564313702,96.13999431959117,97.14852142333984,13823100,0.0,0.0,MICROSOFT,MSFT
2018-11-26 00:00:00-05:00,98.76969002404407,100.50397637151087,98.5717556381534,100.3531723022461,32336200,0.0,0.0,MICROSOFT,MSFT
2018-11-27 00:00:00-05:00,100.16466011216227,101.16376675303843,99.30694442382507,100.98468017578125,29124500,0.0,0.0,MICROSOFT,MSFT
2018-11-28 00:00:00-05:00,101.69159463549748,104.93396497376416,101.6633193206298,104.73603057861328,46788500,0.0,0.0,MICROSOFT,MSFT
2018-11-29 00:00:00-05:00,103.9913922683171,104.73600655033925,102.76607617059449,103.85943603515625,28123200,0.0,0.0,MICROSOFT,MSFT
2018-11-30 00:00:00-05:00,104.34016236680212,104.59465460171587,103.07715026814958,104.51924896240234,33665600,0.0,0.0,MICROSOFT,MSFT
2018-12-03 00:00:00-05:00,106.5080219931309,106.90389079149463,104.36843922867027,105.65029907226562,34732800,0.0,0.0,MICROSOFT,MSFT
2018-12-04 00:00:00-05:00,105.50890725731928,106.16868849263908,101.99319732634805,102.28538513183594,45197000,0.0,0.0,MICROSOFT,MSFT
2018-12-06 00:00:00-05:00,99.74052353641422,102.96403902354257,98.96763373205461,102.91691589355469,49107400,0.0,0.0,MICROSOFT,MSFT
2018-12-07 00:00:00-05:00,102.15344535529705,103.16197237250883,98.3078513777047,98.7979736328125,45044900,0.0,0.0,MICROSOFT,MSFT
2018-12-10 00:00:00-05:00,98.77912373529124,101.77642940777379,97.92140081810128,101.40882873535156,40801500,0.0,0.0,MICROSOFT,MSFT
2018-12-11 00:00:00-05:00,103.49185443829595,104.57577973549095,101.26743883854716,102.35136413574219,42381900,0.0,0.0,MICROSOFT,MSFT
2018-12-12 00:00:00-05:00,104.5192435747071,104.87740955636748,102.77552960416172,102.813232421875,36183000,0.0,0.0,MICROSOFT,MSFT
2018-12-13 00:00:00-05:00,103.28451564105214,104.50040464917768,102.38908982412919,103.16197967529297,31333400,0.0,0.0,MICROSOFT,MSFT
2018-12-14 00:00:00-05:00,102.03090548818483,102.98288176998248,99.43889634183371,99.93844604492188,47043100,0.0,0.0,MICROSOFT,MSFT
2018-12-17 00:00:00-05:00,99.35409409743765,99.72168763420747,95.86665846328437,96.97886657714844,56957300,0.0,0.0,MICROSOFT,MSFT
2018-12-18 00:00:00-05:00,97.78945661643218,98.505795854305,96.63011820765219,97.99681854248047,49319200,0.0,0.0,MICROSOFT,MSFT
2018-12-19 00:00:00-05:00,97.69519970608036,100.73962877512315,95.52733425351718,97.73290252685547,68198200,0.0,0.0,MICROSOFT,MSFT
2018-12-20 00:00:00-05:00,97.12966486968328,98.31727127979808,93.10497712884025,95.67813873291016,70334200,0.0,0.0,MICROSOFT,MSFT
2018-12-21 00:00:00-05:00,95.79124665753457,97.08254130051387,91.86081928413941,92.58658599853516,111242100,0.0,0.0,MICROSOFT,MSFT
2018-12-24 00:00:00-05:00,92.06816562691284,92.3415056375528,88.58073799806809,88.72211456298828,43935200,0.0,0.0,MICROSOFT,MSFT
2018-12-26 00:00:00-05:00,89.67410876268016,94.90525844198832,88.56190068631726,94.78272247314453,51634800,0.0,0.0,MICROSOFT,MSFT
2018-12-27 00:00:00-05:00,93.59511412963722,95.37653107971414,90.86172072128775,95.36710357666016,49498500,0.0,0.0,MICROSOFT,MSFT
2018-12-28 00:00:00-05:00,96.22482805030256,96.52645064656431,93.80247730493373,94.62249755859375,38196300,0.0,0.0,MICROSOFT,MSFT
2018-12-31 00:00:00-05:00,95.47079809898092,96.51702816318043,94.66963281145236,95.73471069335938,33173800,0.0,0.0,MICROSOFT,MSFT
2019-01-02 00:00:00-05:00,93.83073788618363,95.90434241328335,93.25578253082767,95.31053924560547,35329300,0.0,0.0,MICROSOFT,MSFT
2019-01-03 00:00:00-05:00,94.34913929536417,94.43397243198723,91.61574616756452,91.80426025390625,42579100,0.0,0.0,MICROSOFT,MSFT
2019-01-04 00:00:00-05:00,93.99098794722157,96.62070053460594,93.2463733701992,96.07402038574219,44060600,0.0,0.0,MICROSOFT,MSFT
2019-01-07 00:00:00-05:00,95.80067201050299,97.3370241670401,95.17859346034524,96.19654083251953,35656100,0.0,0.0,MICROSOFT,MSFT
2019-01-08 00:00:00-05:00,97.12024507479435,97.9968158895826,95.86665324022275,96.89403533935547,31514400,0.0,0.0,MICROSOFT,MSFT
2019-01-09 00:00:00-05:00,97.89312262065175,98.85451926869298,97.30873975391175,98.2795639038086,32280800,0.0,0.0,MICROSOFT,MSFT
2019-01-10 00:00:00-05:00,97.28989006850098,97.78943979107831,96.4981453226398,97.64805603027344,30067600,0.0,0.0,MICROSOFT,MSFT
2019-01-11 00:00:00-05:00,97.26162885609784,97.49726609457772,95.8006751010915,96.89403533935547,28314200,0.0,0.0,MICROSOFT,MSFT
2019-01-14 00:00:00-05:00,96.04574999281743,96.9600237253131,95.44251917384518,96.1871337890625,28437100,0.0,0.0,MICROSOFT,MSFT
2019-01-15 00:00:00-05:00,96.62067135063764,99.01474596360408,96.02686105444207,98.97704315185547,31587600,0.0,0.0,MICROSOFT,MSFT
2019-01-16 00:00:00-05:00,99.21271201317109,100.15526103463858,98.92994443029949,99.32581329345703,29853900,0.0,0.0,MICROSOFT,MSFT
2019-01-17 00:00:00-05:00,98.96763517748947,100.50398730621879,98.74142545344262,100.0232925415039,28393000,0.0,0.0,MICROSOFT,MSFT
2019-01-18 00:00:00-05:00,101.28631252307756,101.70103637540291,99.82536591879352,101.5219497680664,37427600,0.0,0.0,MICROSOFT,MSFT
2019-01-22 00:00:00-05:00,100.6170933017627,100.94698397273334,98.83567648744389,99.60856628417969,32371300,0.0,0.0,MICROSOFT,MSFT
2019-01-23 00:00:00-05:00,100.02329867171487,100.89044199293771,99.28810443911856,100.57939910888672,25874300,0.0,0.0,MICROSOFT,MSFT
2019-01-24 00:00:00-05:00,100.72077959539894,100.85273587078477,99.28810118967027,100.09869384765625,23164800,0.0,0.0,MICROSOFT,MSFT
2019-01-25 00:00:00-05:00,101.07894047565581,101.68217118713818,100.09868877172761,101.0129623413086,31225600,0.0,0.0,MICROSOFT,MSFT
2019-01-28 00:00:00-05:00,100.15525308868152,100.36261500752555,98.64717621219457,99.04304504394531,29476700,0.0,0.0,MICROSOFT,MSFT
2019-01-29 00:00:00-05:00,98.85451791407941,98.93935104746356,96.30021146805773,97.0259780883789,31490500,0.0,0.0,MICROSOFT,MSFT
2019-01-30 00:00:00-05:00,98.60948282533535,100.26836395263672,98.33614274171583,100.26836395263672,49471900,0.0,0.0,MICROSOFT,MSFT
2019-01-31 00:00:00-05:00,97.83659372427024,99.17501164199456,97.25221072772032,98.4303970336914,55636400,0.0,0.0,MICROSOFT,MSFT
2019-02-01 00:00:00-05:00,97.81771667911063,98.11933201784545,96.46987156109131,96.87516784667969,35535700,0.0,0.0,MICROSOFT,MSFT
2019-02-04 00:00:00-05:00,96.96000470573918,99.72167317849618,96.86574406601348,99.66511535644531,31315100,0.0,0.0,MICROSOFT,MSFT
2019-02-05 00:00:00-05:00,99.9667214439048,101.10720460635285,99.87246800398975,101.0600814819336,27325400,0.0,0.0,MICROSOFT,MSFT
2019-02-06 00:00:00-05:00,100.85271951257069,100.85271951257069,99.46717165467622,99.93844604492188,20609800,0.0,0.0,MICROSOFT,MSFT
2019-02-07 00:00:00-05:00,99.1467237435853,99.52373756080569,98.29842827268419,99.22212219238281,29760700,0.0,0.0,MICROSOFT,MSFT
2019-02-08 00:00:00-05:00,98.3926674248219,99.70280966513256,98.27013867114357,99.59912872314453,21461100,0.0,0.0,MICROSOFT,MSFT
2019-02-11 00:00:00-05:00,100.09868082286228,100.45685397322796,98.93934981267006,99.20326232910156,18914100,0.0,0.0,MICROSOFT,MSFT
2019-02-12 00:00:00-05:00,100.04213468590694,100.98468353894249,99.42005618226355,100.7490463256836,25056600,0.0,0.0,MICROSOFT,MSFT
2019-02-13 00:00:00-05:00,101.32400605722938,101.58791859685259,100.57939156839116,100.67364501953125,18394900,0.0,0.0,MICROSOFT,MSFT
2019-02-14 00:00:00-05:00,100.20236109397737,101.1260620863572,99.58971012398266,100.75846862792969,21784700,0.0,0.0,MICROSOFT,MSFT
2019-02-15 00:00:00-05:00,101.71044431467449,102.07803777086416,101.19203959898309,102.00263214111328,26606900,0.0,0.0,MICROSOFT,MSFT
2019-02-19 00:00:00-05:00,101.59733940393393,102.4173594760751,101.58791190211798,101.95550537109375,18038500,0.0,0.0,MICROSOFT,MSFT
2019-02-20 00:00:00-05:00,102.09748177536208,102.17320943567992,100.61136074511377,101.4254150390625,21607700,0.46,0.0,MICROSOFT,MSFT
2019-02-21 00:00:00-05:00,101.18877885013755,103.63094190896915,101.16038278090728,103.56468200683594,29063200,0.0,0.0,MICROSOFT,MSFT
2019-02-22 00:00:00-05:00,104.17048956254114,105.25904407293375,103.95277432738996,105.04133605957031,27763200,0.0,0.0,MICROSOFT,MSFT
2019-02-25 00:00:00-05:00,105.7891503603984,106.18670985034443,105.31586318995146,105.62822723388672,23750600,0.0,0.0,MICROSOFT,MSFT
2019-02-26 00:00:00-05:00,105.31584081345667,107.19005356600995,105.23064538554739,106.35707092285156,21536700,0.0,0.0,MICROSOFT,MSFT
2019-02-27 00:00:00-05:00,105.72287164692706,106.35707460932956,104.95614165631795,106.1772232055664,21487100,0.0,0.0,MICROSOFT,MSFT
2019-02-28 00:00:00-05:00,106.05416838613714,106.84928720383115,105.76073271129114,106.0447006225586,29083900,0.0,0.0,MICROSOFT,MSFT
2019-03-01 00:00:00-05:00,106.85874973718226,106.98180177052993,105.70392817790315,106.51798248291016,23501200,0.0,0.0,MICROSOFT,MSFT
2019-03-04 00:00:00-05:00,106.98181183943467,107.19952708085003,104.88042320269473,106.26242065429688,26608000,0.0,0.0,MICROSOFT,MSFT
2019-03-05 00:00:00-05:00,106.2529719975941,106.38549183036022,105.28746932718542,105.73235321044922,19538300,0.0,0.0,MICROSOFT,MSFT
2019-03-06 00:00:00-05:00,105.8932469481518,106.64104135222192,105.47675203404002,105.77965545654297,17687000,0.0,0.0,MICROSOFT,MSFT
2019-03-07 00:00:00-05:00,105.44837448754136,105.59036207154428,104.00011701864628,104.4923324584961,25339000,0.0,0.0,MICROSOFT,MSFT
2019-03-08 00:00:00-05:00,103.3280526701496,104.7952384824201,102.98728534897182,104.60592651367188,22818400,0.0,0.0,MICROSOFT,MSFT
2019-03-11 00:00:00-04:00,105.06027110792006,106.91555572049135,105.05081056536682,106.80197143554688,26491600,0.0,0.0,MICROSOFT,MSFT
2019-03-12 00:00:00-04:00,106.79250426831841,107.89999438344867,106.6315883825552,107.54976654052734,26132700,0.0,0.0,MICROSOFT,MSFT
2019-03-13 00:00:00-04:00,108.03252399775788,108.85604625185503,107.70122443178391,108.38275909423828,35513800,0.0,0.0,MICROSOFT,MSFT
2019-03-14 00:00:00-04:00,108.42063215625478,109.04536750212174,108.22185239976122,108.46795654296875,30763400,0.0,0.0,MICROSOFT,MSFT
2019-03-15 00:00:00-04:00,109.17787583311416,110.98583620491509,108.4679451111211,109.7174301147461,54681100,0.0,0.0,MICROSOFT,MSFT
2019-03-18 00:00:00-04:00,109.96350642422725,111.32657537673076,109.84992215937658,111.28871154785156,31207600,0.0,0.0,MICROSOFT,MSFT
2019-03-19 00:00:00-04:00,111.78095157225233,112.11225834268467,110.73972132431958,111.36446380615234,37588700,0.0,0.0,MICROSOFT,MSFT
2019-03-20 00:00:00-04:00,111.11834962082439,112.40569116687867,110.47467884779726,111.24140167236328,28113300,0.0,0.0,MICROSOFT,MSFT
2019-03-21 00:00:00-04:00,110.88169943563474,114.3650927247558,110.83436783767706,113.79714965820312,29854400,0.0,0.0,MICROSOFT,MSFT
2019-03-22 00:00:00-04:00,113.11561260223421,113.20080081053928,110.78704102532157,110.7965087890625,33624500,0.0,0.0,MICROSOFT,MSFT
2019-03-25 00:00:00-04:00,110.33267173790865,111.7052084780749,110.10549598228313,111.37390899658203,27067100,0.0,0.0,MICROSOFT,MSFT
2019-03-26 00:00:00-04:00,112.28264733833778,112.36783555984461,110.60720676414839,111.61058044433594,26097700,0.0,0.0,MICROSOFT,MSFT
2019-03-27 00:00:00-04:00,111.58216924062664,111.89454047425757,109.34825344788942,110.5314712524414,22733400,0.0,0.0,MICROSOFT,MSFT
2019-03-28 00:00:00-04:00,111.16568489384048,111.29820471427179,109.92566768582093,110.68292999267578,18334800,0.0,0.0,MICROSOFT,MSFT
2019-03-29 00:00:00-04:00,111.7620138363111,111.99865738277757,110.71131591225696,111.63896179199219,25399800,0.0,0.0,MICROSOFT,MSFT
2019-04-01 00:00:00-04:00,112.59499497957994,112.74645031370456,111.79040837695935,112.6612548828125,22789100,0.0,0.0,MICROSOFT,MSFT
2019-04-02 00:00:00-04:00,112.69913767532418,113.09670438338867,112.18798666934615,112.82219696044922,18142300,0.0,0.0,MICROSOFT,MSFT
2019-04-03 00:00:00-04:00,113.45638498755211,113.99593199647461,112.7843181674408,113.56050872802734,22860700,0.0,0.0,MICROSOFT,MSFT
2019-04-04 00:00:00-04:00,113.68357147727464,113.80663075766917,112.05546253306896,112.98310852050781,20112800,0.0,0.0,MICROSOFT,MSFT
2019-04-05 00:00:00-04:00,113.0114998592496,113.80662598971213,112.99257155171432,113.48478698730469,15826200,0.0,0.0,MICROSOFT,MSFT
2019-04-08 00:00:00-04:00,113.40904491741648,113.60782461935186,112.30155491158185,113.52263641357422,15116200,0.0,0.0,MICROSOFT,MSFT
2019-04-09 00:00:00-04:00,112.29209683519218,113.15348283967529,112.24477245738458,112.9073715209961,17612000,0.0,0.0,MICROSOFT,MSFT
2019-04-10 00:00:00-04:00,113.36173346741869,113.92020880484085,113.15348597828218,113.76876068115234,16477200,0.0,0.0,MICROSOFT,MSFT
2019-04-11 00:00:00-04:00,114.10006299358555,114.39349870533897,113.5131843482902,113.90128326416016,14209100,0.0,0.0,MICROSOFT,MSFT
2019-04-12 00:00:00-04:00,114.19471584658072,114.5165548438227,113.93914397911978,114.48815155029297,19745100,0.0,0.0,MICROSOFT,MSFT
2019-04-15 00:00:00-04:00,114.47869333127917,115.08450028002028,114.12845825518666,114.58281707763672,15792600,0.0,0.0,MICROSOFT,MSFT
2019-04-16 00:00:00-04:00,115.14130181433144,115.15076957980563,113.68357646823802,114.31777954101562,14071800,0.0,0.0,MICROSOFT,MSFT
2019-04-17 00:00:00-04:00,114.76266006463176,115.34007093495902,114.10006097825051,115.26434326171875,19300900,0.0,0.0,MICROSOFT,MSFT
2019-04-18 00:00:00-04:00,115.6619192641769,116.92085762984235,114.81946869134835,116.77887725830078,27991000,0.0,0.0,MICROSOFT,MSFT
2019-04-22 00:00:00-04:00,116.0689466160803,117.37521658794076,116.02161501099859,117.14804077148438,15648700,0.0,0.0,MICROSOFT,MSFT
2019-04-23 00:00:00-04:00,117.46988304184275,118.87081634867738,117.21431112828374,118.73829650878906,24025500,0.0,0.0,MICROSOFT,MSFT
2019-04-24 00:00:00-04:00,119.06956448246534,119.1263566211073,117.86741125476686,118.33123779296875,31257000,0.0,0.0,MICROSOFT,MSFT
2019-04-25 00:00:00-04:00,123.1114394030501,124.35144930678933,121.94715716931627,122.25005340576172,38033900,0.0,0.0,MICROSOFT,MSFT
2019-04-26 00:00:00-04:00,122.77067196585989,123.54686974982312,122.12700843693288,122.95052337646484,23654900,0.0,0.0,MICROSOFT,MSFT
2019-04-29 00:00:00-04:00,122.95998941105947,123.22502904581795,122.4393851279404,122.83694458007812,16324200,0.0,0.0,MICROSOFT,MSFT
2019-04-30 00:00:00-04:00,122.87478744839477,123.71723785968062,122.47722804073376,123.62258911132812,24166500,0.0,0.0,MICROSOFT,MSFT
2019-05-01 00:00:00-04:00,123.55635138173191,123.66993568420617,120.87754418094461,121.04792785644531,26821700,0.0,0.0,MICROSOFT,MSFT
2019-05-02 00:00:00-04:00,121.14258073418229,121.16150904238313,118.81400162709993,119.4671401977539,27350200,0.0,0.0,MICROSOFT,MSFT
2019-05-03 00:00:00-04:00,120.5556719017537,122.51507267973149,120.45154817823781,122.01338958740234,24911100,0.0,0.0,MICROSOFT,MSFT
2019-05-06 00:00:00-04:00,119.63753165622704,121.69159626485786,119.37249199340876,121.30349731445312,24239800,0.0,0.0,MICROSOFT,MSFT
2019-05-07 00:00:00-04:00,119.70378514393703,120.38531979560857,117.5834607334613,118.81400299072266,36017700,0.0,0.0,MICROSOFT,MSFT
2019-05-08 00:00:00-04:00,118.7382750041655,119.61858933644162,118.08513646744146,118.80453491210938,28419000,0.0,0.0,MICROSOFT,MSFT
2019-05-09 00:00:00-04:00,117.64970531663671,119.06956658202438,116.96817075376458,118.79505920410156,27235800,0.0,0.0,MICROSOFT,MSFT
2019-05-10 00:00:00-04:00,118.23659340248687,121.09524446881002,117.20482371144101,120.33798217773438,30915100,0.0,0.0,MICROSOFT,MSFT
2019-05-13 00:00:00-04:00,117.47934728384557,118.84241670670916,116.4665129826315,116.75994873046875,33944900,0.0,0.0,MICROSOFT,MSFT
2019-05-14 00:00:00-04:00,117.25214588651184,119.15475478229729,117.09122278788821,118.06620025634766,25266300,0.0,0.0,MICROSOFT,MSFT
2019-05-15 00:00:00-04:00,118.05671138603171,120.38439992331489,117.52466270007939,119.72884368896484,24722700,0.46,0.0,MICROSOFT,MSFT
2019-05-16 00:00:00-04:00,120.42242002124135,122.92113049584461,120.14689645472318,122.49358367919922,30112200,0.0,0.0,MICROSOFT,MSFT
2019-05-17 00:00:00-04:00,121.90452314610046,123.94719983396861,121.53399325344223,121.676513671875,25770500,0.0,0.0,MICROSOFT,MSFT
2019-05-20 00:00:00-04:00,120.20387282833684,121.22045606146688,119.4818187224735,119.91885375976562,23706900,0.0,0.0,MICROSOFT,MSFT
2019-05-21 00:00:00-04:00,121.06844345458957,121.16344980772996,120.26087858011599,120.56490325927734,15293300,0.0,0.0,MICROSOFT,MSFT
2019-05-22 00:00:00-04:00,120.2988929750605,121.83802212371815,120.20387936518279,121.29647064208984,15396500,0.0,0.0,MICROSOFT,MSFT
2019-05-23 00:00:00-04:00,119.89984248714526,119.98535327764975,118.51272945629914,119.88084411621094,23603800,0.0,0.0,MICROSOFT,MSFT
2019-05-24 00:00:00-04:00,120.57440875425706,121.05894334061941,119.68133306810486,119.93785095214844,14123400,0.0,0.0,MICROSOFT,MSFT
2019-05-28 00:00:00-04:00,120.64091061315588,121.60998700777526,119.75733776136171,119.86184692382812,23128400,0.0,0.0,MICROSOFT,MSFT
2019-05-29 00:00:00-04:00,119.12080353185888,119.13030634355859,117.84770220791602,118.70277404785156,22763100,0.0,0.0,MICROSOFT,MSFT
2019-05-30 00:00:00-04:00,119.00677789414567,119.48181691643755,118.55073724339657,119.45331573486328,16829600,0.0,0.0,MICROSOFT,MSFT
2019-05-31 00:00:00-04:00,118.02818388102148,118.3987136921063,117.16360948947732,117.5056381225586,26646800,0.0,0.0,MICROSOFT,MSFT
2019-06-03 00:00:00-04:00,117.66717621155017,118.16122090361536,113.06880149237054,113.85736083984375,37983600,0.0,0.0,MICROSOFT,MSFT
2019-06-04 00:00:00-04:00,115.22547565507973,117.12563193500789,114.62692903636992,117.01162719726562,29382600,0.0,0.0,MICROSOFT,MSFT
2019-06-05 00:00:00-04:00,118.71226640129802,119.58634384099976,118.00921057348086,119.54833984375,24926100,0.0,0.0,MICROSOFT,MSFT
2019-06-06 00:00:00-04:00,120.12786741234844,121.58148562613803,119.32979810469685,121.43897247314453,21459000,0.0,0.0,MICROSOFT,MSFT
2019-06-07 00:00:00-04:00,122.74059876924531,125.64783559466895,121.85701854947496,124.84026336669922,33885600,0.0,0.0,MICROSOFT,MSFT
2019-06-10 00:00:00-04:00,125.7903271028369,127.3864657536452,125.41030168442754,125.98035430908203,26477100,0.0,0.0,MICROSOFT,MSFT
2019-06-11 00:00:00-04:00,127.19644001282809,127.53846865317095,124.72623155512532,125.50530242919922,23913700,0.0,0.0,MICROSOFT,MSFT
2019-06-12 00:00:00-04:00,124.84025557451625,125.38180704590272,124.18471386810697,124.92577362060547,17092500,0.0,0.0,MICROSOFT,MSFT
2019-06-13 00:00:00-04:00,125.3913178602064,126.36040169175126,124.99228675240391,125.71435546875,17200800,0.0,0.0,MICROSOFT,MSFT
2019-06-14 00:00:00-04:00,125.65735054057446,127.11096917751475,125.06830663455911,125.8378677368164,17821700,0.0,0.0,MICROSOFT,MSFT
2019-06-17 00:00:00-04:00,126.00884667561904,127.05392375165628,125.91383307914319,126.21786499023438,14517800,0.0,0.0,MICROSOFT,MSFT
2019-06-18 00:00:00-04:00,127.49102046547384,128.48860566649444,126.90197650738642,128.41259765625,25934500,0.0,0.0,MICROSOFT,MSFT
2019-06-19 00:00:00-04:00,128.26053575002982,129.1441013710617,127.12994055981788,128.9160919189453,23744400,0.0,0.0,MICROSOFT,MSFT
2019-06-20 00:00:00-04:00,130.58825936458547,130.78778218617649,128.9446279656516,130.11322021484375,33042600,0.0,0.0,MICROSOFT,MSFT
2019-06-21 00:00:00-04:00,129.7616418282942,130.85422561874483,129.64763711890132,130.13217163085938,36727900,0.0,0.0,MICROSOFT,MSFT
2019-06-24 00:00:00-04:00,130.16074964976107,131.49085370137783,130.16074964976107,130.9018096923828,20628800,0.0,0.0,MICROSOFT,MSFT
2019-06-25 00:00:00-04:00,130.39822639867856,130.7212494911593,126.10386909125886,126.7689208984375,33327400,0.0,0.0,MICROSOFT,MSFT
2019-06-26 00:00:00-04:00,127.64300309318139,128.9636111194714,126.93044449272904,127.24395751953125,23657700,0.0,0.0,MICROSOFT,MSFT
2019-06-27 00:00:00-04:00,127.44346922113648,127.98502066895541,126.8449154097662,127.45296478271484,16557500,0.0,0.0,MICROSOFT,MSFT
2019-06-28 00:00:00-04:00,127.85200145910484,127.88050263890484,126.51238802034635,127.27245330810547,30043000,0.0,0.0,MICROSOFT,MSFT
2019-07-01 00:00:00-04:00,129.80914072703476,129.87563863778965,128.23200802351937,128.90655517578125,22613500,0.0,0.0,MICROSOFT,MSFT
2019-07-02 00:00:00-04:00,129.32463065433086,129.77116853601524,128.58357087133166,129.7616729736328,15237800,0.0,0.0,MICROSOFT,MSFT
2019-07-03 00:00:00-04:00,129.97067756408046,130.86375323291094,129.48612849007569,130.5977325439453,13629300,0.0,0.0,MICROSOFT,MSFT
2019-07-05 00:00:00-04:00,129.15362948493672,130.47423756887667,128.94461112658283,130.21771240234375,18141100,0.0,0.0,MICROSOFT,MSFT
2019-07-08 00:00:00-04:00,129.5906248416915,130.25569099539555,128.61204572609006,130.1226806640625,16779700,0.0,0.0,MICROSOFT,MSFT
2019-07-09 00:00:00-04:00,129.21061701257614,130.13219389662027,129.02060429873052,129.6476593017578,19953100,0.0,0.0,MICROSOFT,MSFT
2019-07-10 00:00:00-04:00,130.28418920098838,131.6617992791553,130.1796800503943,130.96824645996094,24204400,0.0,0.0,MICROSOFT,MSFT
2019-07-11 00:00:00-04:00,131.30078623580434,132.26986992535143,130.98725873339083,131.4907989501953,22327900,0.0,0.0,MICROSOFT,MSFT
2019-07-12 00:00:00-04:00,131.91834326634051,132.18436396103104,131.12026668522833,131.96583557128906,18936800,0.0,0.0,MICROSOFT,MSFT
2019-07-15 00:00:00-04:00,132.47888583750694,132.57388494444464,131.54781340609009,131.96583557128906,16651500,0.0,0.0,MICROSOFT,MSFT
2019-07-16 00:00:00-04:00,132.02286108793476,132.1083646388969,129.70466817046238,130.23670959472656,22726100,0.0,0.0,MICROSOFT,MSFT
2019-07-17 00:00:00-04:00,130.82576798182419,131.04428191323078,129.4196562755335,129.4671630859375,20211000,0.0,0.0,MICROSOFT,MSFT
2019-07-18 00:00:00-04:00,128.7830863694148,129.79966237439066,127.94701302174049,129.60964965820312,30381800,0.0,0.0,MICROSOFT,MSFT
2019-07-19 00:00:00-04:00,133.21995436926912,133.64748662136756,129.63815581858532,129.79966735839844,48992400,0.0,0.0,MICROSOFT,MSFT
2019-07-22 00:00:00-04:00,130.5502180128266,132.24135564841822,130.4742100351884,131.519287109375,25074900,0.0,0.0,MICROSOFT,MSFT
2019-07-23 00:00:00-04:00,132.78293320835832,133.00146164736236,131.1393018677079,132.33639526367188,18034600,0.0,0.0,MICROSOFT,MSFT
2019-07-24 00:00:00-04:00,131.965827894698,133.7139824257388,131.9183355925121,133.69497680664062,20738300,0.0,0.0,MICROSOFT,MSFT
2019-07-25 00:00:00-04:00,133.4195073484778,133.59052900483178,132.36493420532165,133.19149780273438,18356900,0.0,0.0,MICROSOFT,MSFT
2019-07-26 00:00:00-04:00,133.36246539233426,134.60706545038903,133.29596746023836,134.28404235839844,19037600,0.0,0.0,MICROSOFT,MSFT
2019-07-29 00:00:00-04:00,134.4360704014112,134.4455659648361,132.41239911956578,133.98953247070312,16605900,0.0,0.0,MICROSOFT,MSFT
2019-07-30 00:00:00-04:00,133.1439373138598,134.17002334724836,132.82091425623022,133.3434600830078,16846500,0.0,0.0,MICROSOFT,MSFT
2019-07-31 00:00:00-04:00,133.32447833923416,133.47649433370967,128.33656768472093,129.4671630859375,38598800,0.0,0.0,MICROSOFT,MSFT
2019-08-01 00:00:00-04:00,130.1607202776335,133.90403090295518,130.09420784153843,131.1678009033203,40557500,0.0,0.0,MICROSOFT,MSFT
2019-08-02 00:00:00-04:00,131.19628437148103,131.41481277738404,128.50756154690822,130.06568908691406,30791600,0.0,0.0,MICROSOFT,MSFT
2019-08-05 00:00:00-04:00,126.64539903525628,127.2439383112947,124.25119843998361,125.60981750488281,42749600,0.0,0.0,MICROSOFT,MSFT
2019-08-06 00:00:00-04:00,127.12044976701189,128.90658669610247,126.55990718014414,127.96601867675781,32696700,0.0,0.0,MICROSOFT,MSFT
2019-08-07 00:00:00-04:00,127.11095903975027,128.8781051139015,125.24881384155242,128.52658081054688,33414500,0.0,0.0,MICROSOFT,MSFT
2019-08-08 00:00:00-04:00,129.78064215481103,132.05132767222696,129.14407722788255,131.95631408691406,27496500,0.0,0.0,MICROSOFT,MSFT
2019-08-09 00:00:00-04:00,131.69037670995576,132.42194118771454,129.64771380752887,130.83531188964844,23466700,0.0,0.0,MICROSOFT,MSFT
2019-08-12 00:00:00-04:00,130.2272063913782,130.97776167863137,128.48856180528975,129.01109313964844,20484300,0.0,0.0,MICROSOFT,MSFT
2019-08-13 00:00:00-04:00,129.2581148500338,131.8708293510571,128.2605300502351,131.68081665039062,25154600,0.0,0.0,MICROSOFT,MSFT
2019-08-14 00:00:00-04:00,129.9840599300535,130.51787304160467,127.41983701284416,127.71533966064453,32527300,0.46,0.0,MICROSOFT,MSFT
2019-08-15 00:00:00-04:00,128.10617519766632,128.28729348144725,126.06623816382242,127.42936706542969,28074400,0.0,0.0,MICROSOFT,MSFT
2019-08-16 00:00:00-04:00,128.57324886595762,130.07937254091865,128.42072669867474,129.76480102539062,24449100,0.0,0.0,MICROSOFT,MSFT
2019-08-19 00:00:00-04:00,131.40437362295242,132.07163990114665,130.4892551947761,131.9381866455078,24355700,0.0,0.0,MICROSOFT,MSFT
2019-08-20 00:00:00-04:00,131.74754070692438,132.22416155312575,130.8228951016686,130.84194946289062,21170800,0.0,0.0,MICROSOFT,MSFT
2019-08-21 00:00:00-04:00,132.07163109746418,132.96768055930175,131.54734529050464,132.30039978027344,14970300,0.0,0.0,MICROSOFT,MSFT
2019-08-22 00:00:00-04:00,132.17656529960516,132.69130968126413,129.91737142287363,131.33770751953125,18697000,0.0,0.0,MICROSOFT,MSFT
2019-08-23 00:00:00-04:00,130.77524534626008,131.88100932916916,126.59051441080868,127.15292358398438,38508600,0.0,0.0,MICROSOFT,MSFT
2019-08-26 00:00:00-04:00,128.67810934665607,129.22144958176557,127.63906478247331,129.11659240722656,20312600,0.0,0.0,MICROSOFT,MSFT
2019-08-27 00:00:00-04:00,130.01268318210114,130.3272548054051,128.36357850113143,129.39308166503906,23102100,0.0,0.0,MICROSOFT,MSFT
2019-08-28 00:00:00-04:00,128.57325338987627,129.41209624881841,127.30544010219316,129.22145080566406,17393300,0.0,0.0,MICROSOFT,MSFT
2019-08-29 00:00:00-04:00,130.83242751301614,131.96678749957786,130.50832881551696,131.6617431640625,20168700,0.0,0.0,MICROSOFT,MSFT
2019-08-30 00:00:00-04:00,132.64358538534708,132.67218147458644,129.89825900116304,131.41390991210938,23940100,0.0,0.0,MICROSOFT,MSFT
2019-09-03 00:00:00-04:00,130.22237095472542,130.78478016072393,129.35491737206007,129.67901611328125,18869300,0.0,0.0,MICROSOFT,MSFT
2019-09-04 00:00:00-04:00,130.88008487391306,131.2518485453146,130.09841971873806,131.1946563720703,17995900,0.0,0.0,MICROSOFT,MSFT
2019-09-05 00:00:00-04:00,132.60543073093456,133.81605155503712,132.27179037501833,133.50148010253906,26101800,0.0,0.0,MICROSOFT,MSFT
2019-09-06 00:00:00-04:00,133.48245520512532,133.62543566462008,131.73802087270732,132.595947265625,20824500,0.0,0.0,MICROSOFT,MSFT
2019-09-09 00:00:00-04:00,133.06303163551658,133.21555382845025,130.07939441732992,131.08982849121094,25773900,0.0,0.0,MICROSOFT,MSFT
2019-09-10 00:00:00-04:00,130.40349843654968,130.48928671904682,128.2205662797834,129.7171630859375,28903400,0.0,0.0,MICROSOFT,MSFT
2019-09-11 00:00:00-04:00,129.55507642188107,129.89824399843394,128.77341128544433,129.7552490234375,24726100,0.0,0.0,MICROSOFT,MSFT
2019-09-12 00:00:00-04:00,131.4044000596428,131.94774037215828,130.47021253691173,131.08982849121094,27010000,0.0,0.0,MICROSOFT,MSFT
2019-09-13 00:00:00-04:00,131.33763769112574,131.60454419827528,130.18422340208244,130.89915466308594,23363100,0.0,0.0,MICROSOFT,MSFT
2019-09-16 00:00:00-04:00,129.47885388561392,130.30816971526124,129.31680450196546,129.95547485351562,16731400,0.0,0.0,MICROSOFT,MSFT
2019-09-17 00:00:00-04:00,130.55597917245598,131.08979215443935,130.05074773024364,130.9658660888672,17814200,0.0,0.0,MICROSOFT,MSFT
2019-09-18 00:00:00-04:00,130.93729630632254,132.18604075687566,130.1461038543373,132.04306030273438,23982100,0.0,0.0,MICROSOFT,MSFT
2019-09-19 00:00:00-04:00,133.73980054813092,135.71300311366934,133.52055905091834,134.4738006591797,35772100,0.0,0.0,MICROSOFT,MSFT
2019-09-20 00:00:00-04:00,134.41662606433817,135.0267002575941,131.78568383316883,132.9200439453125,39167300,0.0,0.0,MICROSOFT,MSFT
2019-09-23 00:00:00-04:00,132.7198367233309,133.10114212737344,131.96678218648202,132.63404846191406,17139300,0.0,0.0,MICROSOFT,MSFT
2019-09-24 00:00:00-04:00,133.79701628354803,134.11158781511847,130.47973897520154,130.95635986328125,29773200,0.0,0.0,MICROSOFT,MSFT
2019-09-25 00:00:00-04:00,131.07078026216078,133.41576207624607,129.66951330227798,132.84381103515625,21382000,0.0,0.0,MICROSOFT,MSFT
2019-09-26 00:00:00-04:00,132.9200348918742,133.62542449349948,131.9667931207567,133.01535034179688,17456600,0.0,0.0,MICROSOFT,MSFT
2019-09-27 00:00:00-04:00,133.59686782506915,133.7970550560127,130.26052064168573,131.29002380371094,22477700,0.0,0.0,MICROSOFT,MSFT
2019-09-30 00:00:00-04:00,131.595032437778,132.71032359019307,131.33765308096974,132.52920532226562,17280900,0.0,0.0,MICROSOFT,MSFT
2019-10-01 00:00:00-04:00,133.12978197517242,133.69219126752472,130.59415474973895,130.660888671875,21466600,0.0,0.0,MICROSOFT,MSFT
2019-10-02 00:00:00-04:00,129.8792429407841,129.9936273442843,127.33408814565826,128.3540496826172,30521700,0.0,0.0,MICROSOFT,MSFT
2019-10-03 00:00:00-04:00,128.64002312985585,130.35586188086185,126.99091831001262,129.9078369140625,24132900,0.0,0.0,MICROSOFT,MSFT
2019-10-04 00:00:00-04:00,130.35580664775927,131.78566924352992,130.041235131252,131.6617431640625,22897700,0.0,0.0,MICROSOFT,MSFT
2019-10-07 00:00:00-04:00,130.72758026128446,131.7189453363115,130.61319589944324,130.70851135253906,15303700,0.0,0.0,MICROSOFT,MSFT
2019-10-08 00:00:00-04:00,130.67036817344695,131.31856551888535,129.2786289533683,129.3262939453125,25550500,0.0,0.0,MICROSOFT,MSFT
2019-10-09 00:00:00-04:00,131.03258059529887,132.21459072469844,130.56548703252312,131.77610778808594,19749900,0.0,0.0,MICROSOFT,MSFT
2019-10-10 00:00:00-04:00,132.014469154819,133.1392875570215,131.785685874311,132.595947265625,17654600,0.0,0.0,MICROSOFT,MSFT
2019-10-11 00:00:00-04:00,133.5682018040933,134.43565510853733,132.97719669550193,133.14877319335938,25446000,0.0,0.0,MICROSOFT,MSFT
2019-10-14 00:00:00-04:00,133.15830979791122,133.73024598075665,132.9962604855061,133.0248565673828,13304300,0.0,0.0,MICROSOFT,MSFT
2019-10-15 00:00:00-04:00,133.51105021980408,135.16015453570904,133.2727397590247,134.95045471191406,19695700,0.0,0.0,MICROSOFT,MSFT
2019-10-16 00:00:00-04:00,134.2069180690024,134.39757808151683,133.00583853487203,133.84469604492188,20751600,0.0,0.0,MICROSOFT,MSFT
2019-10-17 00:00:00-04:00,134.35945059821856,134.8074754805274,132.51970060750537,133.1583709716797,21460600,0.0,0.0,MICROSOFT,MSFT
2019-10-18 00:00:00-04:00,133.22506426163343,133.45384752227076,130.17469351304456,130.98495483398438,32273500,0.0,0.0,MICROSOFT,MSFT
2019-10-21 00:00:00-04:00,131.97631378021512,132.02397877547853,130.60364337038945,131.95724487304688,20078200,0.0,0.0,MICROSOFT,MSFT
2019-10-22 00:00:00-04:00,132.47197938060344,133.46334419276712,129.88868837990344,129.99354553222656,27431000,0.0,0.0,MICROSOFT,MSFT
2019-10-23 00:00:00-04:00,130.479754091942,131.02309440373767,129.26913282327467,130.8229217529297,29844600,0.0,0.0,MICROSOFT,MSFT
2019-10-24 00:00:00-04:00,132.8723967501127,133.85423480918533,132.1860613725624,133.3966827392578,37029300,0.0,0.0,MICROSOFT,MSFT
2019-10-25 00:00:00-04:00,132.82469856263688,134.5405365778884,132.691245302857,134.1497039794922,25959700,0.0,0.0,MICROSOFT,MSFT
2019-10-28 00:00:00-04:00,137.648063800642,138.858684552109,136.79967946582906,137.44789123535156,35280100,0.0,0.0,MICROSOFT,MSFT
2019-10-29 00:00:00-04:00,137.34310273772414,137.7434626137238,135.97995917735867,136.15155029296875,20589500,0.0,0.0,MICROSOFT,MSFT
2019-10-30 00:00:00-04:00,136.80931248055572,138.22010673871637,136.11343526365428,137.8483428955078,18496600,0.0,0.0,MICROSOFT,MSFT
2019-10-31 00:00:00-04:00,138.12476468805932,138.15336078540815,136.3040834604672,136.6663055419922,24605100,0.0,0.0,MICROSOFT,MSFT
2019-11-01 00:00:00-04:00,137.51471386798102,137.6672361101176,136.28503783589323,136.99996948242188,33128400,0.0,0.0,MICROSOFT,MSFT
2019-11-04 00:00:00-05:00,138.0580137221356,138.22006308514236,137.4193434519387,137.79110717773438,16912000,0.0,0.0,MICROSOFT,MSFT
2019-11-05 00:00:00-05:00,138.1914244285345,138.2390894136349,137.18099074377628,137.7052764892578,18250200,0.0,0.0,MICROSOFT,MSFT
2019-11-06 00:00:00-05:00,137.6195077442453,137.76250273492258,136.50421663447403,137.32400512695312,16575800,0.0,0.0,MICROSOFT,MSFT
2019-11-07 00:00:00-05:00,137.11430386574133,138.10568353260678,137.04758449997485,137.51466369628906,17786700,0.0,0.0,MICROSOFT,MSFT
2019-11-08 00:00:00-05:00,137.2477484016639,139.16377370228574,137.03803404492604,139.1351776123047,16732700,0.0,0.0,MICROSOFT,MSFT
2019-11-11 00:00:00-05:00,138.54416742510568,139.5736703717908,137.96268931295901,139.27816772460938,14362600,0.0,0.0,MICROSOFT,MSFT
2019-11-12 00:00:00-05:00,139.4402138891118,140.66990399660273,139.23049952264537,140.1932830810547,18641600,0.0,0.0,MICROSOFT,MSFT
2019-11-13 00:00:00-05:00,139.8787178009549,140.56505311373206,139.44022013905743,140.42205810546875,16919200,0.0,0.0,MICROSOFT,MSFT
2019-11-14 00:00:00-05:00,140.14559792877338,141.4706033016606,140.12652902220492,141.136962890625,19729800,0.0,0.0,MICROSOFT,MSFT
2019-11-15 00:00:00-05:00,141.96629251418054,142.97674102759015,141.33716398849992,142.95767211914062,23485700,0.0,0.0,MICROSOFT,MSFT
2019-11-18 00:00:00-05:00,143.05301419643726,143.51056622065704,142.01396950526708,143.3103790283203,21534000,0.0,0.0,MICROSOFT,MSFT
2019-11-19 00:00:00-05:00,143.8251259400095,144.25408183647718,143.17691395919906,143.3580322265625,23935700,0.0,0.0,MICROSOFT,MSFT
2019-11-20 00:00:00-05:00,143.76930643105737,144.2762424841906,141.9998173420401,143.1093292236328,25696800,0.51,0.0,MICROSOFT,MSFT
2019-11-21 00:00:00-05:00,142.8989127663157,143.28151568278403,142.0380817451776,142.97543334960938,18576100,0.0,0.0,MICROSOFT,MSFT
2019-11-22 00:00:00-05:00,143.5397661851097,143.7597537332092,142.3441594750777,143.0806427001953,15901800,0.0,0.0,MICROSOFT,MSFT
2019-11-25 00:00:00-05:00,143.47280382855067,144.76406490093095,143.3962832484651,144.64927673339844,22420900,0.0,0.0,MICROSOFT,MSFT
2019-11-26 00:00:00-05:00,144.77366140247776,145.7875338061279,144.73540840008866,145.4145050048828,24620100,0.0,0.0,MICROSOFT,MSFT
2019-11-27 00:00:00-05:00,145.7014236135984,145.86402438120362,144.92667277008735,145.69186401367188,15184400,0.0,0.0,MICROSOFT,MSFT
2019-11-29 00:00:00-05:00,145.48145640057842,145.67275058952237,144.69713125265372,144.79278564453125,11977300,0.0,0.0,MICROSOFT,MSFT
2019-12-02 00:00:00-05:00,145.20404058166622,145.22317437546727,141.86591600639764,143.04238891601562,27418400,0.0,0.0,MICROSOFT,MSFT
2019-12-03 00:00:00-05:00,141.07206996423488,142.92763981549896,140.26861094786744,142.8128662109375,24066000,0.0,0.0,MICROSOFT,MSFT
2019-12-04 00:00:00-05:00,143.6066894759497,143.64494246280293,142.70759103943428,143.32931518554688,17574700,0.0,0.0,MICROSOFT,MSFT
2019-12-05 00:00:00-05:00,143.5206261763575,143.7788813010876,142.97542253468367,143.4058380126953,17869100,0.0,0.0,MICROSOFT,MSFT
2019-12-06 00:00:00-05:00,144.41975897275177,145.26145633533474,143.73108820666758,145.1466827392578,16403500,0.0,0.0,MICROSOFT,MSFT
2019-12-09 00:00:00-05:00,144.4962615101327,145.5866543210267,144.34322033794876,144.7736358642578,16687400,0.0,0.0,MICROSOFT,MSFT
2019-12-10 00:00:00-05:00,144.70664593152895,145.28054291501272,144.19970992053445,144.55361938476562,16476100,0.0,0.0,MICROSOFT,MSFT
2019-12-11 00:00:00-05:00,144.94580525384234,145.26144721805406,143.78846597987646,145.09884643554688,18856600,0.0,0.0,MICROSOFT,MSFT
2019-12-12 00:00:00-05:00,145.05103049310748,146.76314783225894,144.44845450997263,146.5718536376953,24612100,0.0,0.0,MICROSOFT,MSFT
2019-12-13 00:00:00-05:00,146.34225790977595,148.15001462957497,146.17965715236429,147.80567932128906,23845400,0.0,0.0,MICROSOFT,MSFT
2019-12-16 00:00:00-05:00,148.36045438781548,149.11607144946717,148.08308003715604,148.76217651367188,24144200,0.0,0.0,MICROSOFT,MSFT
2019-12-17 00:00:00-05:00,148.685694607632,148.93439022272162,147.7292089368273,147.95877075195312,25425600,0.0,0.0,MICROSOFT,MSFT
2019-12-18 00:00:00-05:00,147.58570253599459,148.71434832081735,147.47091436166016,147.65264892578125,24129200,0.0,0.0,MICROSOFT,MSFT
2019-12-19 00:00:00-05:00,147.29876013892152,148.9917434816104,147.05963877505963,148.93435668945312,24958900,0.0,0.0,MICROSOFT,MSFT
2019-12-20 00:00:00-05:00,150.5029922361693,151.5933850714681,149.48910539386532,150.5603790283203,53477500,0.0,0.0,MICROSOFT,MSFT
2019-12-23 00:00:00-05:00,151.23947552852047,151.23947552852047,150.42647164836467,150.5603790283203,17718200,0.0,0.0,MICROSOFT,MSFT
2019-12-24 00:00:00-05:00,150.62731702941406,150.8473191801497,150.28298170088112,150.53167724609375,8989200,0.0,0.0,MICROSOFT,MSFT
2019-12-26 00:00:00-05:00,150.70381893995093,151.82290497032002,150.55077779183026,151.76551818847656,14520600,0.0,0.0,MICROSOFT,MSFT
2019-12-27 00:00:00-05:00,152.51162208248954,152.60727647795665,151.33514891126455,152.04295349121094,18412800,0.0,0.0,MICROSOFT,MSFT
2019-12-30 00:00:00-05:00,152.07161698567018,152.10031037970538,149.9099506696276,150.73252868652344,16348400,0.0,0.0,MICROSOFT,MSFT
2019-12-31 00:00:00-05:00,149.94825916609403,150.9047448143657,149.642176753137,150.83778381347656,18369400,0.0,0.0,MICROSOFT,MSFT
2020-01-02 00:00:00-05:00,151.87076176619155,153.7359055138177,151.44034622363324,153.6306915283203,22622100,0.0,0.0,MICROSOFT,MSFT
2020-01-03 00:00:00-05:00,151.43077845265967,152.9898397602438,151.1820829031878,151.71771240234375,21116200,0.0,0.0,MICROSOFT,MSFT
2020-01-06 00:00:00-05:00,150.24468963367391,152.17679372991023,149.6994860907794,152.10983276367188,20813700,0.0,0.0,MICROSOFT,MSFT
2020-01-07 00:00:00-05:00,152.38728202382745,152.72204320327285,150.47431095907328,150.72299194335938,21634100,0.0,0.0,MICROSOFT,MSFT
2020-01-08 00:00:00-05:00,152.01423732746466,153.80287518185904,151.07688560046918,153.12376403808594,27746500,0.0,0.0,MICROSOFT,MSFT
2020-01-09 00:00:00-05:00,154.79759130008847,155.16106041694903,154.0228404729352,155.03671264648438,21385000,0.0,0.0,MICROSOFT,MSFT
2020-01-10 00:00:00-05:00,155.73496009896448,156.11754842169302,154.16631002927403,154.31935119628906,20725900,0.0,0.0,MICROSOFT,MSFT
2020-01-13 00:00:00-05:00,154.72112540644508,156.2036811970937,154.24288254461098,156.17498779296875,21626500,0.0,0.0,MICROSOFT,MSFT
2020-01-14 00:00:00-05:00,156.28014803246054,156.4810163870329,154.68281917493167,155.07498168945312,23477400,0.0,0.0,MICROSOFT,MSFT
2020-01-15 00:00:00-05:00,155.54365516506283,156.8062229317491,155.49584256965358,156.07928466796875,21417900,0.0,0.0,MICROSOFT,MSFT
2020-01-16 00:00:00-05:00,157.19839770552304,159.0061547160705,156.89231534012578,158.93919372558594,23865400,0.0,0.0,MICROSOFT,MSFT
2020-01-17 00:00:00-05:00,160.13480312697885,160.18263032167818,158.23139169850742,159.8287353515625,34371700,0.0,0.0,MICROSOFT,MSFT
2020-01-21 00:00:00-05:00,159.42698214672976,160.87128446568866,159.1878607927097,159.25482177734375,29517200,0.0,0.0,MICROSOFT,MSFT
2020-01-22 00:00:00-05:00,160.11567707577672,160.2017718683246,158.47052074324816,158.48965454101562,24138800,0.0,0.0,MICROSOFT,MSFT
2020-01-23 00:00:00-05:00,158.95831961529043,159.54177632484775,158.07835475075984,159.4652557373047,19680800,0.0,0.0,MICROSOFT,MSFT
2020-01-24 00:00:00-05:00,160.22088838357953,160.24002218102603,157.294044951145,157.85836791992188,24918100,0.0,0.0,MICROSOFT,MSFT
2020-01-27 00:00:00-05:00,154.137641989823,156.2706152945866,153.22898362776536,155.21847534179688,32078100,0.0,0.0,MICROSOFT,MSFT
2020-01-28 00:00:00-05:00,156.65318294390897,158.54702001342997,155.97408646002853,158.2600860595703,24899900,0.0,0.0,MICROSOFT,MSFT
2020-01-29 00:00:00-05:00,160.53653478419454,161.4069401568321,158.48009664382474,160.7278289794922,34754500,0.0,0.0,MICROSOFT,MSFT
2020-01-30 00:00:00-05:00,166.4762914821117,166.4762914821117,163.35813964952982,165.2615509033203,51597500,0.0,0.0,MICROSOFT,MSFT
2020-01-31 00:00:00-05:00,164.71636141485757,164.89808138591687,162.20080007747276,162.822509765625,36142700,0.0,0.0,MICROSOFT,MSFT
2020-02-03 00:00:00-05:00,163.0138020914527,166.90670473167702,162.9851086966194,166.79193115234375,30107000,0.0,0.0,MICROSOFT,MSFT
2020-02-04 00:00:00-05:00,169.43184279183268,172.77954207948474,168.6379580665265,172.28216552734375,36433300,0.0,0.0,MICROSOFT,MSFT
2020-02-05 00:00:00-05:00,176.0220056507787,176.18460641616042,170.64656241415017,172.07171630859375,39186300,0.0,0.0,MICROSOFT,MSFT
2020-02-06 00:00:00-05:00,173.09516487611435,175.82115411774748,172.22475965498276,175.63941955566406,27751400,0.0,0.0,MICROSOFT,MSFT
2020-02-07 00:00:00-05:00,174.89333851711444,177.5523664162411,174.53942904060133,175.88807678222656,33529100,0.0,0.0,MICROSOFT,MSFT
2020-02-10 00:00:00-05:00,175.59162894397937,180.62273796718162,175.27598694326343,180.48883056640625,35844300,0.0,0.0,MICROSOFT,MSFT
2020-02-11 00:00:00-05:00,182.3539196931645,182.4017468779354,175.5150555203492,176.41415405273438,53159900,0.0,0.0,MICROSOFT,MSFT
2020-02-12 00:00:00-05:00,177.50456194246922,177.76281708651973,173.9368754938677,176.67242431640625,47062900,0.0,0.0,MICROSOFT,MSFT
2020-02-13 00:00:00-05:00,175.11338231267257,178.12630606163927,174.91251391849596,175.71597290039062,35295800,0.0,0.0,MICROSOFT,MSFT
2020-02-14 00:00:00-05:00,175.27595121896604,177.34196320539263,174.70205413557784,177.28457641601562,23149500,0.0,0.0,MICROSOFT,MSFT
2020-02-18 00:00:00-05:00,177.53324681279804,179.53229769622274,177.42803284025948,179.08274841308594,27792200,0.0,0.0,MICROSOFT,MSFT
2020-02-19 00:00:00-05:00,180.36798364167998,180.48307072885922,178.84302119785332,179.61988830566406,29997500,0.51,0.0,MICROSOFT,MSFT
2020-02-20 00:00:00-05:00,179.30337848098907,179.59111082446526,173.69266363924064,176.87686157226562,36862400,0.0,0.0,MICROSOFT,MSFT
2020-02-21 00:00:00-05:00,175.6779481474371,175.99445218818678,170.00009073763545,171.2852783203125,48572600,0.0,0.0,MICROSOFT,MSFT
2020-02-24 00:00:00-05:00,160.9079172205631,167.41060217348766,156.55360297771097,163.90029907226562,68311100,0.0,0.0,MICROSOFT,MSFT
2020-02-25 00:00:00-05:00,167.0748471906727,167.68866924636083,160.7927531714861,161.19558715820312,68073300,0.0,0.0,MICROSOFT,MSFT
2020-02-26 00:00:00-05:00,162.76855509768666,166.173341856373,161.32990785835108,163.20973205566406,56206100,0.0,0.0,MICROSOFT,MSFT
2020-02-27 00:00:00-05:00,156.63992276849788,160.19816884328267,151.51832733269637,151.71014404296875,93174900,0.0,0.0,MICROSOFT,MSFT
2020-02-28 00:00:00-05:00,146.17612184427716,157.0139315893412,145.7828881730677,155.38345336914062,97012700,0.0,0.0,MICROSOFT,MSFT
2020-03-02 00:00:00-05:00,158.54849995689602,165.8472368709453,155.6712057406034,165.72254943847656,71030800,0.0,0.0,MICROSOFT,MSFT
2020-03-03 00:00:00-05:00,166.69121657809265,167.842131121707,155.62321870756466,157.78118896484375,71677000,0.0,0.0,MICROSOFT,MSFT
2020-03-04 00:00:00-05:00,161.59846350990733,163.7180623695865,158.84584168134361,163.57420349121094,49814400,0.0,0.0,MICROSOFT,MSFT
2020-03-05 00:00:00-05:00,159.25825077620962,163.8810962503905,158.91297485673198,159.46925354003906,47817300,0.0,0.0,MICROSOFT,MSFT
2020-03-06 00:00:00-05:00,155.95892704269238,156.438476044775,149.61928864977335,154.9614715576172,72821100,0.0,0.0,MICROSOFT,MSFT
2020-03-09 00:00:00-04:00,144.82379724835255,151.29770871475242,143.86469925333037,144.45933532714844,70419300,0.0,0.0,MICROSOFT,MSFT
2020-03-10 00:00:00-04:00,151.69092309332476,154.44352930550963,146.33915520627133,154.33802795410156,65354400,0.0,0.0,MICROSOFT,MSFT
2020-03-11 00:00:00-04:00,150.70308033661266,151.24975861166106,144.96766349653458,147.3462371826172,56371600,0.0,0.0,MICROSOFT,MSFT
2020-03-12 00:00:00-04:00,139.35692254539663,147.19275033694996,132.911783729502,133.3721466064453,93226400,0.0,0.0,MICROSOFT,MSFT
2020-03-13 00:00:00-04:00,141.46693109277732,155.2875344494844,134.97383463237028,152.33351135253906,92727400,0.0,0.0,MICROSOFT,MSFT
2020-03-16 00:00:00-04:00,134.27371284247627,143.24128451832524,129.47822309810212,129.88104248046875,87905900,0.0,0.0,MICROSOFT,MSFT
2020-03-17 00:00:00-04:00,134.27373081486115,141.4669663942287,129.47824042861612,140.57501220703125,81059800,0.0,0.0,MICROSOFT,MSFT
2020-03-18 00:00:00-04:00,132.35550436929574,140.0282872312839,129.4973968509133,134.65733337402344,81593200,0.0,0.0,MICROSOFT,MSFT
2020-03-19 00:00:00-04:00,136.93042256551502,144.0085556992658,133.31461908681857,136.8728790283203,85922700,0.0,0.0,MICROSOFT,MSFT
2020-03-20 00:00:00-04:00,140.02829235994076,141.0833058959737,130.30304031156192,131.7321014404297,84866200,0.0,0.0,MICROSOFT,MSFT
2020-03-23 00:00:00-04:00,131.4060063254147,134.8204073585906,127.09966584811548,130.4181365966797,78975200,0.0,0.0,MICROSOFT,MSFT
2020-03-24 00:00:00-04:00,137.8703270343081,143.48105576226914,135.49176827257247,142.2725830078125,82516700,0.0,0.0,MICROSOFT,MSFT
2020-03-25 00:00:00-04:00,142.81925438802406,148.01756261605746,138.53208612696505,140.91064453125,75638200,0.0,0.0,MICROSOFT,MSFT
2020-03-26 00:00:00-04:00,142.3301112969966,150.25226869328162,142.3013395330363,149.72476196289062,64568100,0.0,0.0,MICROSOFT,MSFT
2020-03-27 00:00:00-04:00,145.54313459465183,148.5547020002184,143.09743154767483,143.5769805908203,57042300,0.0,0.0,MICROSOFT,MSFT
2020-03-30 00:00:00-04:00,146.20485894673268,154.031099863267,143.8742438744202,153.6762237548828,63420300,0.0,0.0,MICROSOFT,MSFT
2020-03-31 00:00:00-04:00,152.88017071501486,158.04012113173897,150.15633670251987,151.25930786132812,77927200,0.0,0.0,MICROSOFT,MSFT
2020-04-01 00:00:00-04:00,146.7419785024719,151.29769352133948,144.65115210792916,145.8883819580078,57969900,0.0,0.0,MICROSOFT,MSFT
2020-04-02 00:00:00-04:00,145.64860372211677,149.1205333426893,144.20995691120478,148.90953063964844,49630700,0.0,0.0,MICROSOFT,MSFT
2020-04-03 00:00:00-04:00,148.7560986615867,150.9428408280249,145.96512010045493,147.5380401611328,41243300,0.0,0.0,MICROSOFT,MSFT
2020-04-06 00:00:00-04:00,153.76257002104106,159.68978754304143,151.1346367173165,158.51010131835938,67111700,0.0,0.0,MICROSOFT,MSFT
2020-04-07 00:00:00-04:00,162.65340576060566,163.04663940325247,156.58231443137095,156.80291748046875,62769000,0.0,0.0,MICROSOFT,MSFT
2020-04-08 00:00:00-04:00,158.8937609633465,159.8528589455974,156.8125200980229,158.3758544921875,48318200,0.0,0.0,MICROSOFT,MSFT
2020-04-09 00:00:00-04:00,159.55552232574263,160.5242059064898,156.64945694882897,158.3854217529297,51385100,0.0,0.0,MICROSOFT,MSFT
2020-04-13 00:00:00-04:00,157.627737765851,158.79783831558805,155.66158424311766,158.7402801513672,41905300,0.0,0.0,MICROSOFT,MSFT
2020-04-14 00:00:00-04:00,162.08754908265863,166.64326421959726,161.1284511590926,166.59530639648438,52874300,0.0,0.0,MICROSOFT,MSFT
2020-04-15 00:00:00-04:00,164.19755254197594,166.47062444718213,162.31772891076224,164.84974670410156,40940800,0.0,0.0,MICROSOFT,MSFT
2020-04-16 00:00:00-04:00,167.17077183840905,170.02887956718482,165.82802595791472,169.79869079589844,50479600,0.0,0.0,MICROSOFT,MSFT
2020-04-17 00:00:00-04:00,172.15810428775376,172.637653324767,168.67657359594156,171.294921875,52765600,0.0,0.0,MICROSOFT,MSFT
2020-04-20 00:00:00-04:00,169.40546416650326,171.43874700027857,167.83254421997154,167.89967346191406,36669600,0.0,0.0,MICROSOFT,MSFT
2020-04-21 00:00:00-04:00,166.40351093973842,166.56655585135704,159.3157769669429,160.95584106445312,56203700,0.0,0.0,MICROSOFT,MSFT
2020-04-22 00:00:00-04:00,164.37980035829773,166.8830466433347,163.83312212587572,166.4226837158203,34620200,0.0,0.0,MICROSOFT,MSFT
2020-04-23 00:00:00-04:00,166.9885451708801,167.89968529923357,163.9194346484231,164.4085693359375,32790800,0.0,0.0,MICROSOFT,MSFT
2020-04-24 00:00:00-04:00,165.02240881458042,167.42015394936084,163.72763522260394,167.4105682373047,34277600,0.0,0.0,MICROSOFT,MSFT
2020-04-27 00:00:00-04:00,169.3671175710986,169.6644356187905,166.21169149229402,166.93101501464844,33194400,0.0,0.0,MICROSOFT,MSFT
2020-04-28 00:00:00-04:00,168.40802659155023,168.48475619330787,162.46162148474752,162.86444091796875,34392700,0.0,0.0,MICROSOFT,MSFT
2020-04-29 00:00:00-04:00,166.13496541413994,170.4125345222979,164.84977753928888,170.17276000976562,51286600,0.0,0.0,MICROSOFT,MSFT
2020-04-30 00:00:00-04:00,172.6376554136259,173.02128879400826,169.02185153308696,171.87997436523438,53875900,0.0,0.0,MICROSOFT,MSFT
2020-05-01 00:00:00-04:00,168.60941963686815,171.33325425569686,166.8926261404798,167.4297332763672,39370500,0.0,0.0,MICROSOFT,MSFT
2020-05-04 00:00:00-04:00,167.35297320284022,171.6784988265817,166.69119340771564,171.52503967285156,30372900,0.0,0.0,MICROSOFT,MSFT
2020-05-05 00:00:00-04:00,173.2323039921872,176.13837022970736,172.54175215013524,173.3665771484375,36839200,0.0,0.0,MICROSOFT,MSFT
2020-05-06 00:00:00-04:00,174.6325536144371,176.6658365518357,174.20096247098382,175.07373046875,32139300,0.0,0.0,MICROSOFT,MSFT
2020-05-07 00:00:00-04:00,176.63705599286882,177.00151787281814,175.11209386572145,176.0903778076172,28316000,0.0,0.0,MICROSOFT,MSFT
2020-05-08 00:00:00-04:00,177.41395304482242,177.43313910351554,175.8602188882011,177.126220703125,30877800,0.0,0.0,MICROSOFT,MSFT
2020-05-11 00:00:00-04:00,175.65880137772058,179.8404694462074,175.37108367148565,179.1019744873047,30892700,0.0,0.0,MICROSOFT,MSFT
2020-05-12 00:00:00-04:00,179.15947495994158,179.38964906959737,174.84353478784024,175.04493713378906,32038200,0.0,0.0,MICROSOFT,MSFT
2020-05-13 00:00:00-04:00,175.08331937444046,176.52196618173303,169.31913180036474,172.39784240722656,44711500,0.0,0.0,MICROSOFT,MSFT
2020-05-14 00:00:00-04:00,170.27827221414205,173.29944004506697,168.49434914201782,173.14598083496094,41873900,0.0,0.0,MICROSOFT,MSFT
2020-05-15 00:00:00-04:00,171.73608827946217,179.40887240192436,169.76034870947603,175.66839599609375,46610400,0.0,0.0,MICROSOFT,MSFT
2020-05-18 00:00:00-04:00,178.15245583483838,178.5840470135599,176.43567683159512,177.34681701660156,35264500,0.0,0.0,MICROSOFT,MSFT
2020-05-19 00:00:00-04:00,177.46188711907186,178.96767787940664,175.98488276026077,176.11915588378906,26799100,0.0,0.0,MICROSOFT,MSFT
2020-05-20 00:00:00-04:00,177.74454787681842,178.74479597512035,176.9078134425219,178.5620574951172,31261300,0.51,0.0,MICROSOFT,MSFT
2020-05-21 00:00:00-04:00,178.31204533773447,179.5334966153252,176.28271126609624,176.4173583984375,29119500,0.0,0.0,MICROSOFT,MSFT
2020-05-22 00:00:00-04:00,176.18648894671776,177.40793984867838,175.5613302081153,176.49424743652344,20826900,0.0,0.0,MICROSOFT,MSFT
2020-05-26 00:00:00-04:00,179.21606154922932,179.3699481367588,174.17640054881664,174.62843322753906,36073600,0.0,0.0,MICROSOFT,MSFT
2020-05-27 00:00:00-04:00,173.31081908067463,175.0323942878647,169.84845852269032,174.85926818847656,39517100,0.0,0.0,MICROSOFT,MSFT
2020-05-28 00:00:00-04:00,173.83013314407276,177.10975425812288,173.48389571944392,174.4648895263672,33810200,0.0,0.0,MICROSOFT,MSFT
2020-05-29 00:00:00-04:00,175.7440623635767,177.22519498595545,173.51276569765972,176.2441864013672,42130400,0.0,0.0,MICROSOFT,MSFT
2020-06-01 00:00:00-04:00,175.56133446511552,176.00375473201476,174.52263669583186,175.8402557373047,22622400,0.0,0.0,MICROSOFT,MSFT
2020-06-02 00:00:00-04:00,177.20597283257285,177.92729972334317,174.41684805843425,177.8407440185547,30794600,0.0,0.0,MICROSOFT,MSFT
2020-06-03 00:00:00-04:00,177.75416495802034,178.8313416105647,176.56156603882394,178.2735137939453,27311000,0.0,0.0,MICROSOFT,MSFT
2020-06-04 00:00:00-04:00,177.2540957766279,178.735214132111,175.33055705886838,175.92684936523438,28761800,0.0,0.0,MICROSOFT,MSFT
2020-06-05 00:00:00-04:00,175.63824812357984,180.5528882457452,175.0515684531105,180.04315185546875,39893600,0.0,0.0,MICROSOFT,MSFT
2020-06-08 00:00:00-04:00,178.83134926833495,181.3415672128971,177.38869561457355,181.15882873535156,33211600,0.0,0.0,MICROSOFT,MSFT
2020-06-09 00:00:00-04:00,180.81257504281183,183.40934845142567,180.1008606876798,182.54376220703125,29783900,0.0,0.0,MICROSOFT,MSFT
2020-06-10 00:00:00-04:00,183.82294259447818,190.93041603596888,183.7075203170215,189.31463623046875,43872300,0.0,0.0,MICROSOFT,MSFT
2020-06-11 00:00:00-04:00,185.74644795334137,188.27589039348896,178.95636129713398,179.14871215820312,52854700,0.0,0.0,MICROSOFT,MSFT
2020-06-12 00:00:00-04:00,183.25545668735822,184.39035172548105,178.10037431984992,180.56251525878906,43373600,0.0,0.0,MICROSOFT,MSFT
2020-06-15 00:00:00-04:00,177.52337541676206,183.52482100554008,176.97515988309763,181.71669006347656,32770200,0.0,0.0,MICROSOFT,MSFT
2020-06-16 00:00:00-04:00,185.51563661343135,188.1027977777646,184.14031387798872,186.16964721679688,42556700,0.0,0.0,MICROSOFT,MSFT
2020-06-17 00:00:00-04:00,187.57383229338137,188.81452268961127,186.28506518098612,186.8140411376953,25687800,0.0,0.0,MICROSOFT,MSFT
2020-06-18 00:00:00-04:00,186.5832179130964,188.97802841585846,186.5832179130964,188.8145294189453,23061600,0.0,0.0,MICROSOFT,MSFT
2020-06-19 00:00:00-04:00,190.99772765109896,191.6709631057665,186.93906075597613,187.68923950195312,44441100,0.0,0.0,MICROSOFT,MSFT
2020-06-22 00:00:00-04:00,188.30475380477742,193.08474710559045,187.76616549067413,192.9020233154297,32818900,0.0,0.0,MICROSOFT,MSFT
2020-06-23 00:00:00-04:00,194.3639072863425,196.1527983385174,193.7291361798282,194.1907958984375,30917400,0.0,0.0,MICROSOFT,MSFT
2020-06-24 00:00:00-04:00,193.89269005812218,195.47960347817718,189.04536473518021,190.27642822265625,36740600,0.0,0.0,MICROSOFT,MSFT
2020-06-25 00:00:00-04:00,190.23797480633073,192.94054425279188,187.9970505252583,192.6808624267578,27803900,0.0,0.0,MICROSOFT,MSFT
2020-06-26 00:00:00-04:00,192.0941362330326,192.24802280953335,187.42956495187772,188.82412719726562,54675800,0.0,0.0,MICROSOFT,MSFT
2020-06-29 00:00:00-04:00,188.29516042272184,190.9400255488383,186.15041935684664,190.8534698486328,26701600,0.0,0.0,MICROSOFT,MSFT
2020-06-30 00:00:00-04:00,190.3148644807514,196.58558812606262,190.18021740064793,195.7296142578125,34310300,0.0,0.0,MICROSOFT,MSFT
2020-07-01 00:00:00-04:00,195.37375767067505,198.4610426747149,194.05613881254956,196.87411499023438,32061200,0.0,0.0,MICROSOFT,MSFT
2020-07-02 00:00:00-04:00,197.8166686007271,200.0672195294794,197.16267263327305,198.37449645996094,29315800,0.0,0.0,MICROSOFT,MSFT
2020-07-06 00:00:00-04:00,200.84625648941181,203.05832850401393,200.13454202415102,202.64476013183594,31897600,0.0,0.0,MICROSOFT,MSFT
2020-07-07 00:00:00-04:00,202.40432620501662,206.46299342310564,200.03838217956888,200.28843688964844,33600700,0.0,0.0,MICROSOFT,MSFT
2020-07-08 00:00:00-04:00,202.03885130081824,205.1068825454956,200.71160518480016,204.69332885742188,33600000,0.0,0.0,MICROSOFT,MSFT
2020-07-09 00:00:00-04:00,208.05953942018644,208.107630816804,203.38534037237588,206.1263885498047,33121700,0.0,0.0,MICROSOFT,MSFT
2020-07-10 00:00:00-04:00,205.45312930862335,205.8955495924322,203.01024202753055,205.501220703125,26177600,0.0,0.0,MICROSOFT,MSFT
2020-07-13 00:00:00-04:00,206.28023179011376,207.54977404220514,198.60531850611693,199.15353393554688,38135600,0.0,0.0,MICROSOFT,MSFT
2020-07-14 00:00:00-04:00,198.24949939551328,200.86551291895032,194.30623961631412,200.38462829589844,37591800,0.0,0.0,MICROSOFT,MSFT
2020-07-15 00:00:00-04:00,201.54831883962288,203.25065415938593,197.19150623726756,200.08642578125,32179400,0.0,0.0,MICROSOFT,MSFT
2020-07-16 00:00:00-04:00,197.54736125912407,197.8358949154313,194.57549835265152,196.1239471435547,29940700,0.0,0.0,MICROSOFT,MSFT
2020-07-17 00:00:00-04:00,196.65289684056245,197.20109750654618,193.69064673670803,195.12368774414062,31635300,0.0,0.0,MICROSOFT,MSFT
2020-07-20 00:00:00-04:00,197.16267837314777,204.18359619664398,195.24875245602826,203.51036071777344,36884800,0.0,0.0,MICROSOFT,MSFT
2020-07-21 00:00:00-04:00,205.49157661809892,205.76087077527703,200.0768122265082,200.769287109375,37990400,0.0,0.0,MICROSOFT,MSFT
2020-07-22 00:00:00-04:00,201.2021181194624,204.18360857505223,200.42308739843912,203.65463256835938,49605700,0.0,0.0,MICROSOFT,MSFT
2020-07-23 00:00:00-04:00,199.26894227579513,202.85633691145156,194.42161779115173,194.7967071533203,67457000,0.0,0.0,MICROSOFT,MSFT
2020-07-24 00:00:00-04:00,192.757764458385,195.10448344938112,189.9590128088561,193.6041259765625,39827000,0.0,0.0,MICROSOFT,MSFT
2020-07-27 00:00:00-04:00,193.7676254274318,196.17204822305146,193.1809456782833,196.056640625,30160900,0.0,0.0,MICROSOFT,MSFT
2020-07-28 00:00:00-04:00,195.82579433067215,196.87411905954158,194.02729092651714,194.2965850830078,23251400,0.0,0.0,MICROSOFT,MSFT
2020-07-29 00:00:00-04:00,194.7582636072119,196.82606152348546,194.28699141458654,196.2586212158203,19632600,0.0,0.0,MICROSOFT,MSFT
2020-07-30 00:00:00-04:00,193.3155814017881,196.64330881246136,191.94025868776347,196.10470581054688,25079600,0.0,0.0,MICROSOFT,MSFT
2020-07-31 00:00:00-04:00,196.58559200888473,197.2588420981307,191.40165730936522,197.17227172851562,51044000,0.0,0.0,MICROSOFT,MSFT
2020-08-03 00:00:00-04:00,203.43341919519767,209.31944182662525,202.3947067292811,208.26148986816406,78983000,0.0,0.0,MICROSOFT,MSFT
2020-08-04 00:00:00-04:00,205.98207311954965,206.55914041255602,202.26964404563358,205.13571166992188,49280100,0.0,0.0,MICROSOFT,MSFT
2020-08-05 00:00:00-04:00,206.68417729233335,206.78036007416856,203.48149904835552,204.7991180419922,28806400,0.0,0.0,MICROSOFT,MSFT
2020-08-06 00:00:00-04:00,204.222062103876,208.09799068623536,203.4622709165128,208.07876586914062,32656800,0.0,0.0,MICROSOFT,MSFT
2020-08-07 00:00:00-04:00,206.63607671682885,207.4535715663049,202.86592930061678,204.35667419433594,27820400,0.0,0.0,MICROSOFT,MSFT
2020-08-10 00:00:00-04:00,203.577685808849,203.77966379903768,198.4610812707926,200.28843688964844,36716500,0.0,0.0,MICROSOFT,MSFT
2020-08-11 00:00:00-04:00,199.24006938293064,199.71132680023146,195.37375389728706,195.60458374023438,36446500,0.0,0.0,MICROSOFT,MSFT
2020-08-12 00:00:00-04:00,197.4415661820562,202.24079913080573,196.92221734076486,201.19247436523438,28013100,0.0,0.0,MICROSOFT,MSFT
2020-08-13 00:00:00-04:00,201.43292107662808,203.26990356536436,200.1922307290899,200.72120666503906,22588900,0.0,0.0,MICROSOFT,MSFT
2020-08-14 00:00:00-04:00,200.77894237021138,201.57721260488051,199.57673081355918,200.91358947753906,17958900,0.0,0.0,MICROSOFT,MSFT
2020-08-17 00:00:00-04:00,201.58681823597468,203.1160276511878,200.9328075875325,202.24081420898438,20184800,0.0,0.0,MICROSOFT,MSFT
2020-08-18 00:00:00-04:00,202.48128184197174,204.24132135497982,201.2117540455572,203.4045867919922,21336200,0.0,0.0,MICROSOFT,MSFT
2020-08-19 00:00:00-04:00,203.8962535351083,204.4843514871358,201.73667759255162,202.17051696777344,27627600,0.51,0.0,MICROSOFT,MSFT
2020-08-20 00:00:00-04:00,202.01630757608652,207.2802687816684,201.40893818726215,206.87535095214844,26981500,0.0,0.0,MICROSOFT,MSFT
2020-08-21 00:00:00-04:00,206.18115811891934,208.48534235465704,205.20742840546725,205.37132263183594,36249300,0.0,0.0,MICROSOFT,MSFT
2020-08-24 00:00:00-04:00,207.07773697018487,207.78153615886876,204.80247461665041,206.01724243164062,25460100,0.0,0.0,MICROSOFT,MSFT
2020-08-25 00:00:00-04:00,205.44845635635173,208.8324213145621,205.44845635635173,208.69744873046875,23043700,0.0,0.0,MICROSOFT,MSFT
2020-08-26 00:00:00-04:00,210.05681936498092,214.11564713618048,209.55548633266298,213.2093963623047,39600800,0.0,0.0,MICROSOFT,MSFT
2020-08-27 00:00:00-04:00,214.88691815915237,222.85032956588208,211.52222469224859,218.44442749023438,57602200,0.0,0.0,MICROSOFT,MSFT
2020-08-28 00:00:00-04:00,219.98695094513303,222.35862854027232,218.44440944820323,220.6907501220703,26292900,0.0,0.0,MICROSOFT,MSFT
2020-08-31 00:00:00-04:00,218.84933297177182,220.48828979193414,216.25591781761236,217.43211364746094,28774200,0.0,0.0,MICROSOFT,MSFT
2020-09-01 00:00:00-04:00,217.41283478650192,219.28317951867777,216.37161149093265,219.10964965820312,25725500,0.0,0.0,MICROSOFT,MSFT
2020-09-02 00:00:00-04:00,219.7845381534679,224.49895782127382,219.18680450536155,223.3323974609375,34080800,0.0,0.0,MICROSOFT,MSFT
2020-09-03 00:00:00-04:00,221.03785766038192,221.0764149514486,207.2416734909171,209.49765014648438,58400300,0.0,0.0,MICROSOFT,MSFT
2020-09-04 00:00:00-04:00,207.37661464858363,210.51955563146427,197.82244006797342,206.55712890625,59664100,0.0,0.0,MICROSOFT,MSFT
2020-09-08 00:00:00-04:00,199.08543389517138,202.4886849296786,194.93982627623788,195.38331604003906,52924300,0.0,0.0,MICROSOFT,MSFT
2020-09-09 00:00:00-04:00,200.14593540419557,207.1259670765149,199.27824191210232,203.70343017578125,45679000,0.0,0.0,MICROSOFT,MSFT
2020-09-10 00:00:00-04:00,205.73767670547446,207.02957399012482,196.78124891745142,197.99600219726562,35461500,0.0,0.0,MICROSOFT,MSFT
2020-09-11 00:00:00-04:00,199.76027783808615,201.13893993522794,194.0142857217039,196.7041015625,33620100,0.0,0.0,MICROSOFT,MSFT
2020-09-14 00:00:00-04:00,196.90655771890258,201.68845557175635,196.70409151241378,198.0345458984375,30375800,0.0,0.0,MICROSOFT,MSFT
2020-09-15 00:00:00-04:00,200.93646439910464,202.24763279285517,199.49995908117953,201.28353881835938,21823900,0.0,0.0,MICROSOFT,MSFT
2020-09-16 00:00:00-04:00,203.05748086437782,203.08640250854387,197.29220265639853,197.68748474121094,26328100,0.0,0.0,MICROSOFT,MSFT
2020-09-17 00:00:00-04:00,192.86701902215202,196.9933404087499,192.7802540876502,195.62432861328125,34011300,0.0,0.0,MICROSOFT,MSFT
2020-09-18 00:00:00-04:00,195.51827918558178,196.3377503137061,189.20346012212667,193.19480895996094,55225300,0.0,0.0,MICROSOFT,MSFT
2020-09-21 00:00:00-04:00,190.10969928136743,195.4315023103077,189.32878549072709,195.26759338378906,39839700,0.0,0.0,MICROSOFT,MSFT
2020-09-22 00:00:00-04:00,197.6971341816679,200.62798848954972,194.8241378770632,199.97239685058594,33517100,0.0,0.0,MICROSOFT,MSFT
2020-09-23 00:00:00-04:00,200.43515987801385,200.62799046902302,192.8477439286989,193.38763427734375,30803800,0.0,0.0,MICROSOFT,MSFT
2020-09-24 00:00:00-04:00,192.67423127873147,198.188851265991,192.04756122373246,195.89430236816406,31202500,0.0,0.0,MICROSOFT,MSFT
2020-09-25 00:00:00-04:00,196.24131662974466,201.53418273500452,195.26757237406537,200.35800170898438,29437300,0.0,0.0,MICROSOFT,MSFT
2020-09-28 00:00:00-04:00,203.30815863008624,204.9374799336095,200.58940633904342,201.91986083984375,32004900,0.0,0.0,MICROSOFT,MSFT
2020-09-29 00:00:00-04:00,201.8330828554069,202.52723170564533,199.3842758807027,199.818115234375,24221900,0.0,0.0,MICROSOFT,MSFT
2020-09-30 00:00:00-04:00,200.27124277856865,204.3686422842486,199.12396856323315,202.77789306640625,33829100,0.0,0.0,MICROSOFT,MSFT
2020-10-01 00:00:00-04:00,205.82442122424567,206.3064681958329,203.73233913286577,204.83140563964844,27158400,0.0,0.0,MICROSOFT,MSFT
2020-10-02 00:00:00-04:00,200.53158337667475,203.41423018364176,198.15990529278514,198.7865753173828,33154800,0.0,0.0,MICROSOFT,MSFT
2020-10-05 00:00:00-04:00,199.77960017201795,202.85506300638565,199.5482122693978,202.82614135742188,21331600,0.0,0.0,MICROSOFT,MSFT
2020-10-06 00:00:00-04:00,201.3221341427664,202.63328797753456,197.46575779794253,198.51661682128906,28554300,0.0,0.0,MICROSOFT,MSFT
2020-10-07 00:00:00-04:00,199.62529301395486,202.56578253428492,199.2975045981558,202.29583740234375,25681100,0.0,0.0,MICROSOFT,MSFT
2020-10-08 00:00:00-04:00,202.9514272556685,203.60701884023692,200.84007370485483,203.0189208984375,19925800,0.0,0.0,MICROSOFT,MSFT
2020-10-09 00:00:00-04:00,203.6455892966095,208.10934961416748,203.6455892966095,208.06114196777344,26458000,0.0,0.0,MICROSOFT,MSFT
2020-10-12 00:00:00-04:00,210.9341380480613,215.82210211245444,209.02523588185895,213.45042419433594,40461400,0.0,0.0,MICROSOFT,MSFT
2020-10-13 00:00:00-04:00,214.72304437890966,217.12364404253205,212.51526059782,214.85801696777344,28950800,0.0,0.0,MICROSOFT,MSFT
2020-10-14 00:00:00-04:00,214.99298562740353,216.16918161353826,211.26194614485817,212.92982482910156,23421700,0.0,0.0,MICROSOFT,MSFT
2020-10-15 00:00:00-04:00,209.30484009872765,212.4477816454482,208.2539663238093,211.77291870117188,22733100,0.0,0.0,MICROSOFT,MSFT
2020-10-16 00:00:00-04:00,212.2453154067109,214.3084762425893,211.44513022979606,211.77291870117188,26057900,0.0,0.0,MICROSOFT,MSFT
2020-10-19 00:00:00-04:00,212.50564033396168,214.31814212495993,206.04621218066634,206.52825927734375,27625800,0.0,0.0,MICROSOFT,MSFT
2020-10-20 00:00:00-04:00,208.05148117162432,209.56510105124036,205.4387800463612,206.94276428222656,22753500,0.0,0.0,MICROSOFT,MSFT
2020-10-21 00:00:00-04:00,205.46773184937774,209.13129240659373,205.46773184937774,207.08741760253906,22724900,0.0,0.0,MICROSOFT,MSFT
2020-10-22 00:00:00-04:00,206.24862708435433,208.30215205889513,204.09870153414894,207.17416381835938,22351500,0.0,0.0,MICROSOFT,MSFT
2020-10-23 00:00:00-04:00,207.30913929382186,208.51425683829643,205.5062881547783,208.46604919433594,18879600,0.0,0.0,MICROSOFT,MSFT
2020-10-26 00:00:00-04:00,206.17150366073267,208.57208825773816,200.62796327160885,202.536865234375,37111600,0.0,0.0,MICROSOFT,MSFT
2020-10-27 00:00:00-04:00,203.99266364488963,206.96207518807358,202.77791039532232,205.5930633544922,36700300,0.0,0.0,MICROSOFT,MSFT
2020-10-28 00:00:00-04:00,200.21339154467412,201.34137971615297,194.84339582006606,195.40255737304688,51195600,0.0,0.0,MICROSOFT,MSFT
2020-10-29 00:00:00-04:00,196.74266851840792,199.91453128750675,196.06779095353392,197.36932373046875,31432600,0.0,0.0,MICROSOFT,MSFT
2020-10-30 00:00:00-04:00,196.19313469048407,196.95476249977563,192.45244515449698,195.2001190185547,36953700,0.0,0.0,MICROSOFT,MSFT
2020-11-02 00:00:00-05:00,196.95475576256942,197.90921411353048,192.9344855687932,195.0651397705078,30842200,0.0,0.0,MICROSOFT,MSFT
2020-11-03 00:00:00-05:00,196.56913664576007,200.6472503868297,195.82678010299537,199.01792907714844,27512000,0.0,0.0,MICROSOFT,MSFT
2020-11-04 00:00:00-05:00,206.33540221803406,210.48100936461512,204.79284593203417,208.62030029296875,42311800,0.0,0.0,MICROSOFT,MSFT
2020-11-05 00:00:00-05:00,214.06740458917818,216.07272168059436,213.209361600578,215.27252197265625,36080100,0.0,0.0,MICROSOFT,MSFT
2020-11-06 00:00:00-05:00,214.27953476739742,216.3041381237886,210.2014211213662,215.68711853027344,25231900,0.0,0.0,MICROSOFT,MSFT
2020-11-09 00:00:00-05:00,216.38131123910648,219.92917094269802,210.05685544685338,210.5485382080078,44395000,0.0,0.0,MICROSOFT,MSFT
2020-11-10 00:00:00-05:00,206.7981650692821,208.72635308857613,202.18979688004202,203.4334716796875,44045100,0.0,0.0,MICROSOFT,MSFT
2020-11-11 00:00:00-05:00,204.76391696027014,210.21104198673288,204.58073675288674,208.77455139160156,29440800,0.0,0.0,MICROSOFT,MSFT
2020-11-12 00:00:00-05:00,209.41091871663315,211.24269190902993,206.75965952658416,207.7044677734375,21593900,0.0,0.0,MICROSOFT,MSFT
2020-11-13 00:00:00-05:00,208.59136896377584,209.61330620366115,206.470365202196,208.73597717285156,18621100,0.0,0.0,MICROSOFT,MSFT
2020-11-16 00:00:00-05:00,207.1548827291727,209.92184264157314,206.81745863998765,209.43014526367188,24953300,0.0,0.0,MICROSOFT,MSFT
2020-11-17 00:00:00-05:00,208.3407266646829,209.86398229304498,206.39325259664108,206.75961303710938,24154100,0.0,0.0,MICROSOFT,MSFT
2020-11-18 00:00:00-05:00,206.51793786998968,207.98720141723928,203.8887356272991,204.0337371826172,28372800,0.56,0.0,MICROSOFT,MSFT
2020-11-19 00:00:00-05:00,204.3237185160169,205.91863232371279,202.92211060992148,205.32899475097656,24792700,0.0,0.0,MICROSOFT,MSFT
2020-11-20 00:00:00-05:00,205.11636725260652,206.16997748993987,202.9898102852173,203.36679077148438,22843100,0.0,0.0,MICROSOFT,MSFT
2020-11-23 00:00:00-05:00,203.90805539880736,205.20331992335645,201.21119778429573,203.09609985351562,25683500,0.0,0.0,MICROSOFT,MSFT
2020-11-24 00:00:00-05:00,202.59345394433416,207.0978971610704,201.88782696599156,206.72091674804688,33979700,0.0,0.0,MICROSOFT,MSFT
2020-11-25 00:00:00-05:00,207.9292024726005,208.10318663614433,205.36767062429115,206.7305908203125,21012900,0.0,0.0,MICROSOFT,MSFT
2020-11-27 00:00:00-05:00,207.67790693961095,209.0505028865832,206.8949338805957,208.0452117919922,14512200,0.0,0.0,MICROSOFT,MSFT
2020-11-30 00:00:00-05:00,206.95294755926244,207.5909043155833,203.80176301542886,206.9239501953125,33064800,0.0,0.0,MICROSOFT,MSFT
2020-12-01 00:00:00-05:00,207.34926048777533,210.06546996316615,206.22799460850555,208.99252319335938,30904500,0.0,0.0,MICROSOFT,MSFT
2020-12-02 00:00:00-05:00,207.7068933239214,208.27719443910698,205.6963259904366,208.18052673339844,23724500,0.0,0.0,MICROSOFT,MSFT
2020-12-03 00:00:00-05:00,207.4459007954762,209.1568188778966,206.51794097551675,207.0882568359375,25120900,0.0,0.0,MICROSOFT,MSFT
2020-12-04 00:00:00-05:00,207.06892820790594,208.19020873101994,206.06363713565835,207.20425415039062,24666000,0.0,0.0,MICROSOFT,MSFT
2020-12-07 00:00:00-05:00,207.21392790154573,208.34486936605546,205.88000488540277,207.1365966796875,24620000,0.0,0.0,MICROSOFT,MSFT
2020-12-08 00:00:00-05:00,206.82725433224886,209.70777183812575,205.78330512387154,208.7991485595703,23284100,0.0,0.0,MICROSOFT,MSFT
2020-12-09 00:00:00-05:00,207.97760504989142,208.04526066381965,204.1594655664031,204.72976684570312,32440600,0.0,0.0,MICROSOFT,MSFT
2020-12-10 00:00:00-05:00,204.70070417714638,205.9669714355135,203.3377692160893,203.492431640625,26733300,0.0,0.0,MICROSOFT,MSFT
2020-12-11 00:00:00-05:00,203.03814003171212,206.19898542914171,202.12951663463764,206.14097595214844,30979400,0.0,0.0,MICROSOFT,MSFT
2020-12-14 00:00:00-05:00,205.98633519997117,208.99251825885295,205.77367802543245,207.0496063232422,28798400,0.0,0.0,MICROSOFT,MSFT
2020-12-15 00:00:00-05:00,207.9872252372061,208.22887977432458,205.15504114190023,206.98194885253906,27000600,0.0,0.0,MICROSOFT,MSFT
2020-12-16 00:00:00-05:00,207.58122808827997,212.7623014724509,207.5522307264751,211.9600067138672,35023300,0.0,0.0,MICROSOFT,MSFT
2020-12-17 00:00:00-05:00,212.53028151913213,213.51623594670784,210.64537948804565,212.09530639648438,32515800,0.0,0.0,MICROSOFT,MSFT
2020-12-18 00:00:00-05:00,211.2930450439453,212.35633084417685,208.80884421892665,211.2930450439453,63354900,0.0,0.0,MICROSOFT,MSFT
2020-12-21 00:00:00-05:00,210.2877965628142,216.52248112753944,210.02680551375937,215.1595458984375,37181900,0.0,0.0,MICROSOFT,MSFT
2020-12-22 00:00:00-05:00,215.2561896407251,218.09804924885032,214.44423396680983,216.46446228027344,22612200,0.0,0.0,MICROSOFT,MSFT
2020-12-23 00:00:00-05:00,215.6621347451206,216.0971098794544,213.42924960604347,213.64190673828125,18699600,0.0,0.0,MICROSOFT,MSFT
2020-12-24 00:00:00-05:00,214.02855947593753,216.14545529230062,213.81590233232166,215.3141632080078,10550600,0.0,0.0,MICROSOFT,MSFT
2020-12-28 00:00:00-05:00,216.95743950119683,218.48469793886068,215.57518263480662,217.45042419433594,17933500,0.0,0.0,MICROSOFT,MSFT
2020-12-29 00:00:00-05:00,218.75534867121627,219.5963017323082,216.11648528165648,216.66744995117188,17403200,0.0,0.0,MICROSOFT,MSFT
2020-12-30 00:00:00-05:00,217.7113581445812,218.098014176712,214.0768799390687,214.2798614501953,20272300,0.0,0.0,MICROSOFT,MSFT
2020-12-31 00:00:00-05:00,214.29921206835382,215.55581844414547,212.3466395382597,214.99517822265625,20942100,0.0,0.0,MICROSOFT,MSFT
2021-01-04 00:00:00-05:00,215.1015393465035,215.55585106457548,207.6392459234173,210.42311096191406,37130100,0.0,0.0,MICROSOFT,MSFT
2021-01-05 00:00:00-05:00,210.00744836448115,211.22539664066463,208.4995264505607,210.62608337402344,23823000,0.0,0.0,MICROSOFT,MSFT
2021-01-06 00:00:00-05:00,205.08734164074573,209.26313852832968,204.8650236280352,205.1646728515625,35930700,0.0,0.0,MICROSOFT,MSFT
2021-01-07 00:00:00-05:00,206.89492496523326,212.01800367998104,206.575953982006,211.0030517578125,27694500,0.0,0.0,MICROSOFT,MSFT
2021-01-08 00:00:00-05:00,211.38002718967644,213.21661032646932,209.78511331377024,212.2886505126953,22956200,0.0,0.0,MICROSOFT,MSFT
2021-01-11 00:00:00-05:00,211.1770637407067,211.60237807720935,209.49514288710685,210.2297821044922,23031300,0.0,0.0,MICROSOFT,MSFT
2021-01-12 00:00:00-05:00,209.27281598324308,209.85279273562114,206.19897754413532,207.75521850585938,23249300,0.0,0.0,MICROSOFT,MSFT
2021-01-13 00:00:00-05:00,206.87561765603482,209.52414190980605,206.7886108142089,209.1181640625,20087100,0.0,0.0,MICROSOFT,MSFT
2021-01-14 00:00:00-05:00,208.70253783184393,210.20079898261122,205.63835992642115,205.9090118408203,29480800,0.0,0.0,MICROSOFT,MSFT
2021-01-15 00:00:00-05:00,206.39234429644068,207.34928697728904,204.95207771440985,205.55137634277344,31746500,0.0,0.0,MICROSOFT,MSFT
2021-01-19 00:00:00-05:00,206.61459324724566,209.73676519314427,205.53198582934345,209.2147979736328,30480900,0.0,0.0,MICROSOFT,MSFT
2021-01-20 00:00:00-05:00,210.4327462249754,218.2526826980892,210.03642928519847,216.85108947753906,37777300,0.0,0.0,MICROSOFT,MSFT
2021-01-21 00:00:00-05:00,217.1990767410522,218.74567154827727,214.99518872788025,217.46006774902344,30709400,0.0,0.0,MICROSOFT,MSFT
2021-01-22 00:00:00-05:00,219.499647100157,222.38984062351855,218.26237707162616,218.40736389160156,30172700,0.0,0.0,MICROSOFT,MSFT
2021-01-25 00:00:00-05:00,221.47152668079622,222.1094981445592,216.73510405462633,221.8678436279297,33152100,0.0,0.0,MICROSOFT,MSFT
2021-01-26 00:00:00-05:00,224.12007490638044,226.3626212451951,222.39949585566396,224.5743865966797,49169600,0.0,0.0,MICROSOFT,MSFT
2021-01-27 00:00:00-05:00,230.05510919174017,232.4136597299159,222.45749028980077,225.12535095214844,69870600,0.0,0.0,MICROSOFT,MSFT
2021-01-28 00:00:00-05:00,227.74490640736087,234.54023092621532,227.242260831807,230.95407104492188,49111200,0.0,0.0,MICROSOFT,MSFT
2021-01-29 00:00:00-05:00,228.11220551383425,230.07443903202116,223.6270982223468,224.21673583984375,42503100,0.0,0.0,MICROSOFT,MSFT
2021-02-01 00:00:00-05:00,227.21326579072962,234.40490737058428,224.67105527139003,231.65003967285156,33314200,0.0,0.0,MICROSOFT,MSFT
2021-02-02 00:00:00-05:00,233.2449796061858,234.22125869930616,230.72210546016683,231.5147247314453,25916300,0.0,0.0,MICROSOFT,MSFT
2021-02-03 00:00:00-05:00,231.57269079805403,236.90841175640315,231.27302681630164,234.88818359375,27158100,0.0,0.0,MICROSOFT,MSFT
2021-02-04 00:00:00-05:00,234.55953921895343,235.12017945708584,232.34597562792882,233.9312286376953,25296100,0.0,0.0,MICROSOFT,MSFT
2021-02-05 00:00:00-05:00,234.14392656577385,235.15887864347258,232.3943499529736,234.11492919921875,18054800,0.0,0.0,MICROSOFT,MSFT
2021-02-08 00:00:00-05:00,235.033193520338,235.54549995170504,232.77131062531117,234.3759002685547,22211900,0.0,0.0,MICROSOFT,MSFT
2021-02-09 00:00:00-05:00,233.7959240147495,236.58944983996628,233.32229056737458,235.63250732421875,23565000,0.0,0.0,MICROSOFT,MSFT
2021-02-10 00:00:00-05:00,236.82140776243898,237.7106945441063,232.8486072299984,234.7141876220703,22186700,0.0,0.0,MICROSOFT,MSFT
2021-02-11 00:00:00-05:00,236.60877344800525,236.96641741931037,234.06656316698633,236.32846069335938,15751100,0.0,0.0,MICROSOFT,MSFT
2021-02-12 00:00:00-05:00,235.78714002879056,237.11141682156133,234.62720128831197,236.811767578125,16561100,0.0,0.0,MICROSOFT,MSFT
2021-02-16 00:00:00-05:00,236.85043847353833,237.9137243129833,234.81087363563725,235.56483459472656,26728500,0.0,0.0,MICROSOFT,MSFT
2021-02-17 00:00:00-05:00,233.80153508693996,236.69837034914275,233.43336948837552,236.591796875,21653500,0.56,0.0,MICROSOFT,MSFT
2021-02-18 00:00:00-05:00,234.2665890993644,236.33021770870812,233.35587295828074,236.194580078125,16925600,0.0,0.0,MICROSOFT,MSFT
2021-02-19 00:00:00-05:00,236.15580363672976,236.26237710355275,232.69702230897636,233.46241760253906,25262600,0.0,0.0,MICROSOFT,MSFT
2021-02-22 00:00:00-05:00,230.02301481272858,230.51712008989588,225.15941222646893,227.20367431640625,36446900,0.0,0.0,MICROSOFT,MSFT
2021-02-23 00:00:00-05:00,223.15389959487229,227.51369875344432,221.60374286957952,226.00230407714844,30228700,0.0,0.0,MICROSOFT,MSFT
2021-02-24 00:00:00-05:00,222.84388523977242,227.87218981813064,221.8653577611873,227.24244689941406,26339700,0.0,0.0,MICROSOFT,MSFT
2021-02-25 00:00:00-05:00,224.84940799262813,227.28120209153397,220.78026450791478,221.85568237304688,39542200,0.0,0.0,MICROSOFT,MSFT
2021-02-26 00:00:00-05:00,224.31655199628887,228.03691109763838,222.3885462387898,225.14007568359375,37819200,0.0,0.0,MICROSOFT,MSFT
2021-03-01 00:00:00-05:00,228.5503921842853,230.07148501585124,225.8860700360508,229.55799865722656,25324000,0.0,0.0,MICROSOFT,MSFT
2021-03-02 00:00:00-05:00,229.62578876137655,229.90676189507832,226.17670532047936,226.5836181640625,22812500,0.0,0.0,MICROSOFT,MSFT
2021-03-03 00:00:00-05:00,224.92693583938353,226.3026932136092,220.1795890634735,220.47024536132812,34029500,0.0,0.0,MICROSOFT,MSFT
2021-03-04 00:00:00-05:00,219.67574404615988,225.2465983182945,217.2729997334422,219.66604614257812,44727800,0.0,0.0,MICROSOFT,MSFT
2021-03-05 00:00:00-05:00,222.3691858927378,226.00235263888283,219.4045241932264,224.38438415527344,41872800,0.0,0.0,MICROSOFT,MSFT
2021-03-08 00:00:00-05:00,224.1615232921991,226.09921208523954,220.05363251232438,220.30552673339844,35267400,0.0,0.0,MICROSOFT,MSFT
2021-03-09 00:00:00-05:00,225.62447544755597,228.04658630633378,224.45216728721525,226.49642944335938,33080500,0.0,0.0,MICROSOFT,MSFT
2021-03-10 00:00:00-05:00,229.61611139585753,229.61611139585753,224.8106369058342,225.17880249023438,29746800,0.0,0.0,MICROSOFT,MSFT
2021-03-11 00:00:00-05:00,227.63967496434546,231.7185013988533,227.00991726685575,229.7420654296875,29907600,0.0,0.0,MICROSOFT,MSFT
2021-03-12 00:00:00-05:00,226.7192804378488,228.47290127957882,225.96358296280175,228.4050750732422,22653700,0.0,0.0,MICROSOFT,MSFT
2021-03-15 00:00:00-04:00,227.6396897800304,227.86251985566741,224.587821009087,227.49435424804688,26034900,0.0,0.0,MICROSOFT,MSFT
2021-03-16 00:00:00-04:00,228.9185760570906,232.58080706489775,228.589172476861,230.3040313720703,28092200,0.0,0.0,MICROSOFT,MSFT
2021-03-17 00:00:00-04:00,228.79259055790016,231.11782590064755,225.96356679010717,229.6548614501953,29562100,0.0,0.0,MICROSOFT,MSFT
2021-03-18 00:00:00-04:00,225.3144388483078,226.89365986372928,223.15392009504285,223.53176879882812,34833000,0.0,0.0,MICROSOFT,MSFT
2021-03-19 00:00:00-04:00,223.82243328816043,225.22725468550234,222.2044649440889,223.17330932617188,46430700,0.0,0.0,MICROSOFT,MSFT
2021-03-22 00:00:00-04:00,223.0957826256277,229.51921032583812,222.96982813508149,228.6375732421875,30127000,0.0,0.0,MICROSOFT,MSFT
2021-03-23 00:00:00-04:00,230.09084710839232,233.53993058565143,229.68393426051932,230.17803955078125,31638400,0.0,0.0,MICROSOFT,MSFT
2021-03-24 00:00:00-04:00,230.43963716275442,230.58495790353862,227.9884621122495,228.1240997314453,25620100,0.0,0.0,MICROSOFT,MSFT
2021-03-25 00:00:00-04:00,227.9690581070153,229.55796210746274,224.3552731443214,225.1012725830078,34061900,0.0,0.0,MICROSOFT,MSFT
2021-03-26 00:00:00-04:00,224.335954023894,229.33519534995582,224.335954023894,229.1123504638672,25479900,0.0,0.0,MICROSOFT,MSFT
2021-03-29 00:00:00-04:00,229.21888070657533,229.42234452431325,224.65563210696564,227.91094970703125,25227500,0.0,0.0,MICROSOFT,MSFT
2021-03-30 00:00:00-04:00,226.25422309039234,226.56426038282933,223.89993838243998,224.62657165527344,24792000,0.0,0.0,MICROSOFT,MSFT
2021-03-31 00:00:00-04:00,225.65355809441428,231.65070743774095,225.14975485513676,228.42445373535156,43623500,0.0,0.0,MICROSOFT,MSFT
2021-04-01 00:00:00-04:00,231.04033261287987,235.27417804510776,230.63341972592048,234.79945373535156,30338000,0.0,0.0,MICROSOFT,MSFT
2021-04-05 00:00:00-04:00,235.19666834415327,242.1723600621035,235.13854004373582,241.31008911132812,36910600,0.0,0.0,MICROSOFT,MSFT
2021-04-06 00:00:00-04:00,239.8955605084312,241.62978546551966,239.18830824157982,240.1377716064453,22931900,0.0,0.0,MICROSOFT,MSFT
2021-04-07 00:00:00-04:00,240.08931563698812,243.11210527362968,239.48863687160204,242.11419677734375,22719800,0.0,0.0,MICROSOFT,MSFT
2021-04-08 00:00:00-04:00,244.89479161288705,246.22210364779394,244.14877732061328,245.35983276367188,23625200,0.0,0.0,MICROSOFT,MSFT
2021-04-09 00:00:00-04:00,244.99169334497128,248.01449810640668,244.575097324092,247.8788604736328,24326800,0.0,0.0,MICROSOFT,MSFT
2021-04-12 00:00:00-04:00,246.77435565661955,249.64214149266803,246.6871484280586,247.9369659423828,27148700,0.0,0.0,MICROSOFT,MSFT
2021-04-13 00:00:00-04:00,249.24489438734588,251.11475679262878,248.82826886707707,250.43655395507812,23837500,0.0,0.0,MICROSOFT,MSFT
2021-04-14 00:00:00-04:00,249.45806798327598,250.7659842762827,247.21034186818977,247.62693786621094,23070900,0.0,0.0,MICROSOFT,MSFT
2021-04-15 00:00:00-04:00,249.89408325728724,251.83177247803175,249.70033207528743,251.41517639160156,25627500,0.0,0.0,MICROSOFT,MSFT
2021-04-16 00:00:00-04:00,251.38612455941364,252.8684557032784,249.57438977988923,252.61654663085938,24878600,0.0,0.0,MICROSOFT,MSFT
2021-04-19 00:00:00-04:00,252.08365410791401,253.3334717979983,249.78749736187194,250.67881774902344,23209300,0.0,0.0,MICROSOFT,MSFT
2021-04-20 00:00:00-04:00,249.78743601557323,252.09329010173295,248.8379579898661,250.21372985839844,19722900,0.0,0.0,MICROSOFT,MSFT
2021-04-21 00:00:00-04:00,250.87252139725413,252.55830085654424,249.23517232161626,252.46141052246094,24030400,0.0,0.0,MICROSOFT,MSFT
2021-04-22 00:00:00-04:00,252.10301126206576,253.62410417600708,247.67539972149405,249.15774536132812,25606200,0.0,0.0,MICROSOFT,MSFT
2021-04-23 00:00:00-04:00,249.84562206864393,253.36253230164414,249.25461155440712,253.01373291015625,21462600,0.0,0.0,MICROSOFT,MSFT
2021-04-26 00:00:00-04:00,253.5078028472354,254.26350021785237,252.06423430296525,253.40121459960938,19763300,0.0,0.0,MICROSOFT,MSFT
2021-04-27 00:00:00-04:00,253.4302420547571,254.9900965251815,252.01573786157752,253.80810546875,31014200,0.0,0.0,MICROSOFT,MSFT
2021-04-28 00:00:00-04:00,248.1016765154935,248.54736625555358,245.06920340585762,246.62904357910156,46903100,0.0,0.0,MICROSOFT,MSFT
2021-04-29 00:00:00-04:00,247.50097054402,248.12103030258325,241.24222988253615,244.6428680419922,40589000,0.0,0.0,MICROSOFT,MSFT
2021-04-30 00:00:00-04:00,241.95919805109713,245.19513469574392,241.8235604307644,244.3231658935547,30945100,0.0,0.0,MICROSOFT,MSFT
2021-05-03 00:00:00-04:00,245.5051362549246,246.42555015369652,243.29617246465313,244.01312255859375,19626600,0.0,0.0,MICROSOFT,MSFT
2021-05-04 00:00:00-04:00,243.1508482453127,243.38337619272684,238.10316308103467,240.06991577148438,32756100,0.0,0.0,MICROSOFT,MSFT
2021-05-05 00:00:00-04:00,241.30036464917603,241.72665851651166,238.1613185049612,238.7910614013672,21901300,0.0,0.0,MICROSOFT,MSFT
2021-05-06 00:00:00-04:00,238.77174538236267,242.07550897028878,237.06658423217266,241.94955444335938,26491100,0.0,0.0,MICROSOFT,MSFT
2021-05-07 00:00:00-04:00,244.29411297681904,246.37713733610255,243.34464959083732,244.59446716308594,27032900,0.0,0.0,MICROSOFT,MSFT
2021-05-10 00:00:00-04:00,243.0539964272736,243.88720322499447,239.4208298296639,239.4789581298828,29299900,0.0,0.0,MICROSOFT,MSFT
2021-05-11 00:00:00-04:00,236.93089650835728,238.9170304475789,235.01258877188485,238.5585479736328,33641600,0.0,0.0,MICROSOFT,MSFT
2021-05-12 00:00:00-04:00,234.6250373433991,236.76618988785472,230.65278432971047,231.55380249023438,36684400,0.0,0.0,MICROSOFT,MSFT
2021-05-13 00:00:00-04:00,234.26657748754116,237.94818914238866,233.89841188703875,235.458251953125,29624300,0.0,0.0,MICROSOFT,MSFT
2021-05-14 00:00:00-04:00,237.92877906996122,241.41660959346646,237.84158663313644,240.418701171875,23901100,0.0,0.0,MICROSOFT,MSFT
2021-05-17 00:00:00-04:00,238.8685866288401,238.90733389963685,235.93298931819714,237.541259765625,24970200,0.0,0.0,MICROSOFT,MSFT
2021-05-18 00:00:00-04:00,238.59733006985658,238.7329677033565,235.3323141764629,235.5067138671875,20168000,0.0,0.0,MICROSOFT,MSFT
2021-05-19 00:00:00-04:00,232.38950687886384,236.19614450679748,231.7000473250756,236.08932495117188,25739800,0.56,0.0,MICROSOFT,MSFT
2021-05-20 00:00:00-04:00,236.9050278438202,240.77963319534337,236.80791377558805,239.35214233398438,21800700,0.0,0.0,MICROSOFT,MSFT
2021-05-21 00:00:00-04:00,240.41066748681885,241.14868413370397,237.66250491031673,238.08006286621094,21863100,0.0,0.0,MICROSOFT,MSFT
2021-05-24 00:00:00-04:00,240.62427776044936,243.89683248314228,240.35237612653503,243.52781677246094,21411500,0.0,0.0,MICROSOFT,MSFT
2021-05-25 00:00:00-04:00,244.48920035043204,245.44085609856307,243.56667586272647,244.44064331054688,17704300,0.0,0.0,MICROSOFT,MSFT
2021-05-26 00:00:00-04:00,244.1590383314005,245.62538102314704,243.49870995917945,244.21731567382812,17771600,0.0,0.0,MICROSOFT,MSFT
2021-05-27 00:00:00-04:00,243.90653872186056,244.20757161623504,242.04206401885574,242.10032653808594,24426200,0.0,0.0,MICROSOFT,MSFT
2021-05-28 00:00:00-04:00,243.7414599547223,244.79022976769062,242.3431002040979,242.45962524414062,18270200,0.0,0.0,MICROSOFT,MSFT
2021-06-01 00:00:00-04:00,243.96481914949945,244.02308167300643,239.8183115062777,240.24557495117188,23213300,0.0,0.0,MICROSOFT,MSFT
2021-06-02 00:00:00-04:00,240.95449809459618,242.06153059915206,238.73071278562242,240.14849853515625,19406700,0.0,0.0,MICROSOFT,MSFT
2021-06-03 00:00:00-04:00,238.12862636115537,239.2162329897314,235.97282406699287,238.60446166992188,25307700,0.0,0.0,MICROSOFT,MSFT
2021-06-04 00:00:00-04:00,240.59516069530085,244.3726673509658,240.35239030658838,243.53753662109375,25281100,0.0,0.0,MICROSOFT,MSFT
2021-06-07 00:00:00-04:00,242.75098562173304,246.74213177790864,242.5859035200822,246.47023010253906,23079200,0.0,0.0,MICROSOFT,MSFT
2021-06-08 00:00:00-04:00,247.78118050982368,248.60660578316927,245.20780542191213,245.26608276367188,22455000,0.0,0.0,MICROSOFT,MSFT
2021-06-09 00:00:00-04:00,246.47020040098926,248.14046181556878,245.8875603743513,246.25656127929688,17937600,0.0,0.0,MICROSOFT,MSFT
2021-06-10 00:00:00-04:00,246.9363225034259,250.0146492596862,246.33425667995448,249.80101013183594,24563600,0.0,0.0,MICROSOFT,MSFT
2021-06-11 00:00:00-04:00,250.52932016494623,251.01486094103865,249.18922288132202,250.43223571777344,18999700,0.0,0.0,MICROSOFT,MSFT
2021-06-14 00:00:00-04:00,250.4419021360454,252.43263690633452,249.37370660504322,252.37437438964844,19150500,0.0,0.0,MICROSOFT,MSFT
2021-06-15 00:00:00-04:00,252.25783935866542,252.47147848149697,250.2282825092941,250.88861083984375,18038900,0.0,0.0,MICROSOFT,MSFT
2021-06-16 00:00:00-04:00,251.89852456234698,253.04439357166657,247.06254304495928,249.93695068359375,27220000,0.0,0.0,MICROSOFT,MSFT
2021-06-17 00:00:00-04:00,248.66482290215413,254.18055817926674,248.60656038856197,253.35513305664062,27565500,0.0,0.0,MICROSOFT,MSFT
2021-06-18 00:00:00-04:00,252.12190149919124,254.71467257964775,251.26734501415245,251.92767333984375,37202200,0.0,0.0,MICROSOFT,MSFT
2021-06-21 00:00:00-04:00,252.3064345176939,255.89941874343043,250.4613853601471,255.03517150878906,26696100,0.0,0.0,MICROSOFT,MSFT
2021-06-22 00:00:00-04:00,255.12249237414275,258.1037192183966,254.81173923104998,257.8318176269531,24694100,0.0,0.0,MICROSOFT,MSFT
2021-06-23 00:00:00-04:00,258.29793468319946,259.11363951114214,256.7830500548699,257.5987548828125,19518700,0.0,0.0,MICROSOFT,MSFT
2021-06-24 00:00:00-04:00,258.4630806261076,260.1042108908412,257.7930319554148,258.9777526855469,21446900,0.0,0.0,MICROSOFT,MSFT
2021-06-25 00:00:00-04:00,258.53104806250064,259.52154056084777,257.1035570188217,257.35601806640625,25611100,0.0,0.0,MICROSOFT,MSFT
2021-06-28 00:00:00-04:00,258.49217027494785,261.1237926733281,258.22026865779105,260.9490051269531,19590000,0.0,0.0,MICROSOFT,MSFT
2021-06-29 00:00:00-04:00,261.09467865762656,263.79428404733454,260.2304315312195,263.551513671875,19937800,0.0,0.0,MICROSOFT,MSFT
2021-06-30 00:00:00-04:00,262.8619991937764,263.51260706847046,261.80352413408576,263.06591796875,21656500,0.0,0.0,MICROSOFT,MSFT
2021-07-01 00:00:00-04:00,261.81328559722436,263.9788081482054,261.80359493344747,263.7457580566406,16725300,0.0,0.0,MICROSOFT,MSFT
2021-07-02 00:00:00-04:00,264.9304477031559,269.9606424903839,264.61969452744466,269.6207580566406,26458000,0.0,0.0,MICROSOFT,MSFT
2021-07-06 00:00:00-04:00,269.9898191361214,271.2910649387276,266.36767405826635,269.6305236816406,31565600,0.0,0.0,MICROSOFT,MSFT
2021-07-07 00:00:00-04:00,271.32013639460183,272.5728396945456,269.13520325135335,271.8348083496094,23260000,0.0,0.0,MICROSOFT,MSFT
2021-07-08 00:00:00-04:00,268.89254047775546,270.66963674085525,266.92124563859437,269.39752197265625,24618600,0.0,0.0,MICROSOFT,MSFT
2021-07-09 00:00:00-04:00,267.7466025874497,270.0092095294072,267.35817589963136,269.90240478515625,23916700,0.0,0.0,MICROSOFT,MSFT
2021-07-12 00:00:00-04:00,271.08714057563935,271.6794861214872,268.5817334745255,269.30035400390625,18931700,0.0,0.0,MICROSOFT,MSFT
2021-07-13 00:00:00-04:00,269.49449869817454,274.6703791411843,269.36828300997513,272.8544616699219,26120100,0.0,0.0,MICROSOFT,MSFT
2021-07-14 00:00:00-04:00,274.18483338403666,275.4569476201697,272.43686912019115,274.3402099609375,23113700,0.0,0.0,MICROSOFT,MSFT
2021-07-15 00:00:00-04:00,273.84493469338156,274.34019565423466,271.7376751706806,272.9029846191406,22604200,0.0,0.0,MICROSOFT,MSFT
2021-07-16 00:00:00-04:00,273.91296873929,275.8842630199159,271.3784305870248,272.6311340332031,26186800,0.0,0.0,MICROSOFT,MSFT
2021-07-19 00:00:00-04:00,270.8638501832913,272.2622104019645,266.51342251192193,268.9993896484375,32935600,0.0,0.0,MICROSOFT,MSFT
2021-07-20 00:00:00-04:00,269.9898196150602,272.84480192743007,268.2710158290657,271.2425231933594,26259700,0.0,0.0,MICROSOFT,MSFT
2021-07-21 00:00:00-04:00,270.83465558976826,273.3788846709411,269.27122841968077,273.2623596191406,24364300,0.0,0.0,MICROSOFT,MSFT
2021-07-22 00:00:00-04:00,275.63175973985386,278.13716651764275,275.22392211978416,277.8652648925781,23384100,0.0,0.0,MICROSOFT,MSFT
2021-07-23 00:00:00-04:00,279.05970748692397,281.6039364720042,278.2148712582203,281.293212890625,22768100,0.0,0.0,MICROSOFT,MSFT
2021-07-26 00:00:00-04:00,280.64252834001474,281.3125768857484,278.3507904302988,280.6910705566406,23176100,0.0,0.0,MICROSOFT,MSFT
2021-07-27 00:00:00-04:00,281.06010266417087,281.2057589576156,274.7675137069204,278.2536926269531,33604100,0.0,0.0,MICROSOFT,MSFT
2021-07-28 00:00:00-04:00,280.63284787349374,281.75930602859256,275.6220635153192,277.9429626464844,33566900,0.0,0.0,MICROSOFT,MSFT
2021-07-29 00:00:00-04:00,277.962414061992,280.27359323078736,277.80703743504944,278.21490478515625,18168300,0.0,0.0,MICROSOFT,MSFT
2021-07-30 00:00:00-04:00,276.9232975334924,278.37019934492844,275.6997254789583,276.6708068847656,20944800,0.0,0.0,MICROSOFT,MSFT
2021-08-02 00:00:00-04:00,278.0789405701117,278.4770876221492,275.5347112651971,276.58349609375,16267400,0.0,0.0,MICROSOFT,MSFT
2021-08-03 00:00:00-04:00,277.166104223552,278.9237594277011,275.78715540709163,278.8169250488281,17879000,0.0,0.0,MICROSOFT,MSFT
2021-08-04 00:00:00-04:00,277.94295691568954,279.27333387120336,276.41835180000385,278.2245788574219,16191300,0.0,0.0,MICROSOFT,MSFT
2021-08-05 00:00:00-04:00,278.58385183074364,281.2543258250797,277.8264094832069,281.1474914550781,13900200,0.0,0.0,MICROSOFT,MSFT
2021-08-06 00:00:00-04:00,280.1667846198164,281.1281459985609,279.3025077008983,281.08929443359375,16589300,0.0,0.0,MICROSOFT,MSFT
2021-08-09 00:00:00-04:00,281.3708615963786,283.11879642354194,279.4869611358521,279.9919128417969,16117600,0.0,0.0,MICROSOFT,MSFT
2021-08-10 00:00:00-04:00,280.4483853338919,280.8853839563881,276.9525148941696,278.1566467285156,18616600,0.0,0.0,MICROSOFT,MSFT
2021-08-11 00:00:00-04:00,278.9043470586535,280.3124272782178,277.59338092924185,278.6518859863281,13955900,0.0,0.0,MICROSOFT,MSFT
2021-08-12 00:00:00-04:00,278.34113618759375,281.5845453203221,278.05951421319276,281.4291687011719,14561300,0.0,0.0,MICROSOFT,MSFT
2021-08-13 00:00:00-04:00,281.1087158115078,284.4297983301095,280.9338985986401,284.3812561035156,18249000,0.0,0.0,MICROSOFT,MSFT
2021-08-16 00:00:00-04:00,284.71136854309515,286.29423602511383,281.6330273520765,286.0805969238281,22507600,0.0,0.0,MICROSOFT,MSFT
2021-08-17 00:00:00-04:00,283.9345342513374,284.9444376749565,282.6623902210043,284.60455322265625,20075300,0.0,0.0,MICROSOFT,MSFT
2021-08-18 00:00:00-04:00,284.1375869460863,286.84236068170605,282.41546304613627,282.863037109375,21813000,0.56,0.0,MICROSOFT,MSFT
2021-08-19 00:00:00-04:00,280.87821622750863,289.4206332656918,280.8295810756036,288.73956298828125,29850500,0.0,0.0,MICROSOFT,MSFT
2021-08-20 00:00:00-04:00,291.6097772971676,297.5641694161929,289.9946922302763,296.12420654296875,40817600,0.0,0.0,MICROSOFT,MSFT
2021-08-23 00:00:00-04:00,295.04423068003865,297.1360469872275,293.6821198073429,296.4063415527344,22830200,0.0,0.0,MICROSOFT,MSFT
2021-08-24 00:00:00-04:00,296.7663566340116,297.37931401539,293.8280864584724,294.4313049316406,18175800,0.0,0.0,MICROSOFT,MSFT
2021-08-25 00:00:00-04:00,296.0658116603276,296.34797274703504,292.2908270867301,293.8377990722656,20006100,0.0,0.0,MICROSOFT,MSFT
2021-08-26 00:00:00-04:00,292.8454075366568,294.24644449964364,290.8606299155867,290.996826171875,17666100,0.0,0.0,MICROSOFT,MSFT
2021-08-27 00:00:00-04:00,290.89951436759395,292.7286475335242,288.7979590083417,291.6097717285156,22605700,0.0,0.0,MICROSOFT,MSFT
2021-08-30 00:00:00-04:00,292.97180553108166,295.98792667890143,292.9134314830154,295.3749694824219,16348100,0.0,0.0,MICROSOFT,MSFT
2021-08-31 00:00:00-04:00,296.182581069819,296.26040325094897,293.34158154404304,293.7113037109375,26285300,0.0,0.0,MICROSOFT,MSFT
2021-09-01 00:00:00-04:00,294.67449464241,296.93172380625083,293.3318319554394,293.6626281738281,18983800,0.0,0.0,MICROSOFT,MSFT
2021-09-02 00:00:00-04:00,294.02267360341693,295.1512586182633,292.0573145057397,293.0010681152344,16285600,0.0,0.0,MICROSOFT,MSFT
2021-09-03 00:00:00-04:00,292.8453986734941,294.41184857005715,292.1351709970571,292.9913635253906,14747900,0.0,0.0,MICROSOFT,MSFT
2021-09-07 00:00:00-04:00,292.8648081603791,292.94263033034684,290.13084792905835,292.0572509765625,17180400,0.0,0.0,MICROSOFT,MSFT
2021-09-08 00:00:00-04:00,291.66809901400006,292.4756265566167,289.42060885659953,292.0864562988281,15046800,0.0,0.0,MICROSOFT,MSFT
2021-09-09 00:00:00-04:00,292.6799783157929,293.9642669456135,288.9633383530343,289.2065734863281,19927000,0.0,0.0,MICROSOFT,MSFT
2021-09-10 00:00:00-04:00,290.34494231543204,291.8043531923054,287.38719462460057,287.708251953125,19633400,0.0,0.0,MICROSOFT,MSFT
2021-09-13 00:00:00-04:00,289.4984576305718,290.4616889949505,286.12235263113655,288.95361328125,23652900,0.0,0.0,MICROSOFT,MSFT
2021-09-14 00:00:00-04:00,291.4540999234357,293.2345979475772,290.03361488236317,291.6778869628906,21853400,0.0,0.0,MICROSOFT,MSFT
2021-09-15 00:00:00-04:00,295.0539619371222,297.05821710322084,293.65292516387797,296.5717468261719,28356300,0.0,0.0,MICROSOFT,MSFT
2021-09-16 00:00:00-04:00,295.540513250382,297.04855964601927,292.6216907877568,296.96099853515625,19550800,0.0,0.0,MICROSOFT,MSFT
2021-09-17 00:00:00-04:00,295.93930746992044,296.2603647515708,291.4248495645059,291.7556457519531,41372500,0.0,0.0,MICROSOFT,MSFT
2021-09-20 00:00:00-04:00,288.3114019589334,290.63674365642424,281.68568052531714,286.3363342285156,38278700,0.0,0.0,MICROSOFT,MSFT
2021-09-21 00:00:00-04:00,287.68877674981024,289.48872260021335,286.1126179018401,286.8228454589844,22364100,0.0,0.0,MICROSOFT,MSFT
2021-09-22 00:00:00-04:00,288.7006635483579,292.0962166071544,286.54073431381653,290.5005798339844,26626300,0.0,0.0,MICROSOFT,MSFT
2021-09-23 00:00:00-04:00,290.763322008009,292.7578384831166,289.47903321153564,291.4541015625,18604600,0.0,0.0,MICROSOFT,MSFT
2021-09-24 00:00:00-04:00,290.1600976113839,291.6875918496594,288.89525696494013,291.2497863769531,14999000,0.0,0.0,MICROSOFT,MSFT
2021-09-27 00:00:00-04:00,288.1266244627126,288.4476817750714,285.0132028720979,286.2099304199219,23571700,0.0,0.0,MICROSOFT,MSFT
2021-09-28 00:00:00-04:00,281.9581799222653,282.91167241932607,275.09896042499,275.8481140136719,43186200,0.0,0.0,MICROSOFT,MSFT
2021-09-29 00:00:00-04:00,277.3854263588314,279.01022085770444,275.35198366201263,276.315185546875,26353700,0.0,0.0,MICROSOFT,MSFT
2021-09-30 00:00:00-04:00,277.97889750798606,280.04152717801196,273.9995733442482,274.2914733886719,32343600,0.0,0.0,MICROSOFT,MSFT
2021-10-01 00:00:00-04:00,274.485994128893,282.1333225956817,273.67846650467294,281.2771301269531,30086300,0.0,0.0,MICROSOFT,MSFT
2021-10-04 00:00:00-04:00,279.6230805767337,279.96361567403414,272.666562268108,275.44915771484375,31350700,0.0,0.0,MICROSOFT,MSFT
2021-10-05 00:00:00-04:00,276.3637182428957,282.5418959336187,276.3637182428957,280.9462890625,24993000,0.0,0.0,MICROSOFT,MSFT
2021-10-06 00:00:00-04:00,278.04697749177325,285.68456752500765,277.7842942055807,285.1786193847656,28002600,0.0,0.0,MICROSOFT,MSFT
2021-10-07 00:00:00-04:00,287.1925477546362,288.61306215435525,285.96666300857214,286.8714904785156,20430500,0.0,0.0,MICROSOFT,MSFT
2021-10-08 00:00:00-04:00,288.20441411114354,288.61306215435525,285.8109889774336,286.8714904785156,17685700,0.0,0.0,MICROSOFT,MSFT
2021-10-11 00:00:00-04:00,284.99373041185953,289.90706782029025,284.82831747054786,286.2682800292969,19298600,0.0,0.0,MICROSOFT,MSFT
2021-10-12 00:00:00-04:00,287.3482286577459,287.44552864100757,284.4391462164748,284.9548034667969,17974100,0.0,0.0,MICROSOFT,MSFT
2021-10-13 00:00:00-04:00,286.9298814494443,289.23574564382915,285.54829289898174,288.2919921875,23416300,0.0,0.0,MICROSOFT,MSFT
2021-10-14 00:00:00-04:00,291.11349137966283,295.06362706372664,289.7708288649425,294.5577087402344,27262900,0.0,0.0,MICROSOFT,MSFT
2021-10-15 00:00:00-04:00,294.1588165309369,296.2117363511589,292.38805775917484,295.97821044921875,25384800,0.0,0.0,MICROSOFT,MSFT
2021-10-18 00:00:00-04:00,295.3556046092264,299.8700338521771,294.49941207389287,298.9749450683594,22729300,0.0,0.0,MICROSOFT,MSFT
2021-10-19 00:00:00-04:00,300.0062745019476,300.9305503633277,298.9068467466331,299.8895263671875,17682100,0.0,0.0,MICROSOFT,MSFT
2021-10-20 00:00:00-04:00,300.8429560161433,301.3197171027858,297.8268342037108,299.0916748046875,16537100,0.0,0.0,MICROSOFT,MSFT
2021-10-21 00:00:00-04:00,298.8581903560351,302.6039880779175,298.07008111880555,302.3510437011719,16918100,0.0,0.0,MICROSOFT,MSFT
2021-10-22 00:00:00-04:00,302.0008096141944,302.67214112204863,299.47115766927385,300.79437255859375,17449300,0.0,0.0,MICROSOFT,MSFT
2021-10-25 00:00:00-04:00,300.98887316221607,301.0277990977704,298.1673515162017,299.79217529296875,17554500,0.0,0.0,MICROSOFT,MSFT
2021-10-26 00:00:00-04:00,302.5845288044777,303.9466397160432,300.24947728582384,301.7185974121094,28107300,0.0,0.0,MICROSOFT,MSFT
2021-10-27 00:00:00-04:00,307.4492048120639,317.2759100181489,307.4492048120639,314.4252014160156,52588700,0.0,0.0,MICROSOFT,MSFT
2021-10-28 00:00:00-04:00,315.55379489137164,316.0791911010308,312.6641602759302,315.5732727050781,26297900,0.0,0.0,MICROSOFT,MSFT
2021-10-29 00:00:00-04:00,315.359289736392,323.0163286806342,315.1355026750669,322.6466064453125,34766000,0.0,0.0,MICROSOFT,MSFT
2021-11-01 00:00:00-04:00,322.39357019445515,322.52005721813174,317.53860629412543,320.4574279785156,27073200,0.0,0.0,MICROSOFT,MSFT
2021-11-02 00:00:00-04:00,321.37193212651346,324.42697914880324,321.07032298632356,324.1156311035156,26487100,0.0,0.0,MICROSOFT,MSFT
2021-11-03 00:00:00-04:00,324.8648276969841,325.8377681990366,321.70277106531336,324.9621276855469,21500100,0.0,0.0,MICROSOFT,MSFT
2021-11-04 00:00:00-04:00,323.88219353403036,327.4334205987042,320.593649728482,327.33612060546875,23992200,0.0,0.0,MICROSOFT,MSFT
2021-11-05 00:00:00-04:00,329.35014712015965,329.6225693129886,325.3708234465766,326.9664306640625,22570100,0.0,0.0,MICROSOFT,MSFT
2021-11-08 00:00:00-05:00,328.17285555134873,328.51339070286974,325.39025966156356,327.8712463378906,20897000,0.0,0.0,MICROSOFT,MSFT
2021-11-09 00:00:00-05:00,327.9879904815941,329.5544402828725,325.4778168051175,326.8594055175781,21307400,0.0,0.0,MICROSOFT,MSFT
2021-11-10 00:00:00-05:00,325.51669840233706,325.5750724548764,320.99253117981675,321.84869384765625,25500900,0.0,0.0,MICROSOFT,MSFT
2021-11-11 00:00:00-05:00,322.28653817483524,324.738337527152,321.5665717116808,323.4346008300781,16849800,0.0,0.0,MICROSOFT,MSFT
2021-11-12 00:00:00-05:00,324.88432929689867,328.1047602191406,324.75784227168475,327.6085510253906,23831000,0.0,0.0,MICROSOFT,MSFT
2021-11-15 00:00:00-05:00,328.40638969016095,328.73718594248044,324.9913585657759,326.9761657714844,16723000,0.0,0.0,MICROSOFT,MSFT
2021-11-16 00:00:00-05:00,326.59664993589905,331.4516430729866,326.43126668335293,330.3230285644531,20886800,0.0,0.0,MICROSOFT,MSFT
2021-11-17 00:00:00-05:00,330.37182914545576,333.53967135053256,329.45558932799054,330.5472717285156,19053400,0.62,0.0,MICROSOFT,MSFT
2021-11-18 00:00:00-05:00,329.63097002170895,333.79304557491,328.5977686761909,332.6428527832031,22463500,0.0,0.0,MICROSOFT,MSFT
2021-11-19 00:00:00-05:00,333.97825024801534,336.3760543767451,333.54937084338275,334.43634033203125,21963400,0.0,0.0,MICROSOFT,MSFT
2021-11-22 00:00:00-05:00,335.9081154886686,340.8304710046399,330.9662762746876,331.23919677734375,31031100,0.0,0.0,MICROSOFT,MSFT
2021-11-23 00:00:00-05:00,328.5295979613131,330.86895142342803,325.12783225855804,329.1436767578125,30427600,0.0,0.0,MICROSOFT,MSFT
2021-11-24 00:00:00-05:00,327.77905946554597,329.6115390495707,325.46897628108786,329.36785888671875,21661300,0.0,0.0,MICROSOFT,MSFT
2021-11-26 00:00:00-05:00,325.89784460520497,329.38733132965183,319.8253244459486,321.34588623046875,24217200,0.0,0.0,MICROSOFT,MSFT
2021-11-29 00:00:00-05:00,326.4729588687291,330.4595630260722,326.2780028271593,328.1202392578125,28563500,0.0,0.0,MICROSOFT,MSFT
2021-11-30 00:00:00-05:00,326.8433187860478,329.24112313353976,320.67332072918714,322.2328796386719,42885600,0.0,0.0,MICROSOFT,MSFT
2021-12-01 00:00:00-05:00,326.6581359348588,330.70322067992856,321.0632489270515,321.73577880859375,33337600,0.0,0.0,MICROSOFT,MSFT
2021-12-02 00:00:00-05:00,321.95019634057,325.05955737688157,319.5133948855366,321.1606750488281,30766000,0.0,0.0,MICROSOFT,MSFT
2021-12-03 00:00:00-05:00,323.59748495707225,324.2895580055808,309.99039360562415,314.8445129394531,41779300,0.0,0.0,MICROSOFT,MSFT
2021-12-06 00:00:00-05:00,315.76075763824963,319.17227981787397,311.1600751090259,317.9441223144531,30032600,0.0,0.0,MICROSOFT,MSFT
2021-12-07 00:00:00-05:00,323.2563478589764,327.31115930058763,321.75526983487015,326.45343017578125,31021900,0.0,0.0,MICROSOFT,MSFT
2021-12-08 00:00:00-05:00,326.83353764022866,327.01873692011065,322.4375385432032,326.50213623046875,24761000,0.0,0.0,MICROSOFT,MSFT
2021-12-09 00:00:00-05:00,325.95632498751337,327.98373078188104,323.7242064464456,324.679443359375,22214200,0.0,0.0,MICROSOFT,MSFT
2021-12-10 00:00:00-05:00,326.51188323468114,334.32913092258076,326.32668396031227,333.8807678222656,38095700,0.0,0.0,MICROSOFT,MSFT
2021-12-13 00:00:00-05:00,332.0678010684715,335.09919754949823,330.508242186491,330.8201599121094,28899400,0.0,0.0,MICROSOFT,MSFT
2021-12-14 00:00:00-05:00,324.7964057833749,326.1805221503476,315.91668547821047,320.0397644042969,44438700,0.0,0.0,MICROSOFT,MSFT
2021-12-15 00:00:00-05:00,320.30292576159496,326.7166040409797,316.2968383277808,326.19024658203125,35381100,0.0,0.0,MICROSOFT,MSFT
2021-12-16 00:00:00-05:00,327.2234650346146,328.24693957714373,314.854257457037,316.6867370605469,35034800,0.0,0.0,MICROSOFT,MSFT
2021-12-17 00:00:00-05:00,312.76836484947194,316.70624457817166,309.23012415414564,315.6145324707031,47750300,0.0,0.0,MICROSOFT,MSFT
2021-12-20 00:00:00-05:00,311.9593213948863,314.639803090111,309.5420333036139,311.8228759765625,28326500,0.0,0.0,MICROSOFT,MSFT
2021-12-21 00:00:00-05:00,315.1174443405108,319.4452063660024,311.71564907625043,319.0163269042969,24740600,0.0,0.0,MICROSOFT,MSFT
2021-12-22 00:00:00-05:00,320.00076175693624,325.17652577417107,317.5152361201352,324.77691650390625,24831500,0.0,0.0,MICROSOFT,MSFT
2021-12-23 00:00:00-05:00,324.338317997192,327.8863156788129,324.3188342914887,326.2292785644531,19617800,0.0,0.0,MICROSOFT,MSFT
2021-12-27 00:00:00-05:00,326.97974351136725,333.8223007290445,326.9505030850571,333.7930603027344,19947000,0.0,0.0,MICROSOFT,MSFT
2021-12-28 00:00:00-05:00,334.4753456356352,335.11866475826764,331.71689960987686,332.6233825683594,15661500,0.0,0.0,MICROSOFT,MSFT
2021-12-29 00:00:00-05:00,332.6721024435411,335.59626401115304,331.09305995640824,333.3056945800781,15042000,0.0,0.0,MICROSOFT,MSFT
2021-12-30 00:00:00-05:00,333.26671018042197,334.4558704532569,330.2548272200859,330.7421875,15994500,0.0,0.0,MICROSOFT,MSFT
2021-12-31 00:00:00-05:00,329.9526640734258,330.78115274698564,327.3599038316659,327.8180236816406,18000800,0.0,0.0,MICROSOFT,MSFT
2022-01-03 00:00:00-05:00,326.87255803377127,329.45556166565535,321.44335717139757,326.2877197265625,28865100,0.0,0.0,MICROSOFT,MSFT
2022-01-04 00:00:00-05:00,326.365629860419,326.72630140776477,317.8758232083439,320.6927795410156,32674300,0.0,0.0,MICROSOFT,MSFT
2022-01-05 00:00:00-05:00,317.6224114863503,317.82712421089127,307.99219782288543,308.382080078125,40054300,0.0,0.0,MICROSOFT,MSFT
2022-01-06 00:00:00-05:00,305.233694846678,310.6434110479018,303.61565537319757,305.94525146484375,39646100,0.0,0.0,MICROSOFT,MSFT
2022-01-07 00:00:00-05:00,306.2084928374693,308.4990923634826,302.25112929300127,306.1012878417969,32720000,0.0,0.0,MICROSOFT,MSFT
2022-01-10 00:00:00-05:00,301.66627606546274,306.7640756318793,296.9876289739429,306.325439453125,44289500,0.0,0.0,MICROSOFT,MSFT
2022-01-11 00:00:00-05:00,305.45795812071515,308.6062867421379,302.05619261480143,307.01751708984375,29386800,0.0,0.0,MICROSOFT,MSFT
2022-01-12 00:00:00-05:00,311.58896744194254,315.23441320295166,309.06441474809145,310.2243347167969,34372200,0.0,0.0,MICROSOFT,MSFT
2022-01-13 00:00:00-05:00,312.3686704631875,312.7683094257435,296.31502311946934,297.09478759765625,45366000,0.0,0.0,MICROSOFT,MSFT
2022-01-14 00:00:00-05:00,296.5587679546553,302.9626899843131,296.0714076129057,302.3583679199219,39846400,0.0,0.0,MICROSOFT,MSFT
2022-01-18 00:00:00-05:00,296.38329232994903,301.9684221862575,294.112176732755,294.9991760253906,42333200,0.0,0.0,MICROSOFT,MSFT
2022-01-19 00:00:00-05:00,298.5471817056459,305.9745479382387,295.04793831177057,295.6619873046875,45933900,0.0,0.0,MICROSOFT,MSFT
2022-01-20 00:00:00-05:00,301.256840040859,303.7716055751713,293.5273144368202,293.9756774902344,35380700,0.0,0.0,MICROSOFT,MSFT
2022-01-21 00:00:00-05:00,295.0382133050915,296.42230005178664,288.1371740388165,288.54656982421875,57984400,0.0,0.0,MICROSOFT,MSFT
2022-01-24 00:00:00-05:00,284.8133615808606,289.59921338833715,269.0716006266445,288.8779296875,85731500,0.0,0.0,MICROSOFT,MSFT
2022-01-25 00:00:00-05:00,284.1506075344545,287.53289002679446,277.96115401986725,281.19720458984375,72848600,0.0,0.0,MICROSOFT,MSFT
2022-01-26 00:00:00-05:00,300.2041664546708,300.70128344362456,285.6223556577579,289.2093200683594,90428900,0.0,0.0,MICROSOFT,MSFT
2022-01-27 00:00:00-05:00,295.00894264093967,299.5316307918449,290.398503458779,292.2602233886719,53481300,0.0,0.0,MICROSOFT,MSFT
2022-01-28 00:00:00-05:00,292.64034188757194,300.6817858879267,287.00645867474344,300.46734619140625,49743700,0.0,0.0,MICROSOFT,MSFT
2022-01-31 00:00:00-05:00,301.1399402050038,304.4832247121305,298.6251444080618,303.1186218261719,46444500,0.0,0.0,MICROSOFT,MSFT
2022-02-01 00:00:00-05:00,302.5629641135355,302.7774037922161,297.4164415713082,300.9546813964844,40950400,0.0,0.0,MICROSOFT,MSFT
2022-02-02 00:00:00-05:00,301.80272213433227,307.1539283194446,301.07168173762904,305.535888671875,36636000,0.0,0.0,MICROSOFT,MSFT
2022-02-03 00:00:00-05:00,301.66623944086155,303.362273346169,292.3771542221462,293.6345520019531,43730000,0.0,0.0,MICROSOFT,MSFT
2022-02-04 00:00:00-05:00,292.62083445060097,300.99368001825854,292.3869110481771,298.20599365234375,35096500,0.0,0.0,MICROSOFT,MSFT
2022-02-07 00:00:00-05:00,298.4302055756614,300.0579722455786,292.318688654962,293.3421630859375,28533300,0.0,0.0,MICROSOFT,MSFT
2022-02-08 00:00:00-05:00,293.6345479157845,297.83559085233486,292.36742317591916,296.8608703613281,32421200,0.0,0.0,MICROSOFT,MSFT
2022-02-09 00:00:00-05:00,302.0366514726128,304.0445734219584,299.61936355089756,303.3427734375,31284700,0.0,0.0,MICROSOFT,MSFT
2022-02-10 00:00:00-05:00,296.35400136188343,301.3055679493219,293.0984387666677,294.7359619140625,45386200,0.0,0.0,MICROSOFT,MSFT
2022-02-11 00:00:00-05:00,295.52554040869245,296.5977390154296,286.7822954571139,287.5815734863281,39175600,0.0,0.0,MICROSOFT,MSFT
2022-02-14 00:00:00-05:00,286.3436549956421,289.25808976653775,283.98484784230527,287.5425720214844,36359500,0.0,0.0,MICROSOFT,MSFT
2022-02-15 00:00:00-05:00,292.425904480475,293.1959122523696,289.51146998047835,292.874267578125,27058300,0.0,0.0,MICROSOFT,MSFT
2022-02-16 00:00:00-05:00,291.4287541078805,293.87059443094495,286.8478592772018,292.532470703125,29982100,0.62,0.0,MICROSOFT,MSFT
2022-02-17 00:00:00-05:00,289.46545969099697,289.8952259052709,283.253433188046,283.9664611816406,32461600,0.0,0.0,MICROSOFT,MSFT
2022-02-18 00:00:00-05:00,286.2325126638836,287.0236665492463,279.64932064724337,281.23162841796875,34264000,0.0,0.0,MICROSOFT,MSFT
2022-02-22 00:00:00-05:00,278.3697358583344,284.75759709047884,277.88136790068825,281.0264587402344,41736100,0.0,0.0,MICROSOFT,MSFT
2022-02-23 00:00:00-05:00,283.4293068501427,284.9139649692923,273.5838189483352,273.7498474121094,37811200,0.0,0.0,MICROSOFT,MSFT
2022-02-24 00:00:00-05:00,266.17037359774605,288.29344108652936,265.20338455523887,287.7366943359375,56989700,0.0,0.0,MICROSOFT,MSFT
2022-02-25 00:00:00-05:00,288.2738711995005,290.7059342491932,284.8650423630225,290.39337158203125,32546700,0.0,0.0,MICROSOFT,MSFT
2022-02-28 00:00:00-05:00,287.4632007751888,292.1808528562022,286.1836788618156,291.8389892578125,34627500,0.0,0.0,MICROSOFT,MSFT
2022-03-01 00:00:00-05:00,289.5045672983534,292.9915222475187,285.35343897057174,288.08831787109375,31217800,0.0,0.0,MICROSOFT,MSFT
2022-03-02 00:00:00-05:00,288.4887987304695,294.45667259874045,286.86744281856204,293.2064514160156,31873000,0.0,0.0,MICROSOFT,MSFT
2022-03-03 00:00:00-05:00,295.84364980680374,296.0780569626088,287.20927533807935,289.0357971191406,27314500,0.0,0.0,MICROSOFT,MSFT
2022-03-04 00:00:00-05:00,287.44363162174074,288.7817551065831,280.48927641365003,283.1166687011719,32356500,0.0,0.0,MICROSOFT,MSFT
2022-03-07 00:00:00-05:00,281.81761195584653,282.9506291925248,272.05025281994557,272.4214172363281,43157200,0.0,0.0,MICROSOFT,MSFT
2022-03-08 00:00:00-05:00,271.3372651346265,277.3539628320421,263.7187358011951,269.4326477050781,48159500,0.0,0.0,MICROSOFT,MSFT
2022-03-09 00:00:00-05:00,276.8460484065981,282.8627456170692,274.2479271242844,281.788330078125,35204500,0.0,0.0,MICROSOFT,MSFT
2022-03-10 00:00:00-05:00,276.4357958767806,279.932527245234,274.0525577910819,278.9460144042969,30628000,0.0,0.0,MICROSOFT,MSFT
2022-03-11 00:00:00-05:00,281.2609372225898,282.7748961601966,272.92937894239424,273.55450439453125,27209300,0.0,0.0,MICROSOFT,MSFT
2022-03-14 00:00:00-04:00,273.8181756969653,278.76045763541293,269.4033395620521,270.0089111328125,30660700,0.0,0.0,MICROSOFT,MSFT
2022-03-15 00:00:00-04:00,273.8279339194195,281.1241527748077,272.2456264243549,280.4697265625,34245100,0.0,0.0,MICROSOFT,MSFT
2022-03-16 00:00:00-04:00,282.38418612747995,287.7171871966468,276.6117014641629,287.5413818359375,37826300,0.0,0.0,MICROSOFT,MSFT
2022-03-17 00:00:00-04:00,286.4669268253734,288.7329318263678,282.63810836228123,288.3520202636719,30816600,0.0,0.0,MICROSOFT,MSFT
2022-03-18 00:00:00-04:00,288.4985140123534,293.9975425847352,285.9199464145615,293.4407958984375,43390600,0.0,0.0,MICROSOFT,MSFT
2022-03-21 00:00:00-04:00,291.9366399088193,293.15755991953046,288.03944296544944,292.2003479003906,28351200,0.0,0.0,MICROSOFT,MSFT
2022-03-22 00:00:00-04:00,292.82542347385197,297.9044622950432,291.81938664594713,296.986328125,27599700,0.0,0.0,MICROSOFT,MSFT
2022-03-23 00:00:00-04:00,293.51899504521293,296.1757186114103,290.79389279350517,292.522705078125,25715400,0.0,0.0,MICROSOFT,MSFT
2022-03-24 00:00:00-04:00,292.1808189681649,297.1231007033061,291.3798883008595,297.0254211425781,24484500,0.0,0.0,MICROSOFT,MSFT
2022-03-25 00:00:00-04:00,298.1291626569943,298.3928706662837,292.32734799167207,296.6152038574219,22566500,0.0,0.0,MICROSOFT,MSFT
2022-03-28 00:00:00-04:00,297.25005982529126,303.5695430664441,297.25005982529126,303.4718933105469,29578200,0.0,0.0,MICROSOFT,MSFT
2022-03-29 00:00:00-04:00,306.60719218630373,308.4727614675404,301.86023986801433,308.0722961425781,30393400,0.0,0.0,MICROSOFT,MSFT
2022-03-30 00:00:00-04:00,306.46063883881243,308.59969265817347,304.3313321084251,306.55828857421875,28163600,0.0,0.0,MICROSOFT,MSFT
2022-03-31 00:00:00-04:00,306.5974014251346,307.8085742434031,300.7272387749314,301.137451171875,33422100,0.0,0.0,MICROSOFT,MSFT
2022-04-01 00:00:00-04:00,302.17282500075515,302.9151539322343,298.43193906959664,302.2216796875,27110500,0.0,0.0,MICROSOFT,MSFT
2022-04-04 00:00:00-04:00,302.87607102658353,307.77927515123645,302.5049065671156,307.6425476074219,24289600,0.0,0.0,MICROSOFT,MSFT
2022-04-05 00:00:00-04:00,305.9820887152526,307.5448723417732,302.6611921386578,303.647705078125,23156700,0.0,0.0,MICROSOFT,MSFT
2022-04-06 00:00:00-04:00,298.09010166302943,299.85799167231846,289.80736855645114,292.532470703125,40110400,0.0,0.0,MICROSOFT,MSFT
2022-04-07 00:00:00-04:00,289.758499121147,296.5858740762518,289.4557133522516,294.3589172363281,31411200,0.0,0.0,MICROSOFT,MSFT
2022-04-08 00:00:00-04:00,293.45058514528654,294.114758514282,289.3873595463898,290.0613098144531,24361900,0.0,0.0,MICROSOFT,MSFT
2022-04-11 00:00:00-04:00,285.0018343052239,285.80273525157804,278.3697878554464,278.6237487792969,34569300,0.0,0.0,MICROSOFT,MSFT
2022-04-12 00:00:00-04:00,282.5110953632232,283.97619928160407,273.9646558393346,275.4981384277344,30966700,0.0,0.0,MICROSOFT,MSFT
2022-04-13 00:00:00-04:00,276.1526389656906,281.86652193943553,274.7558835337126,280.9288635253906,21907200,0.0,0.0,MICROSOFT,MSFT
2022-04-14 00:00:00-04:00,281.38782437800955,281.6027074549684,272.82186179775454,273.3199768066406,28221600,0.0,0.0,MICROSOFT,MSFT
2022-04-18 00:00:00-04:00,272.42142695023347,275.8888276440718,271.8646803058073,273.99395751953125,20778000,0.0,0.0,MICROSOFT,MSFT
2022-04-19 00:00:00-04:00,272.8805798560502,279.5126273776436,271.93314449582255,278.662841796875,22297700,0.0,0.0,MICROSOFT,MSFT
2022-04-20 00:00:00-04:00,282.6674060462636,282.96044474494096,278.73116096907495,279.6981201171875,22906700,0.0,0.0,MICROSOFT,MSFT
2022-04-21 00:00:00-04:00,281.8664179722613,286.47661236829964,273.54463927592286,274.2771911621094,29454600,0.0,0.0,MICROSOFT,MSFT
2022-04-22 00:00:00-04:00,275.1269927943867,276.61165060997706,267.0200958152391,267.65496826171875,29405800,0.0,0.0,MICROSOFT,MSFT
2022-04-25 00:00:00-04:00,266.93221943989084,274.5702731546205,264.4708253695772,274.1893615722656,35678900,0.0,0.0,MICROSOFT,MSFT
2022-04-26 00:00:00-04:00,271.0442930649702,271.88427188176473,263.7187716307818,263.93365478515625,46518400,0.0,0.0,MICROSOFT,MSFT
2022-04-27 00:00:00-04:00,275.53728581973996,284.2009310765478,272.6656790296599,276.6312255859375,63477700,0.0,0.0,MICROSOFT,MSFT
2022-04-28 00:00:00-04:00,278.5553489961394,284.21065891974973,274.9121128968321,282.8920593261719,33646600,0.0,0.0,MICROSOFT,MSFT
2022-04-29 00:00:00-04:00,281.8958128477305,283.1362868654888,270.0675520892039,271.0638122558594,37073900,0.0,0.0,MICROSOFT,MSFT
2022-05-02 00:00:00-04:00,271.24936642596634,278.31117896291823,269.79403921596037,277.85211181640625,35151100,0.0,0.0,MICROSOFT,MSFT
2022-05-03 00:00:00-04:00,277.3540092554618,277.5200675285578,273.6326466342185,275.2247314453125,25978600,0.0,0.0,MICROSOFT,MSFT
2022-05-04 00:00:00-04:00,276.01576437773656,284.112912454021,270.2921069340389,283.2338562011719,33599300,0.0,0.0,MICROSOFT,MSFT
2022-05-05 00:00:00-04:00,278.89723724006825,279.6883911046849,267.9577808832732,270.89776611328125,43260400,0.0,0.0,MICROSOFT,MSFT
2022-05-06 00:00:00-04:00,268.4167793179081,272.75348892117427,264.9591260271714,268.3386535644531,37780300,0.0,0.0,MICROSOFT,MSFT
2022-05-09 00:00:00-04:00,263.7772665423057,266.0237469488618,257.1940768192163,258.42474365234375,47726000,0.0,0.0,MICROSOFT,MSFT
2022-05-10 00:00:00-04:00,265.3694008610631,267.3814745957865,258.9034134409699,263.2303466796875,39336400,0.0,0.0,MICROSOFT,MSFT
2022-05-11 00:00:00-04:00,259.4992475355475,265.0471015930842,253.26766626482927,254.48858642578125,48975900,0.0,0.0,MICROSOFT,MSFT
2022-05-12 00:00:00-04:00,251.69513538017614,253.83418988656118,244.20357106177636,249.40957641601562,51033800,0.0,0.0,MICROSOFT,MSFT
2022-05-13 00:00:00-04:00,251.36301930069266,256.92064960797495,249.40954727163364,255.04530334472656,34925100,0.0,0.0,MICROSOFT,MSFT
2022-05-16 00:00:00-04:00,253.91232188510395,259.6360112393335,249.8295719210436,255.41650390625,32550900,0.0,0.0,MICROSOFT,MSFT
2022-05-17 00:00:00-04:00,259.9192582812611,262.0876138576455,256.3541770797721,260.6127624511719,28828800,0.0,0.0,MICROSOFT,MSFT
2022-05-18 00:00:00-04:00,257.4798766012705,258.06728913926753,247.46459889192343,248.74710083007812,31356000,0.62,0.0,MICROSOFT,MSFT
2022-05-19 00:00:00-04:00,248.57088624180696,252.26177682297725,246.59329478297516,247.82684326171875,32692300,0.0,0.0,MICROSOFT,MSFT
2022-05-20 00:00:00-04:00,251.84076675260135,253.11349891147856,241.2674604629305,247.25900268554688,39199300,0.0,0.0,MICROSOFT,MSFT
2022-05-23 00:00:00-04:00,250.12751404871221,256.01136450516975,248.11073893484485,255.17919921875,33175400,0.0,0.0,MICROSOFT,MSFT
2022-05-24 00:00:00-04:00,252.47715229414266,255.84492252938776,248.1792798135891,254.1708221435547,29043900,0.0,0.0,MICROSOFT,MSFT
2022-05-25 00:00:00-04:00,252.72187577614946,259.02667817864454,251.7330652545858,257.0099182128906,28547900,0.0,0.0,MICROSOFT,MSFT
2022-05-26 00:00:00-04:00,256.7652158897939,261.5036257600117,255.94285019764496,260.31903076171875,25002100,0.0,0.0,MICROSOFT,MSFT
2022-05-27 00:00:00-04:00,262.8448420311824,267.60282038984076,261.9441389092218,267.5049133300781,26910800,0.0,0.0,MICROSOFT,MSFT
2022-05-31 00:00:00-04:00,266.80987767863127,269.0028528487479,263.28543195733954,266.1637268066406,37827700,0.0,0.0,MICROSOFT,MSFT
2022-06-01 00:00:00-04:00,269.4237974006691,271.86152485226245,264.37209783823954,266.7021484375,25292200,0.0,0.0,MICROSOFT,MSFT
2022-06-02 00:00:00-04:00,258.89947693179,268.88537143818104,256.1092895413846,268.81683349609375,44008200,0.0,0.0,MICROSOFT,MSFT
2022-06-03 00:00:00-04:00,264.636460617641,267.7105694939504,262.77634569587696,264.3525390625,28059000,0.0,0.0,MICROSOFT,MSFT
2022-06-06 00:00:00-04:00,266.34971573756184,268.4252141639937,261.611306341339,263.10919189453125,22400300,0.0,0.0,MICROSOFT,MSFT
2022-06-07 00:00:00-04:00,261.0434971660239,267.3972687467386,260.35817754202344,266.7804870605469,22860700,0.0,0.0,MICROSOFT,MSFT
2022-06-08 00:00:00-04:00,266.0070773823765,267.2700099708886,263.9511482533452,264.734375,17372300,0.0,0.0,MICROSOFT,MSFT
2022-06-09 00:00:00-04:00,262.1595327811504,266.98604925881506,259.075654478326,259.2322998046875,26439700,0.0,0.0,MICROSOFT,MSFT
2022-06-10 00:00:00-04:00,255.11068319081443,255.11068319081443,247.22965628404373,247.6800079345703,31422800,0.0,0.0,MICROSOFT,MSFT
2022-06-13 00:00:00-04:00,239.96535788758084,243.79329402149392,236.46049713735425,237.1751708984375,46135800,0.0,0.0,MICROSOFT,MSFT
2022-06-14 00:00:00-04:00,238.74161674348503,240.58216215513482,236.44093497892277,239.3583984375,28651500,0.0,0.0,MICROSOFT,MSFT
2022-06-15 00:00:00-04:00,243.0982146588426,249.94150680394728,241.24788449957697,246.47579956054688,33111700,0.0,0.0,MICROSOFT,MSFT
2022-06-16 00:00:00-04:00,240.81710376437903,242.22688189014661,237.91923978454233,239.82830810546875,33169200,0.0,0.0,MICROSOFT,MSFT
2022-06-17 00:00:00-04:00,239.56397755695406,245.24224408024898,238.90804201012048,242.45205688476562,43084800,0.0,0.0,MICROSOFT,MSFT
2022-06-21 00:00:00-04:00,245.00727671939478,249.40304129416464,244.27301850164946,248.41424560546875,29928300,0.0,0.0,MICROSOFT,MSFT
2022-06-22 00:00:00-04:00,246.60302260838063,251.7722132247675,245.11492205307957,247.81700134277344,25939900,0.0,0.0,MICROSOFT,MSFT
2022-06-23 00:00:00-04:00,250.20581826365253,253.926047664145,248.30653476255785,253.42674255371094,25861400,0.0,0.0,MICROSOFT,MSFT
2022-06-24 00:00:00-04:00,256.3148490769033,262.35535965816274,256.22674167848834,262.08123779296875,33923200,0.0,0.0,MICROSOFT,MSFT
2022-06-27 00:00:00-04:00,262.580493533295,262.668600925161,257.7539771798243,259.3302001953125,24615100,0.0,0.0,MICROSOFT,MSFT
2022-06-28 00:00:00-04:00,258.4393071868514,261.30780194280726,250.94008013519854,251.0967254638672,27295500,0.0,0.0,MICROSOFT,MSFT
2022-06-29 00:00:00-04:00,252.18336106497506,256.4714326847275,250.3917697024554,254.79733276367188,20069800,0.0,0.0,MICROSOFT,MSFT
2022-06-30 00:00:00-04:00,251.65476044172237,254.08271842769943,247.59187085039693,251.4393768310547,31730900,0.0,0.0,MICROSOFT,MSFT
2022-07-01 00:00:00-04:00,251.00862027317996,254.317652035355,249.26596711884596,254.1316375732422,22837700,0.0,0.0,MICROSOFT,MSFT
2022-07-05 00:00:00-04:00,250.78348231971302,257.46034506862827,249.39328837606578,257.33306884765625,22941000,0.0,0.0,MICROSOFT,MSFT
2022-07-06 00:00:00-04:00,258.2141389786212,262.36513586069475,256.89246821602336,260.62249755859375,23824400,0.0,0.0,MICROSOFT,MSFT
2022-07-07 00:00:00-04:00,259.55538571449324,263.4126913580876,259.4574786412816,262.76654052734375,20859900,0.0,0.0,MICROSOFT,MSFT
2022-07-08 00:00:00-04:00,259.23232699457765,262.47285096364976,257.76381051758267,262.0420837402344,19658800,0.0,0.0,MICROSOFT,MSFT
2022-07-11 00:00:00-04:00,260.07421719413753,260.93575149220965,256.67704846885334,258.9581604003906,19455200,0.0,0.0,MICROSOFT,MSFT
2022-07-12 00:00:00-04:00,260.2994652506677,260.35820352406733,246.74994083544664,248.34573364257812,35868500,0.0,0.0,MICROSOFT,MSFT
2022-07-13 00:00:00-04:00,244.93876800231624,248.22824560715893,242.9024233004115,247.41566467285156,29497400,0.0,0.0,MICROSOFT,MSFT
2022-07-14 00:00:00-04:00,245.3107778168034,249.78485003382096,240.77795239516902,248.74710083007812,25102800,0.0,0.0,MICROSOFT,MSFT
2022-07-15 00:00:00-04:00,250.35266939452197,254.90506411959618,249.42261202406303,251.33168029785156,29774100,0.0,0.0,MICROSOFT,MSFT
2022-07-18 00:00:00-04:00,254.2980729574768,255.36519121832876,247.98345584671802,248.91351318359375,20975000,0.0,0.0,MICROSOFT,MSFT
2022-07-19 00:00:00-04:00,252.17361939367356,254.2687171015095,248.35548278462542,254.08270263671875,25012600,0.0,0.0,MICROSOFT,MSFT
2022-07-20 00:00:00-04:00,254.44491628080533,259.3106014451574,253.4757050910402,256.7651672363281,22788300,0.0,0.0,MICROSOFT,MSFT
2022-07-21 00:00:00-04:00,254.33728671126292,259.3302489958565,251.63520667740252,259.2812805175781,22404700,0.0,0.0,MICROSOFT,MSFT
2022-07-22 00:00:00-04:00,259.6728105562889,259.76091794152586,253.6323307555288,254.89523315429688,21881300,0.0,0.0,MICROSOFT,MSFT
2022-07-25 00:00:00-04:00,255.52186688402224,256.0113723761372,251.41980846993513,253.39739990234375,21056000,0.0,0.0,MICROSOFT,MSFT
2022-07-26 00:00:00-04:00,254.40574137131446,254.42534070932976,244.33174138551718,246.61282348632812,39348000,0.0,0.0,MICROSOFT,MSFT
2022-07-27 00:00:00-04:00,255.67847616643652,264.3818670526716,253.4169635019874,263.099365234375,45994000,0.0,0.0,MICROSOFT,MSFT
2022-07-28 00:00:00-04:00,264.08821223368335,272.00840748799504,262.2476668083171,270.6084289550781,33459300,0.0,0.0,MICROSOFT,MSFT
2022-07-29 00:00:00-04:00,271.871332111681,276.08106692604906,270.8237833042732,274.8475036621094,32152800,0.0,0.0,MICROSOFT,MSFT
2022-08-01 00:00:00-04:00,271.98885123698966,275.37622103162886,270.05039864390653,272.17486572265625,21539600,0.0,0.0,MICROSOFT,MSFT
2022-08-02 00:00:00-04:00,270.20698339711424,272.05732816787753,266.66296904737686,269.0517578125,22754200,0.0,0.0,MICROSOFT,MSFT
2022-08-03 00:00:00-04:00,270.9511148885961,277.54963997857817,270.8042393255942,276.541259765625,23518900,0.0,0.0,MICROSOFT,MSFT
2022-08-04 00:00:00-04:00,275.8852654718878,277.8432873130709,274.28950276803903,277.6964416503906,18098700,0.0,0.0,MICROSOFT,MSFT
2022-08-05 00:00:00-04:00,273.2908942181647,277.69644338839964,272.8307578875251,276.97198486328125,16774600,0.0,0.0,MICROSOFT,MSFT
2022-08-08 00:00:00-04:00,278.08806276041804,279.91883842819703,273.4573598490417,274.4363708496094,18739200,0.0,0.0,MICROSOFT,MSFT
2022-08-09 00:00:00-04:00,273.7706434744483,277.138413742607,271.78322251262296,276.3747863769531,23405200,0.0,0.0,MICROSOFT,MSFT
2022-08-10 00:00:00-04:00,282.12160899696113,283.727171478026,280.91741472837924,283.0908203125,24687800,0.0,0.0,MICROSOFT,MSFT
2022-08-11 00:00:00-04:00,284.7453564145497,285.0977860349163,280.49645224354316,280.9957275390625,20065900,0.0,0.0,MICROSOFT,MSFT
2022-08-12 00:00:00-04:00,282.4251410897665,285.78314208984375,280.91745558638644,285.78314208984375,22619700,0.0,0.0,MICROSOFT,MSFT
2022-08-15 00:00:00-04:00,284.8921448459277,288.0053920417959,284.0208108866918,287.310302734375,18085700,0.0,0.0,MICROSOFT,MSFT
2022-08-16 00:00:00-04:00,285.8613951070731,287.86838546238494,284.3243706362281,286.5662841796875,18102900,0.0,0.0,MICROSOFT,MSFT
2022-08-17 00:00:00-04:00,284.26074503036756,287.8024922351744,283.99586175307365,285.8108825683594,18253400,0.62,0.0,MICROSOFT,MSFT
2022-08-18 00:00:00-04:00,284.7021671501855,286.38964111867284,283.6131429906463,284.68255615234375,17186200,0.0,0.0,MICROSOFT,MSFT
2022-08-19 00:00:00-04:00,283.43661174699906,283.77999889191807,280.15977801470655,280.7386169433594,20570000,0.0,0.0,MICROSOFT,MSFT
2022-08-22 00:00:00-04:00,276.74553820164914,277.11835676666374,271.9774606144584,272.4974365234375,25061100,0.0,0.0,MICROSOFT,MSFT
2022-08-23 00:00:00-04:00,271.21221923828125,273.58643762124234,270.19187839396074,271.21221923828125,17527400,0.0,0.0,MICROSOFT,MSFT
2022-08-24 00:00:00-04:00,270.20170534254487,271.98729437780435,269.9073606997729,270.57452392578125,18137000,0.0,0.0,MICROSOFT,MSFT
2022-08-25 00:00:00-04:00,272.0853857878454,273.74342851137396,269.32852822894,273.57666015625,16583400,0.0,0.0,MICROSOFT,MSFT
2022-08-26 00:00:00-04:00,273.8022681646015,275.0384497194847,262.91220567990086,263.0201110839844,27549300,0.0,0.0,MICROSOFT,MSFT
2022-08-29 00:00:00-04:00,260.82250375792574,262.34317965664627,258.8603258548237,260.2142333984375,20338500,0.0,0.0,MICROSOFT,MSFT
2022-08-30 00:00:00-04:00,261.62702008142634,261.99980875611,255.73066553661042,257.9969787597656,22767100,0.0,0.0,MICROSOFT,MSFT
2022-08-31 00:00:00-04:00,260.37118048207236,262.0586245366668,256.3879322638469,256.5252990722656,24791800,0.0,0.0,MICROSOFT,MSFT
2022-09-01 00:00:00-04:00,253.97450570006126,255.95632465023138,250.57994612921527,255.47557067871094,23263400,0.0,0.0,MICROSOFT,MSFT
2022-09-02 00:00:00-04:00,256.750992201136,259.7334810753539,249.65770825854173,251.21763610839844,22855400,0.0,0.0,MICROSOFT,MSFT
2022-09-06 00:00:00-04:00,251.35500938776303,252.9541592798568,247.175560739785,248.46078491210938,21328200,0.0,0.0,MICROSOFT,MSFT
2022-09-07 00:00:00-04:00,249.88336788765054,253.93525531975658,248.4313603443134,253.20925903320312,24126700,0.0,0.0,MICROSOFT,MSFT
2022-09-08 00:00:00-04:00,252.64022403977734,255.50498699514992,249.97164593908045,253.631103515625,20319900,0.0,0.0,MICROSOFT,MSFT
2022-09-09 00:00:00-04:00,255.57369702249932,260.2142589984414,255.36767670573366,259.45880126953125,22084700,0.0,0.0,MICROSOFT,MSFT
2022-09-12 00:00:00-04:00,260.7538486673385,262.3922805681885,260.1455782417831,261.6073913574219,18747700,0.0,0.0,MICROSOFT,MSFT
2022-09-13 00:00:00-04:00,253.94507535967452,255.47557181765183,246.8321800482627,247.22462463378906,33353300,0.0,0.0,MICROSOFT,MSFT
2022-09-14 00:00:00-04:00,248.73548047785985,249.42223974931642,245.13488582515313,247.45025634765625,23913000,0.0,0.0,MICROSOFT,MSFT
2022-09-15 00:00:00-04:00,245.04660414201646,246.64576903500318,239.40534238233946,240.7396240234375,31530900,0.0,0.0,MICROSOFT,MSFT
2022-09-16 00:00:00-04:00,239.6407913596488,240.66113229279696,237.48239857523066,240.11172485351562,39791800,0.0,0.0,MICROSOFT,MSFT
2022-09-19 00:00:00-04:00,237.88463868375473,240.50414438140064,236.29527937670042,239.8958740234375,26826900,0.0,0.0,MICROSOFT,MSFT
2022-09-20 00:00:00-04:00,237.49223235332934,238.9049880034,235.10817818901293,237.8650360107422,26660300,0.0,0.0,MICROSOFT,MSFT
2022-09-21 00:00:00-04:00,239.6505984421626,242.97648933436415,234.3821406793013,234.4311981201172,28625600,0.0,0.0,MICROSOFT,MSFT
2022-09-22 00:00:00-04:00,233.37163368170988,239.2483621316913,233.07731896036304,236.42282104492188,31061200,0.0,0.0,MICROSOFT,MSFT
2022-09-23 00:00:00-04:00,235.01004414767513,236.56998697978776,230.75212163137076,233.42068481445312,34176000,0.0,0.0,MICROSOFT,MSFT
2022-09-26 00:00:00-04:00,232.56713462377124,236.88391994203184,232.41996230164452,232.95956420898438,27694200,0.0,0.0,MICROSOFT,MSFT
2022-09-27 00:00:00-04:00,235.44173471645922,237.2273238873884,230.06537117241018,231.9392547607422,27018700,0.0,0.0,MICROSOFT,MSFT
2022-09-28 00:00:00-04:00,232.3316601019056,237.74727502362418,230.290993392704,236.5111083984375,29029700,0.0,0.0,MICROSOFT,MSFT
2022-09-29 00:00:00-04:00,234.37234957979894,235.41230151998565,229.97707507080545,233.00863647460938,27484200,0.0,0.0,MICROSOFT,MSFT
2022-09-30 00:00:00-04:00,233.78368980669143,235.99114004331733,228.32883739497714,228.49562072753906,35694800,0.0,0.0,MICROSOFT,MSFT
2022-10-03 00:00:00-04:00,230.9581716153552,237.04092059335576,230.22235484454313,236.1873779296875,28880400,0.0,0.0,MICROSOFT,MSFT
2022-10-04 00:00:00-04:00,240.4551107861374,245.6254542522616,240.3471903922256,244.17344665527344,34888400,0.0,0.0,MICROSOFT,MSFT
2022-10-05 00:00:00-04:00,241.33807854586993,245.84127327729118,239.48382101115357,244.48736572265625,20347100,0.0,0.0,MICROSOFT,MSFT
2022-10-06 00:00:00-04:00,243.24139621855934,245.60582437562348,241.4263904937324,242.12295532226562,20239900,0.0,0.0,MICROSOFT,MSFT
2022-10-07 00:00:00-04:00,236.34432868826758,236.75639923261386,228.76051508396571,229.81028747558594,37769600,0.0,0.0,MICROSOFT,MSFT
2022-10-10 00:00:00-04:00,228.64279885880444,230.124237888126,222.44230907337158,224.91465759277344,29743600,0.0,0.0,MICROSOFT,MSFT
2022-10-11 00:00:00-04:00,223.31547616565618,224.72824673845577,219.87185912212996,221.14727783203125,30474000,0.0,0.0,MICROSOFT,MSFT
2022-10-12 00:00:00-04:00,221.1374630685029,223.5509486876991,219.72470742947053,221.48085021972656,21903900,0.0,0.0,MICROSOFT,MSFT
2022-10-13 00:00:00-04:00,215.69241768837264,231.63511357251895,214.9860324269644,229.81028747558594,42551800,0.0,0.0,MICROSOFT,MSFT
2022-10-14 00:00:00-04:00,231.0856670549966,232.75353011885522,224.02183014829646,224.2376708984375,30198600,0.0,0.0,MICROSOFT,MSFT
2022-10-17 00:00:00-04:00,231.36043200869605,234.4410510941552,230.69328365560816,233.0380859375,28142300,0.0,0.0,MICROSOFT,MSFT
2022-10-18 00:00:00-04:00,238.64006704630611,239.31700580556577,230.91888730052224,233.9897003173828,26329600,0.0,0.0,MICROSOFT,MSFT
2022-10-19 00:00:00-04:00,232.55734204359175,235.0787480901715,229.8593471535569,232.0079345703125,19985700,0.0,0.0,MICROSOFT,MSFT
2022-10-20 00:00:00-04:00,231.31136992407428,236.7465966838985,230.42838079535574,231.68417358398438,21811000,0.0,0.0,MICROSOFT,MSFT
2022-10-21 00:00:00-04:00,230.3008184573906,238.4046075468616,230.06535172732117,237.54124450683594,26299700,0.0,0.0,MICROSOFT,MSFT
2022-10-24 00:00:00-04:00,239.1502433527389,243.15308817044743,236.73677285558932,242.57424926757812,24911200,0.0,0.0,MICROSOFT,MSFT
2022-10-25 00:00:00-04:00,242.58408784991528,246.29260348657712,241.1811376089014,245.9197998046875,34775500,0.0,0.0,MICROSOFT,MSFT
2022-10-26 00:00:00-04:00,226.7983690323727,233.79353921632074,225.70935951536484,226.94554138183594,82543200,0.0,0.0,MICROSOFT,MSFT
2022-10-27 00:00:00-04:00,226.67077896987985,229.27067360699243,221.51025660626811,222.4619140625,40424600,0.0,0.0,MICROSOFT,MSFT
2022-10-28 00:00:00-04:00,221.96159222574866,232.1256753900891,221.77518291087358,231.4094696044922,40647700,0.0,0.0,MICROSOFT,MSFT
2022-10-31 00:00:00-04:00,229.33938418028634,230.47745113685133,226.778741013131,227.74021911621094,28357300,0.0,0.0,MICROSOFT,MSFT
2022-11-01 00:00:00-04:00,230.1634819826668,231.2819228273095,223.03096086653287,223.85507202148438,30592300,0.0,0.0,MICROSOFT,MSFT
2022-11-02 00:00:00-04:00,225.12070805858113,226.92590838234673,215.87883570294528,215.93771362304688,38407000,0.0,0.0,MICROSOFT,MSFT
2022-11-03 00:00:00-04:00,215.9278589801878,216.24181462345317,209.93340501992972,210.19830322265625,36633900,0.0,0.0,MICROSOFT,MSFT
2022-11-04 00:00:00-04:00,213.43591468412285,217.39950765239473,209.39381782928885,217.2032928466797,36789100,0.0,0.0,MICROSOFT,MSFT
2022-11-07 00:00:00-05:00,217.79193724429376,224.09052638668862,217.09535751618367,223.56072998046875,33498000,0.0,0.0,MICROSOFT,MSFT
2022-11-08 00:00:00-05:00,224.37507150980804,227.26928132637116,221.56915611834017,224.54185485839844,28192500,0.0,0.0,MICROSOFT,MSFT
2022-11-09 00:00:00-05:00,223.0701973172933,224.30637901705902,220.08769339529874,220.2642822265625,27852900,0.0,0.0,MICROSOFT,MSFT
2022-11-10 00:00:00-05:00,230.97776976542943,238.72838163553394,230.55590869268073,238.38499450683594,46268000,0.0,0.0,MICROSOFT,MSFT
2022-11-11 00:00:00-05:00,238.39482299238406,243.30026802310758,237.3548560708773,242.43690490722656,34620200,0.0,0.0,MICROSOFT,MSFT
2022-11-14 00:00:00-05:00,237.41373722789717,239.29742634898736,234.68631095119292,236.9820556640625,31123300,0.0,0.0,MICROSOFT,MSFT
2022-11-15 00:00:00-05:00,241.01434026213994,242.3289959998098,235.49080410535458,237.3941192626953,31390100,0.0,0.0,MICROSOFT,MSFT
2022-11-16 00:00:00-05:00,238.86989389331643,239.8635959906748,236.5381648360028,237.82701110839844,24093300,0.68,0.0,MICROSOFT,MSFT
2022-11-17 00:00:00-05:00,233.94076232565072,239.32244397281602,233.79319025622567,237.7777862548828,23123500,0.0,0.0,MICROSOFT,MSFT
2022-11-18 00:00:00-05:00,239.57825993462248,239.80455714259514,235.1705986265433,237.3252410888672,27613500,0.0,0.0,MICROSOFT,MSFT
2022-11-21 00:00:00-05:00,237.53183084108053,240.71952276036882,237.29571552200488,238.14183044433594,26394700,0.0,0.0,MICROSOFT,MSFT
2022-11-22 00:00:00-05:00,239.65694805051498,241.3491778193643,236.8234592616191,241.07369995117188,19665700,0.0,0.0,MICROSOFT,MSFT
2022-11-23 00:00:00-05:00,241.15242971797383,244.27124477545462,240.32599604602203,243.58255004882812,19508500,0.0,0.0,MICROSOFT,MSFT
2022-11-25 00:00:00-05:00,243.3169017902186,244.68445808926964,242.7462647356796,243.49400329589844,9200800,0.0,0.0,MICROSOFT,MSFT
2022-11-28 00:00:00-05:00,242.10676227453544,242.66755117430998,236.9120150388511,237.85650634765625,24778200,0.0,0.0,MICROSOFT,MSFT
2022-11-29 00:00:00-05:00,237.50233137128112,238.86988772585056,234.36384996253275,236.44961547851562,17956300,0.0,0.0,MICROSOFT,MSFT
2022-11-30 00:00:00-05:00,236.68571974219154,251.20739666317635,235.98717692730537,251.0204620361328,47594200,0.0,0.0,MICROSOFT,MSFT
2022-12-01 00:00:00-05:00,249.77097615420297,251.98464735267424,246.86861025202438,250.57774353027344,26041500,0.0,0.0,MICROSOFT,MSFT
2022-12-02 00:00:00-05:00,245.78636793576652,251.92560615006704,245.65846213549597,250.90240478515625,21528500,0.0,0.0,MICROSOFT,MSFT
2022-12-05 00:00:00-05:00,247.9410056269265,249.72179372232623,244.0547858859714,246.1602325439453,23435300,0.0,0.0,MICROSOFT,MSFT
2022-12-06 00:00:00-05:00,246.77024117489478,247.7934426203342,239.84390134643746,241.16226196289062,22463700,0.0,0.0,MICROSOFT,MSFT
2022-12-07 00:00:00-05:00,240.87692627469752,242.18545362268668,238.2992341374474,240.42434692382812,20481500,0.0,0.0,MICROSOFT,MSFT
2022-12-08 00:00:00-05:00,240.8867626796098,244.72380153717523,239.13550410285853,243.40542602539062,22611800,0.0,0.0,MICROSOFT,MSFT
2022-12-09 00:00:00-05:00,240.7490215249227,244.30073433851274,240.21774707912041,241.4573974609375,20609700,0.0,0.0,MICROSOFT,MSFT
2022-12-12 00:00:00-05:00,243.45462444248952,248.46243677684973,243.17914657423827,248.43292236328125,30665100,0.0,0.0,MICROSOFT,MSFT
2022-12-13 00:00:00-05:00,257.46470027714764,259.65870503412447,248.98388542548332,252.771728515625,42196900,0.0,0.0,MICROSOFT,MSFT
2022-12-14 00:00:00-05:00,252.97838179252008,258.35021618242786,250.20390632883763,253.06692504882812,35410900,0.0,0.0,MICROSOFT,MSFT
2022-12-15 00:00:00-05:00,249.62339914055133,250.09564478340477,243.34640679576722,244.98944091796875,35560400,0.0,0.0,MICROSOFT,MSFT
2022-12-16 00:00:00-05:00,244.53688867238014,245.80605359181683,239.57825663325374,240.7392120361328,86102000,0.0,0.0,MICROSOFT,MSFT
2022-12-19 00:00:00-05:00,240.90647213192395,241.25082700986405,234.85577651180688,236.5676727294922,29696400,0.0,0.0,MICROSOFT,MSFT
2022-12-20 00:00:00-05:00,235.53461567582775,238.9879524437575,234.5704430654071,237.8958740234375,25150800,0.0,0.0,MICROSOFT,MSFT
2022-12-21 00:00:00-05:00,237.78763330683194,241.65417163215534,236.23314246223012,240.48338317871094,23690600,0.0,0.0,MICROSOFT,MSFT
2022-12-22 00:00:00-05:00,237.36458564281799,238.08280979613724,230.09390594886284,234.3441619873047,28651700,0.0,0.0,MICROSOFT,MSFT
2022-12-23 00:00:00-05:00,232.29773494288432,235.0131661856755,230.16277387315782,234.87542724609375,21207000,0.0,0.0,MICROSOFT,MSFT
2022-12-27 00:00:00-05:00,234.8459294285658,235.07221162835242,232.02227346137494,233.134033203125,16688600,0.0,0.0,MICROSOFT,MSFT
2022-12-28 00:00:00-05:00,233.0651514363268,235.8494597947178,230.38906760820606,230.74325561523438,17457100,0.0,0.0,MICROSOFT,MSFT
2022-12-29 00:00:00-05:00,231.84516434854868,238.01393247358996,231.84516434854868,237.11862182617188,19770700,0.0,0.0,MICROSOFT,MSFT
2022-12-30 00:00:00-05:00,234.36385526299418,236.08559966982293,232.83887864303333,235.94786071777344,21938500,0.0,0.0,MICROSOFT,MSFT
2023-01-03 00:00:00-05:00,239.15520429761872,241.78209237051,233.56690642131554,235.7117156982422,25740000,0.0,0.0,MICROSOFT,MSFT
2023-01-04 00:00:00-05:00,228.52957274245693,229.11004291520683,222.31162417160007,225.4009246826172,50623400,0.0,0.0,MICROSOFT,MSFT
2023-01-05 00:00:00-05:00,223.53161093552876,223.87596581760184,218.17944312939204,218.72056579589844,39585600,0.0,0.0,MICROSOFT,MSFT
2023-01-06 00:00:00-05:00,219.39941748911133,222.11484882127704,215.80835679526612,221.29824829101562,43613600,0.0,0.0,MICROSOFT,MSFT
2023-01-09 00:00:00-05:00,222.79368536979769,227.5063533806517,222.7543378240805,223.45286560058594,27369800,0.0,0.0,MICROSOFT,MSFT
2023-01-10 00:00:00-05:00,224.08254092830623,227.57522499630332,223.65949099112012,225.1549530029297,27033900,0.0,0.0,MICROSOFT,MSFT
2023-01-11 00:00:00-05:00,227.55556523215847,232.14032807576052,227.37847873354642,231.96324157714844,28669300,0.0,0.0,MICROSOFT,MSFT
2023-01-12 00:00:00-05:00,231.46144119222973,236.0265222554612,229.78889272308874,234.65896606445312,27269500,0.0,0.0,MICROSOFT,MSFT
2023-01-13 00:00:00-05:00,233.17336543655554,235.50509428694716,231.1269476008542,235.3673553466797,21333300,0.0,0.0,MICROSOFT,MSFT
2023-01-17 00:00:00-05:00,234.12769193140784,237.02022452941694,233.26189577624385,236.46926879882812,29831300,0.0,0.0,MICROSOFT,MSFT
2023-01-18 00:00:00-05:00,237.6695866357853,238.46650586867912,231.71726771845104,232.00257873535156,30028700,0.0,0.0,MICROSOFT,MSFT
2023-01-19 00:00:00-05:00,230.0053621493848,231.71727332949797,226.95540907287057,228.1852264404297,28623000,0.0,0.0,MICROSOFT,MSFT
2023-01-20 00:00:00-05:00,231.06792738702072,236.85299311880186,230.72357251730264,236.3413848876953,35389800,0.0,0.0,MICROSOFT,MSFT
2023-01-23 00:00:00-05:00,237.20718471225808,241.2114623364872,235.78058452677067,238.6632843017578,31934000,0.0,0.0,MICROSOFT,MSFT
2023-01-24 00:00:00-05:00,238.58456791948572,240.01115305507722,236.55783131151753,238.13198852539062,40234400,0.0,0.0,MICROSOFT,MSFT
2023-01-25 00:00:00-05:00,230.69406818600342,239.37166716301243,227.17186927109466,236.72509765625,66526600,0.0,0.0,MICROSOFT,MSFT
2023-01-26 00:00:00-05:00,239.71598774705066,244.30075035222444,238.0926348778509,243.99575805664062,33454500,0.0,0.0,MICROSOFT,MSFT
2023-01-27 00:00:00-05:00,244.96978350702662,245.79621716500495,242.8446555187233,244.15318298339844,26498900,0.0,0.0,MICROSOFT,MSFT
2023-01-30 00:00:00-05:00,240.56210845799185,241.63452060404668,238.2894083814615,238.7911834716797,25867400,0.0,0.0,MICROSOFT,MSFT
2023-01-31 00:00:00-05:00,239.519249182612,243.94659210655092,239.0273221910632,243.80885314941406,26541100,0.0,0.0,MICROSOFT,MSFT
2023-02-01 00:00:00-05:00,243.99573152355342,251.0597942867026,241.50658272150406,248.66903686523438,31259900,0.0,0.0,MICROSOFT,MSFT
2023-02-02 00:00:00-05:00,254.64108421117447,260.41630204077023,253.09642631786974,260.3277587890625,39940400,0.0,0.0,MICROSOFT,MSFT
2023-02-03 00:00:00-05:00,255.34942306481736,259.93418536512996,252.9488173964162,254.1786346435547,29077300,0.0,0.0,MICROSOFT,MSFT
2023-02-06 00:00:00-05:00,253.28334080672707,254.129440716698,250.666285929055,252.6241455078125,22518000,0.0,0.0,MICROSOFT,MSFT
2023-02-07 00:00:00-05:00,256.3234082373286,264.430353274804,255.8806620537984,263.2398986816406,50841400,0.0,0.0,MICROSOFT,MSFT
2023-02-08 00:00:00-05:00,268.7889065089116,272.2914241084485,261.91174710026456,262.4233703613281,54686000,0.0,0.0,MICROSOFT,MSFT
2023-02-09 00:00:00-05:00,269.3791495380561,269.5562660350843,258.5567580952953,259.363525390625,42375100,0.0,0.0,MICROSOFT,MSFT
2023-02-10 00:00:00-05:00,257.30730144649624,259.8259649519676,256.45135338348246,258.8519592285156,25818500,0.0,0.0,MICROSOFT,MSFT
2023-02-13 00:00:00-05:00,263.31863435875414,270.16624811152997,262.83652560016196,266.939208984375,44630900,0.0,0.0,MICROSOFT,MSFT
2023-02-14 00:00:00-05:00,268.26740904139825,270.53026060431904,264.9321304938372,267.7754821777344,37047900,0.0,0.0,MICROSOFT,MSFT
2023-02-15 00:00:00-05:00,264.6488747898258,267.02590497768625,262.5381396478936,265.63519287109375,28922400,0.68,0.0,MICROSOFT,MSFT
2023-02-16 00:00:00-05:00,260.4076728209646,263.0904590395369,258.31668343443744,258.5632629394531,29603600,0.0,0.0,MICROSOFT,MSFT
2023-02-17 00:00:00-05:00,255.84107105146936,256.53147567397895,252.49743818375117,254.5292510986328,30000100,0.0,0.0,MICROSOFT,MSFT
2023-02-21 00:00:00-05:00,250.99823082473256,251.9944217573943,248.14777206151032,249.21299743652344,28397400,0.0,0.0,MICROSOFT,MSFT
2023-02-22 00:00:00-05:00,250.61356544983659,250.8601449778206,246.91487253007625,248.06886291503906,22491100,0.0,0.0,MICROSOFT,MSFT
2023-02-23 00:00:00-05:00,252.0634712378697,253.32595730208965,247.05297308611262,251.28428649902344,29219100,0.0,0.0,MICROSOFT,MSFT
2023-02-24 00:00:00-05:00,246.54007672843568,247.56584092140017,244.70552447657911,245.81019592285156,24990900,0.0,0.0,MICROSOFT,MSFT
2023-02-27 00:00:00-05:00,249.00588520460076,249.36096033836793,245.97788127913898,246.7373504638672,21190000,0.0,0.0,MICROSOFT,MSFT
2023-02-28 00:00:00-05:00,245.6622592388617,248.04914726252943,245.32689964295895,246.00746154785156,22491000,0.0,0.0,MICROSOFT,MSFT
2023-03-01 00:00:00-05:00,247.32914810553203,247.49682039467623,242.42714541400443,242.9005889892578,27565300,0.0,0.0,MICROSOFT,MSFT
2023-03-02 00:00:00-05:00,243.17675362806392,247.96038783673535,242.24961211812996,247.6743621826172,24808200,0.0,0.0,MICROSOFT,MSFT
2023-03-03 00:00:00-05:00,248.7395875481217,252.12265172674685,247.95052998356692,251.7971649169922,30760100,0.0,0.0,MICROSOFT,MSFT
2023-03-06 00:00:00-05:00,252.92156263851766,256.56107911582933,252.47772246933792,253.3555450439453,24109800,0.0,0.0,MICROSOFT,MSFT
2023-03-07 00:00:00-05:00,252.79330730594418,254.1643038604429,249.92313318291028,250.6727294921875,21473200,0.0,0.0,MICROSOFT,MSFT
2023-03-08 00:00:00-05:00,250.56424163422204,251.05740068054592,247.3784384089754,250.22889709472656,17340200,0.0,0.0,MICROSOFT,MSFT
2023-03-09 00:00:00-05:00,252.31991130747735,256.00873148264196,248.13791701716175,248.8677978515625,26653400,0.0,0.0,MICROSOFT,MSFT
2023-03-10 00:00:00-05:00,247.64476514837403,249.33136077212063,244.212382169328,245.18882751464844,28333900,0.0,0.0,MICROSOFT,MSFT
2023-03-13 00:00:00-04:00,244.0151089187801,254.38132250393278,242.36795938303734,250.44590759277344,33339700,0.0,0.0,MICROSOFT,MSFT
2023-03-14 00:00:00-04:00,253.2371599508845,257.4980611612143,252.35933748625902,257.2218933105469,33620300,0.0,0.0,MICROSOFT,MSFT
2023-03-15 00:00:00-04:00,256.42302986650344,262.83409850139134,255.6635455488037,261.8083190917969,46028000,0.0,0.0,MICROSOFT,MSFT
2023-03-16 00:00:00-04:00,261.58142474678226,272.77614162435196,259.67783796593795,272.42108154296875,54768800,0.0,0.0,MICROSOFT,MSFT
2023-03-17 00:00:00-04:00,274.4528971827675,279.4535073114165,272.53943756981755,275.60687255859375,69527400,0.0,0.0,MICROSOFT,MSFT
2023-03-20 00:00:00-04:00,273.19038178773764,273.6835408081574,266.15792934054593,268.50537109375,43466600,0.0,0.0,MICROSOFT,MSFT
2023-03-21 00:00:00-04:00,271.1191356636067,271.2374890246291,265.83245477095994,270.0341796875,34558700,0.0,0.0,MICROSOFT,MSFT
2023-03-22 00:00:00-04:00,269.65934324244984,277.1948274357684,268.456034042471,268.5645446777344,34873300,0.0,0.0,MICROSOFT,MSFT
2023-03-23 00:00:00-04:00,274.13731294177774,277.214621246823,271.4348104097911,273.86114501953125,36610900,0.0,0.0,MICROSOFT,MSFT
2023-03-24 00:00:00-04:00,273.44686655888034,276.790499930171,271.5136911846488,276.7313232421875,28172000,0.0,0.0,MICROSOFT,MSFT
2023-03-27 00:00:00-04:00,276.66225903833964,277.60911609580637,271.7503834964028,272.5986328125,26840200,0.0,0.0,MICROSOFT,MSFT
2023-03-28 00:00:00-04:00,272.0166912251704,272.36190859794345,268.32784087331277,271.46435546875,21878600,0.0,0.0,MICROSOFT,MSFT
2023-03-29 00:00:00-04:00,275.1432775701319,277.29347381680907,274.60081467718567,276.6720886230469,25087000,0.0,0.0,MICROSOFT,MSFT
2023-03-30 00:00:00-04:00,280.3411953822254,280.56802927390424,277.6288206944652,280.16363525390625,25053400,0.0,0.0,MICROSOFT,MSFT
2023-03-31 00:00:00-04:00,279.84804837782394,285.31222903893445,279.12802532101676,284.3554992675781,32766000,0.0,0.0,MICROSOFT,MSFT
2023-04-03 00:00:00-04:00,282.5998329031126,284.325889466506,280.0650184260436,283.3001403808594,24883300,0.0,0.0,MICROSOFT,MSFT
2023-04-04 00:00:00-04:00,283.30015793950093,286.47610341698794,281.7615041156291,283.2508239746094,25824300,0.0,0.0,MICROSOFT,MSFT
2023-04-05 00:00:00-04:00,281.9390571115694,283.2212587025445,279.04915207495935,280.44970703125,22064800,0.0,0.0,MICROSOFT,MSFT
2023-04-06 00:00:00-04:00,279.3351286127617,288.0837649660351,278.1712805290201,287.6103515625,29770300,0.0,0.0,MICROSOFT,MSFT
2023-04-10 00:00:00-04:00,285.2530428972823,285.63772139570335,280.8146115464859,285.43060302734375,23103000,0.0,0.0,MICROSOFT,MSFT
2023-04-11 00:00:00-04:00,281.84041999626015,282.06728401372465,277.78666672359924,278.9603576660156,27276600,0.0,0.0,MICROSOFT,MSFT
2023-04-12 00:00:00-04:00,280.8935598048498,283.0831873442445,278.10226253028486,279.611328125,27403400,0.0,0.0,MICROSOFT,MSFT
2023-04-13 00:00:00-04:00,279.7099323499356,285.93359684104695,279.2956956247164,285.8744201660156,24222700,0.0,0.0,MICROSOFT,MSFT
2023-04-14 00:00:00-04:00,283.0732862312766,284.5330478116191,279.80857582595036,282.2250671386719,20987900,0.0,0.0,MICROSOFT,MSFT
2023-04-17 00:00:00-04:00,285.9632076307391,287.61037214853826,282.24479912414546,284.8486633300781,23836200,0.0,0.0,MICROSOFT,MSFT
2023-04-18 00:00:00-04:00,287.58079067185605,287.7681935286541,283.0831823087849,284.424560546875,20161800,0.0,0.0,MICROSOFT,MSFT
2023-04-19 00:00:00-04:00,282.077114711904,285.0952458067938,280.646971471538,284.50347900390625,17150300,0.0,0.0,MICROSOFT,MSFT
2023-04-20 00:00:00-04:00,281.34721552018016,285.0754964359553,281.1795282125759,282.1954345703125,23244400,0.0,0.0,MICROSOFT,MSFT
2023-04-21 00:00:00-04:00,281.11054215817984,282.35328254409745,279.18720974896235,281.85028076171875,21676400,0.0,0.0,MICROSOFT,MSFT
2023-04-24 00:00:00-04:00,278.2304544386979,281.0513397068863,274.90656743425353,277.9148254394531,26611000,0.0,0.0,MICROSOFT,MSFT
2023-04-25 00:00:00-04:00,275.6857706528608,277.7471717867815,271.6023994354019,271.6517333984375,45772200,0.0,0.0,MICROSOFT,MSFT
2023-04-26 00:00:00-04:00,292.6405857688407,295.47131383656125,288.7249017953635,291.3287658691406,64599200,0.0,0.0,MICROSOFT,MSFT
2023-04-27 00:00:00-04:00,291.9205980142474,301.0243258099498,291.21044770829826,300.65936279296875,46462600,0.0,0.0,MICROSOFT,MSFT
2023-04-28 00:00:00-04:00,299.8505878659069,304.7032562666543,299.16015312675654,303.0561218261719,36446700,0.0,0.0,MICROSOFT,MSFT
2023-05-01 00:00:00-04:00,302.77007618260353,304.3777795431425,300.97496997022023,301.3793640136719,21294100,0.0,0.0,MICROSOFT,MSFT
2023-05-02 00:00:00-04:00,303.5492991043437,304.9498540934286,299.75196801132864,301.2314453125,26404400,0.0,0.0,MICROSOFT,MSFT
2023-05-03 00:00:00-04:00,302.42485692101525,304.38762034639154,299.9294732832105,300.2352294921875,22360800,0.0,0.0,MICROSOFT,MSFT
2023-05-04 00:00:00-04:00,302.05007617512933,303.5492991043437,299.24893609691674,301.2314453125,22519900,0.0,0.0,MICROSOFT,MSFT
2023-05-05 00:00:00-04:00,301.5372081436392,307.7016970333839,300.10703468120107,306.3997497558594,28181200,0.0,0.0,MICROSOFT,MSFT
2023-05-08 00:00:00-04:00,305.8868245520847,305.95587404024616,301.90209116443197,304.42706298828125,21318600,0.0,0.0,MICROSOFT,MSFT
2023-05-09 00:00:00-04:00,303.7859701846244,305.798067506066,302.1190902129459,302.7996520996094,21340800,0.0,0.0,MICROSOFT,MSFT
2023-05-10 00:00:00-04:00,304.39750145489603,308.71757975112604,303.4605172760594,308.0370178222656,30078000,0.0,0.0,MICROSOFT,MSFT
2023-05-11 00:00:00-04:00,305.8572532341509,306.8632868746228,302.0697952876188,305.8670959472656,31680200,0.0,0.0,MICROSOFT,MSFT
2023-05-12 00:00:00-04:00,306.30107566169744,306.39971349226784,302.40513720450423,304.7427062988281,19758100,0.0,0.0,MICROSOFT,MSFT
2023-05-15 00:00:00-04:00,304.8709226074943,305.6599650264564,303.3815726841616,305.2259826660156,16336500,0.0,0.0,MICROSOFT,MSFT
2023-05-16 00:00:00-04:00,305.59095164265494,309.4178710368507,305.59095164265494,307.4748229980469,26730300,0.0,0.0,MICROSOFT,MSFT
2023-05-17 00:00:00-04:00,308.69063785690577,310.805957105948,307.15848464072695,310.38092041015625,24315000,0.68,0.0,MICROSOFT,MSFT
2023-05-18 00:00:00-04:00,310.9047830696657,315.3628112808559,310.1041213959973,314.8487854003906,27276000,0.0,0.0,MICROSOFT,MSFT
2023-05-19 00:00:00-04:00,313.08933355752697,315.07617651189463,312.72360290073794,314.6708984375,27529500,0.0,0.0,MICROSOFT,MSFT
2023-05-22 00:00:00-04:00,314.9279294182539,318.8719323650163,314.3447331800345,317.4781799316406,24115700,0.0,0.0,MICROSOFT,MSFT
2023-05-23 00:00:00-04:00,316.34141515317293,319.00041331686316,311.6165094129582,311.62640380859375,30797200,0.0,0.0,MICROSOFT,MSFT
2023-05-24 00:00:00-04:00,311.1025282287602,312.85211688528767,309.0069373671883,310.232666015625,23384900,0.0,0.0,MICROSOFT,MSFT
2023-05-25 00:00:00-04:00,319.5144097615483,323.1322291686583,316.31176281610414,322.1635437011719,43301700,0.0,0.0,MICROSOFT,MSFT
2023-05-26 00:00:00-04:00,320.2854006128314,329.5572934697722,320.147029910554,329.0531921386719,36630600,0.0,0.0,MICROSOFT,MSFT
2023-05-30 00:00:00-04:00,331.36620250707483,331.8703038143698,326.71046750825445,327.39251708984375,29503100,0.0,0.0,MICROSOFT,MSFT
2023-05-31 00:00:00-04:00,328.4601155465043,332.068040510102,323.557261568481,324.6050720214844,45950600,0.0,0.0,MICROSOFT,MSFT
2023-06-01 00:00:00-04:00,322.1734171605526,329.6858277758173,320.97737171957544,328.74676513671875,26773900,0.0,0.0,MICROSOFT,MSFT
2023-06-02 00:00:00-04:00,330.397501425564,333.6100425762987,328.7170832188442,331.53424072265625,25864000,0.0,0.0,MICROSOFT,MSFT
2023-06-05 00:00:00-04:00,331.3564124106928,334.65791351432074,330.8028691218119,332.068115234375,21307100,0.0,0.0,MICROSOFT,MSFT
2023-06-06 00:00:00-04:00,331.4650830529389,331.50463047248496,328.34153072317616,329.8341064453125,20396200,0.0,0.0,MICROSOFT,MSFT
2023-06-07 00:00:00-04:00,327.8275038389442,330.634767301922,318.78296979875273,319.65283203125,40717100,0.0,0.0,MICROSOFT,MSFT
2023-06-08 00:00:00-04:00,320.20634568769077,322.87523818509703,319.62314950969096,321.5111389160156,23277700,0.0,0.0,MICROSOFT,MSFT
2023-06-09 00:00:00-04:00,321.2442268411128,326.186597937057,320.6709250669525,323.02349853515625,22514900,0.0,0.0,MICROSOFT,MSFT
2023-06-12 00:00:00-04:00,324.792877202814,328.2723260983216,321.41231193783307,328.02520751953125,24260300,0.0,0.0,MICROSOFT,MSFT
2023-06-13 00:00:00-04:00,330.61502141703147,333.0961017213649,326.58205928874565,330.4371032714844,22951300,0.0,0.0,MICROSOFT,MSFT
2023-06-14 00:00:00-04:00,330.4864815075517,335.13232261049444,328.97411709163043,333.451904296875,26003800,0.0,0.0,MICROSOFT,MSFT
2023-06-15 00:00:00-04:00,333.5902989724616,345.80782615776803,333.31352739056973,344.087890625,38899100,0.0,0.0,MICROSOFT,MSFT
2023-06-16 00:00:00-04:00,347.2707727110499,347.4190378119498,338.0087740294845,338.3843688964844,46533600,0.0,0.0,MICROSOFT,MSFT
2023-06-20 00:00:00-04:00,335.3992349135641,338.13729804930796,331.98898628249947,334.15374755859375,26375400,0.0,0.0,MICROSOFT,MSFT
2023-06-21 00:00:00-04:00,332.4930949848668,333.83743571716536,328.2426675673344,329.7154846191406,25117800,0.0,0.0,MICROSOFT,MSFT
2023-06-22 00:00:00-04:00,330.26898861080747,336.1998336982732,329.4979799560705,335.7945556640625,23556800,0.0,0.0,MICROSOFT,MSFT
2023-06-23 00:00:00-04:00,330.5062337501413,334.06474706177283,329.6067487340244,331.15863037109375,23084700,0.0,0.0,MICROSOFT,MSFT
2023-06-26 00:00:00-04:00,329.8736360460797,332.236073875563,324.70390473147376,324.8126525878906,21520600,0.0,0.0,MICROSOFT,MSFT
2023-06-27 00:00:00-04:00,328.03501946580997,332.2755820484037,325.50452803558795,330.71380615234375,24354100,0.0,0.0,MICROSOFT,MSFT
2023-06-28 00:00:00-04:00,330.8028086437021,334.084550517697,329.96259946623746,331.9790954589844,20259500,0.0,0.0,MICROSOFT,MSFT
2023-06-29 00:00:00-04:00,330.8521853371422,332.2360431601396,328.7862779146249,331.1882629394531,16997000,0.0,0.0,MICROSOFT,MSFT
2023-06-30 00:00:00-04:00,333.85716922002916,338.77978171619543,333.3135204630606,336.6150207519531,26823800,0.0,0.0,MICROSOFT,MSFT
2023-07-03 00:00:00-04:00,335.28060262151536,336.9708852401349,332.6908047635794,334.09442138671875,12508700,0.0,0.0,MICROSOFT,MSFT
2023-07-05 00:00:00-04:00,331.22783466788746,337.7122233709409,330.8719984154976,334.2525634765625,18172400,0.0,0.0,MICROSOFT,MSFT
2023-07-06 00:00:00-04:00,333.4123346002001,339.0367551947082,331.6330931118371,337.3365783691406,28161200,0.0,0.0,MICROSOFT,MSFT
2023-07-07 00:00:00-04:00,335.40908439573553,337.8506169608955,333.1158169325409,333.3332824707031,21185300,0.0,0.0,MICROSOFT,MSFT
2023-07-10 00:00:00-04:00,330.74349462758727,331.3662382401782,323.81428038681094,328.0054016113281,32791400,0.0,0.0,MICROSOFT,MSFT
2023-07-11 00:00:00-04:00,327.2442787108393,329.02352027231524,323.23107571915307,328.6380310058594,26698200,0.0,0.0,MICROSOFT,MSFT
2023-07-12 00:00:00-04:00,332.7204469994857,337.71223002191914,331.8011731635339,333.31353759765625,29995300,0.0,0.0,MICROSOFT,MSFT
2023-07-13 00:00:00-04:00,335.64632549278923,339.7781407604892,335.1125409329444,338.7106018066406,20567200,0.0,0.0,MICROSOFT,MSFT
2023-07-14 00:00:00-04:00,343.583754215455,347.37949164129134,340.3415599455214,341.2608337402344,28302200,0.0,0.0,MICROSOFT,MSFT
2023-07-17 00:00:00-04:00,341.69576692889177,342.990665765801,338.2558958910491,341.7452087402344,20363900,0.0,0.0,MICROSOFT,MSFT
2023-07-18 00:00:00-04:00,341.84402665294436,362.55257365392396,338.2262375492029,355.3465881347656,64872700,0.0,0.0,MICROSOFT,MSFT
2023-07-19 00:00:00-04:00,357.5805944318739,358.28240277063935,348.377900689894,350.9874572753906,39732900,0.0,0.0,MICROSOFT,MSFT
2023-07-20 00:00:00-04:00,349.4948289793815,353.8441094118476,341.38932849981944,342.8720397949219,33778400,0.0,0.0,MICROSOFT,MSFT
2023-07-21 00:00:00-04:00,345.1257968698056,346.2625362851219,335.91320912576265,339.80780029296875,69368900,0.0,0.0,MICROSOFT,MSFT
2023-07-24 00:00:00-04:00,341.8638462386976,342.9215209904844,338.36463873391983,341.1323547363281,26678100,0.0,0.0,MICROSOFT,MSFT
2023-07-25 00:00:00-04:00,343.1093019955314,347.83423813906484,341.09283612999536,346.9347229003906,41637700,0.0,0.0,MICROSOFT,MSFT
2023-07-26 00:00:00-04:00,337.504667075425,340.6974499210077,329.2706592716007,333.876953125,58383700,0.0,0.0,MICROSOFT,MSFT
2023-07-27 00:00:00-04:00,336.5557213978174,337.3959003723981,325.25743786483986,326.908203125,39635300,0.0,0.0,MICROSOFT,MSFT
2023-07-28 00:00:00-04:00,329.8242508926847,336.09117467563357,329.3300137158038,334.4700622558594,28484900,0.0,0.0,MICROSOFT,MSFT
2023-07-31 00:00:00-04:00,333.036783653551,333.80779242227305,329.5177872955062,332.0483093261719,25446000,0.0,0.0,MICROSOFT,MSFT
2023-08-01 00:00:00-04:00,331.32670053812484,334.6380954513858,329.85388349527227,332.46343994140625,18311900,0.0,0.0,MICROSOFT,MSFT
2023-08-02 00:00:00-04:00,329.7846942423864,329.7846942423864,322.59846658551965,323.725341796875,27761300,0.0,0.0,MICROSOFT,MSFT
2023-08-03 00:00:00-04:00,322.24262287118034,326.07790799446406,322.1932112223528,322.89501953125,18253700,0.0,0.0,MICROSOFT,MSFT
2023-08-04 00:00:00-04:00,328.05482548758084,331.277261063739,323.46829067572776,324.0020751953125,23727700,0.0,0.0,MICROSOFT,MSFT
2023-08-07 00:00:00-04:00,324.5852708301054,327.2936805067541,323.7450617202006,326.3052062988281,17741500,0.0,0.0,MICROSOFT,MSFT
2023-08-08 00:00:00-04:00,323.1915685107464,324.9609460627409,319.27721848901996,322.29205322265625,22327600,0.0,0.0,MICROSOFT,MSFT
2023-08-09 00:00:00-04:00,322.70720411911464,323.3398119813317,317.3496601701691,318.5160827636719,22373300,0.0,0.0,MICROSOFT,MSFT
2023-08-10 00:00:00-04:00,322.26238986909726,324.4765928787493,317.4781777368132,319.2080078125,20113700,0.0,0.0,MICROSOFT,MSFT
2023-08-11 00:00:00-04:00,316.56879440875014,318.69400815708644,315.5308782764169,317.3101501464844,24342600,0.0,0.0,MICROSOFT,MSFT
2023-08-14 00:00:00-04:00,317.685755554102,320.3249649242418,316.3908265264189,320.3052062988281,18836100,0.0,0.0,MICROSOFT,MSFT
2023-08-15 00:00:00-04:00,319.27720479224416,321.3431124974694,317.20140269076705,318.15032958984375,16966300,0.0,0.0,MICROSOFT,MSFT
2023-08-16 00:00:00-04:00,317.77393688756257,321.35981544543756,316.7833697149334,317.3777160644531,20698900,0.68,0.0,MICROSOFT,MSFT
2023-08-17 00:00:00-04:00,317.5163787813706,318.8338196904496,313.22720641667973,313.8908996582031,21257200,0.0,0.0,MICROSOFT,MSFT
2023-08-18 00:00:00-04:00,311.5234408357638,315.3767614049802,308.61117111318896,313.49468994140625,24744800,0.0,0.0,MICROSOFT,MSFT
2023-08-21 00:00:00-04:00,314.9309977770275,319.72533901894826,314.04940875807927,318.84375,24040000,0.0,0.0,MICROSOFT,MSFT
2023-08-22 00:00:00-04:00,322.4295757132843,323.00409130288494,318.42767635532056,319.4182434082031,16102000,0.0,0.0,MICROSOFT,MSFT
2023-08-23 00:00:00-04:00,320.76543972560916,326.0946954631443,320.4088198566661,323.9154357910156,21166400,0.0,0.0,MICROSOFT,MSFT
2023-08-24 00:00:00-04:00,329.71022886708454,329.8390074126154,316.9418058479945,316.95172119140625,23281400,0.0,0.0,MICROSOFT,MSFT
2023-08-25 00:00:00-04:00,318.4376140983813,322.29090448568866,315.7927865800753,319.9333801269531,21684100,0.0,0.0,MICROSOFT,MSFT
2023-08-28 00:00:00-04:00,322.58810964281827,323.07347788476693,318.6852725573036,320.6466064453125,14808500,0.0,0.0,MICROSOFT,MSFT
2023-08-29 00:00:00-04:00,318.8437619677204,325.87679484238714,318.8437619677204,325.3121643066406,19284600,0.0,0.0,MICROSOFT,MSFT
2023-08-30 00:00:00-04:00,325.5697048989506,326.6989356833555,323.37064470857354,325.6885681152344,15222100,0.0,0.0,MICROSOFT,MSFT
2023-08-31 00:00:00-04:00,326.0947235827168,327.7885849745621,323.6975377366628,324.6683044433594,26411000,0.0,0.0,MICROSOFT,MSFT
2023-09-01 00:00:00-04:00,328.184811445848,328.8583898761106,323.69754330969545,325.559814453125,14931200,0.0,0.0,MICROSOFT,MSFT
2023-09-05 00:00:00-04:00,325.89661773179773,331.69144205655795,325.5598285021328,330.4036865234375,18553900,0.0,0.0,MICROSOFT,MSFT
2023-09-06 00:00:00-04:00,330.2352432347013,331.3050423323038,327.06541662823025,329.7399597167969,17535800,0.0,0.0,MICROSOFT,MSFT
2023-09-07 00:00:00-04:00,328.1649609757256,329.93805420021084,325.926269806624,326.7979736328125,18381000,0.0,0.0,MICROSOFT,MSFT
2023-09-08 00:00:00-04:00,326.9762886066254,332.989038125567,326.35222650031665,331.1168518066406,19530100,0.0,0.0,MICROSOFT,MSFT
2023-09-11 00:00:00-04:00,334.05884921795905,335.2277414058345,332.26592513119544,334.75225830078125,16583300,0.0,0.0,MICROSOFT,MSFT
2023-09-12 00:00:00-04:00,332.6521950804941,333.6130462158052,328.353138213859,328.640380859375,17565500,0.0,0.0,MICROSOFT,MSFT
2023-09-13 00:00:00-04:00,328.18482039423475,333.6725712097717,328.0461567040876,332.8900146484375,16544400,0.0,0.0,MICROSOFT,MSFT
2023-09-14 00:00:00-04:00,335.9508335027836,337.6446948177022,333.3951836281645,335.5050964355469,20267000,0.0,0.0,MICROSOFT,MSFT
2023-09-15 00:00:00-04:00,333.74188374525704,334.217336610677,326.540441514089,327.1050720214844,37666900,0.0,0.0,MICROSOFT,MSFT
2023-09-18 00:00:00-04:00,324.7078998866131,327.28338052420895,323.2814807713204,325.9560241699219,16834200,0.0,0.0,MICROSOFT,MSFT
2023-09-19 00:00:00-04:00,323.09324841698384,326.28287533384974,321.44890358608217,325.5498352050781,16505900,0.0,0.0,MICROSOFT,MSFT
2023-09-20 00:00:00-04:00,326.401747426873,326.48097948715775,317.4866442743729,317.7441711425781,21436500,0.0,0.0,MICROSOFT,MSFT
2023-09-21 00:00:00-04:00,316.24845742778143,322.2810073516276,312.02863196954377,316.5158996582031,35529500,0.0,0.0,MICROSOFT,MSFT
2023-09-22 00:00:00-04:00,318.28902559051323,318.41780414936176,313.1677804184283,314.0196838378906,21447900,0.0,0.0,MICROSOFT,MSFT
2023-09-25 00:00:00-04:00,313.6035964941443,314.6734257609183,312.0285986238931,314.5446472167969,17836000,0.0,0.0,MICROSOFT,MSFT
2023-09-26 00:00:00-04:00,312.157403521801,312.900328819341,307.09559010844697,309.19561767578125,26297600,0.0,0.0,MICROSOFT,MSFT
2023-09-27 00:00:00-04:00,309.35407912600334,311.335213235628,306.7687136232028,309.8394775390625,19410100,0.0,0.0,MICROSOFT,MSFT
2023-09-28 00:00:00-04:00,308.05643070863107,312.5040972255242,306.53097924919433,310.68145751953125,19683600,0.0,0.0,MICROSOFT,MSFT
2023-09-29 00:00:00-04:00,314.7527102170629,316.45648691507375,312.0088501090386,312.7715759277344,24140300,0.0,0.0,MICROSOFT,MSFT
2023-10-02 00:00:00-04:00,313.2965460861367,318.853642968879,312.2069162826865,318.76446533203125,20570000,0.0,0.0,MICROSOFT,MSFT
2023-10-03 00:00:00-04:00,317.8036293011886,318.3583746883624,308.2743786386628,310.433837890625,21033500,0.0,0.0,MICROSOFT,MSFT
2023-10-04 00:00:00-04:00,311.0678050853206,317.02112341032625,311.03808927960966,315.9512939453125,20720100,0.0,0.0,MICROSOFT,MSFT
2023-10-05 00:00:00-04:00,316.08003092831916,316.961650097937,311.9295526417263,316.34747314453125,16965600,0.0,0.0,MICROSOFT,MSFT
2023-10-06 00:00:00-04:00,313.5639790506904,326.08476073214564,313.316337294931,324.1729736328125,25645500,0.0,0.0,MICROSOFT,MSFT
2023-10-09 00:00:00-04:00,321.6866495869274,327.1842846242437,320.13145206281695,326.7088317871094,19891200,0.0,0.0,MICROSOFT,MSFT
2023-10-10 00:00:00-04:00,327.8380622233817,327.97675612056497,324.5791183960633,325.2923278808594,20557100,0.0,0.0,MICROSOFT,MSFT
2023-10-11 00:00:00-04:00,328.08569389943113,329.68052251947216,326.03524314467325,329.2843017578125,20063200,0.0,0.0,MICROSOFT,MSFT
2023-10-12 00:00:00-04:00,327.4517324419268,330.48286496946685,325.61917749077486,328.0361633300781,19313100,0.0,0.0,MICROSOFT,MSFT
2023-10-13 00:00:00-04:00,329.2447114865088,330.6810157045469,323.28147794480293,324.6385803222656,21072400,0.0,0.0,MICROSOFT,MSFT
2023-10-16 00:00:00-04:00,327.927229992207,332.96924318914955,327.4814929300995,329.50225830078125,22158000,0.0,0.0,MICROSOFT,MSFT
2023-10-17 00:00:00-04:00,326.4810019480552,330.31449173060963,324.32157295768366,328.9277038574219,18338500,0.0,0.0,MICROSOFT,MSFT
2023-10-18 00:00:00-04:00,329.3536175679104,332.4243813643055,325.20313935133987,326.9960632324219,23153600,0.0,0.0,MICROSOFT,MSFT
2023-10-19 00:00:00-04:00,329.0168595486858,333.7022528617968,327.7885660057624,328.1947021484375,25052100,0.0,0.0,MICROSOFT,MSFT
2023-10-20 00:00:00-04:00,328.5909446738055,328.78907020079464,322.3800993659699,323.5885925292969,25012600,0.0,0.0,MICROSOFT,MSFT
2023-10-23 00:00:00-04:00,322.3999028221572,329.59143025678,321.33010356372546,326.2135925292969,24374700,0.0,0.0,MICROSOFT,MSFT
2023-10-24 00:00:00-04:00,328.17486567114935,328.70978036544676,324.5097855665259,327.4121398925781,31153600,0.0,0.0,MICROSOFT,MSFT
2023-10-25 00:00:00-04:00,341.76545521871486,342.93434738928164,334.43526461185274,337.4565124511719,55053800,0.0,0.0,MICROSOFT,MSFT
2023-10-26 00:00:00-04:00,337.3277257655851,338.40744026763304,323.8560072767667,324.79705810546875,37828500,0.0,0.0,MICROSOFT,MSFT
2023-10-27 00:00:00-04:00,327.3130603032623,333.54373545929195,325.3022104179872,326.69891357421875,29856500,0.0,0.0,MICROSOFT,MSFT
2023-10-30 00:00:00-04:00,330.26496832575384,336.24800185463835,328.69985543651904,334.128173828125,22828100,0.0,0.0,MICROSOFT,MSFT
2023-10-31 00:00:00-04:00,335.6536945653536,335.80227359622387,331.53293147418856,334.920654296875,20265300,0.0,0.0,MICROSOFT,MSFT
2023-11-01 00:00:00-04:00,336.5847522408284,344.1427829023987,336.4460583576379,342.8055114746094,28158800,0.0,0.0,MICROSOFT,MSFT
2023-11-02 00:00:00-04:00,343.96453332419264,345.53953149183053,341.51783121302196,345.03436279296875,24348100,0.0,0.0,MICROSOFT,MSFT
2023-11-03 00:00:00-04:00,346.3319954972326,351.04710477759244,344.0536729275239,349.4720764160156,23624000,0.0,0.0,MICROSOFT,MSFT
2023-11-06 00:00:00-05:00,350.1159671496507,354.1673831180291,350.01690438987146,353.1669006347656,23828300,0.0,0.0,MICROSOFT,MSFT
2023-11-07 00:00:00-05:00,356.0098351683549,359.040968292871,354.25654215859316,357.1291809082031,25833900,0.0,0.0,MICROSOFT,MSFT
2023-11-08 00:00:00-05:00,358.2682750707736,360.4376192782834,357.14892949350883,359.7739562988281,26767800,0.0,0.0,MICROSOFT,MSFT
2023-11-09 00:00:00-05:00,358.8824265984055,361.3489590848818,356.9607241219027,357.2876281738281,24847300,0.0,0.0,MICROSOFT,MSFT
2023-11-10 00:00:00-05:00,358.0800611921268,366.6088589253313,357.66403997374977,366.18292236328125,28042100,0.0,0.0,MICROSOFT,MSFT
2023-11-13 00:00:00-05:00,364.7466121416856,364.99425391218455,362.44848925632533,363.22113037109375,19986500,0.0,0.0,MICROSOFT,MSFT
2023-11-14 00:00:00-05:00,367.510322951988,368.44145847858766,363.88484360517197,366.77728271484375,27683900,0.0,0.0,MICROSOFT,MSFT
2023-11-15 00:00:00-05:00,368.5241827385077,370.36045722030286,364.38512112593236,366.9261474609375,26860100,0.75,0.0,MICROSOFT,MSFT
2023-11-16 00:00:00-05:00,368.20657857407457,373.55658638591603,367.43236925654054,373.3779296875,27182300,0.0,0.0,MICROSOFT,MSFT
2023-11-17 00:00:00-05:00,370.836899022974,371.59126768484566,364.2759756899048,367.1048278808594,40157000,0.0,0.0,MICROSOFT,MSFT
2023-11-20 00:00:00-05:00,368.46465493528996,376.0578674563183,368.24628665339475,374.63848876953125,52465100,0.0,0.0,MICROSOFT,MSFT
2023-11-21 00:00:00-05:00,372.88164166541463,373.42754723095845,368.3653953944815,370.3009338378906,28423100,0.0,0.0,MICROSOFT,MSFT
2023-11-22 00:00:00-05:00,375.1943517807251,376.97107425610585,372.18684271222065,375.04547119140625,23345300,0.0,0.0,MICROSOFT,MSFT
2023-11-24 00:00:00-05:00,374.5292762251577,375.1645404012978,372.35555924327747,374.6285400390625,10176600,0.0,0.0,MICROSOFT,MSFT
2023-11-27 00:00:00-05:00,373.983370569386,377.81473568926896,373.40768891461767,375.7997741699219,22179200,0.0,0.0,MICROSOFT,MSFT
2023-11-28 00:00:00-05:00,375.5417478559064,380.15722772173007,375.35315568518746,379.8594665527344,20453100,0.0,0.0,MICROSOFT,MSFT
2023-11-29 00:00:00-05:00,380.911615402655,381.44758553357894,374.63851727370974,376.0380554199219,28963400,0.0,0.0,MICROSOFT,MSFT
2023-11-30 00:00:00-05:00,375.68066879643345,377.2687989413678,372.6830954875288,376.0975646972656,30554400,0.0,0.0,MICROSOFT,MSFT
2023-12-01 00:00:00-05:00,373.9635240768432,375.35312657616646,368.55396436143957,371.730224609375,33020400,0.0,0.0,MICROSOFT,MSFT
2023-12-04 00:00:00-05:00,366.3604043806309,366.7772700166467,360.20641104069097,366.4001159667969,32063300,0.0,0.0,MICROSOFT,MSFT
2023-12-05 00:00:00-05:00,363.7300817378277,370.3108459279077,362.90622534848177,369.7550048828125,23065000,0.0,0.0,MICROSOFT,MSFT
2023-12-06 00:00:00-05:00,370.76746068896693,371.4026946281754,365.2983481911379,366.0626220703125,21182100,0.0,0.0,MICROSOFT,MSFT
2023-12-07 00:00:00-05:00,365.49687341238314,368.69297460847696,363.60104649475284,368.1966857910156,23118900,0.0,0.0,MICROSOFT,MSFT
2023-12-08 00:00:00-05:00,366.4596372467687,371.6805744716675,365.4968358282561,371.4523010253906,20144800,0.0,0.0,MICROSOFT,MSFT
2023-12-11 00:00:00-05:00,365.74499115999953,368.8418283086429,363.3826517145165,368.5440368652344,27708800,0.0,0.0,MICROSOFT,MSFT
2023-12-12 00:00:00-05:00,368.0973986711949,371.6409078734443,367.7102788783657,371.6011962890625,24838300,0.0,0.0,MICROSOFT,MSFT
2023-12-13 00:00:00-05:00,373.22902508797654,374.8370262739431,368.0179925924657,371.5912780761719,30955500,0.0,0.0,MICROSOFT,MSFT
2023-12-14 00:00:00-05:00,370.5391871791712,370.98585927074276,361.4273309560846,363.2139587402344,43277500,0.0,0.0,MICROSOFT,MSFT
2023-12-15 00:00:00-05:00,364.12709609407943,369.63588961946664,363.56131959614595,367.9783020019531,78478200,0.0,0.0,MICROSOFT,MSFT
2023-12-18 00:00:00-05:00,366.7078030867766,370.23144141816454,365.9434989554768,369.884033203125,21802900,0.0,0.0,MICROSOFT,MSFT
2023-12-19 00:00:00-05:00,368.73265069542646,370.4895324707031,367.09490367915254,370.4895324707031,20603700,0.0,0.0,MICROSOFT,MSFT
2023-12-20 00:00:00-05:00,372.2165740209788,373.23892766598055,367.7797512470062,367.86907958984375,26316700,0.0,0.0,MICROSOFT,MSFT
2023-12-21 00:00:00-05:00,369.79471907338814,371.6309937454321,367.2934343528452,370.7674560546875,17708000,0.0,0.0,MICROSOFT,MSFT
2023-12-22 00:00:00-05:00,370.9063993312227,372.3952657674826,369.943597824132,371.7997131347656,17091100,0.0,0.0,MICROSOFT,MSFT
2023-12-26 00:00:00-05:00,372.21659261542385,374.1421955445061,370.7277262449622,371.8791198730469,12673100,0.0,0.0,MICROSOFT,MSFT
2023-12-27 00:00:00-05:00,370.916333723745,372.2761602183441,370.042860570438,371.29351806640625,14905400,0.0,0.0,MICROSOFT,MSFT
2023-12-28 00:00:00-05:00,372.58383518172906,373.6657410910667,371.38282481133604,372.4945068359375,14327000,0.0,0.0,MICROSOFT,MSFT
2023-12-29 00:00:00-05:00,373.2091897803934,374.36058346889905,370.7079050515424,373.2489013671875,18723000,0.0,0.0,MICROSOFT,MSFT
2024-01-02 00:00:00-05:00,371.08504585690326,373.1099126361841,364.0476743294386,368.11724853515625,25258600,0.0,0.0,MICROSOFT,MSFT
2024-01-03 00:00:00-05:00,366.27107889368324,370.4895337976216,365.7747900814552,367.8492736816406,23083500,0.0,0.0,MICROSOFT,MSFT
2024-01-04 00:00:00-05:00,367.9187319779621,370.3306881427504,364.4447105700396,365.208984375,20901500,0.0,0.0,MICROSOFT,MSFT
2024-01-05 00:00:00-05:00,366.23136215621287,369.2984233377166,363.7796942466461,365.0204162597656,20987000,0.0,0.0,MICROSOFT,MSFT
2024-01-08 00:00:00-05:00,366.5588972016775,372.41512930069973,366.2710715059576,371.9089050292969,23134000,0.0,0.0,MICROSOFT,MSFT
2024-01-09 00:00:00-05:00,369.2487904298809,373.19922976065686,368.43486955500396,373.000732421875,20830000,0.0,0.0,MICROSOFT,MSFT
2024-01-10 00:00:00-05:00,373.5764338531353,381.3185574608793,373.5268170885799,379.9289245605469,25514200,0.0,0.0,MICROSOFT,MSFT
2024-01-11 00:00:00-05:00,383.1349423924486,387.780198154709,377.5566612901961,381.7751159667969,27850800,0.0,0.0,MICROSOFT,MSFT
2024-01-12 00:00:00-05:00,382.6287168305684,385.79504169441134,381.79495530873476,385.58660888671875,21645700,0.0,0.0,MICROSOFT,MSFT
2024-01-16 00:00:00-05:00,390.73811320122354,391.10536207750914,384.74293583850687,387.3732604980469,27202300,0.0,0.0,MICROSOFT,MSFT
2024-01-17 00:00:00-05:00,385.1002622072083,387.2144270180735,381.95377793571856,386.5791931152344,22234100,0.0,0.0,MICROSOFT,MSFT
2024-01-18 00:00:00-05:00,388.81249742822837,391.0656376681701,387.2243672151433,390.946533203125,23392100,0.0,0.0,MICROSOFT,MSFT
2024-01-19 00:00:00-05:00,392.82250266388587,395.7109069824219,390.5792676975653,395.7109069824219,29272000,0.0,0.0,MICROSOFT,MSFT
2024-01-22 00:00:00-05:00,397.0509131472322,397.6464658141932,390.6686459266767,393.5669860839844,27016900,0.0,0.0,MICROSOFT,MSFT
2024-01-23 00:00:00-05:00,392.81259552044173,396.415657149676,391.0060969711238,395.939208984375,20525900,0.0,0.0,MICROSOFT,MSFT
2024-01-24 00:00:00-05:00,398.5596032745269,402.61924187375655,397.47769736538817,399.572021484375,24867000,0.0,0.0,MICROSOFT,MSFT
2024-01-25 00:00:00-05:00,401.318993103645,403.9890293414655,399.54227067121064,401.8648986816406,21021200,0.0,0.0,MICROSOFT,MSFT
2024-01-26 00:00:00-05:00,401.3685908061273,403.15524862311014,399.4429878794264,400.9318542480469,17803300,0.0,0.0,MICROSOFT,MSFT
2024-01-29 00:00:00-05:00,403.0460564049105,406.93697391119514,401.3288862582104,406.67889404296875,24510200,0.0,0.0,MICROSOFT,MSFT
2024-01-30 00:00:00-05:00,409.2000546460513,409.984169147339,403.4331811629269,405.5572814941406,33477600,0.0,0.0,MICROSOFT,MSFT
2024-01-31 00:00:00-05:00,403.9393807478181,412.2373454227937,394.261748929001,394.6289978027344,47871100,0.0,0.0,MICROSOFT,MSFT
2024-02-01 00:00:00-05:00,398.8474510298594,404.97166826278436,398.8176749129533,400.7829895019531,30657700,0.0,0.0,MICROSOFT,MSFT
2024-02-02 00:00:00-05:00,400.8127216301132,409.58710317790053,400.564577252774,408.167724609375,28245000,0.0,0.0,MICROSOFT,MSFT
2024-02-05 00:00:00-05:00,406.8575847766276,408.108242345963,400.9914470557423,402.6391296386719,25352300,0.0,0.0,MICROSOFT,MSFT
2024-02-06 00:00:00-05:00,402.8673749054602,404.941858319471,399.9194184137475,402.4802551269531,18382600,0.0,0.0,MICROSOFT,MSFT
2024-02-07 00:00:00-05:00,404.4158522005855,411.22492054294753,404.3761406119027,410.9767761230469,22340500,0.0,0.0,MICROSOFT,MSFT
2024-02-08 00:00:00-05:00,410.97673316912403,412.4755350018156,409.4680261585971,411.0362854003906,21225300,0.0,0.0,MICROSOFT,MSFT
2024-02-09 00:00:00-05:00,412.16784815401843,417.6965126525744,412.0090321031855,417.4284973144531,22032800,0.0,0.0,MICROSOFT,MSFT
2024-02-12 00:00:00-05:00,417.43844472102916,417.61710142417604,411.6715711268413,412.17779541015625,21202900,0.0,0.0,MICROSOFT,MSFT
2024-02-13 00:00:00-05:00,401.93434583345754,407.0262733888095,400.3958627844609,403.3041076660156,27824900,0.0,0.0,MICROSOFT,MSFT
2024-02-14 00:00:00-05:00,405.7901598689575,407.55026012610176,402.309714028661,407.20220947265625,20401200,0.75,0.0,MICROSOFT,MSFT
2024-02-15 00:00:00-05:00,405.8597944956463,406.844253795532,402.0312978280853,404.2886047363281,21825500,0.0,0.0,MICROSOFT,MSFT
2024-02-16 00:00:00-05:00,405.68078706857665,406.00896040801706,401.1860504791686,401.8025817871094,22281100,0.0,0.0,MICROSOFT,MSFT
2024-02-20 00:00:00-05:00,400.98714055150333,402.2301569631396,395.7863793073486,400.5396728515625,24307900,0.0,0.0,MICROSOFT,MSFT
2024-02-21 00:00:00-05:00,397.9342947827931,400.0424456526566,395.0007640638113,399.93304443359375,18631100,0.0,0.0,MICROSOFT,MSFT
2024-02-22 00:00:00-05:00,407.89832401951116,410.52355890092315,406.2873796052456,409.35015869140625,27009900,0.0,0.0,MICROSOFT,MSFT
2024-02-23 00:00:00-05:00,413.3476934827694,413.5366040464478,406.68511378584776,408.0474548339844,16295900,0.0,0.0,MICROSOFT,MSFT
2024-02-26 00:00:00-05:00,409.1612049093751,409.8573062169829,405.0841051371281,405.26312255859375,16193500,0.0,0.0,MICROSOFT,MSFT
2024-02-27 00:00:00-05:00,405.71062129384273,406.0387946357455,401.5937665324974,405.2034912109375,14835800,0.0,0.0,MICROSOFT,MSFT
2024-02-28 00:00:00-05:00,405.89956023265023,407.0132981269282,403.0555531345534,405.442138671875,13183100,0.0,0.0,MICROSOFT,MSFT
2024-02-29 00:00:00-05:00,406.35700528147635,411.8859399826613,403.65220029227874,411.3290710449219,31947300,0.0,0.0,MICROSOFT,MSFT
2024-03-01 00:00:00-05:00,408.97227149463464,413.54657789991296,408.58446615968444,413.17864990234375,17800300,0.0,0.0,MICROSOFT,MSFT
2024-03-04 00:00:00-05:00,411.1301558754575,415.0183147511929,410.01641805524184,412.6018981933594,17596000,0.0,0.0,MICROSOFT,MSFT
2024-03-05 00:00:00-05:00,411.647262039844,411.9356503526025,398.4017018502844,400.40045166015625,26919200,0.0,0.0,MICROSOFT,MSFT
2024-03-06 00:00:00-05:00,400.71865529372803,402.8964224494763,396.16425656691945,399.84356689453125,22344100,0.0,0.0,MICROSOFT,MSFT
2024-03-07 00:00:00-05:00,403.8510400518644,407.4905956100929,399.99271239952117,406.85418701171875,18718500,0.0,0.0,MICROSOFT,MSFT
2024-03-08 00:00:00-05:00,405.6807696131603,408.12704774835913,402.07104511712214,403.95050048828125,17971700,0.0,0.0,MICROSOFT,MSFT
2024-03-11 00:00:00-04:00,401.50424592249806,403.4135020941874,399.01821315419863,402.2599792480469,16120800,0.0,0.0,MICROSOFT,MSFT
2024-03-12 00:00:00-04:00,405.3426614260634,413.2482576798519,404.5173119089149,412.9598693847656,22457000,0.0,0.0,MICROSOFT,MSFT
2024-03-13 00:00:00-04:00,415.76415382654346,415.8436935276916,409.15131229350845,412.7809143066406,17115900,0.0,0.0,MICROSOFT,MSFT
2024-03-14 00:00:00-04:00,417.89217194553146,425.42984060788893,415.6547423607053,422.8443603515625,34157300,0.0,0.0,MICROSOFT,MSFT
2024-03-15 00:00:00-04:00,416.9474972557258,420.23900234731536,410.48381179475484,414.0935363769531,45049800,0.0,0.0,MICROSOFT,MSFT
2024-03-18 00:00:00-04:00,411.93563927933707,418.3794472894522,411.4682638941532,414.9884948730469,20106000,0.0,0.0,MICROSOFT,MSFT
2024-03-19 00:00:00-04:00,415.4956176064084,419.31419066533897,413.2283569229008,419.0556335449219,19837900,0.0,0.0,MICROSOFT,MSFT
2024-03-20 00:00:00-04:00,419.6423437252515,423.58021124975613,418.309833763603,422.85430908203125,17860100,0.0,0.0,MICROSOFT,MSFT
2024-03-21 00:00:00-04:00,427.42858243141376,428.4130720663961,424.7735163679568,426.9711608886719,21296200,0.0,0.0,MICROSOFT,MSFT
2024-03-22 00:00:00-04:00,427.29935454529834,427.45843394827926,423.689629855147,426.3446960449219,17636500,0.0,0.0,MICROSOFT,MSFT
2024-03-25 00:00:00-04:00,422.8642362176382,425.0221260957636,419.2545116444842,420.4975280761719,18060500,0.0,0.0,MICROSOFT,MSFT
2024-03-26 00:00:00-04:00,423.2321484171748,423.61003025382604,418.9959692122293,419.2942810058594,16725600,0.0,0.0,MICROSOFT,MSFT
2024-03-27 00:00:00-04:00,422.0687243304564,422.0786781731288,416.6690681514724,419.0755310058594,16705000,0.0,0.0,MICROSOFT,MSFT
2024-03-28 00:00:00-04:00,418.60812574882544,419.5130453021147,416.77840930540117,418.3694763183594,21871200,0.0,0.0,MICROSOFT,MSFT
2024-04-01 00:00:00-04:00,421.581436276879,425.49942622936265,419.8610907281335,422.1979675292969,16316000,0.0,0.0,MICROSOFT,MSFT
2024-04-02 00:00:00-04:00,417.76289325444293,420.02023052369515,415.5055863322716,419.0854797363281,17912000,0.0,0.0,MICROSOFT,MSFT
2024-04-03 00:00:00-04:00,417.3850345151922,420.8953116547113,416.7485955445773,418.10101318359375,16502300,0.0,0.0,MICROSOFT,MSFT
2024-04-04 00:00:00-04:00,422.61561166210583,426.2750749166042,415.2370834893159,415.54534912109375,19370900,0.0,0.0,MICROSOFT,MSFT
2024-04-05 00:00:00-04:00,417.66344377349407,424.127128736723,415.98288325528824,423.14263916015625,16544300,0.0,0.0,MICROSOFT,MSFT
2024-04-08 00:00:00-04:00,422.7946415969465,424.89283872354207,420.9350635621418,422.2178649902344,14272400,0.0,0.0,MICROSOFT,MSFT
2024-04-09 00:00:00-04:00,424.05754724607453,425.35027220569395,419.26446856697675,423.8984375,12512300,0.0,0.0,MICROSOFT,MSFT
2024-04-10 00:00:00-04:00,419.8312648998415,421.6609813438137,417.3551860167775,420.8952941894531,16216600,0.0,0.0,MICROSOFT,MSFT
2024-04-11 00:00:00-04:00,423.4409875256396,426.97114184178974,420.00029639849294,425.5391845703125,17966400,0.0,0.0,MICROSOFT,MSFT
2024-04-12 00:00:00-04:00,421.68088994748047,422.804581678046,417.42480282053265,419.54290771484375,19232100,0.0,0.0,MICROSOFT,MSFT
2024-04-15 00:00:00-04:00,424.21665700659,424.43542911406485,411.12022243295877,411.3290710449219,20273500,0.0,0.0,MICROSOFT,MSFT
2024-04-16 00:00:00-04:00,412.2538704497416,416.06245949451596,411.4185670381559,412.2637939453125,16765600,0.0,0.0,MICROSOFT,MSFT
2024-04-17 00:00:00-04:00,414.91887160320215,416.53976983372166,408.0375195051445,409.5390930175781,15855500,0.0,0.0,MICROSOFT,MSFT
2024-04-18 00:00:00-04:00,408.3358663111444,409.5888365595163,401.6931939204708,402.0113830566406,21029900,0.0,0.0,MICROSOFT,MSFT
2024-04-19 00:00:00-04:00,401.77273939113434,403.21465058171344,395.54770342907875,396.8901672363281,30276500,0.0,0.0,MICROSOFT,MSFT
2024-04-22 00:00:00-04:00,397.84479074255864,400.5993345281771,393.5389952527112,398.7198791503906,20286900,0.0,0.0,MICROSOFT,MSFT
2024-04-23 00:00:00-04:00,401.98155601580095,405.9194538806366,400.8081557996997,405.29296875,15734500,0.0,0.0,MICROSOFT,MSFT
2024-04-24 00:00:00-04:00,407.2718647995056,410.1656108320905,404.50739733751277,406.774658203125,15065300,0.0,0.0,MICROSOFT,MSFT
2024-04-25 00:00:00-04:00,391.828618752875,397.6558956886126,385.8621397543202,396.8106384277344,40586500,0.0,0.0,MICROSOFT,MSFT
2024-04-26 00:00:00-04:00,409.8672492992845,410.6925987964514,403.4930578651768,404.0499267578125,29694700,0.0,0.0,MICROSOFT,MSFT
2024-04-29 00:00:00-04:00,402.98592496673984,404.04995430979096,396.95978376637936,400.002685546875,19582100,0.0,0.0,MICROSOFT,MSFT
2024-04-30 00:00:00-04:00,399.24694482845587,399.91321502328896,386.99579730286666,387.1548767089844,28781400,0.0,0.0,MICROSOFT,MSFT
2024-05-01 00:00:00-04:00,390.41652094109105,399.4756402555506,388.129382901202,392.7335205078125,23562500,0.0,0.0,MICROSOFT,MSFT
2024-05-02 00:00:00-04:00,395.43829198934844,397.69559865870036,392.44509903650277,395.6172790527344,17709400,0.0,0.0,MICROSOFT,MSFT
2024-05-03 00:00:00-04:00,400.03249681413615,404.87528370911673,399.61482996343045,404.3880310058594,17446700,0.0,0.0,MICROSOFT,MSFT
2024-05-06 00:00:00-04:00,406.4763207105219,411.61741959801225,404.09965876333644,411.2296142578125,16996600,0.0,0.0,MICROSOFT,MSFT
2024-05-07 00:00:00-04:00,412.3433243290322,412.3532781707269,406.804436285041,407.05303955078125,20018200,0.0,0.0,MICROSOFT,MSFT
2024-05-08 00:00:00-04:00,405.8896445244435,409.9269596422026,404.4377794192568,408.24639892578125,11792300,0.0,0.0,MICROSOFT,MSFT
2024-05-09 00:00:00-04:00,408.27622591252214,410.4142081765272,406.81443732648563,410.0164489746094,14689700,0.0,0.0,MICROSOFT,MSFT
2024-05-10 00:00:00-04:00,410.6329506272042,413.05932103483843,409.4993051191923,412.4228820800781,13402300,0.0,0.0,MICROSOFT,MSFT
2024-05-13 00:00:00-04:00,415.674640662803,416.01273748411734,408.52480785647384,411.4085998535156,15440200,0.0,0.0,MICROSOFT,MSFT
2024-05-14 00:00:00-04:00,409.7180829864954,415.1575239695539,409.25070760597373,414.23272705078125,15109300,0.0,0.0,MICROSOFT,MSFT
2024-05-15 00:00:00-04:00,416.31478463063036,422.20237002831465,415.68716952908693,421.4751281738281,22239500,0.75,0.0,MICROSOFT,MSFT
2024-05-16 00:00:00-04:00,420.20002201107366,423.80631621551015,418.7555403717738,419.3930969238281,17530100,0.0,0.0,MICROSOFT,MSFT
2024-05-17 00:00:00-04:00,420.93720657305465,421.31577000047076,416.4443044242217,418.61602783203125,15352200,0.0,0.0,MICROSOFT,MSFT
2024-05-20 00:00:00-04:00,418.61604731326383,425.1511614328831,418.396880603077,423.7265930175781,16272100,0.0,0.0,MICROSOFT,MSFT
2024-05-21 00:00:00-04:00,425.2109282566258,431.3276525035277,423.23845828138275,427.4125671386719,21453300,0.0,0.0,MICROSOFT,MSFT
2024-05-22 00:00:00-04:00,428.4585707536916,430.76977778184096,425.5098071947049,428.8869323730469,18073700,0.0,0.0,MICROSOFT,MSFT
2024-05-23 00:00:00-04:00,431.3276350167133,431.9552501295072,423.806286262839,425.3802795410156,17211700,0.0,0.0,MICROSOFT,MSFT
2024-05-24 00:00:00-04:00,425.5695849033528,429.42490035124973,422.80013121816387,428.5283203125,11845800,0.0,0.0,MICROSOFT,MSFT
2024-05-28 00:00:00-04:00,428.00029803642946,429.18578646553686,424.98179289048926,428.68768310546875,15718000,0.0,0.0,MICROSOFT,MSFT
2024-05-29 00:00:00-04:00,424.0752731477367,429.3053588233618,424.0752731477367,427.5420837402344,15517100,0.0,0.0,MICROSOFT,MSFT
2024-05-30 00:00:00-04:00,422.6905221136095,422.6905221136095,412.66868439774686,413.0970764160156,28424800,0.0,0.0,MICROSOFT,MSFT
2024-05-31 00:00:00-04:00,415.16917849985816,415.16917849985816,402.97561715504287,413.5553283691406,47995300,0.0,0.0,MICROSOFT,MSFT
2024-06-03 00:00:00-04:00,413.95380136857847,414.85038138867975,407.36888915692555,411.951416015625,17484700,0.0,0.0,MICROSOFT,MSFT
2024-06-04 00:00:00-04:00,410.8655529993055,414.86035189643934,408.1259843675055,414.49176025390625,14348900,0.0,0.0,MICROSOFT,MSFT
2024-06-05 00:00:00-04:00,416.22514771727197,422.47135321415044,414.72086576752366,422.4016418457031,16988000,0.0,0.0,MICROSOFT,MSFT
2024-06-06 00:00:00-04:00,422.40162321221555,423.69667979403914,418.9846110399524,422.90966796875,14861300,0.0,0.0,MICROSOFT,MSFT
2024-06-07 00:00:00-04:00,424.58334054159934,424.6630237069637,421.3954666942958,422.24224853515625,13621700,0.0,0.0,MICROSOFT,MSFT
2024-06-10 00:00:00-04:00,423.08902037615866,426.4561736654937,422.28209533796144,426.2469787597656,14003000,0.0,0.0,MICROSOFT,MSFT
2024-06-11 00:00:00-04:00,423.8660564891145,431.17821034370814,423.6369179932823,431.0387268066406,14551100,0.0,0.0,MICROSOFT,MSFT
2024-06-12 00:00:00-04:00,433.6687456637979,441.7180831231833,431.6065903189822,439.386962890625,22366200,0.0,0.0,MICROSOFT,MSFT
2024-06-13 00:00:00-04:00,439.1777872502892,441.70816111194614,437.7033901966821,439.9049987792969,15960600,0.0,0.0,MICROSOFT,MSFT
2024-06-14 00:00:00-04:00,436.61749981653395,441.4590805041377,435.06341969503586,440.8912353515625,13582000,0.0,0.0,MICROSOFT,MSFT
2024-06-17 00:00:00-04:00,440.91114611586056,449.2294786395013,439.04824433956117,446.6692199707031,20790000,0.0,0.0,MICROSOFT,MSFT
2024-06-18 00:00:00-04:00,448.00415421057704,448.4325462425365,443.2024605110735,444.6469421386719,17112500,0.0,0.0,MICROSOFT,MSFT
2024-06-20 00:00:00-04:00,444.60706863615064,444.836207137568,439.59614980649565,444.0093688964844,19877400,0.0,0.0,MICROSOFT,MSFT
2024-06-21 00:00:00-04:00,445.68299287159783,448.87083631771554,444.8162978396789,448.0738830566406,34486200,0.0,0.0,MICROSOFT,MSFT
2024-06-24 00:00:00-04:00,448.09381883309726,451.0326411348473,444.7166934969366,445.971923828125,15913700,0.0,0.0,MICROSOFT,MSFT
2024-06-25 00:00:00-04:00,446.54967056310835,449.7076593011684,445.05536045525633,449.23944091796875,16747500,0.0,0.0,MICROSOFT,MSFT
2024-06-26 00:00:00-04:00,447.29683770913255,451.87939491079237,446.4899126612236,450.4448547363281,16507000,0.0,0.0,MICROSOFT,MSFT
2024-06-27 00:00:00-04:00,450.4647607669407,454.43964637133854,450.0563123513601,451.1322326660156,14806300,0.0,0.0,MICROSOFT,MSFT
2024-06-28 00:00:00-04:00,451.3514193859445,453.65265464759193,444.7166784906869,445.254638671875,28362300,0.0,0.0,MICROSOFT,MSFT
2024-07-01 00:00:00-04:00,446.9581321622781,455.6350845987226,443.9695118583906,454.9975280761719,17662800,0.0,0.0,MICROSOFT,MSFT
2024-07-02 00:00:00-04:00,451.48091804269,457.8466634618686,451.39123268024355,457.537841796875,13979800,0.0,0.0,MICROSOFT,MSFT
2024-07-03 00:00:00-04:00,456.4519861681576,459.27123797386463,456.143164499039,459.0221862792969,9932800,0.0,0.0,MICROSOFT,MSFT
2024-07-05 00:00:00-04:00,457.8665819543775,466.5734498542255,457.2290254263628,465.78643798828125,16000300,0.0,0.0,MICROSOFT,MSFT
2024-07-08 00:00:00-04:00,464.7802572139819,465.9259193229851,462.69818870917646,464.471435546875,12962300,0.0,0.0,MICROSOFT,MSFT
2024-07-09 00:00:00-04:00,465.2285691118471,465.55730397446223,456.26270803688647,457.796875,17207200,0.0,0.0,MICROSOFT,MSFT
2024-07-10 00:00:00-04:00,459.4704958685422,464.6906097078431,457.1194320404737,464.4814147949219,18196100,0.0,0.0,MICROSOFT,MSFT
2024-07-11 00:00:00-04:00,461.22381037027674,463.0169703529818,449.8371441541028,452.9752197265625,23111200,0.0,0.0,MICROSOFT,MSFT
2024-07-12 00:00:00-04:00,452.6065993751412,454.6288978616777,448.94056583137933,451.8295593261719,16324300,0.0,0.0,MICROSOFT,MSFT
2024-07-15 00:00:00-04:00,451.58053696342466,455.52553783912686,449.7176350841416,452.238037109375,14429400,0.0,0.0,MICROSOFT,MSFT
2024-07-16 00:00:00-04:00,452.4970646024392,452.5767477715214,444.9657434486552,447.81488037109375,17175700,0.0,0.0,MICROSOFT,MSFT
2024-07-17 00:00:00-04:00,440.91115096654386,443.16258799675774,437.51408223046485,441.8376159667969,21778000,0.0,0.0,MICROSOFT,MSFT
2024-07-18 00:00:00-04:00,442.65452718481316,442.9633488615893,432.7522291311158,438.6995849609375,20794800,0.0,0.0,MICROSOFT,MSFT
2024-07-19 00:00:00-04:00,431.4571662650149,439.4666773586476,430.36133271708457,435.4519348144531,20940400,0.0,0.0,MICROSOFT,MSFT
2024-07-22 00:00:00-04:00,440.11419496144765,442.9135335372959,437.2451146156544,441.25982666015625,15808800,0.0,0.0,MICROSOFT,MSFT
2024-07-23 00:00:00-04:00,442.2161890427922,446.6891782136702,441.4192357696415,443.16259765625,13107100,0.0,0.0,MICROSOFT,MSFT
2024-07-24 00:00:00-04:00,438.7792775544404,439.80536929637776,425.9680428717,427.2730712890625,26805800,0.0,0.0,MICROSOFT,MSFT
2024-07-25 00:00:00-04:00,427.1734408135737,428.1696475602488,415.9262885329197,416.8128967285156,29943800,0.0,0.0,MICROSOFT,MSFT
2024-07-26 00:00:00-04:00,416.61367127993725,427.29300876037615,415.6871759053529,423.6568298339844,23583800,0.0,0.0,MICROSOFT,MSFT
2024-07-29 00:00:00-04:00,429.942906663257,430.51075182155637,423.0890295874203,425.111328125,15125800,0.0,0.0,MICROSOFT,MSFT
2024-07-30 00:00:00-04:00,426.09757640796397,427.4225180835465,415.77685808571965,421.3157958984375,32687600,0.0,0.0,MICROSOFT,MSFT
2024-07-31 00:00:00-04:00,418.90496110695756,420.18010460008077,410.64639818879624,416.76312255859375,42891400,0.0,0.0,MICROSOFT,MSFT
2024-08-01 00:00:00-04:00,419.19386562327855,425.838547918417,411.52306114392917,415.5278015136719,30296400,0.0,0.0,MICROSOFT,MSFT
2024-08-02 00:00:00-04:00,410.9253177730246,413.42580647571236,402.80623873826266,406.94049072265625,29437900,0.0,0.0,MICROSOFT,MSFT
2024-08-05 00:00:00-04:00,387.6937956010728,399.51876489974967,384.1173866027343,393.6510925292969,40709200,0.0,0.0,MICROSOFT,MSFT
2024-08-06 00:00:00-04:00,398.48271248363807,404.1312183098937,396.9884023118245,398.09417724609375,24946500,0.0,0.0,MICROSOFT,MSFT
2024-08-07 00:00:00-04:00,407.08996403891814,408.5244738707381,395.9623206324772,396.9186706542969,20650900,0.0,0.0,MICROSOFT,MSFT
2024-08-08 00:00:00-04:00,400.9134544113508,404.32046453514727,398.42293748970286,401.1625061035156,20203000,0.0,0.0,MICROSOFT,MSFT
2024-08-09 00:00:00-04:00,402.4974166714437,406.5021569084041,400.73414164807366,404.4798583984375,19276700,0.0,0.0,MICROSOFT,MSFT
2024-08-12 00:00:00-04:00,405.5159279147697,407.2094915951495,402.7066175092627,405.2668762207031,16762900,0.0,0.0,MICROSOFT,MSFT
2024-08-13 00:00:00-04:00,408.03632788850376,413.3760119926634,408.01641469772835,412.4395751953125,19414300,0.0,0.0,MICROSOFT,MSFT
2024-08-14 00:00:00-04:00,413.22656400495976,416.13550120626286,410.88550237176327,415.27874755859375,18267000,0.0,0.0,MICROSOFT,MSFT
2024-08-15 00:00:00-04:00,418.9613804533999,420.2687611144248,416.82567123071317,420.1889343261719,20752100,0.75,0.0,MICROSOFT,MSFT
2024-08-16 00:00:00-04:00,419.7597830235576,420.4982949962473,416.46635708464305,417.634033203125,22775600,0.0,0.0,MICROSOFT,MSFT
2024-08-19 00:00:00-04:00,418.12305390999944,420.90748898024606,415.6280480476388,420.68792724609375,15234000,0.0,0.0,MICROSOFT,MSFT
2024-08-20 00:00:00-04:00,420.85760258271205,425.0092655510223,420.7977248783259,423.9513854980469,16387600,0.0,0.0,MICROSOFT,MSFT
2024-08-21 00:00:00-04:00,423.2328164492432,425.5481891739701,420.87754555991404,423.292724609375,16067300,0.0,0.0,MICROSOFT,MSFT
2024-08-22 00:00:00-04:00,423.51227773093285,425.93744667495105,413.78175447140427,414.7198791503906,19361900,0.0,0.0,MICROSOFT,MSFT
2024-08-23 00:00:00-04:00,416.14702033916933,418.4224644213377,411.2667743519609,415.9573974609375,18493800,0.0,0.0,MICROSOFT,MSFT
2024-08-26 00:00:00-04:00,415.53822251165116,416.4464082807184,410.51827204332665,412.6639709472656,13152800,0.0,0.0,MICROSOFT,MSFT
2024-08-27 00:00:00-04:00,412.03522191159976,413.53222538686055,409.4304504838206,413.0132751464844,13492900,0.0,0.0,MICROSOFT,MSFT
2024-08-28 00:00:00-04:00,414.05123414353307,414.1709895566114,406.49634878347894,409.77978515625,14882700,0.0,0.0,MICROSOFT,MSFT
2024-08-29 00:00:00-04:00,414.11111041255606,421.2068927223571,409.77978373376925,412.29473876953125,17045200,0.0,0.0,MICROSOFT,MSFT
2024-08-30 00:00:00-04:00,414.76976956217663,416.655978106258,411.3067002995332,416.30670166015625,24308300,0.0,0.0,MICROSOFT,MSFT
2024-09-03 00:00:00-04:00,417.07515113927735,419.04121691819955,406.2168810784247,408.6220703125,20313600,0.0,0.0,MICROSOFT,MSFT
2024-09-04 00:00:00-04:00,405.09914307922884,410.41848227651053,403.5622109113736,408.0831604003906,15135800,0.0,0.0,MICROSOFT,MSFT
2024-09-05 00:00:00-04:00,406.80570694219614,412.2747707026805,405.31869320908027,407.5741882324219,14195500,0.0,0.0,MICROSOFT,MSFT
2024-09-06 00:00:00-04:00,408.2428350994982,409.82965516660903,399.9993260182044,400.8975524902344,19609500,0.0,0.0,MICROSOFT,MSFT
2024-09-09 00:00:00-04:00,406.42646799117773,407.83365496197575,401.34663967543116,404.9095153808594,15295100,0.0,0.0,MICROSOFT,MSFT
2024-09-10 00:00:00-04:00,407.3845749597779,415.4983085515719,406.8855737804821,413.3725891113281,19594300,0.0,0.0,MICROSOFT,MSFT
2024-09-11 00:00:00-04:00,414.66996964762023,423.14299971452004,408.7617824312734,422.1949157714844,19266900,0.0,0.0,MICROSOFT,MSFT
2024-09-12 00:00:00-04:00,422.4643720681856,426.5162591700305,418.91148614101724,426.1470031738281,17418800,0.0,0.0,MICROSOFT,MSFT
2024-09-13 00:00:00-04:00,424.97932695262114,430.9673410477323,424.61007095648097,429.7298278808594,15874600,0.0,0.0,MICROSOFT,MSFT
2024-09-16 00:00:00-04:00,429.7398205223156,432.663960115382,427.36457004232324,430.47833251953125,13834700,0.0,0.0,MICROSOFT,MSFT
2024-09-17 00:00:00-04:00,439.35060036636963,440.96735935499987,431.40647946288897,434.2807312011719,18874200,0.0,0.0,MICROSOFT,MSFT
2024-09-18 00:00:00-04:00,434.13103425412396,435.1589754847829,429.5502069957536,429.94940185546875,18898000,0.0,0.0,MICROSOFT,MSFT
2024-09-19 00:00:00-04:00,440.3485942013553,440.61804387535744,436.0272269078699,437.81365966796875,21706600,0.0,0.0,MICROSOFT,MSFT
2024-09-20 00:00:00-04:00,436.34659898883444,438.3625528190564,433.35259186813613,434.4004821777344,55167100,0.0,0.0,MICROSOFT,MSFT
2024-09-23 00:00:00-04:00,433.41246330331813,435.5881011366269,429.53024996375467,432.6440124511719,15128900,0.0,0.0,MICROSOFT,MSFT
2024-09-24 00:00:00-04:00,432.1350187153662,432.48432563013114,425.24880857311865,428.31268310546875,17015800,0.0,0.0,MICROSOFT,MSFT
2024-09-25 00:00:00-04:00,428.9713514363913,432.25478780854195,427.7138891426906,431.2467956542969,13396400,0.0,0.0,MICROSOFT,MSFT
2024-09-26 00:00:00-04:00,434.2208424719693,434.4304144393862,428.27275694361356,430.4483947753906,14492000,0.0,0.0,MICROSOFT,MSFT
2024-09-27 00:00:00-04:00,430.6579556744764,430.98731349999593,426.6160584093853,427.1649475097656,14896100,0.0,0.0,MICROSOFT,MSFT
2024-09-30 00:00:00-04:00,427.3545779124989,429.5601850355194,424.5202548923187,429.4403991699219,16807300,0.0,0.0,MICROSOFT,MSFT
2024-10-01 00:00:00-04:00,427.59411732607174,427.6240561781871,417.9733600914629,419.849609375,19092900,0.0,0.0,MICROSOFT,MSFT
2024-10-02 00:00:00-04:00,421.735816910149,421.9753581830839,415.87754802693416,416.2967224121094,16582300,0.0,0.0,MICROSOFT,MSFT
2024-10-03 00:00:00-04:00,416.79573518966424,418.7118826868124,413.46241092439135,415.7079162597656,13686400,0.0,0.0,MICROSOFT,MSFT
2024-10-04 00:00:00-04:00,417.4044891108862,418.91148239103603,414.141032422096,415.2288513183594,19169700,0.0,0.0,MICROSOFT,MSFT
2024-10-07 00:00:00-04:00,415.16898000097916,416.27674799671047,408.1829635105781,408.7218933105469,20919800,0.0,0.0,MICROSOFT,MSFT
2024-10-08 00:00:00-04:00,410.0791746223265,414.8296757293512,407.3546475987459,413.8815612792969,19229300,0.0,0.0,MICROSOFT,MSFT
2024-10-09 00:00:00-04:00,415.0292278034618,419.5402177563071,413.47234662969106,416.62603759765625,14974300,0.0,0.0,MICROSOFT,MSFT
2024-10-10 00:00:00-04:00,414.4005410260384,416.5163012078428,412.3246790108455,415.0093078613281,13848400,0.0,0.0,MICROSOFT,MSFT
2024-10-11 00:00:00-04:00,415.30870917320357,416.2967217455578,412.42446778596707,415.48834228515625,14144900,0.0,0.0,MICROSOFT,MSFT
2024-10-14 00:00:00-04:00,416.93544552364324,423.1929399714268,416.6859449273295,418.302734375,16653100,0.0,0.0,MICROSOFT,MSFT
2024-10-15 00:00:00-04:00,421.33663401346166,421.6360529989684,414.4304746563672,417.90350341796875,18900200,0.0,0.0,MICROSOFT,MSFT
2024-10-16 00:00:00-04:00,414.34064286226896,415.5282376209468,409.66000947414466,415.2887268066406,15508900,0.0,0.0,MICROSOFT,MSFT
2024-10-17 00:00:00-04:00,421.5162601711392,421.65599512005826,414.7597951900465,415.8875427246094,14820000,0.0,0.0,MICROSOFT,MSFT
2024-10-18 00:00:00-04:00,416.30672505621476,418.81169030533886,415.4284780937268,417.3246765136719,17145300,0.0,0.0,MICROSOFT,MSFT
2024-10-21 00:00:00-04:00,415.28873052027103,418.1230535224922,412.92346983800354,417.94342041015625,14206100,0.0,0.0,MICROSOFT,MSFT
2024-10-22 00:00:00-04:00,417.65400492824705,429.719850009177,417.20492213264845,426.656005859375,25482200,0.0,0.0,MICROSOFT,MSFT
2024-10-23 00:00:00-04:00,429.99927448801196,430.2188362215334,421.68592837942305,423.7518005371094,19654400,0.0,0.0,MICROSOFT,MSFT
2024-10-24 00:00:00-04:00,424.48033834123805,425.1290642527003,421.55619868116815,423.8815612792969,13581600,0.0,0.0,MICROSOFT,MSFT
2024-10-25 00:00:00-04:00,425.9075007963015,431.6559737319955,425.7178779096375,427.2947082519531,16899100,0.0,0.0,MICROSOFT,MSFT
2024-10-28 00:00:00-04:00,430.79770276573566,431.0771422085262,425.44839427381163,425.7378234863281,14882400,0.0,0.0,MICROSOFT,MSFT
2024-10-29 00:00:00-04:00,427.14500621655657,432.3046917719988,424.94938886176953,431.0871276855469,17644100,0.0,0.0,MICROSOFT,MSFT
2024-10-30 00:00:00-04:00,436.566149775902,437.6240298288107,431.2368208895649,431.66595458984375,29749100,0.0,0.0,MICROSOFT,MSFT
2024-10-31 00:00:00-04:00,414.53024968400064,415.3286698537771,405.4883506505116,405.53826904296875,53971000,0.0,0.0,MICROSOFT,MSFT
2024-11-01 00:00:00-04:00,408.1929633155515,414.669989017628,406.6859699751707,409.55023193359375,24230400,0.0,0.0,MICROSOFT,MSFT
2024-11-04 00:00:00-05:00,408.98136250106245,409.6001495592508,404.75983193250556,407.64404296875,19672300,0.0,0.0,MICROSOFT,MSFT
2024-11-05 00:00:00-05:00,407.55420745470553,414.0711614645437,407.26477825056725,410.6380310058594,17626000,0.0,0.0,MICROSOFT,MSFT
2024-11-06 00:00:00-05:00,411.5961294118678,419.6100868075599,409.6999006422783,419.3406066894531,26681800,0.0,0.0,MICROSOFT,MSFT
2024-11-07 00:00:00-05:00,420.4384354335317,425.997315920461,419.041238212776,424.58013916015625,19901800,0.0,0.0,MICROSOFT,MSFT
2024-11-08 00:00:00-05:00,424.4703681752109,425.6480036424066,420.9374313170091,421.6959228515625,16891400,0.0,0.0,MICROSOFT,MSFT
2024-11-11 00:00:00-05:00,421.67592700377526,423.9613608320793,415.16896287691225,417.1749572753906,24503300,0.0,0.0,MICROSOFT,MSFT
2024-11-12 00:00:00-05:00,417.41448646778457,423.59212350380113,416.3665961739424,422.1849365234375,19401200,0.0,0.0,MICROSOFT,MSFT
2024-11-13 00:00:00-05:00,420.7977304833057,428.4723406260961,417.37455923502137,424.3506164550781,21502200,0.0,0.0,MICROSOFT,MSFT
2024-11-14 00:00:00-05:00,424.1509924128195,427.3146732159619,419.1609807373746,426.0372314453125,30246900,0.0,0.0,MICROSOFT,MSFT
2024-11-15 00:00:00-05:00,418.981368798022,421.95539641463347,412.8137213651046,414.1709899902344,28247600,0.0,0.0,MICROSOFT,MSFT
2024-11-18 00:00:00-05:00,414.04123715109023,417.56418428856415,411.27678155870234,414.9294738769531,24742000,0.0,0.0,MICROSOFT,MSFT
2024-11-19 00:00:00-05:00,412.28473963430486,417.10510808078726,410.727858391825,416.9554138183594,18133500,0.0,0.0,MICROSOFT,MSFT
2024-11-20 00:00:00-05:00,416.0372212157148,416.4563955899673,409.7597781109004,414.65997314453125,19191700,0.0,0.0,MICROSOFT,MSFT
2024-11-21 00:00:00-05:00,419.5,419.7799987792969,410.2900085449219,412.8699951171875,20780200,0.83,0.0,MICROSOFT,MSFT
2024-11-22 00:00:00-05:00,411.3699951171875,417.3999938964844,411.05999755859375,417.0,24814600,0.0,0.0,MICROSOFT,MSFT
2024-11-25 00:00:00-05:00,418.3800048828125,421.0799865722656,414.8500061035156,418.7900085449219,27691100,0.0,0.0,MICROSOFT,MSFT
2024-11-26 00:00:00-05:00,419.5899963378906,429.0400085449219,418.8500061035156,427.989990234375,23458900,0.0,0.0,MICROSOFT,MSFT
2024-11-27 00:00:00-05:00,425.1099853515625,427.2300109863281,422.0199890136719,422.989990234375,18332400,0.0,0.0,MICROSOFT,MSFT
2024-11-29 00:00:00-05:00,420.0899963378906,424.8800048828125,417.79998779296875,423.4599914550781,16271900,0.0,0.0,MICROSOFT,MSFT
2024-12-02 00:00:00-05:00,421.57000732421875,433.0,421.30999755859375,430.9800109863281,20207200,0.0,0.0,MICROSOFT,MSFT
2024-12-03 00:00:00-05:00,429.8399963378906,432.4700012207031,427.739990234375,431.20001220703125,18302000,0.0,0.0,MICROSOFT,MSFT
2024-12-04 00:00:00-05:00,433.0299987792969,439.6700134277344,432.6300048828125,437.4200134277344,26009400,0.0,0.0,MICROSOFT,MSFT
2024-12-05 00:00:00-05:00,437.9200134277344,444.6600036621094,436.1700134277344,442.6199951171875,21697800,0.0,0.0,MICROSOFT,MSFT
2024-12-06 00:00:00-05:00,442.29998779296875,446.1000061035156,441.7699890136719,443.57000732421875,18821000,0.0,0.0,MICROSOFT,MSFT
2024-12-09 00:00:00-05:00,442.6000061035156,448.3299865722656,440.5,446.0199890136719,19144400,0.0,0.0,MICROSOFT,MSFT
2024-12-10 00:00:00-05:00,444.3900146484375,449.6199951171875,441.6000061035156,443.3299865722656,18469500,0.0,0.0,MICROSOFT,MSFT
2024-12-11 00:00:00-05:00,444.04998779296875,450.3500061035156,444.04998779296875,448.989990234375,19200200,0.0,0.0,MICROSOFT,MSFT
2024-12-12 00:00:00-05:00,449.1099853515625,456.1600036621094,449.1099853515625,449.55999755859375,20834800,0.0,0.0,MICROSOFT,MSFT
2024-12-13 00:00:00-05:00,448.44000244140625,451.42999267578125,445.5799865722656,447.2699890136719,20177800,0.0,0.0,MICROSOFT,MSFT
2024-12-16 00:00:00-05:00,447.2699890136719,452.17999267578125,445.2799987792969,451.5899963378906,23598800,0.0,0.0,MICROSOFT,MSFT
2024-12-17 00:00:00-05:00,451.010009765625,455.2900085449219,449.57000732421875,454.4599914550781,22733500,0.0,0.0,MICROSOFT,MSFT
2024-12-18 00:00:00-05:00,451.32000732421875,452.6499938964844,437.0199890136719,437.3900146484375,24444500,0.0,0.0,MICROSOFT,MSFT
2024-12-19 00:00:00-05:00,441.6199951171875,443.17999267578125,436.32000732421875,437.0299987792969,22963700,0.0,0.0,MICROSOFT,MSFT
2024-12-20 00:00:00-05:00,433.1099853515625,443.739990234375,428.6300048828125,436.6000061035156,64263700,0.0,0.0,MICROSOFT,MSFT
2024-12-23 00:00:00-05:00,436.739990234375,437.6499938964844,432.8299865722656,435.25,19152500,0.0,0.0,MICROSOFT,MSFT
2024-12-24 00:00:00-05:00,434.6499938964844,439.6000061035156,434.19000244140625,439.3299865722656,7164500,0.0,0.0,MICROSOFT,MSFT
2024-12-26 00:00:00-05:00,439.0799865722656,440.94000244140625,436.6300048828125,438.1099853515625,8194200,0.0,0.0,MICROSOFT,MSFT
2024-12-27 00:00:00-05:00,434.6000061035156,435.2200012207031,426.3500061035156,430.5299987792969,18117700,0.0,0.0,MICROSOFT,MSFT
2024-12-30 00:00:00-05:00,426.05999755859375,427.54998779296875,421.8999938964844,424.8299865722656,13158700,0.0,0.0,MICROSOFT,MSFT
2024-12-31 00:00:00-05:00,426.1000061035156,426.7300109863281,420.6600036621094,421.5,13246500,0.0,0.0,MICROSOFT,MSFT
2025-01-02 00:00:00-05:00,425.5299987792969,426.07000732421875,414.8500061035156,418.5799865722656,16896500,0.0,0.0,MICROSOFT,MSFT
2025-01-03 00:00:00-05:00,421.0799865722656,424.0299987792969,419.5400085449219,423.3500061035156,16662900,0.0,0.0,MICROSOFT,MSFT
2025-01-06 00:00:00-05:00,428.0,434.32000732421875,425.4800109863281,427.8500061035156,20573600,0.0,0.0,MICROSOFT,MSFT
2025-01-07 00:00:00-05:00,429.0,430.6499938964844,420.79998779296875,422.3699951171875,18139100,0.0,0.0,MICROSOFT,MSFT
2025-01-08 00:00:00-05:00,423.4599914550781,426.9700012207031,421.5400085449219,424.55999755859375,15054600,0.0,0.0,MICROSOFT,MSFT
2025-01-10 00:00:00-05:00,424.6300048828125,424.7099914550781,415.0199890136719,418.95001220703125,20201100,0.0,0.0,MICROSOFT,MSFT
2025-01-13 00:00:00-05:00,415.239990234375,418.5,412.2900085449219,417.19000244140625,17604800,0.0,0.0,MICROSOFT,MSFT
2025-01-14 00:00:00-05:00,417.80999755859375,419.739990234375,410.7200012207031,415.6700134277344,16935900,0.0,0.0,MICROSOFT,MSFT
2025-01-15 00:00:00-05:00,419.1300048828125,428.1499938964844,418.2699890136719,426.30999755859375,19637800,0.0,0.0,MICROSOFT,MSFT
2025-01-16 00:00:00-05:00,428.70001220703125,429.489990234375,424.3900146484375,424.5799865722656,15300000,0.0,0.0,MICROSOFT,MSFT
2025-01-17 00:00:00-05:00,434.0899963378906,434.4800109863281,428.1700134277344,429.0299987792969,26148000,0.0,0.0,MICROSOFT,MSFT
