Date,Open,High,Low,Close,Volume,Dividends,Stock Splits,company_name,ticker
2018-01-18 00:00:00-05:00,42.196978374734435,42.36871422042748,41.93349835563262,42.17110061645508,124773600,0.0,0.0,APPLE,AAPL
2018-01-19 00:00:00-05:00,42.01819256519389,42.24638638379699,41.73589200712557,41.982906341552734,129700400,0.0,0.0,APPLE,AAPL
2018-01-22 00:00:00-05:00,41.710007024464254,41.822926510210245,41.54533202657515,41.63943099975586,108434400,0.0,0.0,APPLE,AAPL
2018-01-23 00:00:00-05:00,41.710009424678674,42.21344649842191,41.5970899324347,41.648841857910156,130756400,0.0,0.0,APPLE,AAPL
2018-01-24 00:00:00-05:00,41.6982497136897,41.710012984429575,40.745482218099276,40.98543930053711,204420400,0.0,0.0,APPLE,AAPL
2018-01-25 00:00:00-05:00,41.05365141622734,41.15716243233177,40.11735342539758,40.25379943847656,166116000,0.0,0.0,APPLE,AAPL
2018-01-26 00:00:00-05:00,40.46317468053383,40.46317468053383,40.0067871359566,40.347900390625,156572000,0.0,0.0,APPLE,AAPL
2018-01-29 00:00:00-05:00,40.0303232465739,40.0303232465739,39.303398296089576,39.51277160644531,202561600,0.0,0.0,APPLE,AAPL
2018-01-30 00:00:00-05:00,38.941106984847075,39.373968066064506,38.74584817774823,39.279869079589844,184192800,0.0,0.0,APPLE,AAPL
2018-01-31 00:00:00-05:00,39.256348190426905,39.625694124294576,39.16930643592293,39.38808822631836,129915600,0.0,0.0,APPLE,AAPL
2018-02-01 00:00:00-05:00,39.32691375264991,39.668027023869165,39.23045997006537,39.47041702270508,188923200,0.0,0.0,APPLE,AAPL
2018-02-02 00:00:00-05:00,39.051670252719774,39.23987179114396,37.663690637427194,37.757789611816406,346375200,0.0,0.0,APPLE,AAPL
2018-02-05 00:00:00-05:00,37.42843548964409,38.552934981084,36.6991559546864,36.814430236816406,290954000,0.0,0.0,APPLE,AAPL
2018-02-06 00:00:00-05:00,36.42392351571542,38.51530537965572,36.22866469730355,38.35298156738281,272975200,0.0,0.0,APPLE,AAPL
2018-02-07 00:00:00-05:00,38.36708217249761,38.44000940329599,37.42137580004457,37.53194046020508,206434400,0.0,0.0,APPLE,AAPL
2018-02-08 00:00:00-05:00,37.70839310613989,37.87542294827551,36.47097374805283,36.499202728271484,217562000,0.0,0.0,APPLE,AAPL
2018-02-09 00:00:00-05:00,37.10154017076922,37.295230672689506,35.48822397108104,36.945640563964844,282690400,0.1575,0.0,APPLE,AAPL
2018-02-12 00:00:00-05:00,37.43932625898602,38.71249941788056,37.20547680373834,38.433773040771484,243278000,0.0,0.0,APPLE,AAPL
2018-02-13 00:00:00-05:00,38.254240581243764,38.915629851935705,38.18337680147649,38.818782806396484,130196800,0.0,0.0,APPLE,AAPL
2018-02-14 00:00:00-05:00,38.51170952093217,39.57465542365955,38.47391862808923,39.53450012207031,162579600,0.0,0.0,APPLE,AAPL
2018-02-15 00:00:00-05:00,40.10612781166872,40.88562218357589,39.91952334169499,40.862003326416016,204588800,0.0,0.0,APPLE,AAPL
2018-02-16 00:00:00-05:00,40.71318823036877,41.29426687991034,40.57382508419386,40.72972106933594,160704400,0.0,0.0,APPLE,AAPL
2018-02-20 00:00:00-05:00,40.639965165037744,41.16198768265657,40.49115158737334,40.59272384643555,135722000,0.0,0.0,APPLE,AAPL
2018-02-21 00:00:00-05:00,40.8242025542854,41.12891207606295,40.39429833125114,40.40847396850586,149886400,0.0,0.0,APPLE,AAPL
2018-02-22 00:00:00-05:00,40.58091516902778,41.08876568344759,40.559657114961496,40.74626159667969,123967600,0.0,0.0,APPLE,AAPL
2018-02-23 00:00:00-05:00,41.02263364463977,41.49032892998072,40.99192515879961,41.454898834228516,135249600,0.0,0.0,APPLE,AAPL
2018-02-26 00:00:00-05:00,41.655674133314726,42.37375162303299,41.62260484637274,42.27454376220703,152648800,0.0,0.0,APPLE,AAPL
2018-02-27 00:00:00-05:00,42.30524591379088,42.63121352078833,42.08320776142884,42.137535095214844,155712400,0.0,0.0,APPLE,AAPL
2018-02-28 00:00:00-05:00,42.34304431768956,42.66429037303296,42.05723195923585,42.07376480102539,151128400,0.0,0.0,APPLE,AAPL
2018-03-01 00:00:00-05:00,42.172959088293304,42.465860975259645,40.78404584096212,41.33677673339844,195208000,0.0,0.0,APPLE,AAPL
2018-03-02 00:00:00-05:00,40.8171154338492,41.64385097491098,40.73444043803066,41.62259292602539,153816000,0.0,0.0,APPLE,AAPL
2018-03-05 00:00:00-05:00,41.386394514270094,41.98400608660226,41.2234088846737,41.766693115234375,113605600,0.0,0.0,APPLE,AAPL
2018-03-06 00:00:00-05:00,42.0241526745202,42.10446326818097,41.60369885561242,41.73125076293945,95154000,0.0,0.0,APPLE,AAPL
2018-03-07 00:00:00-05:00,41.322610204063,41.53756233673037,41.16434981314963,41.343868255615234,126814000,0.0,0.0,APPLE,AAPL
2018-03-08 00:00:00-05:00,41.450160247241016,41.83754478770939,41.35331681533483,41.79502868652344,95096400,0.0,0.0,APPLE,AAPL
2018-03-09 00:00:00-05:00,42.035976645673514,42.51784395797975,41.90133507641775,42.513118743896484,128740800,0.0,0.0,APPLE,AAPL
2018-03-12 00:00:00-04:00,42.58633936479425,43.08238227301335,42.5674457187907,42.92412185668945,128828400,0.0,0.0,APPLE,AAPL
2018-03-13 00:00:00-04:00,43.12961938511583,43.34457153130684,42.33831738076447,42.51074981689453,126774000,0.0,0.0,APPLE,AAPL
2018-03-14 00:00:00-04:00,42.593417838013636,42.64065914922039,42.00052802888373,42.14934158325195,117473600,0.0,0.0,APPLE,AAPL
2018-03-15 00:00:00-04:00,42.16352163212079,42.574528686748415,42.06195297393056,42.198951721191406,90975200,0.0,0.0,APPLE,AAPL
2018-03-16 00:00:00-04:00,42.1989465262209,42.309965597350576,41.95565033313619,42.05013656616211,157618800,0.0,0.0,APPLE,AAPL
2018-03-19 00:00:00-04:00,41.88478790376434,41.920217986561596,41.0202578407007,41.40764236450195,133787200,0.0,0.0,APPLE,AAPL
2018-03-20 00:00:00-04:00,41.393470764160156,41.761958046228465,41.32260699354369,41.393470764160156,78597600,0.0,0.0,APPLE,AAPL
2018-03-21 00:00:00-04:00,41.34621709170434,41.35802831835267,40.453343142150956,40.45570755004883,148219600,0.0,0.0,APPLE,AAPL
2018-03-22 00:00:00-04:00,40.15573453015492,40.788776144457465,39.82504168750161,39.88409423828125,165963200,0.0,0.0,APPLE,AAPL
2018-03-23 00:00:00-04:00,39.77543470818279,40.13683601924701,38.96051025390625,38.96051025390625,164115200,0.0,0.0,APPLE,AAPL
2018-03-26 00:00:00-04:00,39.69983739602696,40.88797403515427,39.314813739322084,40.81002426147461,150164800,0.0,0.0,APPLE,AAPL
2018-03-27 00:00:00-04:00,41.024995633148734,41.372224998667235,39.428215596194455,39.763633728027344,163690400,0.0,0.0,APPLE,AAPL
2018-03-28 00:00:00-04:00,39.506155014654325,40.16045826236193,39.01956259085992,39.32427215576172,166674000,0.0,0.0,APPLE,AAPL
2018-03-29 00:00:00-04:00,39.63844130477136,40.569110262440624,39.42348911317113,39.63135528564453,153594000,0.0,0.0,APPLE,AAPL
2018-04-02 00:00:00-04:00,39.36206273105052,39.9053468449277,38.84948709275754,39.37150955200195,150347200,0.0,0.0,APPLE,AAPL
2018-04-03 00:00:00-04:00,39.598278747057826,39.86047221960695,38.94633987674078,39.77543640136719,121112000,0.0,0.0,APPLE,AAPL
2018-04-04 00:00:00-04:00,38.94634361693246,40.6305200947276,38.92036034763387,40.53603744506836,138422000,0.0,0.0,APPLE,AAPL
2018-04-05 00:00:00-04:00,40.76516069041563,41.15490611639051,40.64705557899512,40.8171272277832,107732800,0.0,0.0,APPLE,AAPL
2018-04-06 00:00:00-04:00,40.38485479065479,40.741530865158275,39.73055158240704,39.7730712890625,140021200,0.0,0.0,APPLE,AAPL
2018-04-09 00:00:00-04:00,40.12739001702959,40.88562274228827,40.12030399935664,40.167545318603516,116070800,0.0,0.0,APPLE,AAPL
2018-04-10 00:00:00-04:00,40.864367398348726,41.10057761452415,40.5171380922283,40.92341995239258,113634400,0.0,0.0,APPLE,AAPL
2018-04-11 00:00:00-04:00,40.68247283521623,41.08166856255471,40.55728174495137,40.732078552246094,89726400,0.0,0.0,APPLE,AAPL
2018-04-12 00:00:00-04:00,40.961211667118185,41.3367850202748,40.87381144216381,41.133644104003906,91557200,0.0,0.0,APPLE,AAPL
2018-04-13 00:00:00-04:00,41.284817669837054,41.535199900313415,41.06514391813738,41.273006439208984,100497200,0.0,0.0,APPLE,AAPL
2018-04-16 00:00:00-04:00,41.343867555683204,41.61787222976671,41.296626240495335,41.53047561645508,86313600,0.0,0.0,APPLE,AAPL
2018-04-17 00:00:00-04:00,41.688732590779146,42.267446764072375,41.66983534539524,42.10210037231445,106421600,0.0,0.0,APPLE,AAPL
2018-04-18 00:00:00-04:00,42.00053574736755,42.23911035986843,41.780861987960016,42.00762176513672,83018000,0.0,0.0,APPLE,AAPL
2018-04-19 00:00:00-04:00,41.04388702331268,41.428910839913755,40.78405794075674,40.8171272277832,139235200,0.0,0.0,APPLE,AAPL
2018-04-20 00:00:00-04:00,40.297455442061946,40.44390459045177,39.07624572174943,39.14474868774414,261964400,0.0,0.0,APPLE,AAPL
2018-04-23 00:00:00-04:00,39.406945397542934,39.42820344905831,38.75972819636213,39.0313720703125,146062000,0.0,0.0,APPLE,AAPL
2018-04-24 00:00:00-04:00,39.13293947249668,39.28883905387178,38.08180490888805,38.48808670043945,134768000,0.0,0.0,APPLE,AAPL
2018-04-25 00:00:00-04:00,38.4124960536142,39.073885239478145,38.362893937136036,38.655792236328125,113528400,0.0,0.0,APPLE,AAPL
2018-04-26 00:00:00-04:00,38.76682095620797,39.14711956245835,38.58966328753759,38.790443420410156,111852000,0.0,0.0,APPLE,AAPL
2018-04-27 00:00:00-04:00,38.73847572299697,38.81642552739243,37.942448442303146,38.341644287109375,142623200,0.0,0.0,APPLE,AAPL
2018-04-30 00:00:00-04:00,38.29675547997915,39.50851118422438,38.22825251323955,39.03609085083008,169709600,0.0,0.0,APPLE,AAPL
2018-05-01 00:00:00-04:00,39.30773223734925,39.96675697517684,39.038452808391185,39.943138122558594,214277600,0.0,0.0,APPLE,AAPL
2018-05-02 00:00:00-04:00,41.39109822870896,41.98634873901759,41.0533194878955,41.70762252807617,266157600,0.0,0.0,APPLE,AAPL
2018-05-03 00:00:00-04:00,41.54465119365853,41.927310564880564,41.204507928447114,41.78322219848633,136272800,0.0,0.0,APPLE,AAPL
2018-05-04 00:00:00-04:00,42.104458992596214,43.521719884352606,42.085561748192426,43.42251205444336,224805200,0.0,0.0,APPLE,AAPL
2018-05-07 00:00:00-04:00,43.741400685804436,44.32956534880363,43.63983203547924,43.73667907714844,169805600,0.0,0.0,APPLE,AAPL
2018-05-08 00:00:00-04:00,43.69652102308314,43.9870585254927,43.384721865936356,43.946903228759766,113611200,0.0,0.0,APPLE,AAPL
2018-05-09 00:00:00-04:00,44.065010355328624,44.26578684829078,43.75085037945465,44.25634002685547,92844800,0.0,0.0,APPLE,AAPL
2018-05-10 00:00:00-04:00,44.34610841048681,44.96733884392071,44.32484675123591,44.88938903808594,111957200,0.0,0.0,APPLE,AAPL
2018-05-11 00:00:00-04:00,44.93207339844352,45.06723052851886,44.44834438363177,44.71866226196289,104848800,0.1825,0.0,APPLE,AAPL
2018-05-14 00:00:00-04:00,44.81824307132916,44.94154701587502,44.54555534326662,44.61431884765625,83115200,0.0,0.0,APPLE,AAPL
2018-05-15 00:00:00-04:00,44.28947115236854,44.358238285724376,43.891109509599055,44.2088508605957,94780800,0.0,0.0,APPLE,AAPL
2018-05-16 00:00:00-04:00,44.12112645073606,44.68784575603559,44.10452623639334,44.6214485168457,76732400,0.0,0.0,APPLE,AAPL
2018-05-17 00:00:00-04:00,44.578762530930284,44.79454357962949,44.18988410889832,44.339271545410156,69176000,0.0,0.0,APPLE,AAPL
2018-05-18 00:00:00-04:00,44.38669198347093,44.533705883459916,44.135344237742586,44.17802429199219,73190800,0.0,0.0,APPLE,AAPL
2018-05-21 00:00:00-04:00,44.57875764850543,44.87990239677459,44.32029657092785,44.491024017333984,73603200,0.0,0.0,APPLE,AAPL
2018-05-22 00:00:00-04:00,44.668861774456545,44.787422292071575,44.2894666708165,44.379573822021484,60962800,0.0,0.0,APPLE,AAPL
2018-05-23 00:00:00-04:00,44.18750395347693,44.697312704156985,44.04759980050148,44.66411590576172,80233600,0.0,0.0,APPLE,AAPL
2018-05-24 00:00:00-04:00,44.76133634167696,44.77793293176563,44.15430710418913,44.61431884765625,92936000,0.0,0.0,APPLE,AAPL
2018-05-25 00:00:00-04:00,44.63329570275016,44.970007170690906,44.4957650550256,44.71628952026367,69844000,0.0,0.0,APPLE,AAPL
2018-05-29 00:00:00-04:00,44.48390884891369,44.75659659946628,44.31080788346593,44.5550422668457,90056400,0.0,0.0,APPLE,AAPL
2018-05-30 00:00:00-04:00,44.512364369858055,44.578757975260416,44.289470001072935,44.46019744873047,74762000,0.0,0.0,APPLE,AAPL
2018-05-31 00:00:00-04:00,44.393803905069774,44.633294866448495,44.1377127332273,44.31081008911133,109931200,0.0,0.0,APPLE,AAPL
2018-06-01 00:00:00-04:00,44.576379165382164,45.11464124324762,44.519468821467925,45.109901428222656,93770000,0.0,0.0,APPLE,AAPL
2018-06-04 00:00:00-04:00,45.44187345844296,45.86394859694539,45.37310995262885,45.4869270324707,105064800,0.0,0.0,APPLE,AAPL
2018-06-05 00:00:00-04:00,45.78095719279913,45.98725132294344,45.61259967614161,45.83786392211914,86264000,0.0,0.0,APPLE,AAPL
2018-06-06 00:00:00-04:00,45.91374443273693,46.020448168501474,45.50826589501609,45.996734619140625,83734400,0.0,0.0,APPLE,AAPL
2018-06-07 00:00:00-04:00,46.034676537507714,46.04890322037362,45.60785796063171,45.873435974121094,85388800,0.0,0.0,APPLE,AAPL
2018-06-08 00:00:00-04:00,45.33043802060204,45.52724895809214,44.99846994422155,45.456111907958984,106627200,0.0,0.0,APPLE,AAPL
2018-06-11 00:00:00-04:00,45.37311488463772,45.52012877950452,45.10279702926774,45.34465789794922,73234000,0.0,0.0,APPLE,AAPL
2018-06-12 00:00:00-04:00,45.38259037358757,45.67187829788359,45.32568002812328,45.5936279296875,67644400,0.0,0.0,APPLE,AAPL
2018-06-13 00:00:00-04:00,45.626823486431164,45.73590074106123,45.1573249081961,45.21897506713867,86553600,0.0,0.0,APPLE,AAPL
2018-06-14 00:00:00-04:00,45.4205318038614,45.425275237320285,45.105160415168235,45.24269104003906,86440400,0.0,0.0,APPLE,AAPL
2018-06-15 00:00:00-04:00,45.06011347514685,45.090940369897595,44.640408197659504,44.77793884277344,246876800,0.0,0.0,APPLE,AAPL
2018-06-18 00:00:00-04:00,44.55030624142613,44.86804759582226,44.38906203797509,44.75423049926758,73939600,0.0,0.0,APPLE,AAPL
2018-06-19 00:00:00-04:00,43.90060377921958,44.18277848943188,43.49986850963614,44.03102111816406,134314000,0.0,0.0,APPLE,AAPL
2018-06-20 00:00:00-04:00,44.18751296806698,44.38906370723482,44.04049544388412,44.223079681396484,82514800,0.0,0.0,APPLE,AAPL
2018-06-21 00:00:00-04:00,44.400916029190306,44.66175062803567,43.853166989795085,43.976470947265625,102847600,0.0,0.0,APPLE,AAPL
2018-06-22 00:00:00-04:00,44.132963693744735,44.14007703498855,43.796252274878704,43.848419189453125,108801600,0.0,0.0,APPLE,AAPL
2018-06-25 00:00:00-04:00,43.48800035493525,43.84842537423811,42.85488756767798,43.19634246826172,126652400,0.0,0.0,APPLE,AAPL
2018-06-26 00:00:00-04:00,43.390783670861595,44.23019062350322,43.28407630030375,43.732234954833984,98276800,0.0,0.0,APPLE,AAPL
2018-06-27 00:00:00-04:00,43.921922855778305,44.408021640911684,43.63737837268395,43.66820526123047,101141200,0.0,0.0,APPLE,AAPL
2018-06-28 00:00:00-04:00,43.653982479733386,44.154307990992315,43.58284544805975,43.9859504699707,69460800,0.0,0.0,APPLE,AAPL
2018-06-29 00:00:00-04:00,44.17327182215568,44.38668290429179,43.37180526034885,43.893470764160156,90950800,0.0,0.0,APPLE,AAPL
2018-07-02 00:00:00-04:00,43.587592252538386,44.41277247650067,43.49274166357834,44.384315490722656,70925200,0.0,0.0,APPLE,AAPL
2018-07-03 00:00:00-04:00,44.52895869287857,44.566898927797915,43.52119426873069,43.61130142211914,55819200,0.0,0.0,APPLE,AAPL
2018-07-05 00:00:00-04:00,43.92904532350961,44.201736707523416,43.69666770282303,43.962242126464844,66416800,0.0,0.0,APPLE,AAPL
2018-07-06 00:00:00-04:00,43.96697314246987,44.680706013508164,43.91480623567726,44.571632385253906,69940800,0.0,0.0,APPLE,AAPL
2018-07-09 00:00:00-04:00,44.934445294823774,45.21424643645008,44.88702180178989,45.19053649902344,79026400,0.0,0.0,APPLE,AAPL
2018-07-10 00:00:00-04:00,45.22135768146234,45.35651480043336,45.09568019444698,45.13599395751953,63756400,0.0,0.0,APPLE,AAPL
2018-07-11 00:00:00-04:00,44.69731065271036,45.00082525787387,44.486273097273546,44.550296783447266,75326000,0.0,0.0,APPLE,AAPL
2018-07-12 00:00:00-04:00,44.94154443949386,45.387333093171684,44.889377528183495,45.29722595214844,72164400,0.0,0.0,APPLE,AAPL
2018-07-13 00:00:00-04:00,45.309093604507865,45.48930431164187,45.26640993128804,45.36837387084961,50055600,0.0,0.0,APPLE,AAPL
2018-07-16 00:00:00-04:00,45.41341991052194,45.68136420952741,45.15258533466205,45.268775939941406,60172400,0.0,0.0,APPLE,AAPL
2018-07-17 00:00:00-04:00,44.99372260620918,45.49641811202869,44.863305295308734,45.396827697753906,62138000,0.0,0.0,APPLE,AAPL
2018-07-18 00:00:00-04:00,45.47507058457774,45.47981401824102,45.03639523430782,45.14784240722656,65573600,0.0,0.0,APPLE,AAPL
2018-07-19 00:00:00-04:00,44.979495033920074,45.657661419046526,44.979495033920074,45.4987907409668,81147200,0.0,0.0,APPLE,AAPL
2018-07-20 00:00:00-04:00,45.47507142422302,45.62919864841782,45.093306416324374,45.39445114135742,82704800,0.0,0.0,APPLE,AAPL
2018-07-23 00:00:00-04:00,45.21424799488469,45.51776632076043,44.94867353019672,45.43477249145508,63957600,0.0,0.0,APPLE,AAPL
2018-07-24 00:00:00-04:00,45.63394123113984,45.92085926774938,45.53909426697028,45.76435852050781,74791600,0.0,0.0,APPLE,AAPL
2018-07-25 00:00:00-04:00,45.77858372437037,46.20303237803916,45.62919632335872,46.195919036865234,66839600,0.0,0.0,APPLE,AAPL
2018-07-26 00:00:00-04:00,46.14613559371911,46.46625051335221,45.90901450308146,46.05128860473633,76304000,0.0,0.0,APPLE,AAPL
2018-07-27 00:00:00-04:00,46.23624302628171,46.28366652104009,45.07672103126294,45.28538513183594,96096000,0.0,0.0,APPLE,AAPL
2018-07-30 00:00:00-04:00,45.50353058750677,45.574667630113304,44.832481162550636,45.03166198730469,84118000,0.0,0.0,APPLE,AAPL
2018-07-31 00:00:00-04:00,45.12413484806782,45.56043669535862,44.89649705659699,45.121761322021484,157492000,0.0,0.0,APPLE,AAPL
2018-08-01 00:00:00-04:00,47.21791246264166,47.84153831911605,46.78635044582304,47.77988815307617,271742800,0.0,0.0,APPLE,AAPL
2018-08-02 00:00:00-04:00,47.56174271802336,49.41128771234425,47.507205887234655,49.176536560058594,249616000,0.0,0.0,APPLE,AAPL
2018-08-03 00:00:00-04:00,49.091171704582926,49.496650300445424,48.72363334586619,49.318809509277344,133789600,0.0,0.0,APPLE,AAPL
2018-08-06 00:00:00-04:00,49.32117272040691,49.61757399877474,49.10065190602749,49.574893951416016,101701600,0.0,0.0,APPLE,AAPL
2018-08-07 00:00:00-04:00,49.63418087672194,49.67686092981583,49.02714793778317,49.11014175415039,102349600,0.0,0.0,APPLE,AAPL
2018-08-08 00:00:00-04:00,48.8587927154922,49.2761244578669,48.495997801124524,49.14333724975586,90102000,0.0,0.0,APPLE,AAPL
2018-08-09 00:00:00-04:00,49.683973426975236,49.7432536896064,49.131480945071196,49.52984619140625,93970400,0.0,0.0,APPLE,AAPL
2018-08-10 00:00:00-04:00,49.34186126018147,49.75590017502978,49.17767335203698,49.3823127746582,98444800,0.1825,0.0,APPLE,AAPL
2018-08-13 00:00:00-04:00,49.80586398285844,50.1961061475211,49.42276010656585,49.70116424560547,103563600,0.0,0.0,APPLE,AAPL
2018-08-14 00:00:00-04:00,50.008133517171416,50.103313131907264,49.556021270002226,49.91057205200195,82992000,0.0,0.0,APPLE,AAPL
2018-08-15 00:00:00-04:00,49.784447953020354,50.146136955740864,49.572670264302,50.02716064453125,115230400,0.0,0.0,APPLE,AAPL
2018-08-16 00:00:00-04:00,50.386483325631936,50.876665297943276,50.31985686129078,50.76007080078125,114001600,0.0,0.0,APPLE,AAPL
2018-08-17 00:00:00-04:00,50.7886150193665,51.86178018113147,50.721988566757155,51.773738861083984,141708000,0.0,0.0,APPLE,AAPL
2018-08-20 00:00:00-04:00,51.8974704682464,52.15445611552627,51.185990791772994,51.2692756652832,121150800,0.0,0.0,APPLE,AAPL
2018-08-21 00:00:00-04:00,51.588141076100044,51.68094247485267,50.92901114446901,51.169342041015625,104639200,0.0,0.0,APPLE,AAPL
2018-08-22 00:00:00-04:00,50.94565291039014,51.48342447714565,50.88378291087954,51.17170715332031,76072400,0.0,0.0,APPLE,AAPL
2018-08-23 00:00:00-04:00,51.07652619764825,51.64761463920225,51.06463147186334,51.27640914916992,75532800,0.0,0.0,APPLE,AAPL
2018-08-24 00:00:00-04:00,51.540544165732484,51.61192705426895,51.18599341890146,51.43584442138672,73905600,0.0,0.0,APPLE,AAPL
2018-08-27 00:00:00-04:00,51.67141707398821,52.04976455118721,51.47629778685447,51.85940170288086,82100400,0.0,0.0,APPLE,AAPL
2018-08-28 00:00:00-04:00,52.1140103272103,52.478077603520866,52.0925954593966,52.2781982421875,91107200,0.0,0.0,APPLE,AAPL
2018-08-29 00:00:00-04:00,52.38527504512028,53.18003966468337,52.20919240585995,53.05868148803711,109019200,0.0,0.0,APPLE,AAPL
2018-08-30 00:00:00-04:00,53.12292667905334,54.31506809383097,52.92066548347078,53.54648208618164,195175200,0.0,0.0,APPLE,AAPL
2018-08-31 00:00:00-04:00,53.89865550035264,54.460223921008456,53.777300951336514,54.165164947509766,173360400,0.0,0.0,APPLE,AAPL
2018-09-04 00:00:00-04:00,54.3507731772145,54.53399412883681,53.9272176920861,54.33887481689453,109560400,0.0,0.0,APPLE,AAPL
2018-09-05 00:00:00-04:00,54.48877987808131,54.65058594096844,53.56314419362454,53.984317779541016,133332000,0.0,0.0,APPLE,AAPL
2018-09-06 00:00:00-04:00,53.83203151453307,54.09854097390993,52.65892659431418,53.087242126464844,137160000,0.0,0.0,APPLE,AAPL
2018-09-07 00:00:00-04:00,52.78980261543578,53.62739342061042,52.51853671006917,52.65892791748047,150479200,0.0,0.0,APPLE,AAPL
2018-09-10 00:00:00-04:00,52.57564047685437,52.789800053351755,51.50961355690781,51.952205657958984,158066000,0.0,0.0,APPLE,AAPL
2018-09-11 00:00:00-04:00,51.876062511296325,53.37278690327242,51.53103185112702,53.265708923339844,142996000,0.0,0.0,APPLE,AAPL
2018-09-12 00:00:00-04:00,53.52506636311089,53.539342940289245,52.31150647078337,52.604190826416016,197114800,0.0,0.0,APPLE,AAPL
2018-09-13 00:00:00-04:00,53.18717586210441,54.33648756527282,52.96112157707931,53.87485885620117,166825600,0.0,0.0,APPLE,AAPL
2018-09-14 00:00:00-04:00,53.717819055531116,53.97718661278471,52.949232893661424,53.263328552246094,127997200,0.0,0.0,APPLE,AAPL
2018-09-17 00:00:00-04:00,52.86116290990709,53.05152569545413,51.699956816719606,51.84510803222656,148780400,0.0,0.0,APPLE,AAPL
2018-09-18 00:00:00-04:00,51.82370834556265,52.78979919736255,51.664280498692456,51.930789947509766,126286800,0.0,0.0,APPLE,AAPL
2018-09-19 00:00:00-04:00,51.9926507026436,52.259156491735574,51.23120299747435,51.96171569824219,108495200,0.0,0.0,APPLE,AAPL
2018-09-20 00:00:00-04:00,52.406691623527344,52.89211341972207,52.14732048209757,52.356719970703125,106435200,0.0,0.0,APPLE,AAPL
2018-09-21 00:00:00-04:00,52.53518529982462,52.6731982712766,51.70472925174725,51.79277420043945,384986800,0.0,0.0,APPLE,AAPL
2018-09-24 00:00:00-04:00,51.59290214816818,52.649409004149184,51.54769055774181,52.53757095336914,110773600,0.0,0.0,APPLE,AAPL
2018-09-25 00:00:00-04:00,52.29008823317935,53.02060451923125,52.27818987600827,52.87069320678711,98217600,0.0,0.0,APPLE,AAPL
2018-09-26 00:00:00-04:00,52.58753690177076,53.241906704847096,52.29247430163428,52.44952392578125,95938800,0.0,0.0,APPLE,AAPL
2018-09-27 00:00:00-04:00,53.2585703181363,53.882005174787764,53.19194022766426,53.5274543762207,120724800,0.0,0.0,APPLE,AAPL
2018-09-28 00:00:00-04:00,53.48937709531772,53.73922811566638,53.30615616048224,53.71543502807617,91717600,0.0,0.0,APPLE,AAPL
2018-10-01 00:00:00-04:00,54.24131348188339,54.59110421712526,53.86059136677556,54.077125549316406,94403200,0.0,0.0,APPLE,AAPL
2018-10-02 00:00:00-04:00,54.074741429808704,54.72911123809022,53.92721194400163,54.55778503417969,99152800,0.0,0.0,APPLE,AAPL
2018-10-03 00:00:00-04:00,54.74100291715489,55.55480047098835,54.67675469081123,55.2216682434082,114619200,0.0,0.0,APPLE,AAPL
2018-10-04 00:00:00-04:00,54.91471410735777,55.28830152313024,53.95100511655437,54.25082778930664,128168000,0.0,0.0,APPLE,AAPL
2018-10-05 00:00:00-04:00,54.2436889154664,54.350766884208504,52.48759715696606,53.370399475097656,134322000,0.0,0.0,APPLE,AAPL
2018-10-08 00:00:00-04:00,52.87546039840959,53.49175689567986,52.39717324413406,53.246665954589844,118655600,0.0,0.0,APPLE,AAPL
2018-10-09 00:00:00-04:00,53.215731719088375,54.07950102024172,52.88497767325085,53.984317779541016,107564000,0.0,0.0,APPLE,AAPL
2018-10-10 00:00:00-04:00,53.64881117260675,53.860588906027914,51.40967565158845,51.48344039916992,167962400,0.0,0.0,APPLE,AAPL
2018-10-11 00:00:00-04:00,51.04560435144843,52.23060755169542,50.522109238835384,51.02894592285156,212497600,0.0,0.0,APPLE,AAPL
2018-10-12 00:00:00-04:00,52.44952870586217,53.03489388972673,51.59765768524352,52.85166931152344,161351600,0.0,0.0,APPLE,AAPL
2018-10-15 00:00:00-04:00,52.62560283224997,52.78503065352601,51.69996727650953,51.72138214111328,123164000,0.0,0.0,APPLE,AAPL
2018-10-16 00:00:00-04:00,52.09497153403853,53.06106233577995,51.57861472308511,52.86117935180664,116736000,0.0,0.0,APPLE,AAPL
2018-10-17 00:00:00-04:00,52.896890574329845,52.97779362801485,52.19254892298826,52.63276290893555,91541600,0.0,0.0,APPLE,AAPL
2018-10-18 00:00:00-04:00,51.840370353809476,52.28772254842495,50.6839201984137,51.40253829956055,130325200,0.0,0.0,APPLE,AAPL
2018-10-19 00:00:00-04:00,51.88796106509812,52.64940891852299,51.73804971411127,52.185401916503906,132314800,0.0,0.0,APPLE,AAPL
2018-10-22 00:00:00-04:00,52.299613953015275,53.149106698679134,52.09735636895446,52.50425338745117,115168400,0.0,0.0,APPLE,AAPL
2018-10-23 00:00:00-04:00,51.3573157994205,53.12292385187253,51.08842816966958,52.99918746948242,155071200,0.0,0.0,APPLE,AAPL
2018-10-24 00:00:00-04:00,52.96825515417708,53.35611545937305,51.05035396931127,51.18122863769531,163702000,0.0,0.0,APPLE,AAPL
2018-10-25 00:00:00-04:00,51.80468170276704,52.677967638777446,51.57624552293737,52.302001953125,119423200,0.0,0.0,APPLE,AAPL
2018-10-26 00:00:00-04:00,51.373978743112836,52.394797705712065,50.60539265446988,51.46916198730469,189033600,0.0,0.0,APPLE,AAPL
2018-10-29 00:00:00-04:00,52.15684887199294,52.275825212818376,49.039667290018656,50.50307846069336,183742000,0.0,0.0,APPLE,AAPL
2018-10-30 00:00:00-04:00,50.243709590973324,51.20265865169759,49.79636099786948,50.75531005859375,146640000,0.0,0.0,APPLE,AAPL
2018-10-31 00:00:00-04:00,51.6071667368899,52.45665572445034,51.54529673031608,52.078311920166016,153435600,0.0,0.0,APPLE,AAPL
2018-11-01 00:00:00-04:00,52.123524910241954,52.91114754340593,51.590509705971776,52.87783432006836,233292800,0.0,0.0,APPLE,AAPL
2018-11-02 00:00:00-04:00,49.86297460873481,50.83857821841909,48.88260729891281,49.37041091918945,365314800,0.0,0.0,APPLE,AAPL
2018-11-05 00:00:00-05:00,48.61373305753439,48.63514792724079,47.155081973036204,47.96887969970703,264654800,0.0,0.0,APPLE,AAPL
2018-11-06 00:00:00-05:00,48.04740737262899,48.71367563972677,47.99267926983955,48.48762130737305,127531600,0.0,0.0,APPLE,AAPL
2018-11-07 00:00:00-05:00,49.01110608482669,49.98433152161308,48.573274093868854,49.95815658569336,133697600,0.0,0.0,APPLE,AAPL
2018-11-08 00:00:00-05:00,50.13963967957792,50.17306914474202,49.36837181958841,49.78385543823242,101450400,0.1825,0.0,APPLE,AAPL
2018-11-09 00:00:00-05:00,49.08183391824907,49.191672029982264,48.29384948958765,48.82394790649414,137463200,0.0,0.0,APPLE,AAPL
2018-11-12 00:00:00-05:00,47.517793184742786,47.72076009043436,46.27373277509121,46.364471435546875,204542000,0.0,0.0,APPLE,AAPL
2018-11-13 00:00:00-05:00,45.75796992879385,47.083212156341354,45.71498711061749,45.90123748779297,187531600,0.0,0.0,APPLE,AAPL
2018-11-14 00:00:00-05:00,46.300005075355834,46.43849960122923,44.39690497950876,44.60464859008789,243204000,0.0,0.0,APPLE,AAPL
2018-11-15 00:00:00-05:00,44.98430755896231,45.83915072447835,44.628519748642276,45.7054328918457,185915200,0.0,0.0,APPLE,AAPL
2018-11-16 00:00:00-05:00,45.48814276259696,46.55550262441494,45.23981014804708,46.21165466308594,147713200,0.0,0.0,APPLE,AAPL
2018-11-19 00:00:00-05:00,45.368749005071294,45.53589629901401,44.172448040348,44.38018798828125,167701200,0.0,0.0,APPLE,AAPL
2018-11-20 00:00:00-05:00,42.59171191338846,43.331940486046875,41.90879255810015,42.259803771972656,271300800,0.0,0.0,APPLE,AAPL
2018-11-21 00:00:00-05:00,42.91644488171374,43.0453896739282,42.1571170920369,42.2120361328125,124496800,0.0,0.0,APPLE,AAPL
2018-11-23 00:00:00-05:00,41.77269251013745,42.16907310677213,41.09454976349861,41.139915466308594,94496000,0.0,0.0,APPLE,AAPL
2018-11-26 00:00:00-05:00,41.60553496210182,41.77506878542465,40.65517637038494,41.69626998901367,179994000,0.0,0.0,APPLE,AAPL
2018-11-27 00:00:00-05:00,40.95366117261874,41.73209589733977,40.803230396390745,41.60554122924805,165549600,0.0,0.0,APPLE,AAPL
2018-11-28 00:00:00-05:00,42.20010557713141,43.28895513892728,41.770295580754535,43.20538330078125,184250000,0.0,0.0,APPLE,AAPL
2018-11-29 00:00:00-05:00,43.616089149878,43.649518613019424,42.43172426058231,42.87347412109375,167080000,0.0,0.0,APPLE,AAPL
2018-11-30 00:00:00-05:00,43.05016622493702,43.05971958104909,42.271735304542375,42.641849517822266,158126000,0.0,0.0,APPLE,AAPL
2018-12-03 00:00:00-05:00,44.045885411222194,44.16050015720264,43.26984116110719,44.1318473815918,163210000,0.0,0.0,APPLE,AAPL
2018-12-04 00:00:00-05:00,43.20777733398304,43.55162539089387,42.09027479256179,42.1905632019043,165377200,0.0,0.0,APPLE,AAPL
2018-12-06 00:00:00-05:00,41.01335098277762,41.734476385416116,40.69338276037902,41.720149993896484,172393600,0.0,0.0,APPLE,AAPL
2018-12-07 00:00:00-05:00,41.42645094005721,41.66523386488506,40.187166977234554,40.23253631591797,169126400,0.0,0.0,APPLE,AAPL
2018-12-10 00:00:00-05:00,39.39918610197873,40.61459042303899,39.000419019262125,40.497589111328125,248104000,0.0,0.0,APPLE,AAPL
2018-12-11 00:00:00-05:00,40.98946868947154,41.02050798523174,39.876739631298875,40.26595687866211,189126800,0.0,0.0,APPLE,AAPL
2018-12-12 00:00:00-05:00,40.68861162428417,41.051562714217816,40.35909364383435,40.378196716308594,142510800,0.0,0.0,APPLE,AAPL
2018-12-13 00:00:00-05:00,40.71010436339601,41.20677331107627,40.485647818973945,40.819942474365234,127594400,0.0,0.0,APPLE,AAPL
2018-12-14 00:00:00-05:00,40.354322475354074,40.37342555043691,39.46604952346671,39.5138053894043,162814800,0.0,0.0,APPLE,AAPL
2018-12-17 00:00:00-05:00,39.50664098396608,40.19911377127863,38.857151025160675,39.146080017089844,177151600,0.0,0.0,APPLE,AAPL
2018-12-18 00:00:00-05:00,39.489917559128344,40.00329934179886,39.2535211741129,39.65467834472656,135366000,0.0,0.0,APPLE,AAPL
2018-12-19 00:00:00-05:00,39.63796263251621,39.98419711957457,37.98797186776174,38.417781829833984,196189200,0.0,0.0,APPLE,AAPL
2018-12-20 00:00:00-05:00,38.30077144504639,38.70909176181391,37.0829809765395,37.44831848144531,259092000,0.0,0.0,APPLE,AAPL
2018-12-21 00:00:00-05:00,37.4554932573188,37.76591181750077,35.72909356861822,35.99175262451172,382978400,0.0,0.0,APPLE,AAPL
2018-12-24 00:00:00-05:00,35.3756888500166,36.187552980420826,35.0031880703125,35.06049728393555,148676800,0.0,0.0,APPLE,AAPL
2018-12-26 00:00:00-05:00,35.411503598091954,37.543833073897815,35.034226191658874,37.52950668334961,234330000,0.0,0.0,APPLE,AAPL
2018-12-27 00:00:00-05:00,37.21192758835802,37.433997587915734,35.83415282958017,37.28594970703125,212468400,0.0,0.0,APPLE,AAPL
2018-12-28 00:00:00-05:00,37.608305186826165,37.85186475489333,36.90389638981221,37.305049896240234,169165600,0.0,0.0,APPLE,AAPL
2018-12-31 00:00:00-05:00,37.85425196524382,38.052442204859595,37.364746302919336,37.66561508178711,140014000,0.0,0.0,APPLE,AAPL
2019-01-02 00:00:00-05:00,36.98508711908281,37.93066910553558,36.827489514084306,37.70859909057617,148158800,0.0,0.0,APPLE,AAPL
2019-01-03 00:00:00-05:00,34.37995727917837,34.79544079283063,33.90716820746201,33.952537536621094,365248800,0.0,0.0,APPLE,AAPL
2019-01-04 00:00:00-05:00,34.511295373347224,35.471203738536325,34.33698486073971,35.401954650878906,234428400,0.0,0.0,APPLE,AAPL
2019-01-07 00:00:00-05:00,35.507029815690444,35.53807277026304,34.83843671627435,35.32316589355469,219111200,0.0,0.0,APPLE,AAPL
2019-01-08 00:00:00-05:00,35.71236498684933,36.25201659785061,35.46403240845585,35.996517181396484,164101200,0.0,0.0,APPLE,AAPL
2019-01-09 00:00:00-05:00,36.1254684279678,36.89912644465085,35.7290915272066,36.607810974121094,180396400,0.0,0.0,APPLE,AAPL
2019-01-10 00:00:00-05:00,36.414396830894425,36.765408029534306,36.02279297137257,36.724815368652344,143122800,0.0,0.0,APPLE,AAPL
2019-01-11 00:00:00-05:00,36.50512721952644,36.70092728304985,36.17799220206336,36.36424255371094,108092800,0.0,0.0,APPLE,AAPL
2019-01-14 00:00:00-05:00,36.02041082020849,36.12069922575727,35.63119343113154,35.81744384765625,129756800,0.0,0.0,APPLE,AAPL
2019-01-15 00:00:00-05:00,35.881909882200276,36.62691141573882,35.82937734908788,36.55050277709961,114843600,0.0,0.0,APPLE,AAPL
2019-01-16 00:00:00-05:00,36.552891948161815,37.2214848915979,36.53378887623068,36.99702835083008,122278800,0.0,0.0,APPLE,AAPL
2019-01-17 00:00:00-05:00,36.82033235657804,37.646523015993836,36.59587578722941,37.216712951660156,119284800,0.0,0.0,APPLE,AAPL
2019-01-18 00:00:00-05:00,37.608308742053886,37.699047414792304,37.24535769463832,37.44593811035156,135004000,0.0,0.0,APPLE,AAPL
2019-01-22 00:00:00-05:00,37.34803801292762,37.424446653958796,36.443048690691874,36.60542297363281,121576000,0.0,0.0,APPLE,AAPL
2019-01-23 00:00:00-05:00,36.80839043304165,37.0447868661658,36.22337293189781,36.75347137451172,92522400,0.0,0.0,APPLE,AAPL
2019-01-24 00:00:00-05:00,36.79882381024517,36.887172295574544,36.23290964242272,36.46213912963867,101766000,0.0,0.0,APPLE,AAPL
2019-01-25 00:00:00-05:00,37.12596633203503,37.75874323827236,36.84898092175312,37.67039108276367,134142000,0.0,0.0,APPLE,AAPL
2019-01-28 00:00:00-05:00,37.19998049339334,37.328925279342876,36.69137547458913,37.32176208496094,104768400,0.0,0.0,APPLE,AAPL
2019-01-29 00:00:00-05:00,37.3098389784838,37.75875212700539,36.79884356957605,36.9349479675293,166348800,0.0,0.0,APPLE,AAPL
2019-01-30 00:00:00-05:00,38.9813117230714,39.6737807342436,38.260186283868904,39.45887756347656,244439200,0.0,0.0,APPLE,AAPL
2019-01-31 00:00:00-05:00,39.664224131495935,40.354306505282636,39.29410994075772,39.74302291870117,162958400,0.0,0.0,APPLE,AAPL
2019-02-01 00:00:00-05:00,39.86719197468865,40.349530777734046,39.62124225175069,39.76212692260742,130672400,0.0,0.0,APPLE,AAPL
2019-02-04 00:00:00-05:00,39.974649325537285,40.989476730812505,39.94360638014959,40.89157485961914,125982000,0.0,0.0,APPLE,AAPL
2019-02-05 00:00:00-05:00,41.27601783553029,41.80611623687875,41.1542398516945,41.591209411621094,144406400,0.0,0.0,APPLE,AAPL
2019-02-06 00:00:00-05:00,41.70343946662228,41.923122980122656,41.27363308478396,41.60554122924805,112958400,0.0,0.0,APPLE,AAPL
2019-02-07 00:00:00-05:00,41.16618705173614,41.533914905947036,40.67429466295735,40.81756591796875,126966800,0.0,0.0,APPLE,AAPL
2019-02-08 00:00:00-05:00,40.52498733783649,40.9254645995137,40.38829558775916,40.86551284790039,95280000,0.1825,0.0,APPLE,AAPL
2019-02-11 00:00:00-05:00,41.01899064597376,41.057360646571766,40.58733728715776,40.63050079345703,83973600,0.0,0.0,APPLE,AAPL
2019-02-12 00:00:00-05:00,40.791175402879134,41.007000256351944,40.695250399763104,40.980621337890625,89134000,0.0,0.0,APPLE,AAPL
2019-02-13 00:00:00-05:00,41.10052039709488,41.361909141349344,40.74800382453859,40.81035232543945,89960800,0.0,0.0,APPLE,AAPL
2019-02-14 00:00:00-05:00,40.6976414390086,41.069339305590134,40.618504701850114,40.95903015136719,87342800,0.0,0.0,APPLE,AAPL
2019-02-15 00:00:00-05:00,41.066956393322556,41.17486883157417,40.70724582637374,40.867916107177734,98507200,0.0,0.0,APPLE,AAPL
2019-02-19 00:00:00-05:00,40.69764650626932,41.11251158075752,40.644888674928126,40.99020767211914,75891200,0.0,0.0,APPLE,AAPL
2019-02-20 00:00:00-05:00,41.0525570054224,41.56334703770491,41.004596341823294,41.25399398803711,104457600,0.0,0.0,APPLE,AAPL
2019-02-21 00:00:00-05:00,41.198839860520806,41.33552793623831,40.83912939082912,41.02138137817383,68998800,0.0,0.0,APPLE,AAPL
2019-02-22 00:00:00-05:00,41.14608053543551,41.48660599525643,41.09811987305414,41.47941207885742,75652800,0.0,0.0,APPLE,AAPL
2019-02-25 00:00:00-05:00,41.7647934745295,42.17486144916681,41.71443238789365,41.781578063964844,87493600,0.0,0.0,APPLE,AAPL
2019-02-26 00:00:00-05:00,41.65687427188089,42.0381665117077,41.52737644681543,41.8055534362793,68280800,0.0,0.0,APPLE,AAPL
2019-02-27 00:00:00-05:00,41.53697410590513,41.96622704680863,41.42186410569251,41.93505096435547,111341600,0.0,0.0,APPLE,AAPL
2019-02-28 00:00:00-05:00,41.803156593765635,41.944641840818875,41.46742460953189,41.522579193115234,112861600,0.0,0.0,APPLE,AAPL
2019-03-01 00:00:00-05:00,41.793570338881416,42.002201291253094,41.460238702037415,41.95903778076172,103544800,0.0,0.0,APPLE,AAPL
2019-03-04 00:00:00-05:00,42.131693020048765,42.62569486167129,41.71922468139676,42.17006301879883,109744800,0.0,0.0,APPLE,AAPL
2019-03-05 00:00:00-05:00,42.19164450289204,42.2060323375408,41.85591250470838,42.09332275390625,78949600,0.0,0.0,APPLE,AAPL
2019-03-06 00:00:00-05:00,41.887085764619115,42.08372924934592,41.71202768957603,41.85111618041992,83241600,0.0,0.0,APPLE,AAPL
2019-03-07 00:00:00-05:00,41.69524126203488,41.83193300627982,41.25160051452441,41.36670684814453,99185600,0.0,0.0,APPLE,AAPL
2019-03-08 00:00:00-05:00,40.84393139706603,41.503400669681305,40.647287893923576,41.465030670166016,95997600,0.0,0.0,APPLE,AAPL
2019-03-11 00:00:00-04:00,42.08371988176145,42.95421655809242,42.05014705759391,42.901458740234375,128044000,0.0,0.0,APPLE,AAPL
2019-03-12 00:00:00-04:00,43.16525484985895,43.805539024365515,43.01417528695197,43.383480072021484,129870400,0.0,0.0,APPLE,AAPL
2019-03-13 00:00:00-04:00,43.704834466790956,43.95663259884418,43.385890654078885,43.575340270996094,124130000,0.0,0.0,APPLE,AAPL
2019-03-14 00:00:00-04:00,44.100508727449785,44.14847305792575,43.779168204582994,44.05974197387695,94318000,0.0,0.0,APPLE,AAPL
2019-03-15 00:00:00-04:00,44.32831751929467,44.923037748815695,44.06213165033278,44.632869720458984,156171600,0.0,0.0,APPLE,AAPL
2019-03-18 00:00:00-04:00,44.55613682704856,45.177236016053754,44.553736415426016,45.08850860595703,104879200,0.0,0.0,APPLE,AAPL
2019-03-19 00:00:00-04:00,45.16765168539396,45.321128025047585,44.58491874977041,44.731201171875,126585600,0.0,0.0,APPLE,AAPL
2019-03-20 00:00:00-04:00,44.659263714040264,45.44103700069381,44.29955315662251,45.122093200683594,124140800,0.0,0.0,APPLE,AAPL
2019-03-21 00:00:00-04:00,45.568131113077904,47.08131282872989,45.517770028681724,46.78395080566406,204136800,0.0,0.0,APPLE,AAPL
2019-03-22 00:00:00-04:00,46.84389485152013,47.4074427212718,45.750375602198226,45.81512451171875,169630800,0.0,0.0,APPLE,AAPL
2019-03-25 00:00:00-04:00,45.925435985361915,46.03814556498478,44.74798642881928,45.261173248291016,175381200,0.0,0.0,APPLE,AAPL
2019-03-26 00:00:00-04:00,45.961422921991996,46.25398783380812,44.2635884639521,44.79356002807617,199202000,0.0,0.0,APPLE,AAPL
2019-03-27 00:00:00-04:00,45.26357588043463,45.505779657912726,44.736001158296965,45.19643020629883,119393600,0.0,0.0,APPLE,AAPL
2019-03-28 00:00:00-04:00,45.311532760287136,45.45781517937239,44.97100725305817,45.256378173828125,83121600,0.0,0.0,APPLE,AAPL
2019-03-29 00:00:00-04:00,45.522554902614836,45.582506641622786,45.21320188020212,45.55133056640625,94256000,0.0,0.0,APPLE,AAPL
2019-04-01 00:00:00-04:00,45.95660475960049,45.96619542777883,45.17483540275284,45.86068344116211,111448000,0.0,0.0,APPLE,AAPL
2019-04-02 00:00:00-04:00,45.82471878088041,46.632870859625065,45.81512811090667,46.5273551940918,91062800,0.0,0.0,APPLE,AAPL
2019-04-03 00:00:00-04:00,46.34270583527788,47.12207863716483,46.31872367001549,46.8463020324707,93087200,0.0,0.0,APPLE,AAPL
2019-04-04 00:00:00-04:00,46.71200125922669,47.090896736744334,46.31632119543061,46.92782974243164,76457200,0.0,0.0,APPLE,AAPL
2019-04-05 00:00:00-04:00,47.11008311347028,47.26595985465198,46.985382452357776,47.24197769165039,74106400,0.0,0.0,APPLE,AAPL
2019-04-08 00:00:00-04:00,47.10289416339163,48.0165583189674,47.08370916280017,47.98538589477539,103526800,0.0,0.0,APPLE,AAPL
2019-04-09 00:00:00-04:00,48.03813517588497,48.64484653226975,47.77674279115011,47.84149169921875,143072800,0.0,0.0,APPLE,AAPL
2019-04-10 00:00:00-04:00,47.644858316348994,48.13886386513232,47.52495480297888,48.110084533691406,86781200,0.0,0.0,APPLE,AAPL
2019-04-11 00:00:00-04:00,48.16524940902165,48.201219004313955,47.587313516889644,47.70961380004883,83603200,0.0,0.0,APPLE,AAPL
2019-04-12 00:00:00-04:00,47.76955499470552,47.99497416643162,47.05253438665943,47.6904182434082,111042800,0.0,0.0,APPLE,AAPL
2019-04-15 00:00:00-04:00,47.62086796289218,47.92542383565637,47.48417623525489,47.77674102783203,70146400,0.0,0.0,APPLE,AAPL
2019-04-16 00:00:00-04:00,47.83190099193062,48.289929534636975,47.61607251826258,47.78153991699219,102785600,0.0,0.0,APPLE,AAPL
2019-04-17 00:00:00-04:00,47.85108805888203,48.771949736953545,47.628069301138005,48.711997985839844,115627200,0.0,0.0,APPLE,AAPL
2019-04-18 00:00:00-04:00,48.70960355038474,48.95660450254597,48.56572152555685,48.887062072753906,96783200,0.0,0.0,APPLE,AAPL
2019-04-22 00:00:00-04:00,48.640054507160215,49.14604742621135,48.52254775923759,49.047725677490234,77758000,0.0,0.0,APPLE,AAPL
2019-04-23 00:00:00-04:00,49.023760391962696,49.819921666694,48.896662930263474,49.75517272949219,93292000,0.0,0.0,APPLE,AAPL
2019-04-24 00:00:00-04:00,49.726381690627306,49.994964370628146,49.6520421030674,49.67842102050781,70162400,0.0,0.0,APPLE,AAPL
2019-04-25 00:00:00-04:00,49.599286452198484,49.82230522469842,49.18921483741621,49.22758483886719,74172800,0.0,0.0,APPLE,AAPL
2019-04-26 00:00:00-04:00,49.13645096875925,49.16043313151351,48.469787826830895,48.99256896972656,74596400,0.0,0.0,APPLE,AAPL
2019-04-29 00:00:00-04:00,49.01655633221347,49.39305513234812,48.88706214376378,49.066917419433594,88818800,0.0,0.0,APPLE,AAPL
2019-04-30 00:00:00-04:00,48.69520117660571,48.77673466558409,47.747964407403394,48.12206268310547,186139600,0.0,0.0,APPLE,AAPL
2019-05-01 00:00:00-04:00,50.330696480855615,51.63284679007926,50.17481972869853,50.48417282104492,259309200,0.0,0.0,APPLE,AAPL
2019-05-02 00:00:00-04:00,50.321103259919994,50.99496038808363,49.911035312501575,50.155635833740234,127985200,0.0,0.0,APPLE,AAPL
2019-05-03 00:00:00-04:00,50.57289867424252,50.800714595070154,50.41462517419468,50.77913284301758,83569600,0.0,0.0,APPLE,AAPL
2019-05-06 00:00:00-04:00,48.990176376667975,50.08129909117014,48.800730433665656,49.99496841430664,129772400,0.0,0.0,APPLE,AAPL
2019-05-07 00:00:00-04:00,49.37147320931098,49.74077443072926,48.160446958759266,48.647254943847656,155054800,0.0,0.0,APPLE,AAPL
2019-05-08 00:00:00-04:00,48.41702667424918,49.2419632517631,48.38105709174992,48.65683364868164,105358000,0.0,0.0,APPLE,AAPL
2019-05-09 00:00:00-04:00,48.05733133772808,48.364284068876024,47.16045531294103,48.134071350097656,139634400,0.0,0.0,APPLE,AAPL
2019-05-10 00:00:00-04:00,47.52502366233937,47.86927025112532,46.40562809952999,47.467247009277344,164834800,0.1925,0.0,APPLE,AAPL
2019-05-13 00:00:00-04:00,45.18752827063894,45.613618653321296,44.017577777214555,44.708473205566406,229722400,0.0,0.0,APPLE,AAPL
2019-05-14 00:00:00-04:00,44.874570400302694,45.66657207636457,44.63383991632264,45.41621398925781,146118800,0.0,0.0,APPLE,AAPL
2019-05-15 00:00:00-04:00,44.84086704811829,46.16006903559129,44.78068442877593,45.960262298583984,106178800,0.0,0.0,APPLE,AAPL
2019-05-16 00:00:00-04:00,45.71712908266186,46.33339856073402,45.4595456904371,45.758052825927734,132125600,0.0,0.0,APPLE,AAPL
2019-05-17 00:00:00-04:00,44.99975203445906,45.955452443745415,44.95882828894691,45.49806594848633,131516400,0.0,0.0,APPLE,AAPL
2019-05-20 00:00:00-04:00,44.17886392909346,44.378670691851724,43.398895759522695,44.075347900390625,154449200,0.0,0.0,APPLE,AAPL
2019-05-21 00:00:00-04:00,44.58810550844108,45.2573360346677,44.46292461430158,44.92031478881836,113459200,0.0,0.0,APPLE,AAPL
2019-05-22 00:00:00-04:00,44.453291644245326,44.70605938474936,43.94535018079164,44.00071716308594,118994400,0.0,0.0,APPLE,AAPL
2019-05-23 00:00:00-04:00,43.28333590533527,43.46147408852485,42.80428098457819,43.2496337890625,146118800,0.0,0.0,APPLE,AAPL
2019-05-24 00:00:00-04:00,43.379635543121694,43.84665330275651,42.99928091077226,43.08353805541992,94858800,0.0,0.0,APPLE,AAPL
2019-05-28 00:00:00-04:00,43.07150396814584,43.473523493613335,42.82836746661339,42.905399322509766,111792800,0.0,0.0,APPLE,AAPL
2019-05-29 00:00:00-04:00,42.469679849823,43.17502221593888,42.36857346756617,42.700782775878906,113924800,0.0,0.0,APPLE,AAPL
2019-05-30 00:00:00-04:00,42.837999310534556,43.146134111126614,42.52986450994249,42.92225646972656,84873600,0.0,0.0,APPLE,AAPL
2019-05-31 00:00:00-04:00,42.4239437426403,42.847631860971816,42.12544021191401,42.14469909667969,108174400,0.0,0.0,APPLE,AAPL
2019-06-03 00:00:00-04:00,42.272274445071616,42.830767257665364,40.98918052500502,41.71859359741211,161584400,0.0,0.0,APPLE,AAPL
2019-06-04 00:00:00-04:00,42.23376362137621,43.290570472381134,42.01229198059513,43.24483108520508,123872000,0.0,0.0,APPLE,AAPL
2019-06-05 00:00:00-04:00,44.361819813753506,44.532740098731665,43.60592612989416,43.94294738769531,119093600,0.0,0.0,APPLE,AAPL
2019-06-06 00:00:00-04:00,44.07295242824768,44.64829833358975,43.84907109195605,44.58811569213867,90105200,0.0,0.0,APPLE,AAPL
2019-06-07 00:00:00-04:00,44.89864722693939,46.20100020037533,44.72050899594306,45.774906158447266,122737600,0.0,0.0,APPLE,AAPL
2019-06-10 00:00:00-04:00,46.17451123344307,47.03151112579802,46.128771856055224,46.3598747253418,104883600,0.0,0.0,APPLE,AAPL
2019-06-11 00:00:00-04:00,46.908750517806325,47.18318317095201,46.605431376936764,46.89671325683594,107731600,0.0,0.0,APPLE,AAPL
2019-06-12 00:00:00-04:00,46.689678955522886,47.17595558586052,46.554870465509886,46.74745559692383,73012800,0.0,0.0,APPLE,AAPL
2019-06-13 00:00:00-04:00,46.870229816895666,47.37335570394663,46.605428458411204,46.73782730102539,86698400,0.0,0.0,APPLE,AAPL
2019-06-14 00:00:00-04:00,46.11192946128812,46.60301808051534,45.81101632681516,46.398399353027344,75046000,0.0,0.0,APPLE,AAPL
2019-06-17 00:00:00-04:00,46.436911234747264,46.932819142316106,46.26117900108184,46.675235748291016,58676400,0.0,0.0,APPLE,AAPL
2019-06-18 00:00:00-04:00,47.19521277723059,48.21590769265927,46.99300004944819,47.77296447753906,106204000,0.0,0.0,APPLE,AAPL
2019-06-19 00:00:00-04:00,48.06906050954018,48.11720954417102,47.49853044706979,47.633338928222656,84496800,0.0,0.0,APPLE,AAPL
2019-06-20 00:00:00-04:00,48.235171440464136,48.292948085628254,47.67186292482436,48.016109466552734,86056000,0.0,0.0,APPLE,AAPL
2019-06-21 00:00:00-04:00,47.85722118631068,48.35071941555891,47.70074416699722,47.8524055480957,191202400,0.0,0.0,APPLE,AAPL
2019-06-24 00:00:00-04:00,47.794636605319965,48.184622551904845,47.705567486906965,47.80426788330078,72881600,0.0,0.0,APPLE,AAPL
2019-06-25 00:00:00-04:00,47.76815571901128,47.9679624930692,47.0122620268344,47.07966995239258,84281200,0.0,0.0,APPLE,AAPL
2019-06-26 00:00:00-04:00,47.60927495970345,48.38442751153247,47.50816858423742,48.097957611083984,104270000,0.0,0.0,APPLE,AAPL
2019-06-27 00:00:00-04:00,48.215910188824644,48.52404860796482,48.042587608363675,48.08351135253906,83598800,0.0,0.0,APPLE,AAPL
2019-06-28 00:00:00-04:00,47.82833196271638,48.02573272756639,47.43594376205445,47.64537811279297,124442400,0.0,0.0,APPLE,AAPL
2019-07-01 00:00:00-04:00,48.90921978910782,49.22698584179914,48.30257784422385,48.51923751831055,109012000,0.0,0.0,APPLE,AAPL
2019-07-02 00:00:00-04:00,48.48553277322651,48.89958954319856,48.47349551310694,48.80329513549805,67740800,0.0,0.0,APPLE,AAPL
2019-07-03 00:00:00-04:00,48.93569127989315,49.214939515988235,48.79366117943733,49.20771789550781,45448000,0.0,0.0,APPLE,AAPL
2019-07-05 00:00:00-04:00,48.952546416721376,49.369009134258626,48.84421475804626,49.16438674926758,69062000,0.0,0.0,APPLE,AAPL
2019-07-08 00:00:00-04:00,48.34109253757755,48.48312265516908,47.76334078990513,48.150917053222656,101354400,0.0,0.0,APPLE,AAPL
2019-07-09 00:00:00-04:00,47.953518283672736,48.50960519059195,47.85963352891048,48.444610595703125,82312000,0.0,0.0,APPLE,AAPL
2019-07-10 00:00:00-04:00,48.591450885172904,49.04402170864626,48.521636986036214,48.92365646362305,71588400,0.0,0.0,APPLE,AAPL
2019-07-11 00:00:00-04:00,48.9429179948975,49.20290737902218,48.55775139391188,48.567378997802734,80767200,0.0,0.0,APPLE,AAPL
2019-07-12 00:00:00-04:00,48.73587601223828,49.10900892252611,48.675693403264596,48.94049835205078,70380800,0.0,0.0,APPLE,AAPL
2019-07-15 00:00:00-04:00,49.130686048319255,49.55918603734978,49.109021185260104,49.400306701660156,67789600,0.0,0.0,APPLE,AAPL
2019-07-16 00:00:00-04:00,49.25105023857042,49.61696161315287,48.98865488514049,49.22938537597656,67467200,0.0,0.0,APPLE,AAPL
2019-07-17 00:00:00-04:00,49.12106725287713,49.37142539738406,48.933297726182815,48.95255661010742,56430000,0.0,0.0,APPLE,AAPL
2019-07-18 00:00:00-04:00,49.10902673916137,49.561601298278,49.03680684754076,49.50864028930664,74162400,0.0,0.0,APPLE,AAPL
2019-07-19 00:00:00-04:00,49.53992916901317,49.710849444352306,48.71422529733766,48.76959228515625,83717200,0.0,0.0,APPLE,AAPL
2019-07-22 00:00:00-04:00,49.02476095248743,49.88657651466287,49.01513334948656,49.88417053222656,89111600,0.0,0.0,APPLE,AAPL
2019-07-23 00:00:00-04:00,50.182690997945066,50.29101900848117,49.90103302799195,50.274166107177734,73420800,0.0,0.0,APPLE,AAPL
2019-07-24 00:00:00-04:00,49.99250389875423,50.3487840202523,49.87213864537256,50.23323440551758,59966400,0.0,0.0,APPLE,AAPL
2019-07-25 00:00:00-04:00,50.28619006236254,50.37044720007043,49.76621134147786,49.83602523803711,55638400,0.0,0.0,APPLE,AAPL
2019-07-26 00:00:00-04:00,49.946761359007695,50.48840496500306,49.8649138734609,50.00935363769531,70475600,0.0,0.0,APPLE,AAPL
2019-07-29 00:00:00-04:00,50.18268771372023,50.707478504008776,50.177872074626315,50.476375579833984,86693600,0.0,0.0,APPLE,AAPL
2019-07-30 00:00:00-04:00,50.25490420951249,50.59192915606375,49.905845675045,50.25971984863281,135742800,0.0,0.0,APPLE,AAPL
2019-07-31 00:00:00-04:00,52.098895192856226,53.29051045204365,50.866356188812546,51.28522491455078,277125600,0.0,0.0,APPLE,AAPL
2019-08-01 00:00:00-04:00,51.49224923181286,52.486467309524926,49.768621752239014,50.175453186035156,216071600,0.0,0.0,APPLE,AAPL
2019-08-02 00:00:00-04:00,49.477339932553264,49.693995915709266,48.538492441202635,49.11383819580078,163448400,0.0,0.0,APPLE,AAPL
2019-08-05 00:00:00-04:00,47.66223038810071,47.821109717661685,46.35987757336316,46.54283142089844,209572000,0.0,0.0,APPLE,AAPL
2019-08-06 00:00:00-04:00,47.25780360185456,47.68149163035869,46.7113443414121,47.42390823364258,143299200,0.0,0.0,APPLE,AAPL
2019-08-07 00:00:00-04:00,47.04114788369767,48.04017798933406,46.658387270302555,47.91499710083008,133457600,0.0,0.0,APPLE,AAPL
2019-08-08 00:00:00-04:00,48.19424705870114,48.99588009265801,47.99925593457088,48.971805572509766,108038000,0.0,0.0,APPLE,AAPL
2019-08-09 00:00:00-04:00,48.64316959967465,48.99596945504862,48.15746048668889,48.568260192871094,98478800,0.1925,0.0,APPLE,AAPL
2019-08-12 00:00:00-04:00,48.237207589603166,48.82440726925168,48.12363406488129,48.44502258300781,89927600,0.0,0.0,APPLE,AAPL
2019-08-13 00:00:00-04:00,48.57550402627305,51.26259663450397,48.44501359402472,50.49658203125,188874000,0.0,0.0,APPLE,AAPL
2019-08-14 00:00:00-04:00,49.09263237843947,49.88522822098317,48.95489286516682,48.99355697631836,146189600,0.0,0.0,APPLE,AAPL
2019-08-15 00:00:00-04:00,49.16512643486265,49.57108853841545,48.249289203212776,48.74949645996094,108909600,0.0,0.0,APPLE,AAPL
2019-08-16 00:00:00-04:00,49.36327430322545,50.059213562450225,49.25694984004249,49.89972686767578,110481600,0.0,0.0,APPLE,AAPL
2019-08-19 00:00:00-04:00,50.895289128792065,51.40516043073574,50.7527194065529,50.830047607421875,97654400,0.0,0.0,APPLE,AAPL
2019-08-20 00:00:00-04:00,50.95813026493987,51.55499407869545,50.822809571284125,50.83247375488281,107537200,0.0,0.0,APPLE,AAPL
2019-08-21 00:00:00-04:00,51.468000126154266,51.6274831176059,51.132113526235486,51.3834228515625,86141600,0.0,0.0,APPLE,AAPL
2019-08-22 00:00:00-04:00,51.516319936160095,51.818376313958105,50.926705296744515,51.33992004394531,89014800,0.0,0.0,APPLE,AAPL
2019-08-23 00:00:00-04:00,50.607745216350146,51.24085805695881,48.57067824203147,48.966976165771484,187272000,0.0,0.0,APPLE,AAPL
2019-08-26 00:00:00-04:00,49.74506692214679,50.06645538953352,49.55175007948856,49.89730453491211,104174400,0.0,0.0,APPLE,AAPL
2019-08-27 00:00:00-04:00,50.22836448582464,50.395100240762076,49.18204047179656,49.33427810668945,103493200,0.0,0.0,APPLE,AAPL
2019-08-28 00:00:00-04:00,49.31977059744463,49.71123451297311,49.13128769832263,49.665321350097656,63755200,0.0,0.0,APPLE,AAPL
2019-08-29 00:00:00-04:00,50.38302219850531,50.58117302449596,49.9383959330995,50.50625991821289,83962000,0.0,0.0,APPLE,AAPL
2019-08-30 00:00:00-04:00,50.78414518918276,50.85422065973012,50.068873928721274,50.441009521484375,84573600,0.0,0.0,APPLE,AAPL
2019-09-03 00:00:00-04:00,49.882805563258536,50.01571113058626,49.348771857103884,49.70640563964844,80092000,0.0,0.0,APPLE,AAPL
2019-09-04 00:00:00-04:00,50.35643061744374,50.61982293532377,50.097872234787005,50.549747467041016,76752400,0.0,0.0,APPLE,AAPL
2019-09-05 00:00:00-04:00,51.22877280501446,51.7048140548305,51.11036535179507,51.53807830810547,95654800,0.0,0.0,APPLE,AAPL
2019-09-06 00:00:00-04:00,51.724146826399256,51.8135543549842,51.35201121810315,51.53324508666992,77449200,0.0,0.0,APPLE,AAPL
2019-09-09 00:00:00-04:00,51.91504512476774,52.30167885442614,51.00404552925092,51.753143310546875,109237600,0.0,0.0,APPLE,AAPL
2019-09-10 00:00:00-04:00,51.67823439398562,52.383837823210804,51.15869877156413,52.364505767822266,127111600,0.0,0.0,APPLE,AAPL
2019-09-11 00:00:00-04:00,52.695555729633305,54.05843412725929,52.613393582433865,54.02943420410156,177158400,0.0,0.0,APPLE,AAPL
2019-09-12 00:00:00-04:00,54.32183378115821,54.713297768202224,53.85304157152088,53.90861892700195,128906800,0.0,0.0,APPLE,AAPL
2019-09-13 00:00:00-04:00,53.16193115234375,53.352829191835596,52.441829662790525,52.8598747253418,159053200,0.0,0.0,APPLE,AAPL
2019-09-16 00:00:00-04:00,52.61339447394689,53.19334501317117,52.57231524325715,53.13776397705078,84632400,0.0,0.0,APPLE,AAPL
2019-09-17 00:00:00-04:00,53.15226254559568,53.360077497566664,52.94927784126194,53.331077575683594,73274800,0.0,0.0,APPLE,AAPL
2019-09-18 00:00:00-04:00,53.41807258366795,53.850619437164944,53.02660864758349,53.8312873840332,101360000,0.0,0.0,APPLE,AAPL
2019-09-19 00:00:00-04:00,53.647641556283865,54.07052059347336,53.25134363463478,53.393917083740234,88242400,0.0,0.0,APPLE,AAPL
2019-09-20 00:00:00-04:00,53.49539879215573,53.78053826893981,52.55056547130522,52.6133918762207,221652400,0.0,0.0,APPLE,AAPL
2019-09-23 00:00:00-04:00,52.908204151879,53.12326818503218,52.5940647236116,52.85262680053711,76662000,0.0,0.0,APPLE,AAPL
2019-09-24 00:00:00-04:00,53.41081952621735,53.763623016838956,52.48290316863185,52.6013069152832,124763200,0.0,0.0,APPLE,AAPL
2019-09-25 00:00:00-04:00,52.81155246424069,53.52440497591303,52.470831890749665,53.410831451416016,87613600,0.0,0.0,APPLE,AAPL
2019-09-26 00:00:00-04:00,53.16192656975773,53.38907357323697,52.87920222092036,53.135345458984375,75334000,0.0,0.0,APPLE,AAPL
2019-09-27 00:00:00-04:00,53.29242685824373,53.39392107951168,52.50466489169453,52.876800537109375,101408000,0.0,0.0,APPLE,AAPL
2019-09-30 00:00:00-04:00,53.37941301907739,54.26866910273741,53.352831904661166,54.12126541137695,103909600,0.0,0.0,APPLE,AAPL
2019-10-01 00:00:00-04:00,54.3870761596021,55.14825691392442,54.176842369945184,54.27108383178711,139223200,0.0,0.0,APPLE,AAPL
2019-10-02 00:00:00-04:00,53.90136450785289,54.027021013467234,52.661723755848904,52.910621643066406,138449200,0.0,0.0,APPLE,AAPL
2019-10-03 00:00:00-04:00,52.78254530403984,53.393910890556825,51.98511930474637,53.36008071899414,114426000,0.0,0.0,APPLE,AAPL
2019-10-04 00:00:00-04:00,54.52481279505152,54.9718578080667,54.10193377249592,54.855865478515625,138478800,0.0,0.0,APPLE,AAPL
2019-10-07 00:00:00-04:00,54.67705238194808,55.56147088138249,54.573143043904125,54.867950439453125,122306000,0.0,0.0,APPLE,AAPL
2019-10-08 00:00:00-04:00,54.5683133317678,55.109596145535406,54.20826070587139,54.22517395019531,111820000,0.0,0.0,APPLE,AAPL
2019-10-09 00:00:00-04:00,54.86069107055664,55.04434003359688,54.52480450264146,54.86069107055664,74770400,0.0,0.0,APPLE,AAPL
2019-10-10 00:00:00-04:00,55.07817379779843,55.68470544588177,54.92593987019887,55.600128173828125,113013600,0.0,0.0,APPLE,AAPL
2019-10-11 00:00:00-04:00,56.29123307121026,57.424549336470406,56.13658033336911,57.07899856567383,166795600,0.0,0.0,APPLE,AAPL
2019-10-14 00:00:00-04:00,56.76244533574534,57.54296183982879,56.706867982611634,56.99684143066406,96427600,0.0,0.0,APPLE,AAPL
2019-10-15 00:00:00-04:00,57.122491934080806,57.426963469423065,56.757609116449146,56.86393356323242,87360000,0.0,0.0,APPLE,AAPL
2019-10-16 00:00:00-04:00,56.3927351576582,56.844614157019556,56.35165591902769,56.63438034057617,73903200,0.0,0.0,APPLE,AAPL
2019-10-17 00:00:00-04:00,56.80835776633163,57.064501036900594,56.4289767959264,56.854270935058594,67585200,0.0,0.0,APPLE,AAPL
2019-10-18 00:00:00-04:00,56.687534837293626,57.41005516298264,56.61504055487197,57.1273307800293,97433600,0.0,0.0,APPLE,AAPL
2019-10-21 00:00:00-04:00,57.39554835132039,58.234057189563536,57.34722006609612,58.118064880371094,87247200,0.0,0.0,APPLE,AAPL
2019-10-22 00:00:00-04:00,58.275145716563195,58.52645505216327,57.9030101178019,57.985172271728516,82293600,0.0,0.0,APPLE,AAPL
2019-10-23 00:00:00-04:00,58.50228639673103,58.77776169249288,58.28963750624399,58.76325988769531,75828800,0.0,0.0,APPLE,AAPL
2019-10-24 00:00:00-04:00,59.084652529312926,59.15473168555274,58.43221138129828,58.85992431640625,69275200,0.0,0.0,APPLE,AAPL
2019-10-25 00:00:00-04:00,58.758432019914885,59.621103236105824,58.69077167696705,59.58485794067383,73477200,0.0,0.0,APPLE,AAPL
2019-10-28 00:00:00-04:00,59.787837989415074,60.23004902249705,59.61868713481838,60.18172073364258,96572800,0.0,0.0,APPLE,AAPL
2019-10-29 00:00:00-04:00,60.162386922309075,60.350869824381235,58.61585960089341,58.78984069824219,142839600,0.0,0.0,APPLE,AAPL
2019-10-30 00:00:00-04:00,59.145075819941084,59.275566288357595,58.28723833878712,58.78260803222656,124522000,0.0,0.0,APPLE,AAPL
2019-10-31 00:00:00-04:00,59.74434678047531,60.21072013892777,57.33272558652324,60.11164474487305,139162000,0.0,0.0,APPLE,AAPL
2019-11-01 00:00:00-04:00,60.300126418856735,61.84423871099099,60.20830377325702,61.81766128540039,151125200,0.0,0.0,APPLE,AAPL
2019-11-04 00:00:00-05:00,62.18253463912321,62.30819481944538,61.711331086186235,62.22361755371094,103272000,0.0,0.0,APPLE,AAPL
2019-11-05 00:00:00-05:00,62.11488056762878,62.390359568196075,61.93848433426413,62.13421630859375,79897600,0.0,0.0,APPLE,AAPL
2019-11-06 00:00:00-05:00,62.04721979393924,62.22120458929822,61.708918073636895,62.16079330444336,75864400,0.0,0.0,APPLE,AAPL
2019-11-07 00:00:00-05:00,62.7109794500073,63.10120004170017,62.55828475745641,62.87821578979492,94940400,0.1925,0.0,APPLE,AAPL
2019-11-08 00:00:00-05:00,62.698856425006085,63.12300501099024,62.252895370759035,63.050296783447266,69986400,0.0,0.0,APPLE,AAPL
2019-11-11 00:00:00-05:00,62.604332041612686,63.615020843724096,62.59948729167758,63.549583435058594,81821200,0.0,0.0,APPLE,AAPL
2019-11-12 00:00:00-05:00,63.3920326453622,63.69257724355565,63.23934536801356,63.49140548706055,87388800,0.0,0.0,APPLE,AAPL
2019-11-13 00:00:00-05:00,63.29024493174329,64.17489626781452,63.27570328540736,64.09976196289062,102734400,0.0,0.0,APPLE,AAPL
2019-11-14 00:00:00-05:00,63.925258797071365,64.19913881442015,63.52534870476292,63.65623092651367,89182800,0.0,0.0,APPLE,AAPL
2019-11-15 00:00:00-05:00,63.90828711842908,64.4172669301016,63.74590293541921,64.41242218017578,100206400,0.0,0.0,APPLE,AAPL
2019-11-18 00:00:00-05:00,64.42211920582977,64.81718456959655,64.04160288666964,64.7372055053711,86703200,0.0,0.0,APPLE,AAPL
2019-11-19 00:00:00-05:00,64.93110681791728,64.95534536639715,64.3227614115017,64.5408935546875,76167200,0.0,0.0,APPLE,AAPL
2019-11-20 00:00:00-05:00,64.35910036351942,64.48997518063773,63.11331175169603,63.789527893066406,106234400,0.0,0.0,APPLE,AAPL
2019-11-21 00:00:00-05:00,63.91071330107709,63.98827367941163,63.302360640648075,63.50353240966797,121395200,0.0,0.0,APPLE,AAPL
2019-11-22 00:00:00-05:00,63.6441040461107,63.78710183292363,63.21995543560012,63.447784423828125,65325200,0.0,0.0,APPLE,AAPL
2019-11-25 00:00:00-05:00,63.67317965491638,64.57722467555617,63.62712864817878,64.56025695800781,84020400,0.0,0.0,APPLE,AAPL
2019-11-26 00:00:00-05:00,64.69841008139949,64.75173191051944,63.62228400029792,64.0561294555664,105207600,0.0,0.0,APPLE,AAPL
2019-11-27 00:00:00-05:00,64.36878968321697,64.95048512170717,64.30335227484096,64.91654968261719,65235600,0.0,0.0,APPLE,AAPL
2019-11-29 00:00:00-05:00,64.61599728644288,64.95531461481963,64.446334923973,64.7735366821289,46617600,0.0,0.0,APPLE,AAPL
2019-12-02 00:00:00-05:00,64.77839680835467,65.0159226928851,63.85254660612109,64.02462768554688,94487200,0.0,0.0,APPLE,AAPL
2019-12-03 00:00:00-05:00,62.606746801695124,62.902439218729796,62.11716087038608,62.883052825927734,114430400,0.0,0.0,APPLE,AAPL
2019-12-04 00:00:00-05:00,63.27569186565412,63.818599621719585,63.18116378496588,63.43807601928711,67181600,0.0,0.0,APPLE,AAPL
2019-12-05 00:00:00-05:00,63.93494398588444,64.44392373587152,63.678031736221556,64.36878204345703,74424400,0.0,0.0,APPLE,AAPL
2019-12-06 00:00:00-05:00,64.8293072258581,65.68244929190446,64.78567488538137,65.6121597290039,106075600,0.0,0.0,APPLE,AAPL
2019-12-09 00:00:00-05:00,65.4400635801901,65.63395710624658,64.20639808398826,64.69356536865234,128042400,0.0,0.0,APPLE,AAPL
2019-12-10 00:00:00-05:00,65.1007385592711,65.45702360385863,64.436638147631,65.0716552734375,90420400,0.0,0.0,APPLE,AAPL
2019-12-11 00:00:00-05:00,65.15164935528578,65.70668017666303,65.07651505067686,65.62669372558594,78756800,0.0,0.0,APPLE,AAPL
2019-12-12 00:00:00-05:00,64.90200037225051,66.06053156938063,64.79051196488324,65.7939224243164,137310400,0.0,0.0,APPLE,AAPL
2019-12-13 00:00:00-05:00,65.79394502480035,66.72464758099055,65.66548885576654,66.68829345703125,133587600,0.0,0.0,APPLE,AAPL
2019-12-16 00:00:00-05:00,67.13665760422714,68.0552442684781,67.13181285488875,67.829833984375,128186000,0.0,0.0,APPLE,AAPL
2019-12-17 00:00:00-05:00,67.75956718700958,68.29277820103589,67.57293704501966,67.9631576538086,114158400,0.0,0.0,APPLE,AAPL
2019-12-18 00:00:00-05:00,67.81531527010148,68.32429519216075,67.65050497810252,67.80077362060547,116028400,0.0,0.0,APPLE,AAPL
2019-12-19 00:00:00-05:00,67.74258414485224,68.14976498636153,67.60928327063462,67.86861419677734,98369200,0.0,0.0,APPLE,AAPL
2019-12-20 00:00:00-05:00,68.40425095745216,68.50604245823469,67.51474768084944,67.72803497314453,275978000,0.0,0.0,APPLE,AAPL
2019-12-23 00:00:00-05:00,67.99222565628588,68.89384460449219,67.95344547182322,68.833251953125,98572000,0.0,0.0,APPLE,AAPL
2019-12-24 00:00:00-05:00,69.00050346001484,69.04898055041124,68.57151005661217,68.8987045288086,48478800,0.0,0.0,APPLE,AAPL
2019-12-26 00:00:00-05:00,69.03200514767786,70.28263849577442,69.00292185530243,70.26567077636719,93121200,0.0,0.0,APPLE,AAPL
2019-12-27 00:00:00-05:00,70.55895237949258,71.24971030856672,69.8318403271127,70.23902130126953,146266000,0.0,0.0,APPLE,AAPL
2019-12-30 00:00:00-05:00,70.1566008802019,70.93946068223316,69.12895177016881,70.6558837890625,144114400,0.0,0.0,APPLE,AAPL
2019-12-31 00:00:00-05:00,70.27049275691465,71.17938233196841,70.17111994245462,71.17211151123047,100805600,0.0,0.0,APPLE,AAPL
2020-01-02 00:00:00-05:00,71.79988089307743,72.85662080131382,71.5453946624551,72.79602813720703,135480400,0.0,0.0,APPLE,AAPL
2020-01-03 00:00:00-05:00,72.0204315021118,72.85176099103282,71.86289207131898,72.08829498291016,146322800,0.0,0.0,APPLE,AAPL
2020-01-06 00:00:00-05:00,71.20606216043667,72.7014846521864,70.95399466003437,72.66270446777344,118387200,0.0,0.0,APPLE,AAPL
2020-01-07 00:00:00-05:00,72.67240156846412,72.9293138189329,72.10041048902463,72.32096862792969,108872000,0.0,0.0,APPLE,AAPL
2020-01-08 00:00:00-05:00,72.02285750459463,73.78731540018381,72.02285750459463,73.4843521118164,132079200,0.0,0.0,APPLE,AAPL
2020-01-09 00:00:00-05:00,74.46595763529108,75.23912061605091,74.21389747975358,75.04522705078125,170108400,0.0,0.0,APPLE,AAPL
2020-01-10 00:00:00-05:00,75.28030379933901,75.78201267626062,74.71073145572483,75.21485900878906,140644800,0.0,0.0,APPLE,AAPL
2020-01-13 00:00:00-05:00,75.53238647587344,76.84845721797936,75.41361983783602,76.82179260253906,121532000,0.0,0.0,APPLE,AAPL
2020-01-14 00:00:00-05:00,76.758789108947,76.96965039455488,75.66085034178165,75.78445434570312,161954400,0.0,0.0,APPLE,AAPL
2020-01-15 00:00:00-05:00,75.58327476675701,76.46792599707763,75.02581793644697,75.45966339111328,121923600,0.0,0.0,APPLE,AAPL
2020-01-16 00:00:00-05:00,76.0049896177802,76.51639538996747,75.64143374623438,76.40489959716797,108829200,0.0,0.0,APPLE,AAPL
2020-01-17 00:00:00-05:00,76.65457152353868,77.2532273929308,76.34676342582375,77.25080871582031,137816400,0.0,0.0,APPLE,AAPL
2020-01-21 00:00:00-05:00,76.87754064068325,77.32107563862897,76.589118999561,76.7272720336914,110843200,0.0,0.0,APPLE,AAPL
2020-01-22 00:00:00-05:00,77.21443963018976,77.55618313962266,76.90663156263895,77.00115966796875,101832400,0.0,0.0,APPLE,AAPL
2020-01-23 00:00:00-05:00,77.05447382667461,77.45195781305532,76.5042877636116,77.37197875976562,104472000,0.0,0.0,APPLE,AAPL
2020-01-24 00:00:00-05:00,77.61917103084049,78.36566909337094,76.95749674617576,77.14897155761719,146537600,0.0,0.0,APPLE,AAPL
2020-01-27 00:00:00-05:00,75.14940646296688,75.5638580011134,73.893928884006,74.88037872314453,161940000,0.0,0.0,APPLE,AAPL
2020-01-28 00:00:00-05:00,75.76505276717205,77.1707993206053,75.66567993131815,76.99871826171875,162234000,0.0,0.0,APPLE,AAPL
2020-01-29 00:00:00-05:00,78.63714587501234,79.46120445400042,77.8930663413124,78.61048126220703,216229200,0.0,0.0,APPLE,AAPL
2020-01-30 00:00:00-05:00,77.6894834620713,78.54989623607841,77.25563796528307,78.49657440185547,126743200,0.0,0.0,APPLE,AAPL
2020-01-31 00:00:00-05:00,77.78400462606156,78.20815322919047,74.72044370453256,75.0161361694336,199588400,0.0,0.0,APPLE,AAPL
2020-02-03 00:00:00-05:00,73.75338735630919,75.98077426743717,73.24925964840867,74.81012725830078,173788400,0.0,0.0,APPLE,AAPL
2020-02-04 00:00:00-05:00,76.42187506467558,77.47134392906342,76.01469422241806,77.27986907958984,136616400,0.0,0.0,APPLE,AAPL
2020-02-05 00:00:00-05:00,78.411758747791,78.71230341688808,77.30413037546758,77.9100570678711,118826800,0.0,0.0,APPLE,AAPL
2020-02-06 00:00:00-05:00,78.18150305148818,78.82378380047356,77.62162743665891,78.82135772705078,105425600,0.0,0.0,APPLE,AAPL
2020-02-07 00:00:00-05:00,78.31846195048404,78.56869590968388,77.25678964383889,77.74996948242188,117684000,0.1925,0.0,APPLE,AAPL
2020-02-10 00:00:00-05:00,76.328729971042,78.1192398071289,76.2485610979256,78.1192398071289,109348800,0.0,0.0,APPLE,AAPL
2020-02-11 00:00:00-05:00,78.6172776735546,78.69015846210117,77.42926892141327,77.64791870117188,94323200,0.0,0.0,APPLE,AAPL
2020-02-12 00:00:00-05:00,78.09980747878139,79.49674620182785,78.09980747878139,79.49188995361328,113730400,0.0,0.0,APPLE,AAPL
2020-02-13 00:00:00-05:00,78.7606027667096,79.25378246463075,78.55652917592683,78.9258041381836,94747600,0.0,0.0,APPLE,AAPL
2020-02-14 00:00:00-05:00,78.89421987724242,79.1954777229002,78.43505615220535,78.94524383544922,80113600,0.0,0.0,APPLE,AAPL
2020-02-18 00:00:00-05:00,76.61541398291747,77.68195002206068,76.43320456144275,77.49974060058594,152531200,0.0,0.0,APPLE,AAPL
2020-02-19 00:00:00-05:00,77.74267613948199,78.8529405124876,77.74267613948199,78.62213897705078,93984000,0.0,0.0,APPLE,AAPL
2020-02-20 00:00:00-05:00,78.38161204782077,78.87235994111728,77.3077882481259,77.81554412841797,100566000,0.0,0.0,APPLE,AAPL
2020-02-21 00:00:00-05:00,77.40740945099631,77.85200453086176,75.43469023560293,76.05419921875,129554000,0.0,0.0,APPLE,AAPL
2020-02-24 00:00:00-05:00,72.21809854454682,73.89927997263825,70.26724331981248,72.44160461425781,222195200,0.0,0.0,APPLE,AAPL
2020-02-25 00:00:00-05:00,73.11453422052959,73.49838528422858,69.51407604241301,69.9878158569336,230673600,0.0,0.0,APPLE,AAPL
2020-02-26 00:00:00-05:00,69.61127139696013,72.36870817005541,69.60398331830831,71.09809875488281,198054800,0.0,0.0,APPLE,AAPL
2020-02-27 00:00:00-05:00,68.2920878015383,69.48252112113946,66.31450479546683,66.45055389404297,320605600,0.0,0.0,APPLE,AAPL
2020-02-28 00:00:00-05:00,62.50026657632194,67.63857104044034,62.28404115972939,66.41168975830078,426510000,0.0,0.0,APPLE,AAPL
2020-03-02 00:00:00-05:00,68.57874837854894,73.23359135629464,67.47091599038848,72.59464263916016,341397200,0.0,0.0,APPLE,AAPL
2020-03-03 00:00:00-05:00,73.77536734454684,73.85553621045779,69.43391890589473,70.28909301757812,319475600,0.0,0.0,APPLE,AAPL
2020-03-04 00:00:00-05:00,72.01887482066405,73.7097760122306,71.21472457823452,73.54943084716797,219178400,0.0,0.0,APPLE,AAPL
2020-03-05 00:00:00-05:00,71.79536491446169,72.77443652965138,70.79686089078,71.16371154785156,187572800,0.0,0.0,APPLE,AAPL
2020-03-06 00:00:00-05:00,68.51071916341945,70.65350301025936,68.32365355677196,70.2186279296875,226176800,0.0,0.0,APPLE,AAPL
2020-03-09 00:00:00-04:00,64.0769619398227,67.56080421303677,63.8947525693777,64.6648941040039,286744800,0.0,0.0,APPLE,AAPL
2020-03-10 00:00:00-04:00,67.33000755448958,69.58940069608109,65.44231380372885,69.32215881347656,285290000,0.0,0.0,APPLE,AAPL
2020-03-11 00:00:00-04:00,67.39075287348057,68.3212322165363,66.04725520576122,66.9145736694336,255598800,0.0,0.0,APPLE,AAPL
2020-03-12 00:00:00-04:00,62.17956017177718,65.59537815986118,60.25056956905768,60.30644607543945,418474000,0.0,0.0,APPLE,AAPL
2020-03-13 00:00:00-04:00,64.35391881351434,68.0053940210408,61.453141557980196,67.53164672851562,370732000,0.0,0.0,APPLE,AAPL
2020-03-16 00:00:00-04:00,58.78075717234033,62.942417735079786,58.30701342963655,58.84392547607422,322423600,0.0,0.0,APPLE,AAPL
2020-03-17 00:00:00-04:00,60.13152785246368,62.58527878886286,57.91829094246008,61.43128967285156,324056000,0.0,0.0,APPLE,AAPL
2020-03-18 00:00:00-04:00,58.251134629242024,60.736469941261674,57.60732582362869,59.927459716796875,300233600,0.0,0.0,APPLE,AAPL
2020-03-19 00:00:00-04:00,60.10237727632101,61.42643149656511,58.941096340460845,59.46828842163086,271857200,0.0,0.0,APPLE,AAPL
2020-03-20 00:00:00-04:00,60.051358887016455,61.18105941653103,55.39165883947074,55.69291305541992,401693200,0.0,0.0,APPLE,AAPL
2020-03-23 00:00:00-04:00,55.4110887106565,55.51312552059559,51.65271619613283,54.50975799560547,336752800,0.0,0.0,APPLE,AAPL
2020-03-24 00:00:00-04:00,57.42268223950284,60.175259212076874,56.92221437304566,59.97847366333008,287531200,0.0,0.0,APPLE,AAPL
2020-03-25 00:00:00-04:00,60.91866546861268,62.740759151622036,59.351665642636455,59.6480598449707,303602000,0.0,0.0,APPLE,AAPL
2020-03-26 00:00:00-04:00,59.89101581179546,62.845234719440775,59.85214358361415,62.786930084228516,252087200,0.0,0.0,APPLE,AAPL
2020-03-27 00:00:00-04:00,61.40456197455526,62.16255182038572,60.01977140734215,60.18740463256836,204216800,0.0,0.0,APPLE,AAPL
2020-03-30 00:00:00-04:00,60.91624540312953,62.07752630082117,60.59069513800199,61.905033111572266,167976400,0.0,0.0,APPLE,AAPL
2020-03-31 00:00:00-04:00,62.096963976228515,63.7708571145467,61.22235738786374,61.77870178222656,197002000,0.0,0.0,APPLE,AAPL
2020-04-01 00:00:00-04:00,59.886154074244196,60.425494176264635,58.09564428473378,58.5280876159668,176218400,0.0,0.0,APPLE,AAPL
2020-04-02 00:00:00-04:00,58.38960582657782,59.558174794508744,57.55387149331358,59.50472640991211,165934000,0.0,0.0,APPLE,AAPL
2020-04-03 00:00:00-04:00,58.987249770331935,59.691791212482975,58.05676677284577,58.64955520629883,129880000,0.0,0.0,APPLE,AAPL
2020-04-06 00:00:00-04:00,60.95510622630932,63.92147268414862,60.58583124007948,63.7659912109375,201820400,0.0,0.0,APPLE,AAPL
2020-04-07 00:00:00-04:00,65.78974414886854,66.00840138150541,62.922985608049494,63.02745056152344,202887200,0.0,0.0,APPLE,AAPL
2020-04-08 00:00:00-04:00,63.83158830415397,64.95642874150907,63.464745123474984,64.6406021118164,168895200,0.0,0.0,APPLE,AAPL
2020-04-09 00:00:00-04:00,65.27953725570406,65.6123718043816,64.30775408800689,65.10704040527344,161834800,0.0,0.0,APPLE,AAPL
2020-04-13 00:00:00-04:00,65.18481070772222,66.49429260465944,64.58230223555258,66.38496398925781,131022800,0.0,0.0,APPLE,AAPL
2020-04-14 00:00:00-04:00,68.02481465660308,70.02911723130656,67.5510674460266,69.73757934570312,194994800,0.0,0.0,APPLE,AAPL
2020-04-15 00:00:00-04:00,68.60791725112617,69.56269281105895,68.17790569868288,69.1010971069336,131154400,0.0,0.0,APPLE,AAPL
2020-04-16 00:00:00-04:00,69.81777206662008,70.0169894216292,68.59575486882815,69.65013885498047,157125200,0.0,0.0,APPLE,AAPL
2020-04-17 00:00:00-04:00,69.16424162454373,69.71330151482101,67.26197182482458,68.70507049560547,215250000,0.0,0.0,APPLE,AAPL
2020-04-20 00:00:00-04:00,67.52680120844859,68.43298447365049,67.25955929365115,67.27899169921875,130015200,0.0,0.0,APPLE,AAPL
2020-04-21 00:00:00-04:00,67.1210894551599,67.35674726243548,64.48512509479784,65.19938659667969,180991600,0.0,0.0,APPLE,AAPL
2020-04-22 00:00:00-04:00,66.4724141891117,67.51465402003916,66.12986704581802,67.07735443115234,116862400,0.0,0.0,APPLE,AAPL
2020-04-23 00:00:00-04:00,67.02147935208541,68.45000232601801,66.77853346982802,66.8174057006836,124814400,0.0,0.0,APPLE,AAPL
2020-04-24 00:00:00-04:00,67.3445813853182,68.7560959459344,67.29598925775215,68.74637603759766,126161200,0.0,0.0,APPLE,AAPL
2020-04-27 00:00:00-04:00,68.4621332593315,69.12780988807344,68.01268939638848,68.79497528076172,117087600,0.0,0.0,APPLE,AAPL
2020-04-28 00:00:00-04:00,69.2589956509729,69.44120502793687,67.58753452748297,67.67984771728516,112004800,0.0,0.0,APPLE,AAPL
2020-04-29 00:00:00-04:00,69.17397162378809,70.37412466532922,68.9698980080844,69.9028091430664,137280800,0.0,0.0,APPLE,AAPL
2020-04-30 00:00:00-04:00,70.4445760159148,71.55484032075456,70.05343675937974,71.37748718261719,183064000,0.0,0.0,APPLE,AAPL
2020-05-01 00:00:00-04:00,69.54325391781421,72.64081369930636,69.44607705455206,70.22836303710938,240616800,0.0,0.0,APPLE,AAPL
2020-05-04 00:00:00-04:00,70.25264863684093,71.35076111488053,69.56025154134068,71.22200012207031,133568000,0.0,0.0,APPLE,AAPL
2020-05-05 00:00:00-04:00,71.68359763047998,73.12669648649918,71.53782864635428,72.29096221923828,147751200,0.0,0.0,APPLE,AAPL
2020-05-06 00:00:00-04:00,72.99550014695852,73.67088924059446,72.60921717678971,73.03680419921875,142333600,0.0,0.0,APPLE,AAPL
2020-05-07 00:00:00-04:00,73.66604447823067,74.13979187417405,73.36236215111808,73.79237365722656,115215200,0.0,0.0,APPLE,AAPL
2020-05-08 00:00:00-04:00,74.45496701678917,75.60233726161975,74.12610085040929,75.54874420166016,133838400,0.205,0.0,APPLE,AAPL
2020-05-11 00:00:00-04:00,75.05425503945568,77.23450234556246,74.84475212124161,76.73755645751953,145946400,0.0,0.0,APPLE,AAPL
2020-05-12 00:00:00-04:00,77.42448767187804,77.87759399228193,75.73875582103778,75.86055755615234,162301200,0.0,0.0,APPLE,AAPL
2020-05-13 00:00:00-04:00,76.04084175904602,76.96653965007208,73.86302556726389,74.94462585449219,200622400,0.0,0.0,APPLE,AAPL
2020-05-14 00:00:00-04:00,74.1797114974989,75.46593780729032,73.45377031942287,75.40503692626953,158929200,0.0,0.0,APPLE,AAPL
2020-05-15 00:00:00-04:00,73.16631038114848,75.0055137738857,73.13220232382433,74.959228515625,166348400,0.0,0.0,APPLE,AAPL
2020-05-18 00:00:00-04:00,76.28930455282763,77.10050086433853,75.59503315299358,76.72534942626953,135178400,0.0,0.0,APPLE,AAPL
2020-05-19 00:00:00-04:00,76.7424043944102,77.59257816496145,76.25032803863408,76.28199768066406,101729600,0.0,0.0,APPLE,AAPL
2020-05-20 00:00:00-04:00,77.14433260939994,77.83616546012259,77.10535516840599,77.7655258178711,111504800,0.0,0.0,APPLE,AAPL
2020-05-21 00:00:00-04:00,77.62669752734837,78.1699360459229,76.94704163415062,77.18577575683594,102688800,0.0,0.0,APPLE,AAPL
2020-05-22 00:00:00-04:00,76.92267483121685,77.76554829725728,76.82036552394693,77.68272399902344,81803200,0.0,0.0,APPLE,AAPL
2020-05-26 00:00:00-04:00,78.8057485352806,78.98601278359193,77.1005236828943,77.15655517578125,125522000,0.0,0.0,APPLE,AAPL
2020-05-27 00:00:00-04:00,77.01282211981075,77.63887753036026,76.26982690652362,77.49271392822266,112945200,0.0,0.0,APPLE,AAPL
2020-05-28 00:00:00-04:00,77.16626626161167,78.79110463009378,76.88856217970095,77.52680206298828,133560800,0.0,0.0,APPLE,AAPL
2020-05-29 00:00:00-04:00,77.77042158223573,78.23326677043703,77.09320411296707,77.45130157470703,153532400,0.0,0.0,APPLE,AAPL
2020-06-01 00:00:00-04:00,77.40501742967564,78.52559509330818,77.2734694490876,78.40379333496094,80791200,0.0,0.0,APPLE,AAPL
2020-06-02 00:00:00-04:00,78.1358219826799,78.79111598702812,77.69246183211925,78.76675415039062,87642800,0.0,0.0,APPLE,AAPL
2020-06-03 00:00:00-04:00,79.08830763863511,79.46345908381795,78.51339955329883,79.20036315917969,104491200,0.0,0.0,APPLE,AAPL
2020-06-04 00:00:00-04:00,79.02254104646114,79.32216858642559,78.14312856668211,78.51828002929688,87560400,0.0,0.0,APPLE,AAPL
2020-06-05 00:00:00-04:00,78.76918784562754,80.81545561938624,78.73995661708915,80.75455474853516,137250400,0.0,0.0,APPLE,AAPL
2020-06-08 00:00:00-04:00,80.4500448415124,81.26611794142813,79.73628846860731,81.23200988769531,95654400,0.0,0.0,APPLE,AAPL
2020-06-09 00:00:00-04:00,80.91046204581917,84.19179372904645,80.87879240448521,83.79715728759766,147712400,0.0,0.0,APPLE,AAPL
2020-06-10 00:00:00-04:00,84.74967704242285,86.42323231025624,84.30875519353073,85.95307922363281,166651600,0.0,0.0,APPLE,AAPL
2020-06-11 00:00:00-04:00,85.09314785066266,85.51945402506203,81.72411432630992,81.82642364501953,201662400,0.0,0.0,APPLE,AAPL
2020-06-12 00:00:00-04:00,83.97498797774145,84.72528338984903,81.41715155791107,82.53285217285156,200146000,0.0,0.0,APPLE,AAPL
2020-06-15 00:00:00-04:00,81.1808553319146,84.20884464080989,81.0176377380741,83.55355072021484,138808800,0.0,0.0,APPLE,AAPL
2020-06-16 00:00:00-04:00,85.61688845940762,86.04076362659309,83.97500316337461,85.7679214477539,165428800,0.0,0.0,APPLE,AAPL
2020-06-17 00:00:00-04:00,86.51577978864584,86.5766806624143,85.52675019338103,85.64855194091797,114406400,0.0,0.0,APPLE,AAPL
2020-06-18 00:00:00-04:00,85.60468519118076,86.1016382871526,85.07119306628167,85.6826400756836,96820400,0.0,0.0,APPLE,AAPL
2020-06-19 00:00:00-04:00,86.39154080283116,86.85925531634406,84.07973874680876,85.19300842285156,264476000,0.0,0.0,APPLE,AAPL
2020-06-22 00:00:00-04:00,85.58764039041641,87.56569933419068,85.5413551373912,87.4219741821289,135445200,0.0,0.0,APPLE,AAPL
2020-06-23 00:00:00-04:00,88.6716550705198,90.71305315419569,88.25021842917943,89.28797149658203,212155600,0.0,0.0,APPLE,AAPL
2020-06-24 00:00:00-04:00,88.91527007031266,89.83852933973874,87.33671684590729,87.71186828613281,192623200,0.0,0.0,APPLE,AAPL
2020-06-25 00:00:00-04:00,87.86778995028821,88.91528208057547,87.10530976653794,88.87630462646484,137522400,0.0,0.0,APPLE,AAPL
2020-06-26 00:00:00-04:00,88.77154541114977,88.99322547098194,85.99689819390446,86.14550018310547,205256800,0.0,0.0,APPLE,AAPL
2020-06-29 00:00:00-04:00,86.05292961011511,88.22587593033623,85.57303045547391,88.13086700439453,130646000,0.0,0.0,APPLE,AAPL
2020-06-30 00:00:00-04:00,87.71673790659106,89.15400438756762,87.69725289921185,88.86654663085938,140223200,0.0,0.0,APPLE,AAPL
2020-07-01 00:00:00-04:00,88.94452064563093,89.49019017978897,88.6497624527177,88.69847869873047,110737200,0.0,0.0,APPLE,AAPL
2020-07-02 00:00:00-04:00,89.60956096602841,90.24780103205751,88.58399217521502,88.69847869873047,114041600,0.0,0.0,APPLE,AAPL
2020-07-06 00:00:00-04:00,90.13329206093196,91.54131994765142,90.10162241749444,91.0711669921875,118655600,0.0,0.0,APPLE,AAPL
2020-07-07 00:00:00-04:00,91.4511912983208,92.23315645577712,90.67653394853455,90.78858947753906,112424400,0.0,0.0,APPLE,AAPL
2020-07-08 00:00:00-04:00,91.77029864576771,92.93472292396123,91.68259753162141,92.9030532836914,117092000,0.0,0.0,APPLE,AAPL
2020-07-09 00:00:00-04:00,93.79950457970637,93.85309763557729,92.25019022047177,93.30255889892578,125642800,0.0,0.0,APPLE,AAPL
2020-07-10 00:00:00-04:00,92.89575090989648,93.52425205644036,92.28187281172208,93.46578216552734,90257200,0.0,0.0,APPLE,AAPL
2020-07-13 00:00:00-04:00,94.77638589183749,97.39756217350657,92.82024990306108,93.03462219238281,191649200,0.0,0.0,APPLE,AAPL
2020-07-14 00:00:00-04:00,92.41341897123698,94.76662964226465,91.47555145597293,94.57418823242188,170989200,0.0,0.0,APPLE,AAPL
2020-07-15 00:00:00-04:00,96.45722706906206,96.70813834363402,94.02119239003805,95.22459411621094,153198000,0.0,0.0,APPLE,AAPL
2020-07-16 00:00:00-04:00,94.09186442019012,94.91280713517551,93.45118594029877,94.05288696289062,110577600,0.0,0.0,APPLE,AAPL
2020-07-17 00:00:00-04:00,94.50597842556229,94.66188079586928,93.38783184655358,93.86286163330078,92186800,0.0,0.0,APPLE,AAPL
2020-07-20 00:00:00-04:00,93.9505689422849,95.97978290888382,93.60464868715383,95.84092712402344,90318000,0.0,0.0,APPLE,AAPL
2020-07-21 00:00:00-04:00,96.63505736726202,96.71057384530293,94.26723143317828,94.51814270019531,103433200,0.0,0.0,APPLE,AAPL
2020-07-22 00:00:00-04:00,94.2185218794836,95.46820900884369,94.13082818895455,94.78368377685547,89001600,0.0,0.0,APPLE,AAPL
2020-07-23 00:00:00-04:00,94.51572561726793,94.5936805264477,89.65583994266372,90.46947479248047,197004400,0.0,0.0,APPLE,AAPL
2020-07-24 00:00:00-04:00,88.65950740859365,90.59128161056451,86.86414315402308,90.245361328125,185438800,0.0,0.0,APPLE,AAPL
2020-07-27 00:00:00-04:00,91.31233191463267,92.4767563073094,91.0882208654685,92.38418579101562,121214000,0.0,0.0,APPLE,AAPL
2020-07-28 00:00:00-04:00,91.9530007505373,92.13083395729981,90.86165454486257,90.86653137207031,103625600,0.0,0.0,APPLE,AAPL
2020-07-29 00:00:00-04:00,91.35129688868574,92.79343263327766,91.31475785676778,92.60829162597656,90329200,0.0,0.0,APPLE,AAPL
2020-07-30 00:00:00-04:00,91.77763790037069,93.83365246691515,91.36838571862384,93.7289047241211,158130000,0.0,0.0,APPLE,AAPL
2020-07-31 00:00:00-04:00,100.25258214013374,103.69226222205124,98.24528433161115,103.54122924804688,374336800,0.0,0.0,APPLE,AAPL
2020-08-03 00:00:00-04:00,105.43158191778792,108.781129727995,105.13195439882799,106.15021514892578,308151200,0.0,0.0,APPLE,AAPL
2020-08-04 00:00:00-04:00,106.34023134726526,107.95532367778854,105.61429026969972,106.8591079711914,173071600,0.0,0.0,APPLE,AAPL
2020-08-05 00:00:00-04:00,106.57897346726979,107.56800311782875,106.11125145953578,107.24644470214844,121776800,0.0,0.0,APPLE,AAPL
2020-08-06 00:00:00-04:00,107.58017903042834,111.48514293061744,106.98822429560298,110.98818969726562,202428800,0.0,0.0,APPLE,AAPL
2020-08-07 00:00:00-04:00,110.5074267277089,110.9662282348746,107.66433051713838,108.46479034423828,198045600,0.205,0.0,APPLE,AAPL
2020-08-10 00:00:00-04:00,109.91683374879184,111.06383745078631,107.37879108538309,110.04129791259766,212403600,0.0,0.0,APPLE,AAPL
2020-08-11 00:00:00-04:00,109.3018488792543,109.80213344991739,106.50755690311215,106.76868438720703,187902400,0.0,0.0,APPLE,AAPL
2020-08-12 00:00:00-04:00,107.86442881473535,110.57574703986536,107.66919763698496,110.31706237792969,165598000,0.0,0.0,APPLE,AAPL
2020-08-13 00:00:00-04:00,111.70324349302591,113.27732214847798,111.2127152013319,112.26942443847656,210082000,0.0,0.0,APPLE,AAPL
2020-08-14 00:00:00-04:00,112.09369702768127,112.259644279629,110.35122853945316,112.16934967041016,165565200,0.0,0.0,APPLE,AAPL
2020-08-17 00:00:00-04:00,113.29682569052488,113.32123145052057,111.2468684599563,111.87649536132812,119561600,0.0,0.0,APPLE,AAPL
2020-08-18 00:00:00-04:00,111.6275653780633,113.23580577761628,111.29078528133417,112.80873107910156,105633600,0.0,0.0,APPLE,AAPL
2020-08-19 00:00:00-04:00,113.21874298963277,114.37062498380037,112.85512170179622,112.9502944946289,145538000,0.0,0.0,APPLE,AAPL
2020-08-20 00:00:00-04:00,112.99177868647469,115.57131200892078,112.97469390875426,115.45661163330078,126907200,0.0,0.0,APPLE,AAPL
2020-08-21 00:00:00-04:00,116.42057376195339,121.8920146880567,116.40837460528758,121.4063720703125,338054800,0.0,0.0,APPLE,AAPL
2020-08-24 00:00:00-04:00,125.63073517139213,125.71615905282322,120.98416756262004,122.85841369628906,345937600,0.0,0.0,APPLE,AAPL
2020-08-25 00:00:00-04:00,121.72608342497273,122.19708413757137,120.12027798481839,121.85054016113281,211495600,0.0,0.0,APPLE,AAPL
2020-08-26 00:00:00-04:00,123.17324627161129,123.96638513952726,122.1018951182586,123.50758361816406,163022400,0.0,0.0,APPLE,AAPL
2020-08-27 00:00:00-04:00,124.11281210393082,124.44714945004647,120.88168131726665,122.0311279296875,155552400,0.0,0.0,APPLE,AAPL
2020-08-28 00:00:00-04:00,123.0097382757906,123.42949208020818,121.60893535239866,121.83345794677734,187630000,0.0,0.0,APPLE,AAPL
2020-08-31 00:00:00-04:00,124.53988670086144,127.8783894314197,122.99753487296857,125.965087890625,225702700,0.0,4.0,APPLE,AAPL
2020-09-01 00:00:00-04:00,129.59641388714468,131.58781041215278,127.41955744521529,130.98257446289062,151948100,0.0,0.0,APPLE,AAPL
2020-09-02 00:00:00-04:00,134.31137654552958,134.69208267438916,123.97372828902981,128.2688751220703,200119000,0.0,0.0,APPLE,AAPL
2020-09-03 00:00:00-04:00,123.88584332486174,125.76984587273459,117.62858474412651,117.99952697753906,257599600,0.0,0.0,APPLE,AAPL
2020-09-04 00:00:00-04:00,117.20883002621501,120.75232742067561,108.24758160325585,118.07762145996094,332607200,0.0,0.0,APPLE,AAPL
2020-09-08 00:00:00-04:00,111.23466984997847,116.15457202546442,109.99493609758322,110.13159942626953,231366600,0.0,0.0,APPLE,AAPL
2020-09-09 00:00:00-04:00,114.46579279058768,116.30099125669896,112.51345114458287,114.52436065673828,176940500,0.0,0.0,APPLE,AAPL
2020-09-10 00:00:00-04:00,117.4919257894212,117.62858911457678,109.81922220240571,110.78562927246094,182274400,0.0,0.0,APPLE,AAPL
2020-09-11 00:00:00-04:00,111.83990528016459,112.4841816810679,107.37880434308732,109.33114624023438,180860300,0.0,0.0,APPLE,AAPL
2020-09-14 00:00:00-04:00,111.98631239657361,113.16747813952576,110.11206629772022,112.6110610961914,140150100,0.0,0.0,APPLE,AAPL
2020-09-15 00:00:00-04:00,115.51031451335678,115.99840000615629,110.90278626971434,112.78679656982422,184642000,0.0,0.0,APPLE,AAPL
2020-09-16 00:00:00-04:00,112.48418186302023,113.23583021769664,109.37019414880372,109.45804595947266,154679000,0.0,0.0,APPLE,AAPL
2020-09-17 00:00:00-04:00,107.10546458227437,109.52636406828354,106.11952995935675,107.71068572998047,178011000,0.0,0.0,APPLE,AAPL
2020-09-18 00:00:00-04:00,107.7692399182456,108.23779765380655,103.56193940435647,104.2940673828125,287104900,0.0,0.0,APPLE,AAPL
2020-09-21 00:00:00-04:00,102.04889902285993,107.56426567814931,100.64321065047814,107.4568862915039,195713800,0.0,0.0,APPLE,AAPL
2020-09-22 00:00:00-04:00,109.99493172137502,110.17064277235137,106.55881360489528,109.14566040039062,183055400,0.0,0.0,APPLE,AAPL
2020-09-23 00:00:00-04:00,108.96019760104794,109.43851925260384,104.2257628187344,104.56742858886719,150718700,0.0,0.0,APPLE,AAPL
2020-09-24 00:00:00-04:00,102.66389575309547,107.62284590512591,102.4979484810723,105.64122009277344,167743300,0.0,0.0,APPLE,AAPL
2020-09-25 00:00:00-04:00,105.8462127607794,109.76066022078156,105.10432077900599,109.6044692993164,149981400,0.0,0.0,APPLE,AAPL
2020-09-28 00:00:00-04:00,112.26941546611341,112.57202605695592,110.09255111762093,112.2206039428711,137672400,0.0,0.0,APPLE,AAPL
2020-09-29 00:00:00-04:00,111.82038307255604,112.56226761750044,110.86373228368446,111.371337890625,99382200,0.0,0.0,APPLE,AAPL
2020-09-30 00:00:00-04:00,111.07847699244668,114.46579088344285,110.91252974272332,113.05033874511719,142675200,0.0,0.0,APPLE,AAPL
2020-10-01 00:00:00-04:00,114.83673990006338,114.91483535664295,113.06987301860818,114.00699615478516,116120400,0.0,0.0,APPLE,AAPL
2020-10-02 00:00:00-04:00,110.19992847147782,112.62083549619844,109.54589577865308,110.32682800292969,144712000,0.0,0.0,APPLE,AAPL
2020-10-05 00:00:00-04:00,111.19562846744361,113.87033459215822,110.84420635498853,113.72390747070312,106243800,0.0,0.0,APPLE,AAPL
2020-10-06 00:00:00-04:00,112.942968471818,113.35296590389312,109.5751818959247,110.4635009765625,161498200,0.0,0.0,APPLE,AAPL
2020-10-07 00:00:00-04:00,111.88870795937754,112.79654716767007,111.41037887013174,112.3377456665039,96849000,0.0,0.0,APPLE,AAPL
2020-10-08 00:00:00-04:00,113.4798516996223,113.62627880423697,111.85940465104595,112.23035430908203,83477200,0.0,0.0,APPLE,AAPL
2020-10-09 00:00:00-04:00,112.53298509308588,114.21200030629765,112.18156295787443,114.1827163696289,100506900,0.0,0.0,APPLE,AAPL
2020-10-12 00:00:00-04:00,117.19906101538244,122.19705807100242,116.43764900150893,121.4356460571289,240226800,0.0,0.0,APPLE,AAPL
2020-10-13 00:00:00-04:00,122.28490951265286,122.4020526865995,116.79883453234461,118.21427917480469,262330500,0.0,0.0,APPLE,AAPL
2020-10-14 00:00:00-04:00,118.11667206811924,120.09829768888693,116.76955898516985,118.3021469116211,150712000,0.0,0.0,APPLE,AAPL
2020-10-15 00:00:00-04:00,115.8909946467432,118.31189397818673,115.33457760747181,117.83357238769531,112559200,0.0,0.0,APPLE,AAPL
2020-10-16 00:00:00-04:00,118.38999361678148,118.65356390384362,115.9788505454113,116.18384552001953,115393800,0.0,0.0,APPLE,AAPL
2020-10-19 00:00:00-04:00,117.10147264505879,117.55051041279998,112.9039418000379,113.21631622314453,120639300,0.0,0.0,APPLE,AAPL
2020-10-20 00:00:00-04:00,113.43104244277143,116.14480348594866,112.87462539222047,114.70983123779297,124423700,0.0,0.0,APPLE,AAPL
2020-10-21 00:00:00-04:00,113.8898519974252,115.8812414376443,113.67509321746148,114.08509063720703,89946000,0.0,0.0,APPLE,AAPL
2020-10-22 00:00:00-04:00,114.65127071459953,115.22721542582593,111.85942130854261,112.99178314208984,101988000,0.0,0.0,APPLE,AAPL
2020-10-23 00:00:00-04:00,113.61652761786443,113.77271853280851,111.55680647449411,112.29869842529297,82572600,0.0,0.0,APPLE,AAPL
2020-10-26 00:00:00-04:00,111.29323030852764,113.77270492986723,110.19015258450182,112.3084487915039,111850700,0.0,0.0,APPLE,AAPL
2020-10-27 00:00:00-04:00,112.73797527774974,114.48532208435297,111.81061590078274,113.82152557373047,92276800,0.0,0.0,APPLE,AAPL
2020-10-28 00:00:00-04:00,112.30846534999783,112.67940761194099,108.45258581525088,108.55020141601562,143937800,0.0,0.0,APPLE,AAPL
2020-10-29 00:00:00-04:00,109.69231303804945,114.14364940384144,109.52635834556952,112.57201385498047,146129200,0.0,0.0,APPLE,AAPL
2020-10-30 00:00:00-04:00,108.41354139551972,109.32138066077655,105.15313405535431,106.2659683227539,190272600,0.0,0.0,APPLE,AAPL
2020-11-02 00:00:00-05:00,106.50998724278827,108.0425749664753,104.76264077032103,106.17808532714844,122866900,0.0,0.0,APPLE,AAPL
2020-11-03 00:00:00-05:00,107.04690696366637,108.83329409212905,106.13906770760467,107.80831909179688,107624400,0.0,0.0,APPLE,AAPL
2020-11-04 00:00:00-05:00,111.4201347222438,112.83557940582455,109.67278809330135,112.21083068847656,138235500,0.0,0.0,APPLE,AAPL
2020-11-05 00:00:00-05:00,115.13933731516576,116.76954813253197,114.08507856229832,116.193603515625,126387100,0.0,0.0,APPLE,AAPL
2020-11-06 00:00:00-05:00,115.69982115742681,116.5603310044695,113.55831598958902,116.06163024902344,114457900,0.205,0.0,APPLE,AAPL
2020-11-09 00:00:00-05:00,117.8315370062038,119.28853898482558,113.48008488932169,113.74410247802734,154515300,0.0,0.0,APPLE,AAPL
2020-11-10 00:00:00-05:00,112.99114291978354,114.98596046077127,111.60258321515705,113.40184020996094,138023400,0.0,0.0,APPLE,AAPL
2020-11-11 00:00:00-05:00,114.59482539259994,116.98078642695639,113.86143417104567,116.84388732910156,112295000,0.0,0.0,APPLE,AAPL
2020-11-12 00:00:00-05:00,116.97102302592603,117.86086723636039,115.94427224575213,116.57009887695312,103162300,0.0,0.0,APPLE,AAPL
2020-11-13 00:00:00-05:00,116.79500223348673,117.01990470303244,115.25977019970037,116.61898803710938,81581900,0.0,0.0,APPLE,AAPL
2020-11-16 00:00:00-05:00,116.2865111780058,118.31067066637605,115.53356613411366,117.63595581054688,91183000,0.0,0.0,APPLE,AAPL
2020-11-17 00:00:00-05:00,116.9025617517305,117.99775451631758,116.32562345429308,116.74610137939453,74271000,0.0,0.0,APPLE,AAPL
2020-11-18 00:00:00-05:00,115.98335629455732,117.1665596855725,115.38686428067794,115.41619873046875,76322100,0.0,0.0,APPLE,AAPL
2020-11-19 00:00:00-05:00,114.98596745236839,116.423415515833,114.22324173553615,116.0127182006836,74113000,0.0,0.0,APPLE,AAPL
2020-11-20 00:00:00-05:00,116.01273075249986,116.13984923224471,114.69262783358361,114.74151611328125,73604300,0.0,0.0,APPLE,AAPL
2020-11-23 00:00:00-05:00,114.58503980139257,115.01529835344873,111.2309971280372,111.32878112792969,127959300,0.0,0.0,APPLE,AAPL
2020-11-24 00:00:00-05:00,111.38746829481333,113.28450195004916,110.09669251350901,112.61956024169922,113874200,0.0,0.0,APPLE,AAPL
2020-11-25 00:00:00-05:00,112.99114404913823,114.1645670214996,112.61955438821877,113.46051025390625,76499200,0.0,0.0,APPLE,AAPL
2020-11-27 00:00:00-05:00,113.9885714852941,114.8881964087024,113.64632368404556,114.00812530517578,46691300,0.0,0.0,APPLE,AAPL
2020-11-30 00:00:00-05:00,114.37970265524602,118.29112272745515,114.22324227134564,116.41364288330078,169410200,0.0,0.0,APPLE,AAPL
2020-12-01 00:00:00-05:00,118.33024150407148,120.73576402805044,117.35238645560318,120.00237274169922,127728200,0.0,0.0,APPLE,AAPL
2020-12-02 00:00:00-05:00,119.31786165108991,120.63797184547548,118.2128882069106,120.3543930053711,89004200,0.0,0.0,APPLE,AAPL
2020-12-03 00:00:00-05:00,120.78463369128563,121.03887805363206,119.5036461625339,120.21748352050781,78967600,0.0,0.0,APPLE,AAPL
2020-12-04 00:00:00-05:00,119.88501813402209,120.1392625157906,118.8289329732372,119.54277038574219,78260400,0.0,0.0,APPLE,AAPL
2020-12-07 00:00:00-05:00,119.60144600465969,121.81140045533569,119.54277709036162,121.00955963134766,86712000,0.0,0.0,APPLE,AAPL
2020-12-08 00:00:00-05:00,121.61582191486363,122.21231402677293,120.3641613213804,121.62559509277344,82225500,0.0,0.0,APPLE,AAPL
2020-12-09 00:00:00-05:00,121.77227679520645,123.1608290458489,118.32044998517725,119.08317565917969,115089200,0.0,0.0,APPLE,AAPL
2020-12-10 00:00:00-05:00,117.83153582797534,121.12691009664137,117.48928804587463,120.51085662841797,81312200,0.0,0.0,APPLE,AAPL
2020-12-11 00:00:00-05:00,119.71878019553394,120.04147411514255,117.8804156003438,119.69922637939453,86939800,0.0,0.0,APPLE,AAPL
2020-12-14 00:00:00-05:00,119.88501642677728,120.61840764569368,118.84849255805,119.08317565917969,79184500,0.0,0.0,APPLE,AAPL
2020-12-15 00:00:00-05:00,121.58648066230148,125.06764935053899,121.38113201845924,125.04808807373047,157243700,0.0,0.0,APPLE,AAPL
2020-12-16 00:00:00-05:00,124.58852395599108,125.52725651199772,123.75734113873409,124.97966003417969,98208600,0.0,0.0,APPLE,AAPL
2020-12-17 00:00:00-05:00,126.04550545777673,126.71045462679722,125.20454954809055,125.84993743896484,94359800,0.0,0.0,APPLE,AAPL
2020-12-18 00:00:00-05:00,126.1041872805181,126.24108638359085,123.32707520295313,123.85511779785156,192541500,0.0,0.0,APPLE,AAPL
2020-12-21 00:00:00-05:00,122.25142161323427,125.46856526890375,120.71618965212184,125.39033508300781,121251600,0.0,0.0,APPLE,AAPL
2020-12-22 00:00:00-05:00,128.6954934124312,131.4334903171584,126.77889110285736,128.9595184326172,168904800,0.0,0.0,APPLE,AAPL
2020-12-23 00:00:00-05:00,129.2333291008579,129.49733922563573,127.8838843351233,128.05990600585938,88223700,0.0,0.0,APPLE,AAPL
2020-12-24 00:00:00-05:00,128.411916135144,130.50452508142843,128.19678685760132,129.04751586914062,54930100,0.0,0.0,APPLE,AAPL
2020-12-28 00:00:00-05:00,131.0228189408006,134.2986247912925,130.55343771852372,133.66302490234375,124486200,0.0,0.0,APPLE,AAPL
2020-12-29 00:00:00-05:00,134.99290309889795,135.71650634261294,131.36505401704343,131.88331604003906,121047300,0.0,0.0,APPLE,AAPL
2020-12-30 00:00:00-05:00,132.57758472850526,132.97850886568028,130.44585303687674,130.75877380371094,96452100,0.0,0.0,APPLE,AAPL
2020-12-31 00:00:00-05:00,131.1108048151708,131.7561927189475,128.80306633693473,129.7515869140625,99116600,0.0,0.0,APPLE,AAPL
2021-01-04 00:00:00-05:00,130.56319677250616,130.6512001367724,123.95289523825686,126.5442123413086,143301900,0.0,0.0,APPLE,AAPL
2021-01-05 00:00:00-05:00,126.03571704206242,128.8226094660816,125.58589722438096,128.1087646484375,97664900,0.0,0.0,APPLE,AAPL
2021-01-06 00:00:00-05:00,124.89164039803205,128.14789930215,123.5813108332451,123.79644012451172,155088000,0.0,0.0,APPLE,AAPL
2021-01-07 00:00:00-05:00,125.51743102697753,128.71502010281802,125.02850367254413,128.02073669433594,109578200,0.0,0.0,APPLE,AAPL
2021-01-08 00:00:00-05:00,129.4973377139866,129.69292066160676,127.34605957812093,129.12576293945312,105158200,0.0,0.0,APPLE,AAPL
2021-01-11 00:00:00-05:00,126.3291049190017,127.28739875555925,125.6543825011094,126.12374877929688,100384500,0.0,0.0,APPLE,AAPL
2021-01-12 00:00:00-05:00,125.65438674774201,126.81803676333126,124.05070489892532,125.94774627685547,91951100,0.0,0.0,APPLE,AAPL
2021-01-13 00:00:00-05:00,125.90861140857999,128.5390438917467,125.64460128697972,127.99144744873047,88636800,0.0,0.0,APPLE,AAPL
2021-01-14 00:00:00-05:00,127.90344329592908,128.09901132140328,125.90861064179391,126.0552978515625,90221800,0.0,0.0,APPLE,AAPL
2021-01-15 00:00:00-05:00,125.92817513139498,127.33628882412624,124.18759429479226,124.32449340820312,111598500,0.0,0.0,APPLE,AAPL
2021-01-19 00:00:00-05:00,124.95031843516219,125.8597314002734,124.12892376536658,124.99921417236328,90757300,0.0,0.0,APPLE,AAPL
2021-01-20 00:00:00-05:00,125.81083442514691,129.5560210604613,125.70326977271654,129.106201171875,104319500,0.0,0.0,APPLE,AAPL
2021-01-21 00:00:00-05:00,130.8370124442474,136.57701697846284,130.6316563126411,133.83901977539062,120150900,0.0,0.0,APPLE,AAPL
2021-01-22 00:00:00-05:00,133.2621016422452,136.7530517681992,132.03000949708334,135.99032592773438,114459400,0.0,0.0,APPLE,AAPL
2021-01-25 00:00:00-05:00,139.90172260354075,141.8769789688564,133.51631569933016,139.75503540039062,157611700,0.0,0.0,APPLE,AAPL
2021-01-26 00:00:00-05:00,140.41998943906498,141.10448498155603,138.23936196107263,139.98973083496094,98390600,0.0,0.0,APPLE,AAPL
2021-01-27 00:00:00-05:00,140.25371891703733,141.10446281272274,137.3006079089825,138.9140625,140843800,0.0,0.0,APPLE,AAPL
2021-01-28 00:00:00-05:00,136.43034911842764,138.84565243368124,133.67279054633673,134.0541534423828,142621100,0.0,0.0,APPLE,AAPL
2021-01-29 00:00:00-05:00,132.822059963538,133.71191168514858,127.3265190787023,129.0377655029297,177523800,0.0,0.0,APPLE,AAPL
2021-02-01 00:00:00-05:00,130.78810127267676,132.38200963670096,128.03054311559552,131.16946411132812,106239800,0.0,0.0,APPLE,AAPL
2021-02-02 00:00:00-05:00,132.72424395973647,133.29140160318417,131.6290512252896,132.00064086914062,83305400,0.0,0.0,APPLE,AAPL
2021-02-03 00:00:00-05:00,132.75361136470895,132.76339946569158,130.6512287356642,130.9739227294922,89880900,0.0,0.0,APPLE,AAPL
2021-02-04 00:00:00-05:00,133.28163010930348,134.35726158111493,131.60949161173116,134.3474884033203,84183100,0.0,0.0,APPLE,AAPL
2021-02-05 00:00:00-05:00,134.50911296207428,134.57765733933653,133.04992615255156,133.93130493164062,75693800,0.205,0.0,APPLE,AAPL
2021-02-08 00:00:00-05:00,133.21636782694236,134.12713956998047,132.12932635870976,134.0781707763672,71297200,0.0,0.0,APPLE,AAPL
2021-02-09 00:00:00-05:00,133.79419141675652,135.0281395487588,133.0401286062898,133.19680786132812,76774200,0.0,0.0,APPLE,AAPL
2021-02-10 00:00:00-05:00,133.65706590073773,134.15652670809476,131.62008648609935,132.58961486816406,73046600,0.0,0.0,APPLE,AAPL
2021-02-11 00:00:00-05:00,133.08905410484374,133.56892438093112,131.00312094041448,132.33499145507812,64280000,0.0,0.0,APPLE,AAPL
2021-02-12 00:00:00-05:00,131.57114601186336,132.72673203035987,130.92479369142617,132.57003784179688,60145100,0.0,0.0,APPLE,AAPL
2021-02-16 00:00:00-05:00,132.68753422677702,133.19676780306924,130.0433689923808,130.4351043701172,80576300,0.0,0.0,APPLE,AAPL
2021-02-17 00:00:00-05:00,128.53522064251587,129.48515832576604,126.7920394170657,128.13369750976562,97918500,0.0,0.0,APPLE,AAPL
2021-02-18 00:00:00-05:00,126.52763122864732,127.31108706073341,124.77466206642438,127.02709197998047,96856700,0.0,0.0,APPLE,AAPL
2021-02-19 00:00:00-05:00,127.54614162419251,128.00642141328152,126.13592396767972,127.18378448486328,87668800,0.0,0.0,APPLE,AAPL
2021-02-22 00:00:00-05:00,125.36226484125724,127.03690216446014,123.0021166193663,123.39384460449219,103916400,0.0,0.0,APPLE,AAPL
2021-02-23 00:00:00-05:00,121.20018174470592,124.08916170674335,115.9412507684533,123.25674438476562,158273000,0.0,0.0,APPLE,AAPL
2021-02-24 00:00:00-05:00,122.35577030880219,122.96294158036311,119.70182426240041,122.75728607177734,111039900,0.0,0.0,APPLE,AAPL
2021-02-25 00:00:00-05:00,122.10115193451716,123.8443336867004,118.04678320459273,118.48747253417969,148199500,0.0,0.0,APPLE,AAPL
2021-02-26 00:00:00-05:00,120.05439246678684,122.2676495966015,118.69314328464725,118.75190734863281,164560400,0.0,0.0,APPLE,AAPL
2021-03-01 00:00:00-05:00,121.19037427317316,125.28391610304169,120.25023166025078,125.14681243896484,116307900,0.0,0.0,APPLE,AAPL
2021-03-02 00:00:00-05:00,125.75398676437746,126.05757237117307,122.42431045653072,122.53203582763672,102260900,0.0,0.0,APPLE,AAPL
2021-03-03 00:00:00-05:00,122.22845904908286,123.10984517040185,119.31988858452522,119.53533935546875,112966300,0.0,0.0,APPLE,AAPL
2021-03-04 00:00:00-05:00,119.23175102515427,121.04348455668053,116.16649391444423,117.64525604248047,178155000,0.0,0.0,APPLE,AAPL
2021-03-05 00:00:00-05:00,118.47767529541255,119.41781793599817,115.13820351970436,118.9085693359375,153766600,0.0,0.0,APPLE,AAPL
2021-03-08 00:00:00-05:00,118.4286985462141,118.49725037566702,113.80632526999003,113.9532241821289,154376600,0.0,0.0,APPLE,AAPL
2021-03-09 00:00:00-05:00,116.56799931968267,119.53532603787087,116.33296553737974,118.58538818359375,129525800,0.0,0.0,APPLE,AAPL
2021-03-10 00:00:00-05:00,119.17299720542609,119.64306482272417,116.97932341940151,117.49836730957031,111943300,0.0,0.0,APPLE,AAPL
2021-03-11 00:00:00-05:00,120.00540599736276,120.66154604698784,118.75188247820154,119.4374008178711,103026500,0.0,0.0,APPLE,AAPL
2021-03-12 00:00:00-05:00,117.90966772232956,118.66373788163727,116.69531777016583,118.5266342163086,88105100,0.0,0.0,APPLE,AAPL
2021-03-15 00:00:00-04:00,118.89879236104339,121.43521792323804,117.92926387065968,121.42542266845703,92403800,0.0,0.0,APPLE,AAPL
2021-03-16 00:00:00-04:00,123.10004095769754,124.58860573684278,122.14031528444951,122.97273254394531,115227900,0.0,0.0,APPLE,AAPL
2021-03-17 00:00:00-04:00,121.48418312807976,123.25674313985047,119.80954577485848,122.17949676513672,111932600,0.0,0.0,APPLE,AAPL
2021-03-18 00:00:00-04:00,120.3383712370296,120.63216908388519,117.8313241711299,118.03697967529297,121229700,0.0,0.0,APPLE,AAPL
2021-03-19 00:00:00-04:00,117.42001332213687,118.91836590563635,117.2045625636957,117.50814819335938,185549500,0.0,0.0,APPLE,AAPL
2021-03-22 00:00:00-04:00,117.84111686267951,121.30789701087852,117.77256502944914,120.83782196044922,111912300,0.0,0.0,APPLE,AAPL
2021-03-23 00:00:00-04:00,120.77907762160507,121.67025154391781,119.6136888669905,120.00541687011719,95467100,0.0,0.0,APPLE,AAPL
2021-03-24 00:00:00-04:00,120.27961562028884,120.35796270962354,117.58649606502367,117.6060791015625,88530500,0.0,0.0,APPLE,AAPL
2021-03-25 00:00:00-04:00,117.06746370748277,119.14361681685605,116.53863204363516,118.09574127197266,98844700,0.0,0.0,APPLE,AAPL
2021-03-26 00:00:00-04:00,117.86069887793691,118.96733092540138,116.4602764641392,118.70291137695312,94071200,0.0,0.0,APPLE,AAPL
2021-03-29 00:00:00-04:00,119.13382047799135,120.0445848677289,118.23285134256643,118.87919616699219,80819200,0.0,0.0,APPLE,AAPL
2021-03-30 00:00:00-04:00,117.62566893236145,117.90967152587207,116.40152368701725,117.42001342773438,85671900,0.0,0.0,APPLE,AAPL
2021-03-31 00:00:00-04:00,119.13380842785402,120.96512480481803,118.64415036400882,119.62346649169922,118323800,0.0,0.0,APPLE,AAPL
2021-04-01 00:00:00-04:00,121.10225442894621,121.61149560560744,119.95644870617548,120.45590209960938,75089100,0.0,0.0,APPLE,AAPL
2021-04-05 00:00:00-04:00,121.30789545708805,123.55053036059856,120.52443954027073,123.29590606689453,88651200,0.0,0.0,APPLE,AAPL
2021-04-06 00:00:00-04:00,123.8834975246027,124.50046403198856,123.05108026085016,123.59949493408203,80171300,0.0,0.0,APPLE,AAPL
2021-04-07 00:00:00-04:00,123.227370330931,125.27413778679839,122.55163970119949,125.25455474853516,83466700,0.0,0.0,APPLE,AAPL
2021-04-08 00:00:00-04:00,126.2828489259634,127.69306695670997,125.86175003957298,127.66368865966797,88844600,0.0,0.0,APPLE,AAPL
2021-04-09 00:00:00-04:00,127.11524511923089,130.2882200278853,126.79206898164956,130.24905395507812,106686700,0.0,0.0,APPLE,AAPL
2021-04-12 00:00:00-04:00,129.7789904931529,130.1021666410129,127.9280834231761,128.5254669189453,91420000,0.0,0.0,APPLE,AAPL
2021-04-13 00:00:00-04:00,129.7006453418087,131.87472859216342,129.20118449529105,131.64947509765625,91266500,0.0,0.0,APPLE,AAPL
2021-04-14 00:00:00-04:00,132.14893180014175,132.2076883818472,128.93677582602234,129.2991180419922,87222800,0.0,0.0,APPLE,AAPL
2021-04-15 00:00:00-04:00,131.05210497373625,132.2076909515494,130.87582028201402,131.71803283691406,89347100,0.0,0.0,APPLE,AAPL
2021-04-16 00:00:00-04:00,131.52218975184192,131.88453202216365,130.5232828834735,131.3850860595703,84922400,0.0,0.0,APPLE,AAPL
2021-04-19 00:00:00-04:00,130.74847229706486,132.66793821028534,130.58199037213484,132.05096435546875,94264200,0.0,0.0,APPLE,AAPL
2021-04-20 00:00:00-04:00,132.22729402668483,132.72673997153393,129.08368205696783,130.35679626464844,94812300,0.0,0.0,APPLE,AAPL
2021-04-21 00:00:00-04:00,129.62228866171944,130.98353753822127,128.58421591400736,130.73870849609375,68847100,0.0,0.0,APPLE,AAPL
2021-04-22 00:00:00-04:00,130.2882529146153,131.3752947633459,128.69197727495697,129.2110137939453,84566500,0.0,0.0,APPLE,AAPL
2021-04-23 00:00:00-04:00,129.42643666058186,132.325204335831,129.42643666058186,131.54176330566406,78657500,0.0,0.0,APPLE,AAPL
2021-04-26 00:00:00-04:00,132.0411970528991,132.2664355811857,130.79746137003406,131.9334716796875,66905100,0.0,0.0,APPLE,AAPL
2021-04-27 00:00:00-04:00,132.21749238795275,132.6092278860221,131.33611366786397,131.61032104492188,66015800,0.0,0.0,APPLE,AAPL
2021-04-28 00:00:00-04:00,131.53195903398662,132.22728012474528,130.3274042682398,130.8170623779297,107760100,0.0,0.0,APPLE,AAPL
2021-04-29 00:00:00-04:00,133.64727689450586,134.23487256489253,129.71042176654404,130.7191162109375,151101000,0.0,0.0,APPLE,AAPL
2021-04-30 00:00:00-04:00,129.05430974652202,130.79749168566087,128.359003493602,128.74093627929688,109839500,0.0,0.0,APPLE,AAPL
2021-05-03 00:00:00-04:00,129.30891060237565,131.29693633033506,129.10326255880813,129.79856872558594,75135100,0.0,0.0,APPLE,AAPL
2021-05-04 00:00:00-04:00,128.47650184085842,128.77029970589498,124.07936647785237,125.20558166503906,137564700,0.0,0.0,APPLE,AAPL
2021-05-05 00:00:00-04:00,126.52764777021792,127.751792998148,125.32309305002485,125.45040893554688,84000900,0.0,0.0,APPLE,AAPL
2021-05-06 00:00:00-04:00,125.24473958535246,127.06626818949547,124.50045723262143,127.05648040771484,78128300,0.0,0.0,APPLE,AAPL
2021-05-07 00:00:00-04:00,128.3611943026217,128.7633845865013,127.01724199184983,127.73336791992188,78973300,0.22,0.0,APPLE,AAPL
2021-05-10 00:00:00-04:00,126.9485841924531,127.07610137244308,124.39803103278507,124.43727111816406,88071200,0.0,0.0,APPLE,AAPL
2021-05-11 00:00:00-04:00,121.15098741607423,123.86829776786942,120.43486897470133,123.51515197753906,126142800,0.0,0.0,APPLE,AAPL
2021-05-12 00:00:00-04:00,121.05288982587079,122.26930249143895,119.92476173599708,120.43486785888672,112172300,0.0,0.0,APPLE,AAPL
2021-05-13 00:00:00-04:00,122.21044375165756,123.7505814669759,121.89653057032774,122.59302520751953,105861300,0.0,0.0,APPLE,AAPL
2021-05-14 00:00:00-04:00,123.84868340711706,125.45748946807893,123.45629004204031,125.0258560180664,81918000,0.0,0.0,APPLE,AAPL
2021-05-17 00:00:00-04:00,124.40785853670586,124.5157669139689,122.78924036204212,123.86831665039062,74244600,0.0,0.0,APPLE,AAPL
2021-05-18 00:00:00-04:00,124.15279336414982,124.57461495126144,122.4066506263375,122.4753189086914,63342900,0.0,0.0,APPLE,AAPL
2021-05-19 00:00:00-04:00,120.81746165373089,122.54398051145846,120.52316475438042,122.318359375,92612000,0.0,0.0,APPLE,AAPL
2021-05-20 00:00:00-04:00,122.84808726328852,125.29072454392407,122.72055511635658,124.88851928710938,76857100,0.0,0.0,APPLE,AAPL
2021-05-21 00:00:00-04:00,125.38881405695588,125.56539068698066,122.82845666373672,123.04427337646484,79295400,0.0,0.0,APPLE,AAPL
2021-05-24 00:00:00-04:00,123.61325372798002,125.50654484276669,123.54458544855382,124.6825180053711,63092900,0.0,0.0,APPLE,AAPL
2021-05-25 00:00:00-04:00,125.38881998762746,125.87931730247865,123.91735049591648,124.48632049560547,72009500,0.0,0.0,APPLE,AAPL
2021-05-26 00:00:00-04:00,124.54517948188607,124.96700104435908,124.01544955569106,124.43727111816406,56575900,0.0,0.0,APPLE,AAPL
2021-05-27 00:00:00-04:00,124.03507289257355,125.21224551256824,122.7009399316297,122.89713287353516,94625600,0.0,0.0,APPLE,AAPL
2021-05-28 00:00:00-04:00,123.18162305528226,123.40725168380898,122.18102703466255,122.23988342285156,71311100,0.0,0.0,APPLE,AAPL
2021-06-01 00:00:00-04:00,122.7009396887318,122.96580090820794,121.58262345666635,121.91615295410156,67637100,0.0,0.0,APPLE,AAPL
2021-06-02 00:00:00-04:00,121.91615721378537,122.85789683767693,121.69053607158575,122.68132019042969,59278900,0.0,0.0,APPLE,AAPL
2021-06-03 00:00:00-04:00,122.30853986689682,122.47530460681385,120.78801845539775,121.19022369384766,76229200,0.0,0.0,APPLE,AAPL
2021-06-04 00:00:00-04:00,121.71014648753794,123.7603978750087,121.49432976419565,123.49552917480469,75169300,0.0,0.0,APPLE,AAPL
2021-06-07 00:00:00-04:00,123.77019414528634,123.91734258191596,122.45568507576401,123.50533294677734,71057600,0.0,0.0,APPLE,AAPL
2021-06-08 00:00:00-04:00,124.19201678624117,126.01664693882614,123.80943533813993,124.32935333251953,74403800,0.0,0.0,APPLE,AAPL
2021-06-09 00:00:00-04:00,124.79040948266417,125.320139345526,124.11353118829405,124.71192932128906,56877900,0.0,0.0,APPLE,AAPL
2021-06-10 00:00:00-04:00,124.60402943024918,125.75178128651456,123.54457711687593,123.71134185791016,71186400,0.0,0.0,APPLE,AAPL
2021-06-11 00:00:00-04:00,124.12335424741363,125.01604932374462,123.70153269741957,124.9277572631836,53522400,0.0,0.0,APPLE,AAPL
2021-06-14 00:00:00-04:00,125.38882781085549,128.05708636883946,124.65309301909622,127.99822998046875,96906500,0.0,0.0,APPLE,AAPL
2021-06-15 00:00:00-04:00,127.46850650280223,128.1159567068562,126.9289646660906,127.17420959472656,62746300,0.0,0.0,APPLE,AAPL
2021-06-16 00:00:00-04:00,127.89030859676143,128.40042219166403,126.01664889387273,127.67449188232422,91815000,0.0,0.0,APPLE,AAPL
2021-06-17 00:00:00-04:00,127.33118491370836,130.02887944591166,127.18402895808596,129.2833251953125,96721700,0.0,0.0,APPLE,AAPL
2021-06-18 00:00:00-04:00,128.22386736954957,129.00863918038294,127.76280569797542,127.97862243652344,108953300,0.0,0.0,APPLE,AAPL
2021-06-21 00:00:00-04:00,127.821640717313,129.8915082047492,126.75237658053705,129.78359985351562,79663300,0.0,0.0,APPLE,AAPL
2021-06-22 00:00:00-04:00,129.61685242173547,131.5297598411162,129.11654319535432,131.43165588378906,74783600,0.0,0.0,APPLE,AAPL
2021-06-23 00:00:00-04:00,131.22568871909408,131.76523067139544,130.69595117735614,131.15701293945312,60214200,0.0,0.0,APPLE,AAPL
2021-06-24 00:00:00-04:00,131.89272517727548,132.07911372585278,130.4016317572202,130.8725128173828,68711000,0.0,0.0,APPLE,AAPL
2021-06-25 00:00:00-04:00,130.92156545642365,131.3433795686376,130.28391963079545,130.57821655273438,70783700,0.0,0.0,APPLE,AAPL
2021-06-28 00:00:00-04:00,130.8725084917287,132.67750759033626,130.81365210329452,132.21644592285156,62111300,0.0,0.0,APPLE,AAPL
2021-06-29 00:00:00-04:00,132.23604102282658,133.89389879071305,131.7946032367677,133.7369384765625,64556100,0.0,0.0,APPLE,AAPL
2021-06-30 00:00:00-04:00,133.57999815698017,134.79641832088436,133.2857012660367,134.35498046875,63261400,0.0,0.0,APPLE,AAPL
2021-07-01 00:00:00-04:00,134.00181834511997,134.7179292565666,133.17778411117737,134.65907287597656,52485800,0.0,0.0,APPLE,AAPL
2021-07-02 00:00:00-04:00,135.27708203046927,137.3371451958311,135.1299410766124,137.29791259765625,78852600,0.0,0.0,APPLE,AAPL
2021-07-06 00:00:00-04:00,137.40583342811385,140.4272377243952,137.40583342811385,139.31874084472656,108181800,0.0,0.0,APPLE,AAPL
2021-07-07 00:00:00-04:00,140.8098133882063,142.1341419126618,139.94656146861553,141.8202362060547,104911600,0.0,0.0,APPLE,AAPL
2021-07-08 00:00:00-04:00,138.8871036011299,141.31992899374495,137.99440850816325,140.51553344726562,105575500,0.0,0.0,APPLE,AAPL
2021-07-09 00:00:00-04:00,140.03481768896486,142.87965213094947,139.93671375569977,142.3499298095703,99890800,0.0,0.0,APPLE,AAPL
2021-07-12 00:00:00-04:00,143.42903814831215,143.53694650624914,141.26106658196366,141.75155639648438,76299700,0.0,0.0,APPLE,AAPL
2021-07-13 00:00:00-04:00,141.29049524015778,144.6552631625385,140.89810937466933,142.869873046875,100827100,0.0,0.0,APPLE,AAPL
2021-07-14 00:00:00-04:00,145.2830785316899,146.72511967947904,144.8710539449843,146.31309509277344,127050800,0.0,0.0,APPLE,AAPL
2021-07-15 00:00:00-04:00,146.40140738040222,147.1469465207586,144.29229216580114,145.65585327148438,106820300,0.0,0.0,APPLE,AAPL
2021-07-16 00:00:00-04:00,145.63625655346422,146.91151822105974,143.1053270668445,143.60562133789062,93251400,0.0,0.0,APPLE,AAPL
2021-07-19 00:00:00-04:00,141.01584680711036,141.3297675292612,138.97540701882156,139.74057006835938,121434600,0.0,0.0,APPLE,AAPL
2021-07-20 00:00:00-04:00,140.73134040588818,144.3021055613893,140.24085060448107,143.3701629638672,96350000,0.0,0.0,APPLE,AAPL
2021-07-21 00:00:00-04:00,142.76199261630347,143.35058649824077,141.87911676196177,142.63446044921875,74993500,0.0,0.0,APPLE,AAPL
2021-07-22 00:00:00-04:00,143.16418458989693,145.38119339718892,143.03665243470164,144.00782775878906,77338200,0.0,0.0,APPLE,AAPL
2021-07-23 00:00:00-04:00,144.74353004601699,145.89127427927951,144.12550816327587,145.73431396484375,71447400,0.0,0.0,APPLE,AAPL
2021-07-26 00:00:00-04:00,145.44985192591886,146.98017773264982,144.8906863596189,146.15615844726562,72434100,0.0,0.0,APPLE,AAPL
2021-07-27 00:00:00-04:00,146.28368684924823,146.37198639761627,142.78159713322313,143.9783935546875,104818600,0.0,0.0,APPLE,AAPL
2021-07-28 00:00:00-04:00,142.05567786255799,144.17459775469044,139.82884959716242,142.22244262695312,118931200,0.0,0.0,APPLE,AAPL
2021-07-29 00:00:00-04:00,141.93794538991892,143.76256810470676,141.8300370316254,142.869873046875,56699500,0.0,0.0,APPLE,AAPL
2021-07-30 00:00:00-04:00,141.63384765830753,143.5467549956197,141.36897895973763,143.085693359375,70440600,0.0,0.0,APPLE,AAPL
2021-08-02 00:00:00-04:00,143.57618608404002,144.15496050085218,142.4872980441341,142.75216674804688,62880000,0.0,0.0,APPLE,AAPL
2021-08-03 00:00:00-04:00,143.03663799784874,145.22421838984877,142.41861603866508,144.55715942382812,64786600,0.0,0.0,APPLE,AAPL
2021-08-04 00:00:00-04:00,144.46888896008065,144.9789876420746,143.49771363915664,144.15496826171875,56368300,0.0,0.0,APPLE,AAPL
2021-08-05 00:00:00-04:00,144.184398242406,145.02804141900194,143.3898070466071,144.26287841796875,46397700,0.0,0.0,APPLE,AAPL
2021-08-06 00:00:00-04:00,143.7814704987235,144.52812661902823,143.07410575696633,143.5751495361328,54126800,0.22,0.0,APPLE,AAPL
2021-08-09 00:00:00-04:00,143.6341167997497,144.1253415596606,142.96605832194606,143.5260467529297,48908700,0.0,0.0,APPLE,AAPL
2021-08-10 00:00:00-04:00,143.86991651128199,145.11763165469733,142.7499246082686,143.04466247558594,69023100,0.0,0.0,APPLE,AAPL
2021-08-11 00:00:00-04:00,143.48673186366062,144.1449711351965,142.97585399956282,143.30006408691406,48493500,0.0,0.0,APPLE,AAPL
2021-08-12 00:00:00-04:00,143.6242607054973,146.43406620805658,143.28039746573856,146.27687072753906,72282600,0.0,0.0,APPLE,AAPL
2021-08-13 00:00:00-04:00,146.3554921096055,146.81724453884937,145.66778050998334,146.48321533203125,59375000,0.0,0.0,APPLE,AAPL
2021-08-16 00:00:00-04:00,145.93302176479665,148.53652157099688,143.89935937896763,148.46774291992188,103296000,0.0,0.0,APPLE,AAPL
2021-08-17 00:00:00-04:00,147.59336852823333,149.0179171538943,146.47337681670123,147.5540771484375,92229700,0.0,0.0,APPLE,AAPL
2021-08-18 00:00:00-04:00,147.1709497468386,148.0748015594601,143.5849997934154,143.79132080078125,86326000,0.0,0.0,APPLE,AAPL
2021-08-19 00:00:00-04:00,142.48464686095633,145.40252301534065,141.9639498359238,144.12533569335938,86960300,0.0,0.0,APPLE,AAPL
2021-08-20 00:00:00-04:00,144.85236570991853,145.89375984628978,144.20394540165282,145.58920288085938,60549600,0.0,0.0,APPLE,AAPL
2021-08-23 00:00:00-04:00,145.7070661365483,147.5540757805797,145.2944391930709,147.08250427246094,60131800,0.0,0.0,APPLE,AAPL
2021-08-24 00:00:00-04:00,146.82703450199665,148.21229151485676,146.5322967346456,146.99404907226562,48606400,0.0,0.0,APPLE,AAPL
2021-08-25 00:00:00-04:00,147.18072830675177,147.68178704763378,145.20601059611982,145.7561798095703,58991300,0.0,0.0,APPLE,AAPL
2021-08-26 00:00:00-04:00,145.7464040677533,146.50287946577953,144.9211350111019,144.9506072998047,48597200,0.0,0.0,APPLE,AAPL
2021-08-27 00:00:00-04:00,144.89163559653989,146.13935055166783,144.25304947287754,145.9919891357422,55802400,0.0,0.0,APPLE,AAPL
2021-08-30 00:00:00-04:00,146.38494611590463,150.7961488821928,146.00179148745548,150.43263244628906,90956700,0.0,0.0,APPLE,AAPL
2021-08-31 00:00:00-04:00,149.98068725951535,150.11822953759534,148.6347217622498,149.16525268554688,86453100,0.0,0.0,APPLE,AAPL
2021-09-01 00:00:00-04:00,150.1477344904575,152.2599945758974,149.66632891691185,149.83334350585938,80313700,0.0,0.0,APPLE,AAPL
2021-09-02 00:00:00-04:00,151.169478682178,152.00456663709258,149.7252769193417,150.95333862304688,71115500,0.0,0.0,APPLE,AAPL
2021-09-03 00:00:00-04:00,151.06138796700714,151.91612898961347,150.4031487828757,151.5919189453125,57808700,0.0,0.0,APPLE,AAPL
2021-09-07 00:00:00-04:00,152.25018823508333,154.49999081703118,151.68036577099878,153.94000244140625,82278300,0.0,0.0,APPLE,AAPL
2021-09-08 00:00:00-04:00,154.22493228194773,154.28387685872846,151.27758351498204,152.38775634765625,74420200,0.0,0.0,APPLE,AAPL
2021-09-09 00:00:00-04:00,152.7610583660542,153.3701721800447,151.24807793706208,151.36598205566406,57305700,0.0,0.0,APPLE,AAPL
2021-09-10 00:00:00-04:00,152.27966839354463,152.75123994335087,146.0902337122543,146.35549926757812,140893200,0.0,0.0,APPLE,AAPL
2021-09-13 00:00:00-04:00,147.9863246221436,148.76245287747972,146.1393153686051,146.92527770996094,102404300,0.0,0.0,APPLE,AAPL
2021-09-14 00:00:00-04:00,147.71125847805982,148.4186231744242,144.33163048231586,145.5203857421875,109296300,0.0,0.0,APPLE,AAPL
2021-09-15 00:00:00-04:00,145.95269151748204,146.8172518520657,143.8011247699999,146.41444396972656,83281300,0.0,0.0,APPLE,AAPL
2021-09-16 00:00:00-04:00,145.8348168056701,146.35551387933458,144.63622712904862,146.1786651611328,68034100,0.0,0.0,APPLE,AAPL
2021-09-17 00:00:00-04:00,146.20809025463458,146.20809025463458,143.20178325177613,143.49652099609375,129868800,0.0,0.0,APPLE,AAPL
2021-09-20 00:00:00-04:00,141.27624262800742,142.29798352303587,138.7906465653713,140.43133544921875,123478900,0.0,0.0,APPLE,AAPL
2021-09-21 00:00:00-04:00,141.40392914762927,142.06218341070516,140.27411838035584,140.91270446777344,75834000,0.0,0.0,APPLE,AAPL
2021-09-22 00:00:00-04:00,141.9148145146439,143.86006015223413,141.1779774559064,143.29025268554688,76404300,0.0,0.0,APPLE,AAPL
2021-09-23 00:00:00-04:00,144.07620306491208,144.4986641155713,143.08393453632246,144.2530517578125,64838200,0.0,0.0,APPLE,AAPL
2021-09-24 00:00:00-04:00,143.1035954869165,144.881826655015,143.00534454208665,144.3414764404297,53477900,0.0,0.0,APPLE,AAPL
2021-09-27 00:00:00-04:00,142.9169154872246,143.39832109021594,141.2958799728265,142.81866455078125,74150700,0.0,0.0,APPLE,AAPL
2021-09-28 00:00:00-04:00,140.73588172272164,142.20955587688627,139.20326300094865,139.41940307617188,108972300,0.0,0.0,APPLE,AAPL
2021-09-29 00:00:00-04:00,139.96957504287542,141.914820766156,139.53729488414885,140.32325744628906,74602000,0.0,0.0,APPLE,AAPL
2021-09-30 00:00:00-04:00,141.1386495641673,141.84601415684546,138.80041577220425,139.0165557861328,89056700,0.0,0.0,APPLE,AAPL
2021-10-01 00:00:00-04:00,139.40958617193502,140.41168891776826,136.6685585033504,140.14642333984375,94639600,0.0,0.0,APPLE,AAPL
2021-10-04 00:00:00-04:00,139.27204156530894,139.71415585164613,135.84330226071648,136.69802856445312,98322000,0.0,0.0,APPLE,AAPL
2021-10-05 00:00:00-04:00,137.04190501596315,139.74364151286483,136.914181766265,138.6334686279297,80861100,0.0,0.0,APPLE,AAPL
2021-10-06 00:00:00-04:00,137.02220177133304,139.6551586362684,135.94150157095734,139.50779724121094,83221100,0.0,0.0,APPLE,AAPL
2021-10-07 00:00:00-04:00,140.5492178228683,141.6888627981477,140.21518860317957,140.77517700195312,61732700,0.0,0.0,APPLE,AAPL
2021-10-08 00:00:00-04:00,141.50223230953532,141.64959377148926,140.05803001841417,140.39205932617188,58773200,0.0,0.0,APPLE,AAPL
2021-10-11 00:00:00-04:00,139.77307281576375,142.26848756147706,139.32113952004272,140.3035888671875,64452200,0.0,0.0,APPLE,AAPL
2021-10-12 00:00:00-04:00,140.7162117326742,140.7358649165263,138.56464532596834,139.02639770507812,73035900,0.0,0.0,APPLE,AAPL
2021-10-13 00:00:00-04:00,138.76117608402888,138.918356614623,136.75697066130587,138.4369659423828,78762700,0.0,0.0,APPLE,AAPL
2021-10-14 00:00:00-04:00,139.61591783853748,141.35485788509578,139.02644206279143,141.23695373535156,69907100,0.0,0.0,APPLE,AAPL
2021-10-15 00:00:00-04:00,141.246745378741,142.3569029356858,140.9912989568878,142.29795837402344,67940300,0.0,0.0,APPLE,AAPL
2021-10-18 00:00:00-04:00,140.93235215706065,144.26285475697728,140.64744844988806,143.9779510498047,85589200,0.0,0.0,APPLE,AAPL
2021-10-19 00:00:00-04:00,144.42988344158726,146.55197778080822,143.97796510457943,146.149169921875,76378900,0.0,0.0,APPLE,AAPL
2021-10-20 00:00:00-04:00,146.0902268374488,147.12180173428422,145.52040437071122,146.64039611816406,58418800,0.0,0.0,APPLE,AAPL
2021-10-21 00:00:00-04:00,146.19829754485934,147.0137323721567,145.2747926804265,146.85653686523438,61421000,0.0,0.0,APPLE,AAPL
2021-10-22 00:00:00-04:00,147.06286328651325,147.54425393167557,146.03128834675383,146.08041381835938,58883400,0.0,0.0,APPLE,AAPL
2021-10-25 00:00:00-04:00,146.0705566352679,146.7484490596756,145.0291627622304,146.03126525878906,50720600,0.0,0.0,APPLE,AAPL
2021-10-26 00:00:00-04:00,146.7091751766454,148.19266841914728,146.3947841633798,146.69935607910156,60893400,0.0,0.0,APPLE,AAPL
2021-10-27 00:00:00-04:00,146.738653697107,147.10215520453022,145.88392745381918,146.23760986328125,56094900,0.0,0.0,APPLE,AAPL
2021-10-28 00:00:00-04:00,147.19058275713044,150.48177939683748,147.09233181642745,149.89231872558594,100077900,0.0,0.0,APPLE,AAPL
2021-10-29 00:00:00-04:00,144.6361926076438,147.30845600384407,143.84041104314798,147.17091369628906,124953200,0.0,0.0,APPLE,AAPL
2021-11-01 00:00:00-04:00,146.375175414549,147.07270625519763,145.206057959133,146.345703125,74588300,0.0,0.0,APPLE,AAPL
2021-11-02 00:00:00-04:00,146.05092273897117,148.90985392123366,146.04108865132204,147.38705444335938,69122000,0.0,0.0,APPLE,AAPL
2021-11-03 00:00:00-04:00,147.75055280214167,149.30282452841442,147.19056448442203,148.8312530517578,54511500,0.0,0.0,APPLE,AAPL
2021-11-04 00:00:00-04:00,148.9196912619551,149.75476431013496,147.99618636903574,148.31057739257812,60394600,0.0,0.0,APPLE,AAPL
2021-11-05 00:00:00-04:00,149.4420272974096,149.74702870500494,147.6415191356496,148.84185791015625,65463900,0.22,0.0,APPLE,AAPL
2021-11-08 00:00:00-05:00,148.9697640561292,149.12718897664993,147.73991001368617,148.01539611816406,55020900,0.0,0.0,APPLE,AAPL
2021-11-09 00:00:00-05:00,147.77927088505552,148.9894431586947,147.64152782149387,148.3794403076172,56787900,0.0,0.0,APPLE,AAPL
2021-11-10 00:00:00-05:00,147.60217160362046,147.71039936327392,145.46714672033556,145.5360107421875,65187100,0.0,0.0,APPLE,AAPL
2021-11-11 00:00:00-05:00,146.55922985309232,147.02164108775477,145.2998457018592,145.48678588867188,41000000,0.0,0.0,APPLE,AAPL
2021-11-12 00:00:00-05:00,146.03779178657453,147.97604309887336,145.10310564919584,147.57266235351562,63804000,0.0,0.0,APPLE,AAPL
2021-11-15 00:00:00-05:00,147.9465210157881,149.4321943467607,147.0216683492437,147.58248901367188,59222800,0.0,0.0,APPLE,AAPL
2021-11-16 00:00:00-05:00,147.52344670283009,149.0484686374174,146.93311078851696,148.5663604736328,59256200,0.0,0.0,APPLE,AAPL
2021-11-17 00:00:00-05:00,148.56637582945865,152.50190896401386,148.55654240125457,151.01625061035156,88807000,0.0,0.0,APPLE,AAPL
2021-11-18 00:00:00-05:00,151.2327099234506,156.1127627253802,150.58334333688865,155.32565307617188,137827700,0.0,0.0,APPLE,AAPL
2021-11-19 00:00:00-05:00,155.10917788012807,158.42487441741085,154.007233518679,157.9624481201172,117305600,0.0,0.0,APPLE,AAPL
2021-11-22 00:00:00-05:00,159.07423249970904,163.02944726502406,158.40519911335653,158.4248809814453,117467900,0.0,0.0,APPLE,AAPL
2021-11-23 00:00:00-05:00,158.5232592097014,159.19230760433507,156.49646218357938,158.80859375,96041900,0.0,0.0,APPLE,AAPL
2021-11-24 00:00:00-05:00,158.15923934551347,159.52683652223214,157.06712828979803,159.33006286621094,69463600,0.0,0.0,APPLE,AAPL
2021-11-26 00:00:00-05:00,156.9982419546842,157.86404892070965,153.83997042740458,154.28271484375,76959800,0.0,0.0,APPLE,AAPL
2021-11-29 00:00:00-05:00,156.80149717050645,158.5921722162636,156.23084298052459,157.65748596191406,88748200,0.0,0.0,APPLE,AAPL
2021-11-30 00:00:00-05:00,157.4114921922105,162.85236555793716,157.34261315607515,162.6359100341797,174048100,0.0,0.0,APPLE,AAPL
2021-12-01 00:00:00-05:00,164.78075601319688,167.55531387504132,161.87830354264165,162.11444091796875,152052500,0.0,0.0,APPLE,AAPL
2021-12-02 00:00:00-05:00,156.1816292767735,161.55362330337118,155.2567766388586,161.12071228027344,136739200,0.0,0.0,APPLE,AAPL
2021-12-03 00:00:00-05:00,161.37653219165813,162.3013848333752,157.1458312842644,159.23165893554688,118023100,0.0,0.0,APPLE,AAPL
2021-12-06 00:00:00-05:00,161.64218026428557,165.17433271042214,161.63234683594757,162.6555938720703,107497000,0.0,0.0,APPLE,AAPL
2021-12-07 00:00:00-05:00,166.35498150462607,168.81468962656658,165.62690249589954,168.42112731933594,120405400,0.0,0.0,APPLE,AAPL
2021-12-08 00:00:00-05:00,169.35584786658515,173.12412294373067,167.94888685255404,172.25830078125,116998900,0.0,0.0,APPLE,AAPL
2021-12-09 00:00:00-05:00,172.0910387584438,173.901380502596,171.11698884632847,171.74667358398438,108923700,0.0,0.0,APPLE,AAPL
2021-12-10 00:00:00-05:00,172.38620559915165,176.73496813498102,171.8745820617399,176.557861328125,115402700,0.0,0.0,APPLE,AAPL
2021-12-13 00:00:00-05:00,178.20093567002317,179.19466739552252,172.70103171320386,172.90765380859375,153237000,0.0,0.0,APPLE,AAPL
2021-12-14 00:00:00-05:00,172.42554128087525,174.87541600242255,169.43454277672873,171.52037048339844,139380400,0.0,0.0,APPLE,AAPL
2021-12-15 00:00:00-05:00,172.2878048999529,176.60705197732372,169.5329286631927,176.4102783203125,131063300,0.0,0.0,APPLE,AAPL
2021-12-16 00:00:00-05:00,176.39061507389653,178.2206388017616,167.9980908575615,169.48374938964844,150185800,0.0,0.0,APPLE,AAPL
2021-12-17 00:00:00-05:00,167.1912695917715,170.6742246232617,166.95514722547833,168.38177490234375,195432700,0.0,0.0,APPLE,AAPL
2021-12-20 00:00:00-05:00,165.56788101747895,167.8308156168113,164.76110451576054,167.01419067382812,107499100,0.0,0.0,APPLE,AAPL
2021-12-21 00:00:00-05:00,168.79500450669104,170.40857240308912,166.39432702385977,170.20196533203125,91185900,0.0,0.0,APPLE,AAPL
2021-12-22 00:00:00-05:00,170.25116250826932,173.02572066741223,169.37550695696135,172.80926513671875,92135300,0.0,0.0,APPLE,AAPL
2021-12-23 00:00:00-05:00,173.01588696564417,173.99977028074508,172.44523284134146,173.43894958496094,68356600,0.0,0.0,APPLE,AAPL
2021-12-27 00:00:00-05:00,174.2358882719811,177.51222143014604,174.21622141544026,177.42367553710938,74919600,0.0,0.0,APPLE,AAPL
2021-12-28 00:00:00-05:00,177.25642511096046,178.40756681054975,175.65269047193013,176.4004364013672,79144300,0.0,0.0,APPLE,AAPL
2021-12-29 00:00:00-05:00,176.43981649802564,177.71886795376093,175.2689928196111,176.489013671875,62348900,0.0,0.0,APPLE,AAPL
2021-12-30 00:00:00-05:00,176.5775543051699,177.65983204606482,175.2197904143871,175.32801818847656,59773000,0.0,0.0,APPLE,AAPL
2021-12-31 00:00:00-05:00,175.21978419775206,176.3414106290356,174.40315920638977,174.7081756591797,64062300,0.0,0.0,APPLE,AAPL
2022-01-03 00:00:00-05:00,174.96395910795226,179.9325724934608,174.8458979227722,179.0765838623047,104487900,0.0,0.0,APPLE,AAPL
2022-01-04 00:00:00-05:00,179.68660349006143,179.99160489675614,176.23316366013424,176.80381774902344,99310400,0.0,0.0,APPLE,AAPL
2022-01-05 00:00:00-05:00,176.71527555574892,177.26624778747964,171.82537447983776,172.10086059570312,94537600,0.0,0.0,APPLE,AAPL
2022-01-06 00:00:00-05:00,169.91665113177746,172.47475384074252,168.8737371853569,169.22793579101562,96904000,0.0,0.0,APPLE,AAPL
2022-01-07 00:00:00-05:00,170.10356923829096,171.33342326280658,168.27354584929702,169.39517211914062,86709100,0.0,0.0,APPLE,AAPL
2022-01-10 00:00:00-05:00,166.35497850794255,169.71985735659894,165.45964116459655,169.41485595703125,106765600,0.0,0.0,APPLE,AAPL
2022-01-11 00:00:00-05:00,169.54278810738154,172.35668010970636,168.06696306471784,172.25830078125,76138300,0.0,0.0,APPLE,AAPL
2022-01-12 00:00:00-05:00,173.28150678006202,174.32442058444914,172.00247061263863,172.70101928710938,74805200,0.0,0.0,APPLE,AAPL
2022-01-13 00:00:00-05:00,172.94699315342262,173.7734514644189,169.02129365689015,169.41485595703125,84505800,0.0,0.0,APPLE,AAPL
2022-01-14 00:00:00-05:00,168.57854144538373,170.97921882070173,168.33257064894323,170.28067016601562,80440800,0.0,0.0,APPLE,AAPL
2022-01-18 00:00:00-05:00,168.7458170220669,169.75921560588677,166.67967112863838,167.06338500976562,90956700,0.0,0.0,APPLE,AAPL
2022-01-19 00:00:00-05:00,167.26016286506513,168.32275864245793,163.26559902458186,163.55091857910156,94815000,0.0,0.0,APPLE,AAPL
2022-01-20 00:00:00-05:00,164.28882013685183,166.94530189723943,161.53394404676334,161.85862731933594,91420500,0.0,0.0,APPLE,AAPL
2022-01-21 00:00:00-05:00,161.77011127001666,163.6493322187244,159.68428320884053,159.79251098632812,122848900,0.0,0.0,APPLE,AAPL
2022-01-24 00:00:00-05:00,157.44099364386307,159.6842461356459,152.20672782112572,159.01519775390625,162294600,0.0,0.0,APPLE,AAPL
2022-01-25 00:00:00-05:00,156.41777008167946,160.13684792706067,154.48936713148768,157.2048797607422,115798400,0.0,0.0,APPLE,AAPL
2022-01-26 00:00:00-05:00,160.86494175497953,161.7405974123359,155.27649104575468,157.11634826660156,108275300,0.0,0.0,APPLE,AAPL
2022-01-27 00:00:00-05:00,159.83183900024744,161.19943618602957,155.72904744290105,156.65390014648438,121954600,0.0,0.0,APPLE,AAPL
2022-01-28 00:00:00-05:00,163.03930297240717,167.60452073615352,160.17619905897428,167.5848388671875,179935700,0.0,0.0,APPLE,AAPL
2022-01-31 00:00:00-05:00,167.41759838559184,172.17959030875696,166.77806518529516,171.963134765625,115541600,0.0,0.0,APPLE,AAPL
2022-02-01 00:00:00-05:00,171.205516713621,172.0221416021034,169.53291821282656,171.7958526611328,86213900,0.0,0.0,APPLE,AAPL
2022-02-02 00:00:00-05:00,171.93359808137038,173.04539095891812,170.53648566674534,173.0060272216797,84914300,0.0,0.0,APPLE,AAPL
2022-02-03 00:00:00-05:00,171.66792521659727,173.3995691426872,169.3459604171391,170.11338806152344,89418100,0.0,0.0,APPLE,AAPL
2022-02-04 00:00:00-05:00,169.12825935026342,171.5123033629512,168.14312266243942,169.8277130126953,82465400,0.22,0.0,APPLE,AAPL
2022-02-07 00:00:00-05:00,170.2907580260059,171.36455359449815,168.4091430178802,169.1085968017578,77251200,0.0,0.0,APPLE,AAPL
2022-02-08 00:00:00-05:00,169.1775156317006,172.74372058834862,168.88197162517284,172.2314453125,74829200,0.0,0.0,APPLE,AAPL
2022-02-09 00:00:00-05:00,173.43335009555227,174.02442320219117,172.30043366850177,173.65992736816406,71285000,0.0,0.0,APPLE,AAPL
2022-02-10 00:00:00-05:00,171.55171755685703,172.87179722890681,169.00021691491136,169.56173706054688,90865900,0.0,0.0,APPLE,AAPL
2022-02-11 00:00:00-05:00,169.76859462390195,170.5074470849653,165.54235012870416,166.13343811035156,98670700,0.0,0.0,APPLE,AAPL
2022-02-14 00:00:00-05:00,164.88233741200816,167.059496301351,164.08437902845532,166.36990356445312,86185500,0.0,0.0,APPLE,AAPL
2022-02-15 00:00:00-05:00,168.4288452823497,170.37941199974063,167.7195455611175,170.22178649902344,62527400,0.0,0.0,APPLE,AAPL
2022-02-16 00:00:00-05:00,169.2957588343913,170.7636029916525,167.5225096535446,169.9853515625,61177400,0.0,0.0,APPLE,AAPL
2022-02-17 00:00:00-05:00,168.4879416203525,169.35486679359227,165.96599387855787,166.36990356445312,69589300,0.0,0.0,APPLE,AAPL
2022-02-18 00:00:00-05:00,167.29594937351246,168.0052340857905,163.71989774879913,164.8134002685547,82772700,0.0,0.0,APPLE,AAPL
2022-02-22 00:00:00-05:00,162.52787972804626,164.2124704222086,159.73994052851194,161.87770080566406,91162800,0.0,0.0,APPLE,AAPL
2022-02-23 00:00:00-05:00,163.07952569314475,163.68045969243948,157.3755907096695,157.6908416748047,90009200,0.0,0.0,APPLE,AAPL
2022-02-24 00:00:00-05:00,150.31217357463046,160.42953264062146,149.74079243125084,160.3211669921875,141147500,0.0,0.0,APPLE,AAPL
2022-02-25 00:00:00-05:00,161.40482814763232,162.66580219316097,158.47897031474255,162.3998260498047,91974200,0.0,0.0,APPLE,AAPL
2022-02-28 00:00:00-05:00,160.6364073011417,162.96133079526325,160.0157662949329,162.66578674316406,95056600,0.0,0.0,APPLE,AAPL
2022-03-01 00:00:00-05:00,162.25201230848918,164.12378106720112,159.56259331277428,160.77430725097656,83474400,0.0,0.0,APPLE,AAPL
2022-03-02 00:00:00-05:00,161.9466511360931,164.87250887287016,160.52805162347443,164.0843963623047,79724800,0.0,0.0,APPLE,AAPL
2022-03-03 00:00:00-05:00,165.96598906988046,166.39945164394126,163.08939157074246,163.75927734375,76678400,0.0,0.0,APPLE,AAPL
2022-03-04 00:00:00-05:00,162.04515399744983,163.0893965768349,159.6906776997061,160.74476623535156,83737200,0.0,0.0,APPLE,AAPL
2022-03-07 00:00:00-05:00,160.93191849884272,162.56724889220854,156.6761210942269,156.93226623535156,96418800,0.0,0.0,APPLE,AAPL
2022-03-08 00:00:00-05:00,156.45942331275887,160.4590760477699,153.4843061670537,155.0999298095703,131148300,0.0,0.0,APPLE,AAPL
2022-03-09 00:00:00-05:00,159.07987817054388,160.98119991455522,157.04065291481524,160.5280303955078,91454900,0.0,0.0,APPLE,AAPL
2022-03-10 00:00:00-05:00,157.81890189348016,158.00608027819325,153.66162367046195,156.16387939453125,105342000,0.0,0.0,APPLE,AAPL
2022-03-11 00:00:00-05:00,156.5677776744671,156.9125815524345,152.20362905353198,152.43020629882812,96970100,0.0,0.0,APPLE,AAPL
2022-03-14 00:00:00-04:00,149.19896723804965,151.8292807234323,147.86904156044886,148.3813018798828,108732100,0.0,0.0,APPLE,AAPL
2022-03-15 00:00:00-04:00,148.6571554844026,153.25775813729066,148.14489510811242,152.78488159179688,92964300,0.0,0.0,APPLE,AAPL
2022-03-16 00:00:00-04:00,154.71573104732857,157.62188148073074,152.1642304485378,157.2179718017578,102300200,0.0,0.0,APPLE,AAPL
2022-03-17 00:00:00-04:00,156.25256155188856,158.60703810004415,155.28713161589062,158.23268127441406,75615400,0.0,0.0,APPLE,AAPL
2022-03-18 00:00:00-04:00,158.12431372385774,162.03530830357425,157.38546107074248,161.54273986816406,123511700,0.0,0.0,APPLE,AAPL
2022-03-21 00:00:00-04:00,161.07970482927175,163.87750462789964,160.5871364535125,162.9219207763672,95811400,0.0,0.0,APPLE,AAPL
2022-03-22 00:00:00-04:00,163.04996083241298,166.9018487251118,162.45888786413715,166.31077575683594,81532000,0.0,0.0,APPLE,AAPL
2022-03-23 00:00:00-04:00,165.49314031396403,170.07402052830085,165.15818236981434,167.68014526367188,98062700,0.0,0.0,APPLE,AAPL
2022-03-24 00:00:00-04:00,168.51750138963553,171.55172458765148,167.680144114985,171.48277282714844,90131400,0.0,0.0,APPLE,AAPL
2022-03-25 00:00:00-04:00,171.29559658174085,172.67478212909984,170.18238715508997,172.12310791015625,80546200,0.0,0.0,APPLE,AAPL
2022-03-28 00:00:00-04:00,169.61100881544317,173.11809357884718,169.4435373556172,172.9900360107422,90371900,0.0,0.0,APPLE,AAPL
2022-03-29 00:00:00-04:00,174.06385991057886,176.34936994674814,173.7190559458475,176.3001251220703,100589400,0.0,0.0,APPLE,AAPL
2022-03-30 00:00:00-04:00,175.8962132698812,176.94045607831126,174.07370381833985,175.1278076171875,92633200,0.0,0.0,APPLE,AAPL
2022-03-31 00:00:00-04:00,175.1967121549276,175.38389053842545,171.8078394044231,172.0147247314453,103049300,0.0,0.0,APPLE,AAPL
2022-04-01 00:00:00-04:00,171.44337063884205,172.28074300264421,169.38443815993526,171.71920776367188,78751300,0.0,0.0,APPLE,AAPL
2022-04-04 00:00:00-04:00,171.97533671079117,175.83707112521444,171.84726411780443,175.78781127929688,76468400,0.0,0.0,APPLE,AAPL
2022-04-05 00:00:00-04:00,174.86178989450815,175.6499023764881,171.8275666096823,172.4580535888672,73401800,0.0,0.0,APPLE,AAPL
2022-04-06 00:00:00-04:00,169.79816801922325,171.0492958799614,167.60131731206394,169.2760467529297,89058800,0.0,0.0,APPLE,AAPL
2022-04-07 00:00:00-04:00,168.61602154238474,170.7833195377172,167.32549471465475,169.58145141601562,77594700,0.0,0.0,APPLE,AAPL
2022-04-08 00:00:00-04:00,169.2268038174018,169.2268038174018,166.68514898671697,167.56192016601562,76575500,0.0,0.0,APPLE,AAPL
2022-04-11 00:00:00-04:00,166.2024342381658,166.51767019391744,163.04013853231345,163.2864227294922,72246700,0.0,0.0,APPLE,AAPL
2022-04-12 00:00:00-04:00,165.52269490513837,167.34518902716218,164.16320126523246,165.1680450439453,79265200,0.0,0.0,APPLE,AAPL
2022-04-13 00:00:00-04:00,164.9020531279272,168.4977965392979,164.2912731044712,167.8673095703125,70618900,0.0,0.0,APPLE,AAPL
2022-04-14 00:00:00-04:00,168.08401705001634,168.72436491699762,162.58695252211072,162.83323669433594,75329400,0.0,0.0,APPLE,AAPL
2022-04-18 00:00:00-04:00,161.48363023704638,164.12380480496248,161.1388413596214,162.61654663085938,69023900,0.0,0.0,APPLE,AAPL
2022-04-19 00:00:00-04:00,162.56726532731986,165.32565114265935,161.47376296963859,164.91188049316406,67723800,0.0,0.0,APPLE,AAPL
2022-04-20 00:00:00-04:00,166.25167331536827,166.36989994769078,163.63122097212312,164.74441528320312,67929800,0.0,0.0,APPLE,AAPL
2022-04-21 00:00:00-04:00,166.39945283983835,168.98050632684885,163.44404257581323,163.9464569091797,87227800,0.0,0.0,APPLE,AAPL
2022-04-22 00:00:00-04:00,163.98587104446065,165.37490244633076,159.09958611983004,159.38526916503906,84882400,0.0,0.0,APPLE,AAPL
2022-04-25 00:00:00-04:00,158.72527093840435,160.7448048241778,156.10481790460835,160.45912170410156,96046400,0.0,0.0,APPLE,AAPL
2022-04-26 00:00:00-04:00,159.83844441124967,159.92710311480064,154.3906391571423,154.46945190429688,95623200,0.0,0.0,APPLE,AAPL
2022-04-27 00:00:00-04:00,153.59268025761008,157.4150007741114,153.07055896241795,154.2428741455078,88063200,0.0,0.0,APPLE,AAPL
2022-04-28 00:00:00-04:00,156.88304400161465,162.07471943122334,156.56779299297258,161.20779418945312,130216800,0.0,0.0,APPLE,AAPL
2022-04-29 00:00:00-04:00,159.43453401469895,163.7297310076839,154.91275976964212,155.3068084716797,131747600,0.0,0.0,APPLE,AAPL
2022-05-02 00:00:00-04:00,154.38079215381563,155.87818924361486,150.99191920912216,155.61221313476562,123055300,0.0,0.0,APPLE,AAPL
2022-05-03 00:00:00-04:00,155.7993550756251,158.32131752473302,153.99656823554054,157.10958862304688,88966500,0.0,0.0,APPLE,AAPL
2022-05-04 00:00:00-04:00,157.29677464148807,164.0055531444463,156.892864987949,163.55239868164062,108256500,0.0,0.0,APPLE,AAPL
2022-05-05 00:00:00-04:00,161.41468171268338,161.64125898319347,152.64695457490816,154.43991088867188,130525300,0.0,0.0,APPLE,AAPL
2022-05-06 00:00:00-04:00,153.91700145474738,157.30099321709514,152.1115504938457,155.1699676513672,116124600,0.23,0.0,APPLE,AAPL
2022-05-09 00:00:00-04:00,152.85148081205793,153.73941561249285,149.45764385540176,150.01998901367188,131577900,0.0,0.0,APPLE,AAPL
2022-05-10 00:00:00-04:00,153.43360891877307,154.63724308180875,150.87834390139417,152.43714904785156,115366700,0.0,0.0,APPLE,AAPL
2022-05-11 00:00:00-04:00,151.44064940364694,153.36448526147709,143.85381576428412,144.53456115722656,142689800,0.0,0.0,APPLE,AAPL
2022-05-12 00:00:00-04:00,140.85461970992037,144.23859603195632,136.93787953021916,140.64743041992188,182602000,0.0,0.0,APPLE,AAPL
2022-05-13 00:00:00-04:00,142.65021698133427,146.11313742780084,141.19007646669226,145.13641357421875,113990900,0.0,0.0,APPLE,AAPL
2022-05-16 00:00:00-04:00,143.5973083362212,145.54088007638424,142.24567798061778,143.58743286132812,86643800,0.0,0.0,APPLE,AAPL
2022-05-17 00:00:00-04:00,146.86291669324274,147.7607118798002,144.71215542512041,147.23782348632812,78336300,0.0,0.0,APPLE,AAPL
2022-05-18 00:00:00-04:00,144.87990321822826,145.38305576655117,138.02313063348345,138.93080139160156,109742900,0.0,0.0,APPLE,AAPL
2022-05-19 00:00:00-04:00,138.00339618106452,139.75951476961413,134.76740136256322,135.50733947753906,136095600,0.0,0.0,APPLE,AAPL
2022-05-20 00:00:00-04:00,137.224017188391,138.81241863526068,130.83095464968503,135.744140625,137426100,0.0,0.0,APPLE,AAPL
2022-05-23 00:00:00-04:00,135.94144307204655,141.33806035762905,135.80332187322705,141.19007873535156,117726300,0.0,0.0,APPLE,AAPL
2022-05-24 00:00:00-04:00,138.92090380099836,140.06534496246948,135.4875953706636,138.47694396972656,104132700,0.0,0.0,APPLE,AAPL
2022-05-25 00:00:00-04:00,136.57283905065083,139.88776245487574,136.48405008857472,138.6348114013672,92482700,0.0,0.0,APPLE,AAPL
2022-05-26 00:00:00-04:00,135.5468018208196,142.40355895877516,135.30015577230265,141.85107421875,90601500,0.0,0.0,APPLE,AAPL
2022-05-27 00:00:00-04:00,143.43947862792666,147.67191829271428,143.31121786248204,147.63246154785156,90978500,0.0,0.0,APPLE,AAPL
2022-05-31 00:00:00-04:00,147.0700953422885,148.6387604091579,144.8700020152632,146.84317016601562,103718400,0.0,0.0,APPLE,AAPL
2022-06-01 00:00:00-04:00,147.8889577936666,149.7042840674564,145.6987397803345,146.71493530273438,74286600,0.0,0.0,APPLE,AAPL
2022-06-02 00:00:00-04:00,145.8467372280195,149.24058912493618,144.889749394735,149.181396484375,72348100,0.0,0.0,APPLE,AAPL
2022-06-03 00:00:00-04:00,144.92919288462284,145.98484505836583,142.52194041547213,143.42959594726562,88570300,0.0,0.0,APPLE,AAPL
2022-06-06 00:00:00-04:00,145.0574568165146,146.576804737733,142.9560278981118,144.1793975830078,71598400,0.0,0.0,APPLE,AAPL
2022-06-07 00:00:00-04:00,142.41342781441574,147.00103808191767,142.16678177736554,146.71493530273438,67808200,0.0,0.0,APPLE,AAPL
2022-06-08 00:00:00-04:00,146.58669881816604,147.8593859562832,145.48172920652436,145.9750213623047,53950200,0.0,0.0,APPLE,AAPL
2022-06-09 00:00:00-04:00,145.10680021963537,145.9651236224784,140.61783927585907,140.7263641357422,69473000,0.0,0.0,APPLE,AAPL
2022-06-10 00:00:00-04:00,138.398032723083,138.87158893198634,135.22123034078209,135.29029846191406,91437900,0.0,0.0,APPLE,AAPL
2022-06-13 00:00:00-04:00,131.0874417850336,133.3861848467611,129.6766335624987,130.11073303222656,122207100,0.0,0.0,APPLE,AAPL
2022-06-14 00:00:00-04:00,131.34395874256492,132.09375731155245,129.71608578781024,130.97891235351562,84784300,0.0,0.0,APPLE,AAPL
2022-06-15 00:00:00-04:00,132.48839269838643,135.49747768055312,130.38697847648072,133.61309814453125,91533000,0.0,0.0,APPLE,AAPL
2022-06-16 00:00:00-04:00,130.30804408715656,130.61388278319032,127.30881966252552,128.3151397705078,108123900,0.0,0.0,APPLE,AAPL
2022-06-17 00:00:00-04:00,128.32499753553608,131.29461017428142,128.06847604207698,129.7949981689453,134520300,0.0,0.0,APPLE,AAPL
2022-06-21 00:00:00-04:00,131.63005208162124,135.221217692565,131.5314027016207,134.04718017578125,81000500,0.0,0.0,APPLE,AAPL
2022-06-22 00:00:00-04:00,132.9816798809872,135.9118362074978,132.1134960074851,133.5341796875,73409200,0.0,0.0,APPLE,AAPL
2022-06-23 00:00:00-04:00,134.98446439237523,136.7307076769902,133.81042672551413,136.41500854492188,72433800,0.0,0.0,APPLE,AAPL
2022-06-24 00:00:00-04:00,138.02313872573984,140.006182820268,137.89489300242144,139.75953674316406,89116800,0.0,0.0,APPLE,AAPL
2022-06-27 00:00:00-04:00,140.7855778001205,141.56498783405482,139.07879116170406,139.75953674316406,70207900,0.0,0.0,APPLE,AAPL
2022-06-28 00:00:00-04:00,140.22321252468137,141.4958994767852,135.47774508831563,135.59613037109375,67083400,0.0,0.0,APPLE,AAPL
2022-06-29 00:00:00-04:00,135.6158632251475,138.78278990100551,134.83645332014265,137.3621063232422,66242400,0.0,0.0,APPLE,AAPL
2022-06-30 00:00:00-04:00,135.40867636590826,136.5136458111151,131.97536769395867,134.8857879638672,98964500,0.0,0.0,APPLE,AAPL
2022-07-01 00:00:00-04:00,134.21488899962492,137.17464118185262,133.83999729331583,137.0661163330078,71051600,0.0,0.0,APPLE,AAPL
2022-07-05 00:00:00-04:00,135.92171062767136,139.71019037554066,135.09296845138468,139.66085815429688,73353800,0.0,0.0,APPLE,AAPL
2022-07-06 00:00:00-04:00,139.45366482669044,142.1864918716594,139.1872829116733,141.00259399414062,74064300,0.0,0.0,APPLE,AAPL
2022-07-07 00:00:00-04:00,141.36765146861703,144.5839257789304,141.3577910455227,144.38661193847656,66253700,0.0,0.0,APPLE,AAPL
2022-07-08 00:00:00-04:00,143.31121832945087,145.57050462277482,143.05471185180627,145.0673370361328,64547800,0.0,0.0,APPLE,AAPL
2022-07-11 00:00:00-04:00,143.71572303183265,144.67271093962017,141.85107943859236,142.92645263671875,63141600,0.0,0.0,APPLE,AAPL
2022-07-12 00:00:00-04:00,143.80450328591834,146.4584171134617,143.1040369550832,143.90316772460938,77588800,0.0,0.0,APPLE,AAPL
2022-07-13 00:00:00-04:00,141.07167136789155,144.48524405643747,140.21333293071814,143.5381317138672,71185600,0.0,0.0,APPLE,AAPL
2022-07-14 00:00:00-04:00,142.14704561371514,146.951705589172,141.32817896574866,146.4781494140625,78140700,0.0,0.0,APPLE,AAPL
2022-07-15 00:00:00-04:00,147.77058248983283,148.8360952483167,146.21177762394427,148.1553497314453,76259900,0.0,0.0,APPLE,AAPL
2022-07-18 00:00:00-04:00,148.71770113389368,149.53656779007787,144.73189271232428,145.09693908691406,81420900,0.0,0.0,APPLE,AAPL
2022-07-19 00:00:00-04:00,145.93553153568237,149.20112279497567,144.93908692354225,148.97421264648438,82982400,0.0,0.0,APPLE,AAPL
2022-07-20 00:00:00-04:00,149.09257683651296,151.65770138845068,148.35263879892454,150.98681640625,64823400,0.0,0.0,APPLE,AAPL
2022-07-21 00:00:00-04:00,152.42726650714104,153.48291887978365,149.90161323774686,153.265869140625,65086600,0.0,0.0,APPLE,AAPL
2022-07-22 00:00:00-04:00,153.30532867140192,154.18338806700862,151.3518960375733,152.02276611328125,66675400,0.0,0.0,APPLE,AAPL
2022-07-25 00:00:00-04:00,151.94383291278464,152.9600134725139,150.23704639800843,150.89805603027344,53623900,0.0,0.0,APPLE,AAPL
2022-07-26 00:00:00-04:00,150.21731152791162,151.03617825668115,148.77690696237937,149.56617736816406,55138700,0.0,0.0,APPLE,AAPL
2022-07-27 00:00:00-04:00,150.53301256452508,155.2192873128582,150.11864902484623,154.6865234375,78620700,0.0,0.0,APPLE,AAPL
2022-07-28 00:00:00-04:00,154.87398254214926,155.52513172309773,152.3384689919664,155.23902893066406,81378700,0.0,0.0,APPLE,AAPL
2022-07-29 00:00:00-04:00,159.0768371497888,161.4347727162901,157.36017527279864,160.3297882080078,101786900,0.0,0.0,APPLE,AAPL
2022-08-01 00:00:00-04:00,158.8499238200317,161.39531297785308,158.73153852797333,159.3432159423828,67829400,0.0,0.0,APPLE,AAPL
2022-08-02 00:00:00-04:00,157.9521463098053,160.23115354553508,157.48845050250915,157.86334228515625,59907000,0.0,0.0,APPLE,AAPL
2022-08-03 00:00:00-04:00,158.6822208140143,164.3550807397493,158.59343183685212,163.90126037597656,82507500,0.0,0.0,APPLE,AAPL
2022-08-04 00:00:00-04:00,163.78283934395313,164.94701654031078,162.22403448507984,163.5855255126953,55474100,0.0,0.0,APPLE,AAPL
2022-08-05 00:00:00-04:00,161.24409960483675,163.85229951311487,161.03662247662456,163.3583221435547,56697000,0.23,0.0,APPLE,AAPL
2022-08-08 00:00:00-04:00,164.36601096047863,165.7886680742243,162.22215117031726,162.8840789794922,60276900,0.0,0.0,APPLE,AAPL
2022-08-09 00:00:00-04:00,162.04434891604777,163.82267055347725,161.28361950656526,162.93350219726562,63135500,0.0,0.0,APPLE,AAPL
2022-08-10 00:00:00-04:00,165.6602095336515,167.3002176831234,164.88960620076517,167.20143127441406,70170500,0.0,0.0,APPLE,AAPL
2022-08-11 00:00:00-04:00,168.0115606543251,168.93036629204852,166.16409033464345,166.46047973632812,57149200,0.0,0.0,APPLE,AAPL
2022-08-12 00:00:00-04:00,167.77445751442195,170.09614178090018,167.3595033161668,170.02699279785156,68039400,0.0,0.0,APPLE,AAPL
2022-08-15 00:00:00-04:00,169.45398413673462,171.30145449022353,169.2860336568712,171.10386657714844,54091700,0.0,0.0,APPLE,AAPL
2022-08-16 00:00:00-04:00,170.6987968691516,171.6176024984577,169.5922925263229,170.94578552246094,56377100,0.0,0.0,APPLE,AAPL
2022-08-17 00:00:00-04:00,170.68892125785695,174.0281975704134,170.49133335193497,172.44747924804688,79542000,0.0,0.0,APPLE,AAPL
2022-08-18 00:00:00-04:00,171.65713127395603,172.7932731631823,171.03471498116653,172.05230712890625,62290100,0.0,0.0,APPLE,AAPL
2022-08-19 00:00:00-04:00,170.94577013813446,171.6472244834014,169.2464871502945,169.45396423339844,70346300,0.0,0.0,APPLE,AAPL
2022-08-22 00:00:00-04:00,167.6460183748566,167.81396884774634,165.1267311315286,165.5515594482422,69026800,0.0,0.0,APPLE,AAPL
2022-08-23 00:00:00-04:00,165.06745005270514,166.67782081300345,164.6426217519865,165.21563720703125,54147100,0.0,0.0,APPLE,AAPL
2022-08-24 00:00:00-04:00,165.3045923923907,166.08506999483225,164.24747359700294,165.51205444335938,53841500,0.0,0.0,APPLE,AAPL
2022-08-25 00:00:00-04:00,166.74699023963788,168.09060921191156,166.3221769618195,167.98193359375,51218200,0.0,0.0,APPLE,AAPL
2022-08-26 00:00:00-04:00,168.51542056155736,168.98963454069056,161.58984928248998,161.6491241455078,78961000,0.0,0.0,APPLE,AAPL
2022-08-29 00:00:00-04:00,159.20888628482342,160.93780692739824,157.89491986245918,159.43612670898438,73314000,0.0,0.0,APPLE,AAPL
2022-08-30 00:00:00-04:00,160.17707980033242,160.60189303087512,155.8201965138857,156.99586486816406,77906200,0.0,0.0,APPLE,AAPL
2022-08-31 00:00:00-04:00,158.37900919271698,158.6457611720159,155.24719472832723,155.32623291015625,87991100,0.0,0.0,APPLE,AAPL
2022-09-01 00:00:00-04:00,154.7532501246085,156.5118085859681,152.80697782608217,156.05735778808594,74229900,0.0,0.0,APPLE,AAPL
2022-09-02 00:00:00-04:00,157.825740385719,158.42839326812575,153.10331881210172,153.93319702148438,76957800,0.0,0.0,APPLE,AAPL
2022-09-06 00:00:00-04:00,154.58524378549583,155.19777075928334,151.83873144659182,152.66860961914062,73714800,0.0,0.0,APPLE,AAPL
2022-09-07 00:00:00-04:00,152.95513800164022,154.78284496179006,151.75970630582015,154.08140563964844,87449600,0.0,0.0,APPLE,AAPL
2022-09-08 00:00:00-04:00,152.7772813588819,154.47656428354657,150.8408839301981,152.59945678710938,84923800,0.0,0.0,APPLE,AAPL
2022-09-09 00:00:00-04:00,153.59730329551388,155.91900264197233,152.88597477553475,155.4744110107422,68028800,0.0,0.0,APPLE,AAPL
2022-09-12 00:00:00-04:00,157.66768343592295,162.2814299729469,157.38118321231417,161.46142578125,104956000,0.0,0.0,APPLE,AAPL
2022-09-13 00:00:00-04:00,157.97395705373035,158.60624748496193,151.5226138010885,151.98695373535156,122656600,0.0,0.0,APPLE,AAPL
2022-09-14 00:00:00-04:00,152.92546843006974,155.20765595833407,151.7596893712495,153.439208984375,87965400,0.0,0.0,APPLE,AAPL
2022-09-15 00:00:00-04:00,152.78718821838976,153.3700929479772,149.55658720563852,150.53465270996094,90481100,0.0,0.0,APPLE,AAPL
2022-09-16 00:00:00-04:00,149.38863215425823,149.52694520493873,146.58282943689548,148.884765625,162278800,0.0,0.0,APPLE,AAPL
2022-09-19 00:00:00-04:00,147.51150837706584,152.6982703598037,147.30404633975175,152.61923217773438,81474200,0.0,0.0,APPLE,AAPL
2022-09-20 00:00:00-04:00,151.5522446171644,156.17588044200602,151.23610695285475,155.0100860595703,107689800,0.0,0.0,APPLE,AAPL
2022-09-21 00:00:00-04:00,155.44478402258142,156.8279296043556,151.749843208038,151.86839294433594,101696800,0.0,0.0,APPLE,AAPL
2022-09-22 00:00:00-04:00,150.5445279988441,152.60934951167334,149.0922335190095,150.9001922607422,86652500,0.0,0.0,APPLE,AAPL
2022-09-23 00:00:00-04:00,149.36885132431644,149.64547739323916,146.77052602515988,148.6179962158203,96029900,0.0,0.0,APPLE,AAPL
2022-09-26 00:00:00-04:00,147.85731854686657,151.91781336580678,147.83755522992698,148.95394897460938,93339400,0.0,0.0,APPLE,AAPL
2022-09-27 00:00:00-04:00,150.90021334107692,152.856359517289,148.14381115755742,149.9320068359375,84442700,0.0,0.0,APPLE,AAPL
2022-09-28 00:00:00-04:00,145.86162844996352,148.82549249195003,143.09535232911102,148.03512573242188,146691400,0.0,0.0,APPLE,AAPL
2022-09-29 00:00:00-04:00,144.34015358874447,144.9526805339912,138.98542711420936,140.7637481689453,128138200,0.0,0.0,APPLE,AAPL
2022-09-30 00:00:00-04:00,139.5782417035492,141.37632653082102,136.3377514263711,136.53533935546875,124925300,0.0,0.0,APPLE,AAPL
2022-10-03 00:00:00-04:00,136.54522777511258,141.34668829237813,136.0314871023825,140.73414611816406,114311700,0.0,0.0,APPLE,AAPL
2022-10-04 00:00:00-04:00,143.28307588586975,144.4587444479019,142.5223465089678,144.34019470214844,87830100,0.0,0.0,APPLE,AAPL
2022-10-05 00:00:00-04:00,142.33462989571538,145.6047572886982,141.28738533142962,144.6365509033203,79471000,0.0,0.0,APPLE,AAPL
2022-10-06 00:00:00-04:00,144.05366550708558,145.7628228353645,143.47077587995457,143.67823791503906,68402200,0.0,0.0,APPLE,AAPL
2022-10-07 00:00:00-04:00,140.82304314688486,141.37631039018268,137.77026702712604,138.40255737304688,85925600,0.0,0.0,APPLE,AAPL
2022-10-10 00:00:00-04:00,138.72857666015625,140.18087106049856,136.90086978029677,138.72857666015625,74899000,0.0,0.0,APPLE,AAPL
2022-10-11 00:00:00-04:00,138.21485522733482,139.64740158913798,136.55509858261405,137.30593872070312,77033700,0.0,0.0,APPLE,AAPL
2022-10-12 00:00:00-04:00,137.45412230255747,138.66930218634442,136.49580517652515,136.6736297607422,70433700,0.0,0.0,APPLE,AAPL
2022-10-13 00:00:00-04:00,133.36398764851756,141.86038757533703,132.75144558792866,141.2676239013672,113224000,0.0,0.0,APPLE,AAPL
2022-10-14 00:00:00-04:00,142.5717289499613,142.77920605337536,136.52545149320736,136.71316528320312,88598000,0.0,0.0,APPLE,AAPL
2022-10-17 00:00:00-04:00,139.3707551212906,141.1786986755311,138.58038846903284,140.69461059570312,85250900,0.0,0.0,APPLE,AAPL
2022-10-18 00:00:00-04:00,143.73752488075877,144.93294154385023,138.91630145112296,142.0184783935547,99136600,0.0,0.0,APPLE,AAPL
2022-10-19 00:00:00-04:00,139.9833068127477,143.20403377580215,139.79559300378267,142.12716674804688,61758300,0.0,0.0,APPLE,AAPL
2022-10-20 00:00:00-04:00,141.29724245784718,144.13266676082466,140.9316890789878,141.66278076171875,64522000,0.0,0.0,APPLE,AAPL
2022-10-21 00:00:00-04:00,141.14905439351054,146.06907865061885,140.9317031978155,145.49606323242188,86548600,0.0,0.0,APPLE,AAPL
2022-10-24 00:00:00-04:00,145.41703883961424,148.42041416694138,144.241370462884,147.64981079101562,75981900,0.0,0.0,APPLE,AAPL
2022-10-25 00:00:00-04:00,148.2820919294288,150.65319184865695,147.56088934284634,150.50498962402344,74732300,0.0,0.0,APPLE,AAPL
2022-10-26 00:00:00-04:00,149.14164832129399,150.15924045749748,146.25680732789058,147.55104064941406,88194300,0.0,0.0,APPLE,AAPL
2022-10-27 00:00:00-04:00,146.28644773572952,147.25463904177826,142.3939041231572,143.0558319091797,109180200,0.0,0.0,APPLE,AAPL
2022-10-28 00:00:00-04:00,146.41485857865877,155.60283873819793,146.0394461076168,153.86404418945312,164762400,0.0,0.0,APPLE,AAPL
2022-10-31 00:00:00-04:00,151.31511061162576,152.38210325082238,150.0900416388469,151.49293518066406,97943200,0.0,0.0,APPLE,AAPL
2022-11-01 00:00:00-04:00,153.21200447728674,153.57754286316361,147.33367749566185,148.83535766601562,80379300,0.0,0.0,APPLE,AAPL
2022-11-02 00:00:00-04:00,147.15584632605294,150.337061596357,143.25342836154712,143.28306579589844,93604600,0.0,0.0,APPLE,AAPL
2022-11-03 00:00:00-04:00,140.34882641665214,141.07991823906764,137.07869914103392,137.20713806152344,97918500,0.0,0.0,APPLE,AAPL
2022-11-04 00:00:00-04:00,140.61134018259497,141.18530623843904,132.9815825695617,136.93995666503906,140814800,0.23,0.0,APPLE,AAPL
2022-11-07 00:00:00-05:00,135.6831577399827,137.70192172217736,134.25814076431703,137.4743194580078,83374600,0.0,0.0,APPLE,AAPL
2022-11-08 00:00:00-05:00,138.9488124233874,139.95818681579658,136.0592015176731,138.04827880859375,89908500,0.0,0.0,APPLE,AAPL
2022-11-09 00:00:00-05:00,137.05869016748804,137.10817285902812,133.189376229013,133.46646118164062,74917800,0.0,0.0,APPLE,AAPL
2022-11-10 00:00:00-05:00,139.77019714382882,145.3415985107422,138.04829894677263,145.3415985107422,118854000,0.0,0.0,APPLE,AAPL
2022-11-11 00:00:00-05:00,144.30253818680043,148.44892246229622,142.86761546449372,148.14215087890625,93979700,0.0,0.0,APPLE,AAPL
2022-11-14 00:00:00-05:00,147.4197604797108,148.71612568568796,145.89577787268414,146.7369384765625,73374100,0.0,0.0,APPLE,AAPL
2022-11-15 00:00:00-05:00,150.6359289335687,151.9916672429698,147.0140129756077,148.47860717773438,89868300,0.0,0.0,APPLE,AAPL
2022-11-16 00:00:00-05:00,147.57809621983398,148.31038580901588,145.75723254673355,147.2416229248047,64218300,0.0,0.0,APPLE,AAPL
2022-11-17 00:00:00-05:00,144.9061704203095,149.90362066577504,144.6290854455113,149.1515350341797,80389400,0.0,0.0,APPLE,AAPL
2022-11-18 00:00:00-05:00,150.72495028820748,151.11089106398995,148.4093056335126,149.71556091308594,74829600,0.0,0.0,APPLE,AAPL
2022-11-21 00:00:00-05:00,148.59737709980914,148.8051832977112,146.18276632418628,146.46974182128906,58724100,0.0,0.0,APPLE,AAPL
2022-11-22 00:00:00-05:00,146.5884871676489,148.85464959506425,145.40096291048988,148.6171417236328,51804100,0.0,0.0,APPLE,AAPL
2022-11-23 00:00:00-05:00,147.8947425813443,150.24997989598808,147.78588669453308,149.49789428710938,58301400,0.0,0.0,APPLE,AAPL
2022-11-25 00:00:00-05:00,146.7666107499522,147.33068629749027,145.5889920594768,146.56869506835938,35195900,0.0,0.0,APPLE,AAPL
2022-11-28 00:00:00-05:00,143.6296014634591,145.1139917287284,141.8879223215426,142.71917724609375,69246000,0.0,0.0,APPLE,AAPL
2022-11-29 00:00:00-05:00,142.78843936121245,143.30303220881638,138.88945365820908,139.70091247558594,83763800,0.0,0.0,APPLE,AAPL
2022-11-30 00:00:00-05:00,139.9285369564288,147.1723697683179,139.0873914086007,146.4895477294922,111380900,0.0,0.0,APPLE,AAPL
2022-12-01 00:00:00-05:00,146.6676817749002,147.57810612254133,145.08432589204557,146.76663208007812,71250400,0.0,0.0,APPLE,AAPL
2022-12-02 00:00:00-05:00,144.44108106262544,146.45984525867783,144.1342943784221,146.27182006835938,65447400,0.0,0.0,APPLE,AAPL
2022-12-05 00:00:00-05:00,146.23221603430324,149.34942909960247,144.2530293007808,145.1040802001953,68826400,0.0,0.0,APPLE,AAPL
2022-12-06 00:00:00-05:00,145.53950252387042,145.767104768391,140.44308766615222,141.42279052734375,64727200,0.0,0.0,APPLE,AAPL
2022-12-07 00:00:00-05:00,140.7103196654253,141.87803289252406,138.54310721513139,139.47332763671875,69721100,0.0,0.0,APPLE,AAPL
2022-12-08 00:00:00-05:00,140.87855183085378,142.02648408244,139.63166927482092,141.16552734375,62128300,0.0,0.0,APPLE,AAPL
2022-12-09 00:00:00-05:00,140.8587378715548,144.05513580994875,139.43372078818393,140.6806182861328,76097000,0.0,0.0,APPLE,AAPL
2022-12-12 00:00:00-05:00,141.2149930351456,142.99626440062022,139.59206025771292,142.9863739013672,70462700,0.0,0.0,APPLE,AAPL
2022-12-13 00:00:00-05:00,147.94423760704595,148.40934778946271,142.73898090382795,143.9561767578125,93886200,0.0,0.0,APPLE,AAPL
2022-12-14 00:00:00-05:00,143.83741010786554,145.13377507630975,139.69101124849232,141.7196807861328,82291200,0.0,0.0,APPLE,AAPL
2022-12-15 00:00:00-05:00,139.64152444169375,140.3243462996039,134.61438818780138,135.07949829101562,98931900,0.0,0.0,APPLE,AAPL
2022-12-16 00:00:00-05:00,135.26752037664195,136.2175215573563,132.33831735278028,133.11019897460938,160156900,0.0,0.0,APPLE,AAPL
2022-12-19 00:00:00-05:00,133.70398442417286,133.79304421919323,129.95343153387856,130.99249267578125,79592600,0.0,0.0,APPLE,AAPL
2022-12-20 00:00:00-05:00,130.02266894703538,131.86331317204844,128.53827893008926,130.92320251464844,77432800,0.0,0.0,APPLE,AAPL
2022-12-21 00:00:00-05:00,131.5961236714103,135.38626813534808,131.36852142161675,134.04042053222656,85928000,0.0,0.0,APPLE,AAPL
2022-12-22 00:00:00-05:00,132.95189133655217,133.1596975133203,128.94403468461323,130.85394287109375,77852100,0.0,0.0,APPLE,AAPL
2022-12-23 00:00:00-05:00,129.55757270940995,131.04196288495316,128.29089430094626,130.48779296875,63814900,0.0,0.0,APPLE,AAPL
2022-12-27 00:00:00-05:00,130.01280671088563,130.04249330967795,127.38048421797244,128.67684936523438,69007800,0.0,0.0,APPLE,AAPL
2022-12-28 00:00:00-05:00,128.32058464897267,129.66643238482206,124.56013395762797,124.72836303710938,85438400,0.0,0.0,APPLE,AAPL
2022-12-29 00:00:00-05:00,126.65808607664381,129.12217209136242,126.40079716988618,128.26123046875,75703700,0.0,0.0,APPLE,AAPL
2022-12-30 00:00:00-05:00,127.073709556948,128.59767695809086,126.10390456985758,128.577880859375,77034200,0.0,0.0,APPLE,AAPL
2023-01-03 00:00:00-05:00,128.92423659950236,129.53777972145332,122.87781986866916,123.7684555053711,112117500,0.0,0.0,APPLE,AAPL
2023-01-04 00:00:00-05:00,125.56953499012005,127.32111994159399,123.77837293748306,125.04505157470703,89113600,0.0,0.0,APPLE,AAPL
2023-01-05 00:00:00-05:00,125.80702181866339,126.44036106917035,123.46169000194207,123.71897888183594,80962700,0.0,0.0,APPLE,AAPL
2023-01-06 00:00:00-05:00,124.6986773645302,128.93412872931725,123.59032994150238,128.27110290527344,87754700,0.0,0.0,APPLE,AAPL
2023-01-09 00:00:00-05:00,129.1122704426922,132.02167786788954,128.53830437717716,128.79559326171875,70790800,0.0,0.0,APPLE,AAPL
2023-01-10 00:00:00-05:00,128.90442726046035,129.89402063291897,126.78669804739879,129.36953735351562,63896200,0.0,0.0,APPLE,AAPL
2023-01-11 00:00:00-05:00,129.88413539800015,132.1206110743782,129.1023632460795,132.100830078125,69458900,0.0,0.0,APPLE,AAPL
2023-01-12 00:00:00-05:00,132.4867623033838,132.8627975077432,130.07215211751455,132.0216522216797,71379600,0.0,0.0,APPLE,AAPL
2023-01-13 00:00:00-05:00,130.6560041991556,133.51592827611222,130.28985950452656,133.3575897216797,57809700,0.0,0.0,APPLE,AAPL
2023-01-17 00:00:00-05:00,133.42686517456323,135.86125621327707,132.7341528911892,134.5253143310547,63646600,0.0,0.0,APPLE,AAPL
2023-01-18 00:00:00-05:00,135.39619418728472,137.16755996413974,133.62481331043077,133.80294799804688,69672800,0.0,0.0,APPLE,AAPL
2023-01-19 00:00:00-05:00,132.68471636368645,134.8321327391652,132.37794475290383,133.86233520507812,58280400,0.0,0.0,APPLE,AAPL
2023-01-20 00:00:00-05:00,133.8721983331851,136.583689774084,132.8232317107928,136.43524169921875,80223600,0.0,0.0,APPLE,AAPL
2023-01-23 00:00:00-05:00,136.68265050222374,141.82854882417135,136.4649387224491,139.64154052734375,81760300,0.0,0.0,APPLE,AAPL
2023-01-24 00:00:00-05:00,138.8498542672173,141.67020163390134,138.83996376873685,141.0467529296875,66435100,0.0,0.0,APPLE,AAPL
2023-01-25 00:00:00-05:00,139.4238211686979,140.94778844428123,137.36546497180777,140.38372802734375,65799300,0.0,0.0,APPLE,AAPL
2023-01-26 00:00:00-05:00,141.6800962423563,142.748859009156,140.42330829899026,142.46188354492188,54105100,0.0,0.0,APPLE,AAPL
2023-01-27 00:00:00-05:00,141.6702137400347,145.69785156540507,141.59104444543297,144.411376953125,70555800,0.0,0.0,APPLE,AAPL
2023-01-30 00:00:00-05:00,143.45148125337437,144.03533779783174,141.36343835201114,141.51187133789062,64015300,0.0,0.0,APPLE,AAPL
2023-01-31 00:00:00-05:00,141.21498687709317,142.83791958375357,140.79935942660674,142.78843688964844,65874500,0.0,0.0,APPLE,AAPL
2023-02-01 00:00:00-05:00,142.47176699297287,145.0842930380827,139.84935044958516,143.91656494140625,77663600,0.0,0.0,APPLE,AAPL
2023-02-02 00:00:00-05:00,147.35047067319957,149.60674271507267,146.62807162382762,149.25050354003906,118339000,0.0,0.0,APPLE,AAPL
2023-02-03 00:00:00-05:00,146.4895254643634,155.74223078414798,146.29160978319123,152.89219665527344,154357300,0.0,0.0,APPLE,AAPL
2023-02-06 00:00:00-05:00,150.98230158746472,151.5067849832526,149.21092060169065,150.15103149414062,69858300,0.0,0.0,APPLE,AAPL
2023-02-07 00:00:00-05:00,149.072369515728,153.61460021760152,149.072369515728,153.04063415527344,83322600,0.0,0.0,APPLE,AAPL
2023-02-08 00:00:00-05:00,152.27864483917466,152.97135723381655,149.59683994706387,150.3390350341797,64120100,0.0,0.0,APPLE,AAPL
2023-02-09 00:00:00-05:00,152.1796622531109,152.7239416088079,148.85462803466618,149.29994201660156,56007100,0.0,0.0,APPLE,AAPL
2023-02-10 00:00:00-05:00,148.1304871155474,149.99375331566142,147.89261658821053,149.66668701171875,57450700,0.23,0.0,APPLE,AAPL
2023-02-13 00:00:00-05:00,149.6072179924685,152.88777139634084,149.5774860679603,152.48143005371094,62199000,0.0,0.0,APPLE,AAPL
2023-02-14 00:00:00-05:00,150.76679417039543,152.40212547908195,149.51800808989614,151.83718872070312,61707600,0.0,0.0,APPLE,AAPL
2023-02-15 00:00:00-05:00,151.74801937795763,154.11675866505783,151.52006956422687,153.94827270507812,65573800,0.0,0.0,APPLE,AAPL
2023-02-16 00:00:00-05:00,152.1444488830226,154.939370878608,151.98588365390484,152.34268188476562,68167900,0.0,0.0,APPLE,AAPL
2023-02-17 00:00:00-05:00,150.99477529042434,151.63898716051196,149.50811855355659,151.1929931640625,59144100,0.0,0.0,APPLE,AAPL
2023-02-21 00:00:00-05:00,148.86388049557812,149.954101404135,147.08981024225724,147.1591796875,58867200,0.0,0.0,APPLE,AAPL
2023-02-22 00:00:00-05:00,147.54572027637772,148.61611493809133,145.8509400709552,147.5853729248047,51011300,0.0,0.0,APPLE,AAPL
2023-02-23 00:00:00-05:00,148.7548636373809,149.00263975049123,145.9302250217555,148.0709991455078,48394200,0.0,0.0,APPLE,AAPL
2023-02-24 00:00:00-05:00,145.80137346736828,145.88066363662452,144.42373891303,145.40493774414062,55469600,0.0,0.0,APPLE,AAPL
2023-02-27 00:00:00-05:00,146.39604828262136,147.84305234351663,146.13835144102467,146.6041717529297,44998500,0.0,0.0,APPLE,AAPL
2023-02-28 00:00:00-05:00,145.74189568165605,147.75383627455793,145.5238515178197,146.09869384765625,50547000,0.0,0.0,APPLE,AAPL
2023-03-01 00:00:00-05:00,145.52386270219765,145.92029841797654,143.72004541238144,144.0173797607422,55479000,0.0,0.0,APPLE,AAPL
2023-03-02 00:00:00-05:00,143.09567187882521,145.40494716777042,142.61993083245534,144.612060546875,52238100,0.0,0.0,APPLE,AAPL
2023-03-03 00:00:00-05:00,146.72310034368257,149.7657983517578,146.01942463285462,149.68650817871094,70732300,0.0,0.0,APPLE,AAPL
2023-03-06 00:00:00-05:00,152.421971492151,154.90965374485327,152.09492027876624,152.4616241455078,87558000,0.0,0.0,APPLE,AAPL
2023-03-07 00:00:00-05:00,152.33275997963113,152.65982628230532,149.7856292559754,150.25144958496094,56182000,0.0,0.0,APPLE,AAPL
2023-03-08 00:00:00-05:00,151.45069849446085,152.1048311901769,150.47942017610038,151.51016235351562,47204800,0.0,0.0,APPLE,AAPL
2023-03-09 00:00:00-05:00,152.19400890417916,153.1652871071905,148.89362901108174,149.25042724609375,53833600,0.0,0.0,APPLE,AAPL
2023-03-10 00:00:00-05:00,148.8738114378205,149.59731347786158,146.29693372600934,147.17901611328125,68572400,0.0,0.0,APPLE,AAPL
2023-03-13 00:00:00-04:00,146.49514356859967,151.77773200211703,146.38612147623616,149.13148498535156,84457100,0.0,0.0,APPLE,AAPL
2023-03-14 00:00:00-04:00,149.9342758651321,152.03541240200406,148.76477990534212,151.2326202392578,73695900,0.0,0.0,APPLE,AAPL
2023-03-15 00:00:00-04:00,149.84508307563596,151.8867558074207,148.5863761992532,151.6290740966797,77167900,0.0,0.0,APPLE,AAPL
2023-03-16 00:00:00-04:00,150.80644547979264,155.06819732114948,150.2910669698244,154.463623046875,76161100,0.0,0.0,APPLE,AAPL
2023-03-17 00:00:00-04:00,154.6915645274048,155.3456970100276,152.90757372163895,153.6211700439453,98944600,0.0,0.0,APPLE,AAPL
2023-03-20 00:00:00-04:00,153.69057212608058,156.41610932466375,152.77874273681294,155.9998321533203,73641400,0.0,0.0,APPLE,AAPL
2023-03-21 00:00:00-04:00,155.92057224811566,157.98205636658307,155.14749679987165,157.86312866210938,73938300,0.0,0.0,APPLE,AAPL
2023-03-22 00:00:00-04:00,157.8829348177373,160.69766769977065,156.40618380927145,156.42601013183594,75701800,0.0,0.0,APPLE,AAPL
2023-03-23 00:00:00-04:00,157.41713397261083,160.11293949819742,156.2773546917545,157.5162353515625,67622100,0.0,0.0,APPLE,AAPL
2023-03-24 00:00:00-04:00,157.44685878169065,158.91368918214428,156.4458486981132,158.82449340820312,59196500,0.0,0.0,APPLE,AAPL
2023-03-27 00:00:00-04:00,158.51726169320153,159.3398802717359,156.46566804738902,156.8720245361328,52390300,0.0,0.0,APPLE,AAPL
2023-03-28 00:00:00-04:00,156.56476504075383,157.0801435690118,154.59246181824673,156.2476043701172,45992200,0.0,0.0,APPLE,AAPL
2023-03-29 00:00:00-04:00,157.95230377159302,159.61736703161768,157.93249257214313,159.33985900878906,51305700,0.0,0.0,APPLE,AAPL
2023-03-30 00:00:00-04:00,160.09309198521143,161.0247325377752,159.83541028637475,160.91571044921875,49501700,0.0,0.0,APPLE,AAPL
2023-03-31 00:00:00-04:00,160.99498214280177,163.53220668747687,160.46969808268003,163.43309020996094,68749800,0.0,0.0,APPLE,AAPL
2023-04-03 00:00:00-04:00,162.80872590475465,164.81074592730272,162.75916765957112,164.6918182373047,56976200,0.0,0.0,APPLE,AAPL
2023-04-04 00:00:00-04:00,165.1180039760234,165.35585936030904,163.6412529320187,164.15663146972656,46278300,0.0,0.0,APPLE,AAPL
2023-04-05 00:00:00-04:00,163.27453103673446,163.5817709560874,160.36068191775178,162.30323791503906,51511700,0.0,0.0,APPLE,AAPL
2023-04-06 00:00:00-04:00,160.98510790466275,163.4926163777719,160.55894019900367,163.19528198242188,45390100,0.0,0.0,APPLE,AAPL
2023-04-10 00:00:00-04:00,159.98409444358578,160.5886688232422,158.6560179778013,160.5886688232422,47716900,0.0,0.0,APPLE,AAPL
2023-04-11 00:00:00-04:00,160.90581330889393,160.9157189090824,159.08216962961518,159.36959838867188,47644200,0.0,0.0,APPLE,AAPL
2023-04-12 00:00:00-04:00,159.7858591607215,160.6183832614872,158.35866634623534,158.6758270263672,50133100,0.0,0.0,APPLE,AAPL
2023-04-13 00:00:00-04:00,160.19221653987137,164.32512026733755,159.98407795194623,164.08724975585938,68445600,0.0,0.0,APPLE,AAPL
2023-04-14 00:00:00-04:00,163.1258766656828,164.84049824090104,162.36273713306923,163.74037170410156,49386500,0.0,0.0,APPLE,AAPL
2023-04-17 00:00:00-04:00,163.62142359967223,163.91875794761413,162.57085534359018,163.7601776123047,41516200,0.0,0.0,APPLE,AAPL
2023-04-18 00:00:00-04:00,164.6224776613853,165.92082224839072,164.17646849957234,164.9891815185547,49923000,0.0,0.0,APPLE,AAPL
2023-04-19 00:00:00-04:00,164.32513190006836,166.66413916449648,164.06743504696098,166.13885498046875,47720200,0.0,0.0,APPLE,AAPL
2023-04-20 00:00:00-04:00,164.61254066948467,166.37670544707035,164.0872565010493,165.1675567626953,52456400,0.0,0.0,APPLE,AAPL
2023-04-21 00:00:00-04:00,163.58179491237593,164.9693351136413,163.0267788318698,163.55206298828125,58337300,0.0,0.0,APPLE,AAPL
2023-04-24 00:00:00-04:00,163.53221719810315,164.12688585531714,162.43209076839383,163.85928344726562,41949600,0.0,0.0,APPLE,AAPL
2023-04-25 00:00:00-04:00,163.72053781617427,164.83056990181737,162.27351874191552,162.31317138671875,48714100,0.0,0.0,APPLE,AAPL
2023-04-26 00:00:00-04:00,161.60946791600787,163.80972071511513,161.35178623723965,162.30323791503906,45498800,0.0,0.0,APPLE,AAPL
2023-04-27 00:00:00-04:00,163.72055333888554,167.06057063521666,163.72055333888554,166.9119110107422,64902300,0.0,0.0,APPLE,AAPL
2023-04-28 00:00:00-04:00,166.9912068392812,168.33910959802364,166.3866324741896,168.1706085205078,55209200,0.0,0.0,APPLE,AAPL
2023-05-01 00:00:00-04:00,167.77418090050938,168.93377143610374,167.1398745787384,168.0814208984375,52472900,0.0,0.0,APPLE,AAPL
2023-05-02 00:00:00-04:00,168.57695592218053,168.8346527635164,166.0496364953305,167.04074096679688,48425700,0.0,0.0,APPLE,AAPL
2023-05-03 00:00:00-04:00,167.99221651388285,169.39958312064851,165.67303556145444,165.96044921875,65136000,0.0,0.0,APPLE,AAPL
2023-05-04 00:00:00-04:00,163.42321284611648,165.5540813733989,162.84837044792107,164.31520080566406,81235400,0.0,0.0,APPLE,AAPL
2023-05-05 00:00:00-04:00,169.45904407323195,172.74951828972897,169.24099987223252,172.02601623535156,113316400,0.0,0.0,APPLE,AAPL
2023-05-08 00:00:00-04:00,170.9457036748566,172.3035271533145,170.5789998411912,171.95663452148438,55962800,0.0,0.0,APPLE,AAPL
2023-05-09 00:00:00-04:00,171.5106167971042,171.99624826685388,170.0735184638984,170.24200439453125,45326900,0.0,0.0,APPLE,AAPL
2023-05-10 00:00:00-04:00,171.4808778133282,172.48188775635265,170.37083066450225,172.0160675048828,53724500,0.0,0.0,APPLE,AAPL
2023-05-11 00:00:00-04:00,172.30352323742437,173.0369308880872,170.63845981475797,172.20440673828125,49514700,0.0,0.0,APPLE,AAPL
2023-05-12 00:00:00-04:00,172.3135560619337,172.75024761525086,169.7132756322357,171.27146911621094,45497800,0.24,0.0,APPLE,AAPL
2023-05-15 00:00:00-04:00,171.85704787235903,171.90667467230108,170.17976198453994,170.77525329589844,37266700,0.0,0.0,APPLE,AAPL
2023-05-16 00:00:00-04:00,170.69585344478577,171.83719412358758,170.5072806913898,170.77525329589844,42110300,0.0,0.0,APPLE,AAPL
2023-05-17 00:00:00-04:00,170.41794239989213,171.62874834746046,169.13764076744155,171.39056396484375,57951600,0.0,0.0,APPLE,AAPL
2023-05-18 00:00:00-04:00,171.69824104214084,173.92139134908305,171.28140319908402,173.73281860351562,65496700,0.0,0.0,APPLE,AAPL
2023-05-19 00:00:00-04:00,175.06273574474233,175.06273574474233,173.62364943906087,173.8419952392578,55772400,0.0,0.0,APPLE,AAPL
2023-05-22 00:00:00-04:00,172.67082966128476,173.3953474550921,172.14481902105013,172.88917541503906,43570900,0.0,0.0,APPLE,AAPL
2023-05-23 00:00:00-04:00,171.82725170101335,172.07537052336497,169.99116635802292,170.26905822753906,50747300,0.0,0.0,APPLE,AAPL
2023-05-24 00:00:00-04:00,169.80259482166662,171.1225887831174,169.2368917775998,170.5469512939453,45143500,0.0,0.0,APPLE,AAPL
2023-05-25 00:00:00-04:00,171.11265601316939,172.59143439622224,170.39807264451125,171.68829345703125,56058300,0.0,0.0,APPLE,AAPL
2023-05-26 00:00:00-04:00,172.01583117068753,174.44739269623702,171.80740468839622,174.1099395751953,54835000,0.0,0.0,APPLE,AAPL
2023-05-30 00:00:00-04:00,175.62841290652338,177.64313629194103,175.2413481956296,175.96585083007812,55964400,0.0,0.0,APPLE,AAPL
2023-05-31 00:00:00-04:00,175.99565961269718,178.00046410534546,175.4299413812976,175.916259765625,99625300,0.0,0.0,APPLE,AAPL
2023-06-01 00:00:00-04:00,176.3628631071657,178.76465158842046,175.59865286277548,178.73487854003906,68901800,0.0,0.0,APPLE,AAPL
2023-06-02 00:00:00-04:00,179.66779400262783,180.41215044305542,177.91110856290692,179.58839416503906,61945900,0.0,0.0,APPLE,AAPL
2023-06-05 00:00:00-04:00,181.25576664565278,183.55830143833987,176.70029356551757,178.2287139892578,121946500,0.0,0.0,APPLE,AAPL
2023-06-06 00:00:00-04:00,178.61580235581204,178.76466761106187,176.0949063111125,177.8615264892578,64848400,0.0,0.0,APPLE,AAPL
2023-06-07 00:00:00-04:00,177.09730925974853,179.84647030311896,175.9857416800345,176.4819793701172,61944600,0.0,0.0,APPLE,AAPL
2023-06-08 00:00:00-04:00,176.56135080082998,179.47923062220013,176.12467438732125,179.21127319335938,50214900,0.0,0.0,APPLE,AAPL
2023-06-09 00:00:00-04:00,180.13427291189814,180.85877566456503,179.2708242183914,179.5983428955078,48870700,0.0,0.0,APPLE,AAPL
2023-06-12 00:00:00-04:00,179.90601640267764,182.50629705263665,179.60827075983389,182.40704345703125,54274900,0.0,0.0,APPLE,AAPL
2023-06-13 00:00:00-04:00,181.4244766251203,182.76430911070224,181.0671849335044,181.93063354492188,54929100,0.0,0.0,APPLE,AAPL
2023-06-14 00:00:00-04:00,181.9902041416917,183.00253326157815,180.6503714756975,182.5658416748047,57462900,0.0,0.0,APPLE,AAPL
2023-06-15 00:00:00-04:00,182.57578902105072,185.11652373019436,182.39713556657819,184.6103515625,65433200,0.0,0.0,APPLE,AAPL
2023-06-16 00:00:00-04:00,185.32491183758503,185.58296511233405,182.88343103661734,183.52853393554688,101235600,0.0,0.0,APPLE,AAPL
2023-06-20 00:00:00-04:00,183.0223827636369,184.69966852666565,183.0223827636369,183.61785888671875,49799100,0.0,0.0,APPLE,AAPL
2023-06-21 00:00:00-04:00,183.50867393361597,184.01484602054117,181.21605845086614,182.5757598876953,49515700,0.0,0.0,APPLE,AAPL
2023-06-22 00:00:00-04:00,182.35743123046893,185.64252230545932,182.28795068496888,185.5928955078125,51245300,0.0,0.0,APPLE,AAPL
2023-06-23 00:00:00-04:00,184.15381217622152,186.14868226406438,183.61786698344585,185.27529907226562,53079300,0.0,0.0,APPLE,AAPL
2023-06-26 00:00:00-04:00,185.42415928991971,186.6349803489813,183.83619277653602,183.8759002685547,48088700,0.0,0.0,APPLE,AAPL
2023-06-27 00:00:00-04:00,184.491243018021,186.9724314039452,184.2728972285419,186.64491271972656,50730800,0.0,0.0,APPLE,AAPL
2023-06-28 00:00:00-04:00,186.5158835329519,188.47106116590345,186.18837999717346,187.82595825195312,51216800,0.0,0.0,APPLE,AAPL
2023-06-29 00:00:00-04:00,187.65721893731777,188.63977487015424,187.51827301040888,188.1633758544922,46347300,0.0,0.0,APPLE,AAPL
2023-06-30 00:00:00-04:00,190.188048421843,193.0165939677774,189.820822259396,192.51043701171875,85069600,0.0,0.0,APPLE,AAPL
2023-07-03 00:00:00-04:00,192.3218852380738,192.42113883743698,190.31708065392723,191.01182556152344,31458200,0.0,0.0,APPLE,AAPL
2023-07-05 00:00:00-04:00,190.12850409377413,191.5278827838796,189.18564042572623,189.8903045654297,46920300,0.0,0.0,APPLE,AAPL
2023-07-06 00:00:00-04:00,188.4115064167895,190.57511043531196,187.77632283358471,190.36668395996094,45094300,0.0,0.0,APPLE,AAPL
2023-07-07 00:00:00-04:00,189.96969607727493,191.2202094723073,188.80850182246542,189.24517822265625,46778000,0.0,0.0,APPLE,AAPL
2023-07-10 00:00:00-04:00,187.83588357427638,188.56040149996468,185.63258703549474,187.19078063964844,59922200,0.0,0.0,APPLE,AAPL
2023-07-11 00:00:00-04:00,187.7366242460387,187.87557017699805,185.19588999765614,186.6647491455078,46638100,0.0,0.0,APPLE,AAPL
2023-07-12 00:00:00-04:00,188.25270672963643,190.2575110663078,187.05182010303508,188.342041015625,60750200,0.0,0.0,APPLE,AAPL
2023-07-13 00:00:00-04:00,189.06653934191485,189.75134970272404,188.35195593445923,189.10623168945312,41342300,0.0,0.0,APPLE,AAPL
2023-07-14 00:00:00-04:00,188.79858162868422,189.74143018258206,188.203105504946,189.255126953125,41573900,0.0,0.0,APPLE,AAPL
2023-07-17 00:00:00-04:00,190.45600381205304,192.85780736222108,190.3666846697001,192.53028869628906,50520200,0.0,0.0,APPLE,AAPL
2023-07-18 00:00:00-04:00,191.89511697543264,192.8677385882339,190.97210701546965,192.27224731445312,48353800,0.0,0.0,APPLE,AAPL
2023-07-19 00:00:00-04:00,191.64697698861832,196.73836472736357,191.20035101057832,193.63192749023438,80507300,0.0,0.0,APPLE,AAPL
2023-07-20 00:00:00-04:00,193.6220009023945,194.9916216501567,191.05149353304836,191.6767578125,59581200,0.0,0.0,APPLE,AAPL
2023-07-21 00:00:00-04:00,192.6394625715507,193.50291123999378,189.7910481510584,190.49571228027344,71917800,0.0,0.0,APPLE,AAPL
2023-07-24 00:00:00-04:00,191.9546589402895,193.44337194871,190.80338391255776,191.29962158203125,45377800,0.0,0.0,APPLE,AAPL
2023-07-25 00:00:00-04:00,191.8752747291033,192.9769230508511,191.46835617242775,192.1630859375,37283200,0.0,0.0,APPLE,AAPL
2023-07-26 00:00:00-04:00,192.21269689922778,194.16787452666702,191.86533961729995,193.0364532470703,47471900,0.0,0.0,APPLE,AAPL
2023-07-27 00:00:00-04:00,194.5450012117714,195.71611472843404,191.10111090990094,191.7660675048828,47460200,0.0,0.0,APPLE,AAPL
2023-07-28 00:00:00-04:00,193.20517029738988,195.15042860374737,192.6791595850325,194.3564453125,48291400,0.0,0.0,APPLE,AAPL
2023-07-31 00:00:00-04:00,194.58470647584855,195.01147873318087,193.79072320060368,194.97177124023438,38824100,0.0,0.0,APPLE,AAPL
2023-08-01 00:00:00-04:00,194.76335631965225,195.24965951950642,193.81057337810935,194.13809204101562,35175100,0.0,0.0,APPLE,AAPL
2023-08-02 00:00:00-04:00,193.57237058354673,193.7113165160086,190.4063871835963,191.13088989257812,50389300,0.0,0.0,APPLE,AAPL
2023-08-03 00:00:00-04:00,190.12852085535187,190.92248906521922,189.25513765173034,189.7315216064453,61235200,0.0,0.0,APPLE,AAPL
2023-08-04 00:00:00-04:00,184.12402690270278,185.9700316166551,180.55110966796553,180.62059020996094,115799700,0.0,0.0,APPLE,AAPL
2023-08-07 00:00:00-04:00,180.75952916090975,181.7520044495214,176.01549849286377,177.50421142578125,97576100,0.0,0.0,APPLE,AAPL
2023-08-08 00:00:00-04:00,178.33789436874574,178.91353187709316,176.2437708178845,178.4470672607422,67823000,0.0,0.0,APPLE,AAPL
2023-08-09 00:00:00-04:00,179.50900875402357,179.568554851008,175.67805336031552,176.84918212890625,60378500,0.0,0.0,APPLE,AAPL
2023-08-10 00:00:00-04:00,178.12944570765407,179.38989345940934,176.26360261853452,176.6308135986328,54686900,0.0,0.0,APPLE,AAPL
2023-08-11 00:00:00-04:00,176.22338084720406,177.51532893244283,175.45813862661385,176.69046020507812,51988100,0.24,0.0,APPLE,AAPL
2023-08-14 00:00:00-04:00,176.86935281922499,178.57871676071744,176.21343092354076,178.3501434326172,43675600,0.0,0.0,APPLE,AAPL
2023-08-15 00:00:00-04:00,177.7737337283927,178.37001397078072,175.9550494184861,176.35256958007812,43622600,0.0,0.0,APPLE,AAPL
2023-08-16 00:00:00-04:00,176.0345616520876,177.43583011971523,175.4084529729965,175.47802734375,46964900,0.0,0.0,APPLE,AAPL
2023-08-17 00:00:00-04:00,176.04448461625057,176.41219151441152,172.40711609073566,172.9239044189453,66062900,0.0,0.0,APPLE,AAPL
2023-08-18 00:00:00-04:00,171.23443009200113,174.0171167915457,170.8965364290824,173.410888671875,61114200,0.0,0.0,APPLE,AAPL
2023-08-21 00:00:00-04:00,173.98727547488048,175.04071740961578,172.66549912667216,174.75250244140625,46311900,0.0,0.0,APPLE,AAPL
2023-08-22 00:00:00-04:00,175.96496432299716,176.58112506049082,175.15997622029204,176.1339111328125,42084200,0.0,0.0,APPLE,AAPL
2023-08-23 00:00:00-04:00,177.41596644953157,180.4272265262981,177.2271390578494,179.9998779296875,52722800,0.0,0.0,APPLE,AAPL
2023-08-24 00:00:00-04:00,179.55266206734146,179.98001065949663,174.92147774645116,175.28919982910156,54945800,0.0,0.0,APPLE,AAPL
2023-08-25 00:00:00-04:00,176.28301269216934,178.04205535297126,174.73266281139772,177.50540161132812,51449600,0.0,0.0,APPLE,AAPL
2023-08-28 00:00:00-04:00,178.97623493994635,179.4731427043403,177.4457656979585,179.07562255859375,43820700,0.0,0.0,APPLE,AAPL
2023-08-29 00:00:00-04:00,178.5886452216866,183.75648287285222,178.38988515133815,182.98130798339844,53003900,0.0,0.0,APPLE,AAPL
2023-08-30 00:00:00-04:00,183.7962700149799,186.6882772160455,183.5975099164829,186.489501953125,60813900,0.0,0.0,APPLE,AAPL
2023-08-31 00:00:00-04:00,186.6783166282915,187.95039936926207,186.3205424096171,186.7081298828125,60794500,0.0,0.0,APPLE,AAPL
2023-09-01 00:00:00-04:00,188.31811281370076,188.7454462185212,187.1155893336136,188.28829956054688,45732600,0.0,0.0,APPLE,AAPL
2023-09-05 00:00:00-04:00,187.11559340947835,188.8050768374951,186.44973880050088,188.5268096923828,45280000,0.0,0.0,APPLE,AAPL
2023-09-06 00:00:00-04:00,187.23484633917346,187.68207547486304,180.34771175415628,181.77880859375,81755800,0.0,0.0,APPLE,AAPL
2023-09-07 00:00:00-04:00,174.09661277894284,177.1078880544232,172.46675577109517,176.46189880371094,112488800,0.0,0.0,APPLE,AAPL
2023-09-08 00:00:00-04:00,177.24701069547294,179.12532149203676,176.6904612453168,177.0780487060547,65551300,0.0,0.0,APPLE,AAPL
2023-09-11 00:00:00-04:00,178.9563633540274,179.18493667169957,176.24323613595504,178.25074768066406,58953100,0.0,0.0,APPLE,AAPL
2023-09-12 00:00:00-04:00,178.37997587722177,179.01601728450376,173.7388586270757,175.20970153808594,90370200,0.0,0.0,APPLE,AAPL
2023-09-13 00:00:00-04:00,175.41836231553663,176.2034850251751,172.9040104015583,173.13259887695312,84267900,0.0,0.0,APPLE,AAPL
2023-09-14 00:00:00-04:00,172.92390792735483,175.0109266750055,172.5065072107091,174.6531524658203,60895800,0.0,0.0,APPLE,AAPL
2023-09-15 00:00:00-04:00,175.38856818743835,175.40844874494908,172.74503028655468,173.9276580810547,109205100,0.0,0.0,APPLE,AAPL
2023-09-18 00:00:00-04:00,175.38854849165324,178.27062243017014,175.0804681247336,176.8693389892578,67257600,0.0,0.0,APPLE,AAPL
2023-09-19 00:00:00-04:00,176.42215294794642,178.51910451081574,176.03456546307592,177.9625701904297,51826900,0.0,0.0,APPLE,AAPL
2023-09-20 00:00:00-04:00,178.1513672500879,178.5886485115626,174.3152386804528,174.40469360351562,58436200,0.0,0.0,APPLE,AAPL
2023-09-21 00:00:00-04:00,173.47050026870355,175.20967741085585,172.78476514063325,172.8543243408203,63047900,0.0,0.0,APPLE,AAPL
2023-09-22 00:00:00-04:00,173.5897771264219,175.9848764735621,172.97361627830674,173.7090301513672,56725400,0.0,0.0,APPLE,AAPL
2023-09-25 00:00:00-04:00,173.12266501245767,175.87553831983675,173.07297120229282,174.9910430908203,46172700,0.0,0.0,APPLE,AAPL
2023-09-26 00:00:00-04:00,173.73885876847856,174.1164984027068,170.59839768303257,170.89654541015625,64588900,0.0,0.0,APPLE,AAPL
2023-09-27 00:00:00-04:00,171.55241958401086,171.96982025682692,168.00450628286396,169.37596130371094,66921800,0.0,0.0,APPLE,AAPL
2023-09-28 00:00:00-04:00,168.29272705350883,170.96609339598558,166.5833630389383,169.63438415527344,56294400,0.0,0.0,APPLE,AAPL
2023-09-29 00:00:00-04:00,170.95614167013932,171.9996509482002,169.28652379235777,170.15115356445312,51814200,0.0,0.0,APPLE,AAPL
2023-10-02 00:00:00-04:00,170.16109351938684,173.22204712222216,169.87287852825236,172.67544555664062,52164500,0.0,0.0,APPLE,AAPL
2023-10-03 00:00:00-04:00,171.19465244741932,172.55618999324432,169.76357086656446,171.3337860107422,49594600,0.0,0.0,APPLE,AAPL
2023-10-04 00:00:00-04:00,170.03190052575047,173.13261538484517,169.91264751116213,172.5860137939453,53020300,0.0,0.0,APPLE,AAPL
2023-10-05 00:00:00-04:00,172.7151938850701,174.3649313004983,171.61205804275627,173.82827758789062,48527900,0.0,0.0,APPLE,AAPL
2023-10-06 00:00:00-04:00,172.7251520422754,176.88924177784276,172.10897606656815,176.392333984375,57224100,0.0,0.0,APPLE,AAPL
2023-10-09 00:00:00-04:00,175.71653078442577,177.94268314929081,174.7127825048992,177.883056640625,42390800,0.0,0.0,APPLE,AAPL
2023-10-10 00:00:00-04:00,176.99855858071479,178.60853494693302,176.84947714698436,177.28675842285156,43698000,0.0,0.0,APPLE,AAPL
2023-10-11 00:00:00-04:00,177.09792315514355,178.7377278666485,176.50164294003199,178.6880340576172,47551100,0.0,0.0,APPLE,AAPL
2023-10-12 00:00:00-04:00,178.95638111240146,181.21233159015208,177.9327371003315,179.59242248535156,56743100,0.0,0.0,APPLE,AAPL
2023-10-13 00:00:00-04:00,180.29802522104373,180.80486572035005,177.03831125012886,177.74392700195312,51427100,0.0,0.0,APPLE,AAPL
2023-10-16 00:00:00-04:00,175.6569128281916,177.97250506879755,175.41839161749283,177.61473083496094,52517000,0.0,0.0,APPLE,AAPL
2023-10-17 00:00:00-04:00,175.55752029881808,177.31657816311466,173.71897053093056,176.05442810058594,57549400,0.0,0.0,APPLE,AAPL
2023-10-18 00:00:00-04:00,174.49411588751158,176.48174675740316,174.02702141993345,174.75250244140625,54764400,0.0,0.0,APPLE,AAPL
2023-10-19 00:00:00-04:00,174.9512928962145,176.7401640228471,174.106558728376,174.37489318847656,59302900,0.0,0.0,APPLE,AAPL
2023-10-20 00:00:00-04:00,174.22581676799155,174.33513709455804,171.57233083888437,171.81085205078125,64189300,0.0,0.0,APPLE,AAPL
2023-10-23 00:00:00-04:00,169.85301344001374,172.93383244025344,168.87906331617407,171.93008422851562,55980100,0.0,0.0,APPLE,AAPL
2023-10-24 00:00:00-04:00,171.9797831493734,172.59594393485276,170.3896722111032,172.36737060546875,43816600,0.0,0.0,APPLE,AAPL
2023-10-25 00:00:00-04:00,170.81704513991966,171.9897403716956,169.59464092648332,170.0418701171875,57157000,0.0,0.0,APPLE,AAPL
2023-10-26 00:00:00-04:00,169.31635357139493,170.32011700092076,164.64542343181446,165.85787963867188,70625300,0.0,0.0,APPLE,AAPL
2023-10-27 00:00:00-04:00,165.87774586751993,167.9150706400693,165.79823880916834,167.1796417236328,58499100,0.0,0.0,APPLE,AAPL
2023-10-30 00:00:00-04:00,167.97471206696315,170.11140947897792,167.82563063265053,169.23684692382812,51131000,0.0,0.0,APPLE,AAPL
2023-10-31 00:00:00-04:00,168.30268134414578,169.84308342389463,166.86163656333878,169.71389770507812,44846000,0.0,0.0,APPLE,AAPL
2023-11-01 00:00:00-04:00,169.94245541165574,173.15247532339345,169.0678928937645,172.8940887451172,56934900,0.0,0.0,APPLE,AAPL
2023-11-02 00:00:00-04:00,174.43452247323137,176.68054032302643,174.3748959621323,176.4718475341797,77334800,0.0,0.0,APPLE,AAPL
2023-11-03 00:00:00-04:00,173.16242643179135,175.72647236371952,172.27793120121478,175.55751037597656,79763700,0.0,0.0,APPLE,AAPL
2023-11-06 00:00:00-05:00,175.28918637857382,178.32031158491046,175.12023955979996,178.12155151367188,63841300,0.0,0.0,APPLE,AAPL
2023-11-07 00:00:00-05:00,178.07186894277902,181.31171744967662,177.8631761623555,180.695556640625,70530000,0.0,0.0,APPLE,AAPL
2023-11-08 00:00:00-05:00,181.22227266382137,182.31546067653568,180.466963136192,181.75892639160156,49340300,0.0,0.0,APPLE,AAPL
2023-11-09 00:00:00-05:00,181.82850773747478,182.98132230147056,180.6856107058037,181.2819061279297,53763500,0.0,0.0,APPLE,AAPL
2023-11-10 00:00:00-05:00,183.07312579736603,185.66045656490678,182.63526841968368,185.49127197265625,66133400,0.24,0.0,APPLE,AAPL
2023-11-13 00:00:00-05:00,184.91410998461964,185.12307770332387,183.31195834215197,183.89907836914062,43627500,0.0,0.0,APPLE,AAPL
2023-11-14 00:00:00-05:00,186.78492632853875,187.1929311504176,185.3917576494399,186.5261993408203,60108400,0.0,0.0,APPLE,AAPL
2023-11-15 00:00:00-05:00,186.93420587357204,188.5761557735661,186.86453984677962,187.09341430664062,53790500,0.0,0.0,APPLE,AAPL
2023-11-16 00:00:00-05:00,188.64582412031268,190.02904704723116,187.73029590080972,188.78514099121094,54412900,0.0,0.0,APPLE,AAPL
2023-11-17 00:00:00-05:00,189.32251104128505,189.45188213648447,187.65070850825023,188.76524353027344,50922700,0.0,0.0,APPLE,AAPL
2023-11-20 00:00:00-05:00,188.96425501994514,190.97441144582112,188.9543092379418,190.5166473388672,46505100,0.0,0.0,APPLE,AAPL
2023-11-21 00:00:00-05:00,190.47685219685218,190.586316538311,188.8149955106325,189.71060180664062,38134500,0.0,0.0,APPLE,AAPL
2023-11-22 00:00:00-05:00,190.55644969232256,191.98941662140743,189.89966369290923,190.3773193359375,39617700,0.0,0.0,APPLE,AAPL
2023-11-24 00:00:00-05:00,189.93947531002817,189.96932784078396,188.3273779116158,189.0438690185547,24048300,0.0,0.0,APPLE,AAPL
2023-11-27 00:00:00-05:00,188.994117188391,189.74046085550287,187.9790855494866,188.86474609375,40552600,0.0,0.0,APPLE,AAPL
2023-11-28 00:00:00-05:00,188.85479867311508,190.14846405510127,188.47664635938358,189.47177124023438,38415400,0.0,0.0,APPLE,AAPL
2023-11-29 00:00:00-05:00,189.96933244559008,191.15353347560767,188.04874872654685,188.44679260253906,43014200,0.0,0.0,APPLE,AAPL
2023-11-30 00:00:00-05:00,188.9145072113341,189.39217809569718,187.27255720148867,189.0239715576172,48794400,0.0,0.0,APPLE,AAPL
2023-12-01 00:00:00-05:00,189.40211098182942,190.6261102728152,188.3074675935333,190.30767822265625,45679300,0.0,0.0,APPLE,AAPL
2023-12-04 00:00:00-05:00,189.05382196941733,189.12348800008925,186.53615721754525,188.50650024414062,43389500,0.0,0.0,APPLE,AAPL
2023-12-05 00:00:00-05:00,189.28269344214408,193.45225356737393,189.25282572872496,192.47703552246094,66628400,0.0,0.0,APPLE,AAPL
2023-12-06 00:00:00-05:00,193.50202134703213,193.81050761672594,191.17343287476277,191.38241577148438,41089700,0.0,0.0,APPLE,AAPL
2023-12-07 00:00:00-05:00,192.68602720531442,194.0493433741143,192.64621370853777,193.32290649414062,47477700,0.0,0.0,APPLE,AAPL
2023-12-08 00:00:00-05:00,193.25322651912307,195.0345083535154,192.72581160789824,194.75587463378906,53377300,0.0,0.0,APPLE,AAPL
2023-12-11 00:00:00-05:00,192.1685693679781,192.54672168765146,190.48680586341095,192.23822021484375,60943700,0.0,0.0,APPLE,AAPL
2023-12-12 00:00:00-05:00,192.13871428631938,193.77071848752672,190.7853438376791,193.76077270507812,52696900,0.0,0.0,APPLE,AAPL
2023-12-13 00:00:00-05:00,194.13890022421998,197.03471713546693,193.90007998207173,196.9949188232422,70404200,0.0,0.0,APPLE,AAPL
2023-12-14 00:00:00-05:00,197.05462270758053,198.64681332186495,195.20368991997998,197.14418029785156,66831600,0.0,0.0,APPLE,AAPL
2023-12-15 00:00:00-05:00,196.5670132843794,197.4327670575499,196.0395983209077,196.60682678222656,128256700,0.0,0.0,APPLE,AAPL
2023-12-18 00:00:00-05:00,195.13401948283078,195.6713953811102,193.44231035021684,194.93499755859375,55751900,0.0,0.0,APPLE,AAPL
2023-12-19 00:00:00-05:00,195.20369275359957,195.98983469805682,194.9350047944863,195.97988891601562,40714100,0.0,0.0,APPLE,AAPL
2023-12-20 00:00:00-05:00,195.94008865557052,196.71628487042167,193.88018798828125,193.88018798828125,52242800,0.0,0.0,APPLE,AAPL
2023-12-21 00:00:00-05:00,195.14397125694492,196.11918926884985,192.55664081053737,193.7308807373047,46482500,0.0,0.0,APPLE,AAPL
2023-12-22 00:00:00-05:00,194.22845757962483,194.45734722393942,192.02924020237552,192.6561737060547,37122800,0.0,0.0,APPLE,AAPL
2023-12-26 00:00:00-05:00,192.66610838714513,192.94474210952626,191.88991227702633,192.1088409423828,28919300,0.0,0.0,APPLE,AAPL
2023-12-27 00:00:00-05:00,191.55160311023462,192.55667382245832,190.15841909855277,192.2083740234375,48087700,0.0,0.0,APPLE,AAPL
2023-12-28 00:00:00-05:00,193.1935437488545,193.71101293849657,192.22827139973785,192.6362762451172,34049900,0.0,0.0,APPLE,AAPL
2023-12-29 00:00:00-05:00,192.9547010641641,193.452263485871,190.7952819760843,191.5913848876953,42628800,0.0,0.0,APPLE,AAPL
2024-01-02 00:00:00-05:00,186.23761848029775,187.52133810124718,182.9935167810597,184.7349853515625,82488700,0.0,0.0,APPLE,AAPL
2024-01-03 00:00:00-05:00,183.32190833232914,184.97381929292,182.53575116647167,183.3517608642578,58414500,0.0,0.0,APPLE,AAPL
2024-01-04 00:00:00-05:00,181.26198308479132,182.19740286158623,179.99818547387906,181.02316284179688,71983600,0.0,0.0,APPLE,AAPL
2024-01-05 00:00:00-05:00,181.10278633743064,181.86902157901608,179.29165172771755,180.29672241210938,62303300,0.0,0.0,APPLE,AAPL
2024-01-08 00:00:00-05:00,181.20228054123743,184.6951784875532,180.6151605231867,184.65536499023438,59144500,0.0,0.0,APPLE,AAPL
2024-01-09 00:00:00-05:00,183.02335798455337,184.24735728099782,181.83915700040632,184.23741149902344,42841800,0.0,0.0,APPLE,AAPL
2024-01-10 00:00:00-05:00,183.45127673118873,185.49127057687537,183.02336513916433,185.2823028564453,46792900,0.0,0.0,APPLE,AAPL
2024-01-11 00:00:00-05:00,185.63057672110963,186.13810009590225,182.7248140769861,184.68521118164062,49128400,0.0,0.0,APPLE,AAPL
2024-01-12 00:00:00-05:00,185.1529124416028,185.82960518169298,184.2871587499394,185.0135955810547,40444700,0.0,0.0,APPLE,AAPL
2024-01-16 00:00:00-05:00,181.27193705900044,183.361690026594,180.04792262326768,182.73477172851562,65603000,0.0,0.0,APPLE,AAPL
2024-01-17 00:00:00-05:00,180.38628371133655,182.03817940296344,179.42101140332082,181.78939819335938,47317400,0.0,0.0,APPLE,AAPL
2024-01-18 00:00:00-05:00,185.182762792007,188.21789634439324,184.92403582100312,187.71038818359375,78005800,0.0,0.0,APPLE,AAPL
2024-01-19 00:00:00-05:00,188.4069897270921,191.01421197583775,187.89948151982946,190.62611389160156,68741000,0.0,0.0,APPLE,AAPL
2024-01-22 00:00:00-05:00,191.36250312836654,194.37773007418247,191.3226896328841,192.9447479248047,60133900,0.0,0.0,APPLE,AAPL
2024-01-23 00:00:00-05:00,194.06924615918857,194.79568302432682,192.8850451968675,194.22845458984375,42355600,0.0,0.0,APPLE,AAPL
2024-01-24 00:00:00-05:00,194.4672860626603,195.42261254918643,193.39254945946814,193.55177307128906,53631300,0.0,0.0,APPLE,AAPL
2024-01-25 00:00:00-05:00,194.26827279243787,195.31315691300077,192.1685587692801,193.223388671875,54822100,0.0,0.0,APPLE,AAPL
2024-01-26 00:00:00-05:00,193.32290534776368,193.8105067973861,191.00426266727368,191.48191833496094,44594000,0.0,0.0,APPLE,AAPL
2024-01-29 00:00:00-05:00,191.07390655519137,191.26298269587747,188.65576059016195,190.79527282714844,47145600,0.0,0.0,APPLE,AAPL
2024-01-30 00:00:00-05:00,190.00914701951908,190.86495502370778,186.55606247111587,187.12327575683594,55859400,0.0,0.0,APPLE,AAPL
2024-01-31 00:00:00-05:00,186.12815142243116,186.18787167030365,183.45127824224116,183.5010223388672,55467800,0.0,0.0,APPLE,AAPL
2024-02-01 00:00:00-05:00,183.09303209854838,186.03859323945602,182.9238626911125,185.94903564453125,64885400,0.0,0.0,APPLE,AAPL
2024-02-02 00:00:00-05:00,178.9831513103476,186.41673495449575,178.3761245608121,184.94395446777344,102518000,0.0,0.0,APPLE,AAPL
2024-02-05 00:00:00-05:00,187.23272451786957,188.32736786854025,184.9339886658605,186.7650146484375,69668800,0.0,0.0,APPLE,AAPL
2024-02-06 00:00:00-05:00,185.94902917871246,188.38708201253658,185.8594715869018,188.37713623046875,43490800,0.0,0.0,APPLE,AAPL
2024-02-07 00:00:00-05:00,189.71060210551596,190.118606941087,187.69049986083044,188.48660278320312,53439000,0.0,0.0,APPLE,AAPL
2024-02-08 00:00:00-05:00,188.46670752859183,188.61597019246477,186.4366593779137,187.4019317626953,40962000,0.0,0.0,APPLE,AAPL
2024-02-09 00:00:00-05:00,187.96985257532495,189.30503301755343,187.3222021069975,188.1691436767578,45155200,0.24,0.0,APPLE,AAPL
2024-02-12 00:00:00-05:00,187.74067569026312,187.98977434952795,186.11654756664825,186.47525024414062,41781900,0.0,0.0,APPLE,AAPL
2024-02-13 00:00:00-05:00,185.10024282819998,185.53865891732192,182.84838113476025,184.37286376953125,56529500,0.0,0.0,APPLE,AAPL
2024-02-14 00:00:00-05:00,184.6518638454696,184.8610982078661,181.78224238811126,183.48606872558594,54630500,0.0,0.0,APPLE,AAPL
2024-02-15 00:00:00-05:00,182.88824837462906,183.82486181575325,180.69618309757163,183.19712829589844,65434500,0.0,0.0,APPLE,AAPL
2024-02-16 00:00:00-05:00,182.75870865343296,184.18356093832674,181.015017979917,181.6527099609375,49701400,0.0,0.0,APPLE,AAPL
2024-02-20 00:00:00-05:00,181.13456200161647,181.7722539176,179.3510224128385,180.9053955078125,53665600,0.0,0.0,APPLE,AAPL
2024-02-21 00:00:00-05:00,181.28405435734408,182.23062628266825,180.00867035619171,181.66268920898438,41529700,0.0,0.0,APPLE,AAPL
2024-02-22 00:00:00-05:00,182.81848586019305,184.29316088677606,181.8021742653834,183.7052764892578,52292200,0.0,0.0,APPLE,AAPL
2024-02-23 00:00:00-05:00,184.3429666556088,184.37285727847149,181.57299077597804,181.86195373535156,45119700,0.0,0.0,APPLE,AAPL
2024-02-26 00:00:00-05:00,181.5829745492965,182.10108884357552,179.99869543060538,180.50686645507812,40867400,0.0,0.0,APPLE,AAPL
2024-02-27 00:00:00-05:00,180.4470750372319,183.25690001064538,178.9126187804792,181.9715576171875,54318900,0.0,0.0,APPLE,AAPL
2024-02-28 00:00:00-05:00,181.85199678307725,182.45979817680953,179.48058766314844,180.76593017578125,48953900,0.0,0.0,APPLE,AAPL
2024-02-29 00:00:00-05:00,180.61647239906964,181.91178855608587,178.88274013933005,180.0983428955078,136682600,0.0,0.0,APPLE,AAPL
2024-03-01 00:00:00-05:00,178.9026640457765,179.87912655443867,176.74048946042234,179.01226806640625,73488000,0.0,0.0,APPLE,AAPL
2024-03-04 00:00:00-05:00,175.51490641269265,176.26220237846417,173.16341449891394,174.4687042236328,81510100,0.0,0.0,APPLE,AAPL
2024-03-05 00:00:00-05:00,170.14434479927544,171.4197287337638,169.00845550750375,169.50665283203125,95132400,0.0,0.0,APPLE,AAPL
2024-03-06 00:00:00-05:00,170.44326190896186,170.6226208472031,168.0718378391885,168.51025390625,68587700,0.0,0.0,APPLE,AAPL
2024-03-07 00:00:00-05:00,168.5401544147667,170.1144598371159,167.8825454793763,168.3907012939453,71765100,0.0,0.0,APPLE,AAPL
2024-03-08 00:00:00-05:00,168.39069767067738,173.0737495355564,168.33091642363513,170.1144561767578,76114600,0.0,0.0,APPLE,AAPL
2024-03-11 00:00:00-04:00,172.31649942978052,173.75131021022753,171.42970876738985,172.12718200683594,60139500,0.0,0.0,APPLE,AAPL
2024-03-12 00:00:00-04:00,172.52572483722957,173.40255698056936,170.39344092810595,172.60543823242188,59825400,0.0,0.0,APPLE,AAPL
2024-03-13 00:00:00-04:00,172.14711771653415,172.56560166885345,170.14435462584885,170.51303100585938,52488700,0.0,0.0,APPLE,AAPL
2024-03-14 00:00:00-04:00,172.28659461404473,173.68154097803347,171.42969464651588,172.3762664794922,72913500,0.0,0.0,APPLE,AAPL
2024-03-15 00:00:00-04:00,170.55286572568298,171.9976348876953,169.67603359258842,171.9976348876953,121664700,0.0,0.0,APPLE,AAPL
2024-03-18 00:00:00-04:00,174.93702524630143,177.06930930187292,172.89441306506424,173.09368896484375,75604200,0.0,0.0,APPLE,AAPL
2024-03-19 00:00:00-04:00,173.71144297319321,175.9732631292534,172.40616838919217,175.44517517089844,55215200,0.0,0.0,APPLE,AAPL
2024-03-20 00:00:00-04:00,175.08647190626633,178.0258331298828,174.45873840154812,178.0258331298828,53423100,0.0,0.0,APPLE,AAPL
2024-03-21 00:00:00-04:00,176.41168117904223,176.8500972709565,170.22406352502733,170.7521514892578,106181300,0.0,0.0,APPLE,AAPL
2024-03-22 00:00:00-04:00,171.14074502028382,172.42610267352754,169.44687710249696,171.65887451171875,71106600,0.0,0.0,APPLE,AAPL
2024-03-25 00:00:00-04:00,169.9550500090239,171.32010587263267,168.83907761478048,170.23403930664062,54288300,0.0,0.0,APPLE,AAPL
2024-03-26 00:00:00-04:00,169.38709229314748,170.80197088667242,168.96860836017046,169.09814453125,57388400,0.0,0.0,APPLE,AAPL
2024-03-27 00:00:00-04:00,169.79562681694486,172.97412838637234,169.4967053620682,172.68516540527344,60273300,0.0,0.0,APPLE,AAPL
2024-03-28 00:00:00-04:00,171.13077090878156,171.60903605513778,169.89523614327186,170.8617401123047,65672700,0.0,0.0,APPLE,AAPL
2024-04-01 00:00:00-04:00,170.5728137058907,170.6325949561908,168.86897205345468,169.4169921875,46240500,0.0,0.0,APPLE,AAPL
2024-04-02 00:00:00-04:00,168.47041766713258,168.72947481572177,167.62347609078947,168.2312774658203,49329500,0.0,0.0,APPLE,AAPL
2024-04-03 00:00:00-04:00,168.1814453345995,170.0646306043195,167.97221097339488,169.03834533691406,47691700,0.0,0.0,APPLE,AAPL
2024-04-04 00:00:00-04:00,169.67605100414067,171.30017927084614,168.21136474609375,168.21136474609375,53704400,0.0,0.0,APPLE,AAPL
2024-04-05 00:00:00-04:00,168.97855588471026,169.77567460225572,168.3408639514289,168.96859741210938,42055200,0.0,0.0,APPLE,AAPL
2024-04-08 00:00:00-04:00,168.42059262733576,168.58997789957206,167.6334475147346,167.84268188476562,37425500,0.0,0.0,APPLE,AAPL
2024-04-09 00:00:00-04:00,168.09176931793073,169.46679875844995,167.74304032326918,169.0582733154297,42451200,0.0,0.0,APPLE,AAPL
2024-04-10 00:00:00-04:00,168.19142141332685,168.48036917466098,166.50751200767976,167.1750946044922,49709300,0.0,0.0,APPLE,AAPL
2024-04-11 00:00:00-04:00,167.73307888899373,174.8274194382653,167.55373514215378,174.40892028808594,91070300,0.0,0.0,APPLE,AAPL
2024-04-12 00:00:00-04:00,173.63173034934167,177.71695459263955,173.58192277868224,175.91348266601562,101593300,0.0,0.0,APPLE,AAPL
2024-04-15 00:00:00-04:00,174.72777001691693,175.993195505436,171.87808065130085,172.06739807128906,73531800,0.0,0.0,APPLE,AAPL
2024-04-16 00:00:00-04:00,171.1307833718662,173.13353117115574,167.6633342016507,168.7693328857422,73711200,0.0,0.0,APPLE,AAPL
2024-04-17 00:00:00-04:00,168.99849837401,170.0347421275801,167.39430236816406,167.39430236816406,50901200,0.0,0.0,APPLE,AAPL
2024-04-18 00:00:00-04:00,167.4241802492927,168.0319815519269,165.94952052629202,166.437744140625,43122900,0.0,0.0,APPLE,AAPL
2024-04-19 00:00:00-04:00,165.610765092168,165.80006730864108,163.48843957599198,164.40512084960938,67772100,0.0,0.0,APPLE,AAPL
2024-04-22 00:00:00-04:00,164.92325754431266,166.65697461863107,164.17596150778874,165.24209594726562,48116400,0.0,0.0,APPLE,AAPL
2024-04-23 00:00:00-04:00,164.75386398167788,166.44773187185876,164.32540636965405,166.2982635498047,49537800,0.0,0.0,APPLE,AAPL
2024-04-24 00:00:00-04:00,165.93957460997115,168.68963384433354,165.61077772251915,168.41064453125,48251800,0.0,0.0,APPLE,AAPL
2024-04-25 00:00:00-04:00,168.91879363485126,169.9949017439694,167.54376407257087,169.27749633789062,50558300,0.0,0.0,APPLE,AAPL
2024-04-26 00:00:00-04:00,169.26751639469646,170.72224396978115,168.57002802452664,168.68960571289062,44838400,0.0,0.0,APPLE,AAPL
2024-04-29 00:00:00-04:00,172.74492977704497,175.39534310552878,172.47591417733986,172.8744659423828,68169400,0.0,0.0,APPLE,AAPL
2024-04-30 00:00:00-04:00,172.70508045160457,174.35909916149876,169.38708455902474,169.7158966064453,65934800,0.0,0.0,APPLE,AAPL
2024-05-01 00:00:00-04:00,168.96859497944865,172.0873148851987,168.5002883097745,168.68960571289062,50383100,0.0,0.0,APPLE,AAPL
2024-05-02 00:00:00-04:00,171.8880442050533,172.7947670308616,170.27388965643632,172.4061737060547,94214900,0.0,0.0,APPLE,AAPL
2024-05-03 00:00:00-04:00,185.97705638865938,186.32580059963428,182.00145144318,182.71885681152344,163224100,0.0,0.0,APPLE,AAPL
2024-05-06 00:00:00-04:00,181.6925778578994,183.5358989126904,179.76952819965473,181.0548858642578,78569700,0.0,0.0,APPLE,AAPL
2024-05-07 00:00:00-04:00,182.78860333233249,184.23337259597065,180.66629297548113,181.7423858642578,77305800,0.0,0.0,APPLE,AAPL
2024-05-08 00:00:00-04:00,182.19076551728074,182.40997355379537,180.79580390275353,182.08116149902344,45057100,0.0,0.0,APPLE,AAPL
2024-05-09 00:00:00-04:00,181.90182360877466,183.99425867082294,181.45344901084354,183.9045867919922,48983000,0.0,0.0,APPLE,AAPL
2024-05-10 00:00:00-04:00,184.48325715706596,184.67283136158454,181.7195112814573,182.63743591308594,50759500,0.25,0.0,APPLE,AAPL
2024-05-13 00:00:00-04:00,185.0220348889267,186.67829703001243,184.2038757983674,185.86013793945312,72044800,0.0,0.0,APPLE,AAPL
2024-05-14 00:00:00-04:00,187.0873746193062,187.87560260141976,185.87012310151908,187.00755310058594,52393600,0.0,0.0,APPLE,AAPL
2024-05-15 00:00:00-04:00,187.48648604697289,190.2203008031565,186.9476945906926,189.2924041748047,70400000,0.0,0.0,APPLE,AAPL
2024-05-16 00:00:00-04:00,190.04070957734746,190.66929452090585,189.23253763528552,189.41212463378906,52845200,0.0,0.0,APPLE,AAPL
2024-05-17 00:00:00-04:00,189.08285791419516,190.3799308889647,188.7535998742954,189.44204711914062,41282900,0.0,0.0,APPLE,AAPL
2024-05-20 00:00:00-04:00,188.90328335886426,191.48744227389747,188.58399727816297,190.6094207763672,44361300,0.0,0.0,APPLE,AAPL
2024-05-21 00:00:00-04:00,190.65930352654095,192.295606563888,190.48968851208156,191.91647338867188,42309400,0.0,0.0,APPLE,AAPL
2024-05-22 00:00:00-04:00,191.83664908760778,192.38541249371693,189.84115686495446,190.4697265625,34648500,0.0,0.0,APPLE,AAPL
2024-05-23 00:00:00-04:00,190.54955125962866,190.5695104450197,186.20936473753514,186.45880126953125,51005900,0.0,0.0,APPLE,AAPL
2024-05-24 00:00:00-04:00,188.3944296603675,190.15045735054443,187.61617368042806,189.5518035888672,36294600,0.0,0.0,APPLE,AAPL
2024-05-28 00:00:00-04:00,191.07834591388357,192.56499305086223,188.6737894364844,189.56178283691406,52280100,0.0,0.0,APPLE,AAPL
2024-05-29 00:00:00-04:00,189.18265440509,191.81670371975596,189.0828736970108,189.86111450195312,53068000,0.0,0.0,APPLE,AAPL
2024-05-30 00:00:00-04:00,190.33005195445256,191.74684967437963,190.2003553062749,190.85885620117188,49947900,0.0,0.0,APPLE,AAPL
2024-05-31 00:00:00-04:00,191.00850903182757,192.13596695656702,189.48195877103,191.81668090820312,75158300,0.0,0.0,APPLE,AAPL
2024-06-03 00:00:00-04:00,192.46522387732944,194.55052487571635,192.08609069758458,193.59268188476562,50080500,0.0,0.0,APPLE,AAPL
2024-06-04 00:00:00-04:00,194.20129645164835,194.87977170290745,192.59492465346364,193.91195678710938,47471400,0.0,0.0,APPLE,AAPL
2024-06-05 00:00:00-04:00,194.95958593724887,196.45620511862302,194.43078171111515,195.42852783203125,54156800,0.0,0.0,APPLE,AAPL
2024-06-06 00:00:00-04:00,195.24895132280378,196.05712328824086,193.73237287474004,194.0416717529297,41181800,0.0,0.0,APPLE,AAPL
2024-06-07 00:00:00-04:00,194.2112712938544,196.4961183769711,193.7024262662087,196.44622802734375,53103900,0.0,0.0,APPLE,AAPL
2024-06-10 00:00:00-04:00,196.45620195884163,196.85530953542744,191.7169079607164,192.68472290039062,97262100,0.0,0.0,APPLE,AAPL
2024-06-11 00:00:00-04:00,193.21353266624035,206.6930926736998,193.1935887051364,206.68310546875,172373300,0.0,0.0,APPLE,AAPL
2024-06-12 00:00:00-04:00,206.902617394007,219.7037025197263,206.43367547843766,212.58978271484375,198134300,0.0,0.0,APPLE,AAPL
2024-06-13 00:00:00-04:00,214.25601418934664,216.2614784743462,211.12309188063193,213.75714111328125,97862700,0.0,0.0,APPLE,AAPL
2024-06-14 00:00:00-04:00,213.36801320894725,214.68503016669274,210.8237575657328,212.01107788085938,70122700,0.0,0.0,APPLE,AAPL
2024-06-17 00:00:00-04:00,212.88909055319678,218.45651588142053,212.2405616472853,216.18165588378906,93728300,0.0,0.0,APPLE,AAPL
2024-06-18 00:00:00-04:00,217.09957203800778,218.13723651623954,212.5199210550432,213.8070068359375,79943300,0.0,0.0,APPLE,AAPL
2024-06-20 00:00:00-04:00,213.44781843702847,213.75713252024897,208.3792815854295,209.2073974609375,86172500,0.0,0.0,APPLE,AAPL
2024-06-21 00:00:00-04:00,209.91581187096148,211.41243109582913,206.64320571720273,207.02235412597656,246421400,0.0,0.0,APPLE,AAPL
2024-06-24 00:00:00-04:00,207.25183162238307,212.22060318958276,206.1243736003879,207.67088317871094,80727000,0.0,0.0,APPLE,AAPL
2024-06-25 00:00:00-04:00,208.67859169129048,210.90357646615678,208.13981549353107,208.59878540039062,56713900,0.0,0.0,APPLE,AAPL
2024-06-26 00:00:00-04:00,211.0233076661301,214.37573529051122,210.16524538059215,212.7693634033203,66213200,0.0,0.0,APPLE,AAPL
2024-06-27 00:00:00-04:00,214.2061287476001,215.25376527623442,211.8714063519454,213.61746215820312,49772700,0.0,0.0,APPLE,AAPL
2024-06-28 00:00:00-04:00,215.28368048569334,215.58300736088682,209.8260080950157,210.14527893066406,82542700,0.0,0.0,APPLE,AAPL
2024-07-01 00:00:00-04:00,211.61197396968475,217.01975619065925,211.4423589537816,216.261474609375,60402900,0.0,0.0,APPLE,AAPL
2024-07-02 00:00:00-04:00,215.66281990345283,219.88329699479613,214.61519864650157,219.77354431152344,58046200,0.0,0.0,APPLE,AAPL
2024-07-03 00:00:00-04:00,219.50414962607874,221.0506591796875,218.53633465750286,221.0506591796875,37369800,0.0,0.0,APPLE,AAPL
2024-07-05 00:00:00-04:00,221.15041758535088,225.93960192344272,221.15041758535088,225.82984924316406,60412400,0.0,0.0,APPLE,AAPL
2024-07-08 00:00:00-04:00,226.57816816685514,227.33646497984205,222.74682662809306,227.30653381347656,59085900,0.0,0.0,APPLE,AAPL
2024-07-09 00:00:00-04:00,227.41627168952732,228.8829597417087,225.85979013808537,228.16458129882812,48076100,0.0,0.0,APPLE,AAPL
2024-07-10 00:00:00-04:00,228.78319647541346,232.55467572482934,228.73330612276442,232.45489501953125,62627700,0.0,0.0,APPLE,AAPL
2024-07-11 00:00:00-04:00,230.86848076037649,231.86622690917008,225.26115227596378,227.05709838867188,64710600,0.0,0.0,APPLE,AAPL
2024-07-12 00:00:00-04:00,228.40404188598967,232.11565870158282,228.1645773343909,230.0203857421875,53046500,0.0,0.0,APPLE,AAPL
2024-07-15 00:00:00-04:00,235.94700263838575,236.69531224247876,232.5646438368613,233.87168884277344,62631300,0.0,0.0,APPLE,AAPL
2024-07-16 00:00:00-04:00,234.47032795283747,235.73746973269033,231.8063477557903,234.29074096679688,43234300,0.0,0.0,APPLE,AAPL
2024-07-17 00:00:00-04:00,228.9328431112231,230.93832254659503,226.12917896312734,228.3641357421875,57345900,0.0,0.0,APPLE,AAPL
2024-07-18 00:00:00-04:00,229.76098610155705,229.92062914212065,221.7690447852705,223.6747283935547,66034600,0.0,0.0,APPLE,AAPL
2024-07-19 00:00:00-04:00,224.31328836166992,226.28882140195597,222.77675082247163,223.80442810058594,49151500,0.0,0.0,APPLE,AAPL
2024-07-22 00:00:00-04:00,226.4983442399413,227.26661302541467,222.58718122432802,223.45523071289062,48201800,0.0,0.0,APPLE,AAPL
2024-07-23 00:00:00-04:00,223.86429647317826,226.42851135969482,222.1781030613285,224.5028533935547,39960300,0.0,0.0,APPLE,AAPL
2024-07-24 00:00:00-04:00,223.49514031921132,224.29334029380243,216.64062905712152,218.0474395751953,61777600,0.0,0.0,APPLE,AAPL
2024-07-25 00:00:00-04:00,218.4365585703147,220.35224458682225,214.13627507494223,216.99981689453125,51391200,0.0,0.0,APPLE,AAPL
2024-07-26 00:00:00-04:00,218.20707238174316,218.99530033853074,215.52313289555326,217.46875,41601300,0.0,0.0,APPLE,AAPL
2024-07-29 00:00:00-04:00,216.47100932714253,218.80573164190093,215.26372979848315,217.7481231689453,36311800,0.0,0.0,APPLE,AAPL
2024-07-30 00:00:00-04:00,218.6959746261333,219.8334045947242,215.63288672795753,218.30685424804688,41643800,0.0,0.0,APPLE,AAPL
2024-07-31 00:00:00-04:00,220.94091084366266,223.3155515626994,220.13273889458495,221.5794677734375,50036300,0.0,0.0,APPLE,AAPL
2024-08-01 00:00:00-04:00,223.86429233538576,223.9740450176905,216.53086747941563,217.8678436279297,62501000,0.0,0.0,APPLE,AAPL
2024-08-02 00:00:00-04:00,218.65606496292435,225.09153987705304,217.2193232804361,219.36447143554688,105568600,0.0,0.0,APPLE,AAPL
2024-08-05 00:00:00-04:00,198.64127617987643,213.0188017705649,195.55824424838744,208.79833984375,119548600,0.0,0.0,APPLE,AAPL
2024-08-06 00:00:00-04:00,204.83729660703725,209.51672869129231,200.6168344706096,206.762939453125,69660500,0.0,0.0,APPLE,AAPL
2024-08-07 00:00:00-04:00,206.43367474426563,213.15848935419993,205.9248296826355,209.34710693359375,63516400,0.0,0.0,APPLE,AAPL
2024-08-08 00:00:00-04:00,212.6296774525561,213.71721707569145,208.35932525259923,212.8292236328125,47161100,0.0,0.0,APPLE,AAPL
2024-08-09 00:00:00-04:00,211.62197118803232,216.29141600978787,211.4922593126285,215.7526397705078,42201600,0.0,0.0,APPLE,AAPL
2024-08-12 00:00:00-04:00,215.83255236617862,219.26875909808805,215.36306766380915,217.2909393310547,38028100,0.25,0.0,APPLE,AAPL
2024-08-13 00:00:00-04:00,218.76929897291208,221.646138683676,218.76929897291208,221.02682495117188,44155300,0.0,0.0,APPLE,AAPL
2024-08-14 00:00:00-04:00,220.3276035510778,222.7848915052682,219.45854930599305,221.47633361816406,41960600,0.0,0.0,APPLE,AAPL
2024-08-15 00:00:00-04:00,224.35317447515422,225.10235023777113,222.5151850202656,224.47303771972656,46414000,0.0,0.0,APPLE,AAPL
2024-08-16 00:00:00-04:00,223.67391069385005,226.5807162697698,223.40420315535758,225.80157470703125,44340200,0.0,0.0,APPLE,AAPL
2024-08-19 00:00:00-04:00,225.4719428035102,225.74165035068273,222.79488010428776,225.64175415039062,40687800,0.0,0.0,APPLE,AAPL
2024-08-20 00:00:00-04:00,225.52188562847152,226.92034094772856,225.20222998863,226.2610626220703,30299000,0.0,0.0,APPLE,AAPL
2024-08-21 00:00:00-04:00,226.2710625686077,227.7294495174454,224.80267685471037,226.15118408203125,34765500,0.0,0.0,APPLE,AAPL
2024-08-22 00:00:00-04:00,227.53966079897057,228.08905941841815,223.65393636981634,224.2832489013672,43695300,0.0,0.0,APPLE,AAPL
2024-08-23 00:00:00-04:00,225.41200238324527,227.96918649391685,224.0834622297127,226.5906982421875,38677300,0.0,0.0,APPLE,AAPL
2024-08-26 00:00:00-04:00,226.5107917661563,227.03022456881217,223.64395069142014,226.93032836914062,30602200,0.0,0.0,APPLE,AAPL
2024-08-27 00:00:00-04:00,225.75162066501636,228.5984945445466,224.64283997153836,227.77938842773438,35934600,0.0,0.0,APPLE,AAPL
2024-08-28 00:00:00-04:00,227.6695099550691,229.6073802985885,225.4319662685897,226.2410888671875,38052200,0.0,0.0,APPLE,AAPL
2024-08-29 00:00:00-04:00,229.8471324488683,232.66402541964027,228.62847197635801,229.53746032714844,51906300,0.0,0.0,APPLE,AAPL
2024-08-30 00:00:00-04:00,229.93703146120657,230.14679214282077,227.23000295250677,228.7483367919922,52990800,0.0,0.0,APPLE,AAPL
2024-09-03 00:00:00-04:00,228.29882348382426,228.74832587928796,220.92692932694945,222.52517700195312,50190600,0.0,0.0,APPLE,AAPL
2024-09-04 00:00:00-04:00,221.4164072047842,221.53627045160738,217.24099295020864,220.6072998046875,43840200,0.0,0.0,APPLE,AAPL
2024-09-05 00:00:00-04:00,221.38642912323468,225.23218875186365,221.2765494057299,222.13560485839844,36615400,0.0,0.0,APPLE,AAPL
2024-09-06 00:00:00-04:00,223.7038813850335,224.99247224215048,219.5284824188554,220.57733154296875,48423000,0.0,0.0,APPLE,AAPL
2024-09-09 00:00:00-04:00,220.57732363843863,221.0268260349447,216.47183996524672,220.66722106933594,67180000,0.0,0.0,APPLE,AAPL
2024-09-10 00:00:00-04:00,218.67940838073807,221.23659254048482,216.49181271910507,219.86810302734375,51591000,0.0,0.0,APPLE,AAPL
2024-09-11 00:00:00-04:00,221.21662032032157,222.84481857216005,217.65053646391294,222.41529846191406,44587100,0.0,0.0,APPLE,AAPL
2024-09-12 00:00:00-04:00,222.25546946786713,223.30431855196207,219.57842214055833,222.52517700195312,37498200,0.0,0.0,APPLE,AAPL
2024-09-13 00:00:00-04:00,223.33429284055268,223.7937787761964,221.66612995902517,222.25547790527344,36766600,0.0,0.0,APPLE,AAPL
2024-09-16 00:00:00-04:00,216.302019591785,216.98128020943747,213.6849038037586,216.082275390625,59357400,0.0,0.0,APPLE,AAPL
2024-09-17 00:00:00-04:00,215.51289221314667,216.6616222741377,214.26426595466958,216.55174255371094,45519300,0.0,0.0,APPLE,AAPL
2024-09-18 00:00:00-04:00,217.31091546092293,222.46524827574677,217.30091669603667,220.4474639892578,59894900,0.0,0.0,APPLE,AAPL
2024-09-19 00:00:00-04:00,224.74274368478322,229.56743739121873,224.38313871157,228.61846923828125,66781300,0.0,0.0,APPLE,AAPL
2024-09-20 00:00:00-04:00,229.7172625160979,232.83382873595048,227.36983908638868,227.94920349121094,318679900,0.0,0.0,APPLE,AAPL
2024-09-23 00:00:00-04:00,227.09015412184934,229.19783588273827,225.56183678133013,226.2211151123047,54146000,0.0,0.0,APPLE,AAPL
2024-09-24 00:00:00-04:00,228.39870925768025,229.09795215651428,225.48192014495527,227.1201171875,43556100,0.0,0.0,APPLE,AAPL
2024-09-25 00:00:00-04:00,224.6827959331431,227.04020291666632,223.77380760174057,226.1212158203125,42308700,0.0,0.0,APPLE,AAPL
2024-09-26 00:00:00-04:00,227.05019905798116,228.24887720276465,225.16227678839184,227.26995849609375,36636700,0.0,0.0,APPLE,AAPL
2024-09-27 00:00:00-04:00,228.20893469195548,229.26776733886913,227.05020584581527,227.53965759277344,34026000,0.0,0.0,APPLE,AAPL
2024-09-30 00:00:00-04:00,229.78718847660608,232.7439422607422,229.39761768078608,232.7439422607422,54541900,0.0,0.0,APPLE,AAPL
2024-10-01 00:00:00-04:00,229.2677705196639,229.3976172900359,223.49412373913023,225.96141052246094,63285000,0.0,0.0,APPLE,AAPL
2024-10-02 00:00:00-04:00,225.64175566026316,227.12012493395358,222.77491454853467,226.53077697753906,32880600,0.0,0.0,APPLE,AAPL
2024-10-03 00:00:00-04:00,224.8925655126969,226.56072831643584,223.0745736591087,225.42198181152344,34044200,0.0,0.0,APPLE,AAPL
2024-10-04 00:00:00-04:00,227.6495326914976,227.74942888869526,223.88368688105714,226.55075073242188,37245100,0.0,0.0,APPLE,AAPL
2024-10-07 00:00:00-04:00,224.25327473060864,225.44196936055414,221.08676038639473,221.4463653564453,39505400,0.0,0.0,APPLE,AAPL
2024-10-08 00:00:00-04:00,224.05349542674807,225.73164177618557,223.0046463373399,225.52188110351562,31855700,0.0,0.0,APPLE,AAPL
2024-10-09 00:00:00-04:00,224.9824739985636,229.49751090746852,224.58291968465133,229.28773498535156,33591100,0.0,0.0,APPLE,AAPL
2024-10-10 00:00:00-04:00,227.5296744960524,229.24778548023318,226.9203442604764,228.7882843017578,28183500,0.0,0.0,APPLE,AAPL
2024-10-11 00:00:00-04:00,229.04800351672907,229.15788323697032,227.09015084025384,227.2999267578125,31759200,0.0,0.0,APPLE,AAPL
2024-10-14 00:00:00-04:00,228.44865815944695,231.47532700331138,228.34877720356226,231.04580688476562,39882100,0.0,0.0,APPLE,AAPL
2024-10-15 00:00:00-04:00,233.3532605949055,237.22900130875718,232.11461788171079,233.59300231933594,64751400,0.0,0.0,APPLE,AAPL
2024-10-16 00:00:00-04:00,231.34547369396782,231.86489123072647,229.5873982094942,231.5252685546875,34082200,0.0,0.0,APPLE,AAPL
2024-10-17 00:00:00-04:00,233.17345903647427,233.59301088010824,230.26666863657624,231.89486694335938,32993800,0.0,0.0,APPLE,AAPL
2024-10-18 00:00:00-04:00,235.9204255737285,235.9204255737285,233.75281228137578,234.74172973632812,46431500,0.0,0.0,APPLE,AAPL
2024-10-21 00:00:00-04:00,234.19234018879644,236.5897117727769,234.19234018879644,236.22010803222656,36254500,0.0,0.0,APPLE,AAPL
2024-10-22 00:00:00-04:00,233.6329632952546,235.96040454410334,232.3443876620224,235.60079956054688,38846600,0.0,0.0,APPLE,AAPL
2024-10-23 00:00:00-04:00,233.822752128634,234.88158476901867,227.50969037853835,230.5063934326172,52287000,0.0,0.0,APPLE,AAPL
2024-10-24 00:00:00-04:00,229.7272566761152,230.56634513279107,228.15898997077215,230.31661987304688,31109500,0.0,0.0,APPLE,AAPL
2024-10-25 00:00:00-04:00,229.4875225740561,232.96369380669327,229.3177112321018,231.1556854248047,38802300,0.0,0.0,APPLE,AAPL
2024-10-28 00:00:00-04:00,233.06359498314518,234.472033847566,232.29443692443334,233.14349365234375,36087100,0.0,0.0,APPLE,AAPL
2024-10-29 00:00:00-04:00,232.84382710997653,234.07247106119948,232.06468555632105,233.41319274902344,35417200,0.0,0.0,APPLE,AAPL
2024-10-30 00:00:00-04:00,232.35435817157438,233.21341362628857,229.29772360355057,229.8471221923828,47070900,0.0,0.0,APPLE,AAPL
2024-10-31 00:00:00-04:00,229.08795100904055,229.57741798472995,225.1223128313268,225.66172790527344,64370100,0.0,0.0,APPLE,AAPL
2024-11-01 00:00:00-04:00,220.72715344034327,225.10234466312102,220.02792579428782,222.66502380371094,65276700,0.0,0.0,APPLE,AAPL
2024-11-04 00:00:00-05:00,220.74713841963055,222.54514803369162,219.46854635353304,221.76600646972656,44944500,0.0,0.0,APPLE,AAPL
2024-11-05 00:00:00-05:00,221.5562414690178,223.70387248945224,220.896963160989,223.2044219970703,28111300,0.0,0.0,APPLE,AAPL
2024-11-06 00:00:00-05:00,222.36535526416637,225.82155947797517,220.94691765378838,222.47523498535156,54561100,0.0,0.0,APPLE,AAPL
2024-11-07 00:00:00-05:00,224.38313701629485,227.629565273657,224.32320539488208,227.22999572753906,42137700,0.0,0.0,APPLE,AAPL
2024-11-08 00:00:00-05:00,227.1699981689453,228.66000366210938,226.41000366210938,226.9600067138672,38328800,0.25,0.0,APPLE,AAPL
2024-11-11 00:00:00-05:00,225.0,225.6999969482422,221.5,224.22999572753906,42005600,0.0,0.0,APPLE,AAPL
2024-11-12 00:00:00-05:00,224.5500030517578,225.58999633789062,223.36000061035156,224.22999572753906,40398300,0.0,0.0,APPLE,AAPL
2024-11-13 00:00:00-05:00,224.00999450683594,226.64999389648438,222.75999450683594,225.1199951171875,48566200,0.0,0.0,APPLE,AAPL
2024-11-14 00:00:00-05:00,225.02000427246094,228.8699951171875,225.0,228.22000122070312,44923900,0.0,0.0,APPLE,AAPL
2024-11-15 00:00:00-05:00,226.39999389648438,226.9199981689453,224.27000427246094,225.0,47923700,0.0,0.0,APPLE,AAPL
2024-11-18 00:00:00-05:00,225.25,229.74000549316406,225.1699981689453,228.02000427246094,44686000,0.0,0.0,APPLE,AAPL
2024-11-19 00:00:00-05:00,226.97999572753906,230.16000366210938,226.66000366210938,228.27999877929688,36211800,0.0,0.0,APPLE,AAPL
2024-11-20 00:00:00-05:00,228.05999755859375,229.92999267578125,225.88999938964844,229.0,35169600,0.0,0.0,APPLE,AAPL
2024-11-21 00:00:00-05:00,228.8800048828125,230.16000366210938,225.7100067138672,228.52000427246094,42108300,0.0,0.0,APPLE,AAPL
2024-11-22 00:00:00-05:00,228.05999755859375,230.72000122070312,228.05999755859375,229.8699951171875,38168300,0.0,0.0,APPLE,AAPL
2024-11-25 00:00:00-05:00,231.4600067138672,233.25,229.74000549316406,232.8699951171875,90152800,0.0,0.0,APPLE,AAPL
2024-11-26 00:00:00-05:00,233.3300018310547,235.57000732421875,233.3300018310547,235.05999755859375,45986200,0.0,0.0,APPLE,AAPL
2024-11-27 00:00:00-05:00,234.47000122070312,235.69000244140625,233.80999755859375,234.92999267578125,33498400,0.0,0.0,APPLE,AAPL
2024-11-29 00:00:00-05:00,234.80999755859375,237.80999755859375,233.97000122070312,237.3300018310547,28481400,0.0,0.0,APPLE,AAPL
2024-12-02 00:00:00-05:00,237.27000427246094,240.7899932861328,237.16000366210938,239.58999633789062,48137100,0.0,0.0,APPLE,AAPL
2024-12-03 00:00:00-05:00,239.80999755859375,242.75999450683594,238.89999389648438,242.64999389648438,38861000,0.0,0.0,APPLE,AAPL
2024-12-04 00:00:00-05:00,242.8699951171875,244.11000061035156,241.25,243.00999450683594,44383900,0.0,0.0,APPLE,AAPL
2024-12-05 00:00:00-05:00,243.99000549316406,244.5399932861328,242.1300048828125,243.0399932861328,40033900,0.0,0.0,APPLE,AAPL
2024-12-06 00:00:00-05:00,242.91000366210938,244.6300048828125,242.0800018310547,242.83999633789062,36870600,0.0,0.0,APPLE,AAPL
2024-12-09 00:00:00-05:00,241.8300018310547,247.24000549316406,241.75,246.75,44649200,0.0,0.0,APPLE,AAPL
2024-12-10 00:00:00-05:00,246.88999938964844,248.2100067138672,245.33999633789062,247.77000427246094,36914800,0.0,0.0,APPLE,AAPL
2024-12-11 00:00:00-05:00,247.9600067138672,250.8000030517578,246.25999450683594,246.49000549316406,45205800,0.0,0.0,APPLE,AAPL
2024-12-12 00:00:00-05:00,246.88999938964844,248.74000549316406,245.67999267578125,247.9600067138672,32777500,0.0,0.0,APPLE,AAPL
2024-12-13 00:00:00-05:00,247.82000732421875,249.2899932861328,246.24000549316406,248.1300048828125,33155300,0.0,0.0,APPLE,AAPL
2024-12-16 00:00:00-05:00,247.99000549316406,251.3800048828125,247.64999389648438,251.0399932861328,51694800,0.0,0.0,APPLE,AAPL
2024-12-17 00:00:00-05:00,250.0800018310547,253.8300018310547,249.77999877929688,253.47999572753906,51356400,0.0,0.0,APPLE,AAPL
2024-12-18 00:00:00-05:00,252.16000366210938,254.27999877929688,247.74000549316406,248.0500030517578,56774100,0.0,0.0,APPLE,AAPL
2024-12-19 00:00:00-05:00,247.5,252.0,247.08999633789062,249.7899932861328,60882300,0.0,0.0,APPLE,AAPL
2024-12-20 00:00:00-05:00,248.0399932861328,255.0,245.69000244140625,254.49000549316406,147495300,0.0,0.0,APPLE,AAPL
2024-12-23 00:00:00-05:00,254.77000427246094,255.64999389648438,253.4499969482422,255.27000427246094,40858800,0.0,0.0,APPLE,AAPL
2024-12-24 00:00:00-05:00,255.49000549316406,258.2099914550781,255.2899932861328,258.20001220703125,23234700,0.0,0.0,APPLE,AAPL
2024-12-26 00:00:00-05:00,258.19000244140625,260.1000061035156,257.6300048828125,259.0199890136719,27237100,0.0,0.0,APPLE,AAPL
2024-12-27 00:00:00-05:00,257.8299865722656,258.70001220703125,253.05999755859375,255.58999633789062,42355300,0.0,0.0,APPLE,AAPL
2024-12-30 00:00:00-05:00,252.22999572753906,253.5,250.75,252.1999969482422,35557500,0.0,0.0,APPLE,AAPL
2024-12-31 00:00:00-05:00,252.44000244140625,253.27999877929688,249.42999267578125,250.4199981689453,39480700,0.0,0.0,APPLE,AAPL
2025-01-02 00:00:00-05:00,248.92999267578125,249.10000610351562,241.82000732421875,243.85000610351562,55740700,0.0,0.0,APPLE,AAPL
2025-01-03 00:00:00-05:00,243.36000061035156,244.17999267578125,241.88999938964844,243.36000061035156,40244100,0.0,0.0,APPLE,AAPL
2025-01-06 00:00:00-05:00,244.30999755859375,247.3300018310547,243.1999969482422,245.0,45045600,0.0,0.0,APPLE,AAPL
2025-01-07 00:00:00-05:00,242.97999572753906,245.5500030517578,241.35000610351562,242.2100067138672,40856000,0.0,0.0,APPLE,AAPL
2025-01-08 00:00:00-05:00,241.9199981689453,243.7100067138672,240.0500030517578,242.6999969482422,37628900,0.0,0.0,APPLE,AAPL
2025-01-10 00:00:00-05:00,240.00999450683594,240.16000366210938,233.0,236.85000610351562,61710900,0.0,0.0,APPLE,AAPL
2025-01-13 00:00:00-05:00,233.52999877929688,234.6699981689453,229.72000122070312,234.39999389648438,49630700,0.0,0.0,APPLE,AAPL
2025-01-14 00:00:00-05:00,234.75,236.1199951171875,232.47000122070312,233.27999877929688,39435300,0.0,0.0,APPLE,AAPL
2025-01-15 00:00:00-05:00,234.63999938964844,238.9600067138672,234.42999267578125,237.8699951171875,39832000,0.0,0.0,APPLE,AAPL
2025-01-16 00:00:00-05:00,237.35000610351562,238.00999450683594,228.02999877929688,228.25999450683594,71759100,0.0,0.0,APPLE,AAPL
2025-01-17 00:00:00-05:00,232.1199951171875,232.2899932861328,228.47999572753906,229.97999572753906,68247100,0.0,0.0,APPLE,AAPL
