Date,Open,High,Low,Close,Volume,Dividends,Stock Splits,company_name,ticker
2018-01-18 00:00:00-05:00,42.196978374734435,42.36871422042748,41.93349835563262,42.17110061645508,124773600,0.0,0.0,APPLE,AAPL
2018-01-19 00:00:00-05:00,42.01819256519389,42.24638638379699,41.73589200712557,41.982906341552734,129700400,0.0,0.0,APPLE,AAPL
2018-01-22 00:00:00-05:00,41.710007024464254,41.822926510210245,41.54533202657515,41.63943099975586,108434400,0.0,0.0,APPLE,AAPL
2018-01-23 00:00:00-05:00,41.710009424678674,42.21344649842191,41.5970899324347,41.648841857910156,130756400,0.0,0.0,APPLE,AAPL
2018-01-24 00:00:00-05:00,41.6982497136897,41.710012984429575,40.745482218099276,40.98543930053711,204420400,0.0,0.0,APPLE,AAPL
2018-01-25 00:00:00-05:00,41.05365141622734,41.15716243233177,40.11735342539758,40.25379943847656,166116000,0.0,0.0,APPLE,AAPL
2018-01-26 00:00:00-05:00,40.46317468053383,40.46317468053383,40.0067871359566,40.347900390625,156572000,0.0,0.0,APPLE,AAPL
2018-01-29 00:00:00-05:00,40.0303232465739,40.0303232465739,39.303398296089576,39.51277160644531,202561600,0.0,0.0,APPLE,AAPL
2018-01-30 00:00:00-05:00,38.941106984847075,39.373968066064506,38.74584817774823,39.279869079589844,184192800,0.0,0.0,APPLE,AAPL
2018-01-31 00:00:00-05:00,39.256348190426905,39.625694124294576,39.16930643592293,39.38808822631836,129915600,0.0,0.0,APPLE,AAPL
2018-02-01 00:00:00-05:00,39.32691375264991,39.668027023869165,39.23045997006537,39.47041702270508,188923200,0.0,0.0,APPLE,AAPL
2018-02-02 00:00:00-05:00,39.051670252719774,39.23987179114396,37.663690637427194,37.757789611816406,346375200,0.0,0.0,APPLE,AAPL
2018-02-05 00:00:00-05:00,37.42843548964409,38.552934981084,36.6991559546864,36.814430236816406,290954000,0.0,0.0,APPLE,AAPL
2018-02-06 00:00:00-05:00,36.42392351571542,38.51530537965572,36.22866469730355,38.35298156738281,272975200,0.0,0.0,APPLE,AAPL
2018-02-07 00:00:00-05:00,38.36708217249761,38.44000940329599,37.42137580004457,37.53194046020508,206434400,0.0,0.0,APPLE,AAPL
2018-02-08 00:00:00-05:00,37.70839310613989,37.87542294827551,36.47097374805283,36.499202728271484,217562000,0.0,0.0,APPLE,AAPL
2018-02-09 00:00:00-05:00,37.10154017076922,37.295230672689506,35.48822397108104,36.945640563964844,282690400,0.1575,0.0,APPLE,AAPL
2018-02-12 00:00:00-05:00,37.43932625898602,38.71249941788056,37.20547680373834,38.433773040771484,243278000,0.0,0.0,APPLE,AAPL
2018-02-13 00:00:00-05:00,38.254240581243764,38.915629851935705,38.18337680147649,38.818782806396484,130196800,0.0,0.0,APPLE,AAPL
2018-02-14 00:00:00-05:00,38.51170952093217,39.57465542365955,38.47391862808923,39.53450012207031,162579600,0.0,0.0,APPLE,AAPL
2018-02-15 00:00:00-05:00,40.10612781166872,40.88562218357589,39.91952334169499,40.862003326416016,204588800,0.0,0.0,APPLE,AAPL
2018-02-16 00:00:00-05:00,40.71318823036877,41.29426687991034,40.57382508419386,40.72972106933594,160704400,0.0,0.0,APPLE,AAPL
2018-02-20 00:00:00-05:00,40.639965165037744,41.16198768265657,40.49115158737334,40.59272384643555,135722000,0.0,0.0,APPLE,AAPL
2018-02-21 00:00:00-05:00,40.8242025542854,41.12891207606295,40.39429833125114,40.40847396850586,149886400,0.0,0.0,APPLE,AAPL
2018-02-22 00:00:00-05:00,40.58091516902778,41.08876568344759,40.559657114961496,40.74626159667969,123967600,0.0,0.0,APPLE,AAPL
2018-02-23 00:00:00-05:00,41.02263364463977,41.49032892998072,40.99192515879961,41.454898834228516,135249600,0.0,0.0,APPLE,AAPL
2018-02-26 00:00:00-05:00,41.655674133314726,42.37375162303299,41.62260484637274,42.27454376220703,152648800,0.0,0.0,APPLE,AAPL
2018-02-27 00:00:00-05:00,42.30524591379088,42.63121352078833,42.08320776142884,42.137535095214844,155712400,0.0,0.0,APPLE,AAPL
2018-02-28 00:00:00-05:00,42.34304431768956,42.66429037303296,42.05723195923585,42.07376480102539,151128400,0.0,0.0,APPLE,AAPL
2018-03-01 00:00:00-05:00,42.172959088293304,42.465860975259645,40.78404584096212,41.33677673339844,195208000,0.0,0.0,APPLE,AAPL
2018-03-02 00:00:00-05:00,40.8171154338492,41.64385097491098,40.73444043803066,41.62259292602539,153816000,0.0,0.0,APPLE,AAPL
2018-03-05 00:00:00-05:00,41.386394514270094,41.98400608660226,41.2234088846737,41.766693115234375,113605600,0.0,0.0,APPLE,AAPL
2018-03-06 00:00:00-05:00,42.0241526745202,42.10446326818097,41.60369885561242,41.73125076293945,95154000,0.0,0.0,APPLE,AAPL
2018-03-07 00:00:00-05:00,41.322610204063,41.53756233673037,41.16434981314963,41.343868255615234,126814000,0.0,0.0,APPLE,AAPL
2018-03-08 00:00:00-05:00,41.450160247241016,41.83754478770939,41.35331681533483,41.79502868652344,95096400,0.0,0.0,APPLE,AAPL
2018-03-09 00:00:00-05:00,42.035976645673514,42.51784395797975,41.90133507641775,42.513118743896484,128740800,0.0,0.0,APPLE,AAPL
2018-03-12 00:00:00-04:00,42.58633936479425,43.08238227301335,42.5674457187907,42.92412185668945,128828400,0.0,0.0,APPLE,AAPL
2018-03-13 00:00:00-04:00,43.12961938511583,43.34457153130684,42.33831738076447,42.51074981689453,126774000,0.0,0.0,APPLE,AAPL
2018-03-14 00:00:00-04:00,42.593417838013636,42.64065914922039,42.00052802888373,42.14934158325195,117473600,0.0,0.0,APPLE,AAPL
2018-03-15 00:00:00-04:00,42.16352163212079,42.574528686748415,42.06195297393056,42.198951721191406,90975200,0.0,0.0,APPLE,AAPL
2018-03-16 00:00:00-04:00,42.1989465262209,42.309965597350576,41.95565033313619,42.05013656616211,157618800,0.0,0.0,APPLE,AAPL
2018-03-19 00:00:00-04:00,41.88478790376434,41.920217986561596,41.0202578407007,41.40764236450195,133787200,0.0,0.0,APPLE,AAPL
2018-03-20 00:00:00-04:00,41.393470764160156,41.761958046228465,41.32260699354369,41.393470764160156,78597600,0.0,0.0,APPLE,AAPL
2018-03-21 00:00:00-04:00,41.34621709170434,41.35802831835267,40.453343142150956,40.45570755004883,148219600,0.0,0.0,APPLE,AAPL
2018-03-22 00:00:00-04:00,40.15573453015492,40.788776144457465,39.82504168750161,39.88409423828125,165963200,0.0,0.0,APPLE,AAPL
2018-03-23 00:00:00-04:00,39.77543470818279,40.13683601924701,38.96051025390625,38.96051025390625,164115200,0.0,0.0,APPLE,AAPL
2018-03-26 00:00:00-04:00,39.69983739602696,40.88797403515427,39.314813739322084,40.81002426147461,150164800,0.0,0.0,APPLE,AAPL
2018-03-27 00:00:00-04:00,41.024995633148734,41.372224998667235,39.428215596194455,39.763633728027344,163690400,0.0,0.0,APPLE,AAPL
2018-03-28 00:00:00-04:00,39.506155014654325,40.16045826236193,39.01956259085992,39.32427215576172,166674000,0.0,0.0,APPLE,AAPL
2018-03-29 00:00:00-04:00,39.63844130477136,40.569110262440624,39.42348911317113,39.63135528564453,153594000,0.0,0.0,APPLE,AAPL
2018-04-02 00:00:00-04:00,39.36206273105052,39.9053468449277,38.84948709275754,39.37150955200195,150347200,0.0,0.0,APPLE,AAPL
2018-04-03 00:00:00-04:00,39.598278747057826,39.86047221960695,38.94633987674078,39.77543640136719,121112000,0.0,0.0,APPLE,AAPL
2018-04-04 00:00:00-04:00,38.94634361693246,40.6305200947276,38.92036034763387,40.53603744506836,138422000,0.0,0.0,APPLE,AAPL
2018-04-05 00:00:00-04:00,40.76516069041563,41.15490611639051,40.64705557899512,40.8171272277832,107732800,0.0,0.0,APPLE,AAPL
2018-04-06 00:00:00-04:00,40.38485479065479,40.741530865158275,39.73055158240704,39.7730712890625,140021200,0.0,0.0,APPLE,AAPL
2018-04-09 00:00:00-04:00,40.12739001702959,40.88562274228827,40.12030399935664,40.167545318603516,116070800,0.0,0.0,APPLE,AAPL
2018-04-10 00:00:00-04:00,40.864367398348726,41.10057761452415,40.5171380922283,40.92341995239258,113634400,0.0,0.0,APPLE,AAPL
2018-04-11 00:00:00-04:00,40.68247283521623,41.08166856255471,40.55728174495137,40.732078552246094,89726400,0.0,0.0,APPLE,AAPL
2018-04-12 00:00:00-04:00,40.961211667118185,41.3367850202748,40.87381144216381,41.133644104003906,91557200,0.0,0.0,APPLE,AAPL
2018-04-13 00:00:00-04:00,41.284817669837054,41.535199900313415,41.06514391813738,41.273006439208984,100497200,0.0,0.0,APPLE,AAPL
2018-04-16 00:00:00-04:00,41.343867555683204,41.61787222976671,41.296626240495335,41.53047561645508,86313600,0.0,0.0,APPLE,AAPL
2018-04-17 00:00:00-04:00,41.688732590779146,42.267446764072375,41.66983534539524,42.10210037231445,106421600,0.0,0.0,APPLE,AAPL
2018-04-18 00:00:00-04:00,42.00053574736755,42.23911035986843,41.780861987960016,42.00762176513672,83018000,0.0,0.0,APPLE,AAPL
2018-04-19 00:00:00-04:00,41.04388702331268,41.428910839913755,40.78405794075674,40.8171272277832,139235200,0.0,0.0,APPLE,AAPL
2018-04-20 00:00:00-04:00,40.297455442061946,40.44390459045177,39.07624572174943,39.14474868774414,261964400,0.0,0.0,APPLE,AAPL
2018-04-23 00:00:00-04:00,39.406945397542934,39.42820344905831,38.75972819636213,39.0313720703125,146062000,0.0,0.0,APPLE,AAPL
2018-04-24 00:00:00-04:00,39.13293947249668,39.28883905387178,38.08180490888805,38.48808670043945,134768000,0.0,0.0,APPLE,AAPL
2018-04-25 00:00:00-04:00,38.4124960536142,39.073885239478145,38.362893937136036,38.655792236328125,113528400,0.0,0.0,APPLE,AAPL
2018-04-26 00:00:00-04:00,38.76682095620797,39.14711956245835,38.58966328753759,38.790443420410156,111852000,0.0,0.0,APPLE,AAPL
2018-04-27 00:00:00-04:00,38.73847572299697,38.81642552739243,37.942448442303146,38.341644287109375,142623200,0.0,0.0,APPLE,AAPL
2018-04-30 00:00:00-04:00,38.29675547997915,39.50851118422438,38.22825251323955,39.03609085083008,169709600,0.0,0.0,APPLE,AAPL
2018-05-01 00:00:00-04:00,39.30773223734925,39.96675697517684,39.038452808391185,39.943138122558594,214277600,0.0,0.0,APPLE,AAPL
2018-05-02 00:00:00-04:00,41.39109822870896,41.98634873901759,41.0533194878955,41.70762252807617,266157600,0.0,0.0,APPLE,AAPL
2018-05-03 00:00:00-04:00,41.54465119365853,41.927310564880564,41.204507928447114,41.78322219848633,136272800,0.0,0.0,APPLE,AAPL
2018-05-04 00:00:00-04:00,42.104458992596214,43.521719884352606,42.085561748192426,43.42251205444336,224805200,0.0,0.0,APPLE,AAPL
2018-05-07 00:00:00-04:00,43.741400685804436,44.32956534880363,43.63983203547924,43.73667907714844,169805600,0.0,0.0,APPLE,AAPL
2018-05-08 00:00:00-04:00,43.69652102308314,43.9870585254927,43.384721865936356,43.946903228759766,113611200,0.0,0.0,APPLE,AAPL
2018-05-09 00:00:00-04:00,44.065010355328624,44.26578684829078,43.75085037945465,44.25634002685547,92844800,0.0,0.0,APPLE,AAPL
2018-05-10 00:00:00-04:00,44.34610841048681,44.96733884392071,44.32484675123591,44.88938903808594,111957200,0.0,0.0,APPLE,AAPL
2018-05-11 00:00:00-04:00,44.93207339844352,45.06723052851886,44.44834438363177,44.71866226196289,104848800,0.1825,0.0,APPLE,AAPL
2018-05-14 00:00:00-04:00,44.81824307132916,44.94154701587502,44.54555534326662,44.61431884765625,83115200,0.0,0.0,APPLE,AAPL
2018-05-15 00:00:00-04:00,44.28947115236854,44.358238285724376,43.891109509599055,44.2088508605957,94780800,0.0,0.0,APPLE,AAPL
2018-05-16 00:00:00-04:00,44.12112645073606,44.68784575603559,44.10452623639334,44.6214485168457,76732400,0.0,0.0,APPLE,AAPL
2018-05-17 00:00:00-04:00,44.578762530930284,44.79454357962949,44.18988410889832,44.339271545410156,69176000,0.0,0.0,APPLE,AAPL
2018-05-18 00:00:00-04:00,44.38669198347093,44.533705883459916,44.135344237742586,44.17802429199219,73190800,0.0,0.0,APPLE,AAPL
2018-05-21 00:00:00-04:00,44.57875764850543,44.87990239677459,44.32029657092785,44.491024017333984,73603200,0.0,0.0,APPLE,AAPL
2018-05-22 00:00:00-04:00,44.668861774456545,44.787422292071575,44.2894666708165,44.379573822021484,60962800,0.0,0.0,APPLE,AAPL
2018-05-23 00:00:00-04:00,44.18750395347693,44.697312704156985,44.04759980050148,44.66411590576172,80233600,0.0,0.0,APPLE,AAPL
2018-05-24 00:00:00-04:00,44.76133634167696,44.77793293176563,44.15430710418913,44.61431884765625,92936000,0.0,0.0,APPLE,AAPL
2018-05-25 00:00:00-04:00,44.63329570275016,44.970007170690906,44.4957650550256,44.71628952026367,69844000,0.0,0.0,APPLE,AAPL
2018-05-29 00:00:00-04:00,44.48390884891369,44.75659659946628,44.31080788346593,44.5550422668457,90056400,0.0,0.0,APPLE,AAPL
2018-05-30 00:00:00-04:00,44.512364369858055,44.578757975260416,44.289470001072935,44.46019744873047,74762000,0.0,0.0,APPLE,AAPL
2018-05-31 00:00:00-04:00,44.393803905069774,44.633294866448495,44.1377127332273,44.31081008911133,109931200,0.0,0.0,APPLE,AAPL
2018-06-01 00:00:00-04:00,44.576379165382164,45.11464124324762,44.519468821467925,45.109901428222656,93770000,0.0,0.0,APPLE,AAPL
2018-06-04 00:00:00-04:00,45.44187345844296,45.86394859694539,45.37310995262885,45.4869270324707,105064800,0.0,0.0,APPLE,AAPL
2018-06-05 00:00:00-04:00,45.78095719279913,45.98725132294344,45.61259967614161,45.83786392211914,86264000,0.0,0.0,APPLE,AAPL
2018-06-06 00:00:00-04:00,45.91374443273693,46.020448168501474,45.50826589501609,45.996734619140625,83734400,0.0,0.0,APPLE,AAPL
2018-06-07 00:00:00-04:00,46.034676537507714,46.04890322037362,45.60785796063171,45.873435974121094,85388800,0.0,0.0,APPLE,AAPL
2018-06-08 00:00:00-04:00,45.33043802060204,45.52724895809214,44.99846994422155,45.456111907958984,106627200,0.0,0.0,APPLE,AAPL
2018-06-11 00:00:00-04:00,45.37311488463772,45.52012877950452,45.10279702926774,45.34465789794922,73234000,0.0,0.0,APPLE,AAPL
2018-06-12 00:00:00-04:00,45.38259037358757,45.67187829788359,45.32568002812328,45.5936279296875,67644400,0.0,0.0,APPLE,AAPL
2018-06-13 00:00:00-04:00,45.626823486431164,45.73590074106123,45.1573249081961,45.21897506713867,86553600,0.0,0.0,APPLE,AAPL
2018-06-14 00:00:00-04:00,45.4205318038614,45.425275237320285,45.105160415168235,45.24269104003906,86440400,0.0,0.0,APPLE,AAPL
2018-06-15 00:00:00-04:00,45.06011347514685,45.090940369897595,44.640408197659504,44.77793884277344,246876800,0.0,0.0,APPLE,AAPL
2018-06-18 00:00:00-04:00,44.55030624142613,44.86804759582226,44.38906203797509,44.75423049926758,73939600,0.0,0.0,APPLE,AAPL
2018-06-19 00:00:00-04:00,43.90060377921958,44.18277848943188,43.49986850963614,44.03102111816406,134314000,0.0,0.0,APPLE,AAPL
2018-06-20 00:00:00-04:00,44.18751296806698,44.38906370723482,44.04049544388412,44.223079681396484,82514800,0.0,0.0,APPLE,AAPL
2018-06-21 00:00:00-04:00,44.400916029190306,44.66175062803567,43.853166989795085,43.976470947265625,102847600,0.0,0.0,APPLE,AAPL
2018-06-22 00:00:00-04:00,44.132963693744735,44.14007703498855,43.796252274878704,43.848419189453125,108801600,0.0,0.0,APPLE,AAPL
2018-06-25 00:00:00-04:00,43.48800035493525,43.84842537423811,42.85488756767798,43.19634246826172,126652400,0.0,0.0,APPLE,AAPL
2018-06-26 00:00:00-04:00,43.390783670861595,44.23019062350322,43.28407630030375,43.732234954833984,98276800,0.0,0.0,APPLE,AAPL
2018-06-27 00:00:00-04:00,43.921922855778305,44.408021640911684,43.63737837268395,43.66820526123047,101141200,0.0,0.0,APPLE,AAPL
2018-06-28 00:00:00-04:00,43.653982479733386,44.154307990992315,43.58284544805975,43.9859504699707,69460800,0.0,0.0,APPLE,AAPL
2018-06-29 00:00:00-04:00,44.17327182215568,44.38668290429179,43.37180526034885,43.893470764160156,90950800,0.0,0.0,APPLE,AAPL
2018-07-02 00:00:00-04:00,43.587592252538386,44.41277247650067,43.49274166357834,44.384315490722656,70925200,0.0,0.0,APPLE,AAPL
2018-07-03 00:00:00-04:00,44.52895869287857,44.566898927797915,43.52119426873069,43.61130142211914,55819200,0.0,0.0,APPLE,AAPL
2018-07-05 00:00:00-04:00,43.92904532350961,44.201736707523416,43.69666770282303,43.962242126464844,66416800,0.0,0.0,APPLE,AAPL
2018-07-06 00:00:00-04:00,43.96697314246987,44.680706013508164,43.91480623567726,44.571632385253906,69940800,0.0,0.0,APPLE,AAPL
2018-07-09 00:00:00-04:00,44.934445294823774,45.21424643645008,44.88702180178989,45.19053649902344,79026400,0.0,0.0,APPLE,AAPL
2018-07-10 00:00:00-04:00,45.22135768146234,45.35651480043336,45.09568019444698,45.13599395751953,63756400,0.0,0.0,APPLE,AAPL
2018-07-11 00:00:00-04:00,44.69731065271036,45.00082525787387,44.486273097273546,44.550296783447266,75326000,0.0,0.0,APPLE,AAPL
2018-07-12 00:00:00-04:00,44.94154443949386,45.387333093171684,44.889377528183495,45.29722595214844,72164400,0.0,0.0,APPLE,AAPL
2018-07-13 00:00:00-04:00,45.309093604507865,45.48930431164187,45.26640993128804,45.36837387084961,50055600,0.0,0.0,APPLE,AAPL
2018-07-16 00:00:00-04:00,45.41341991052194,45.68136420952741,45.15258533466205,45.268775939941406,60172400,0.0,0.0,APPLE,AAPL
2018-07-17 00:00:00-04:00,44.99372260620918,45.49641811202869,44.863305295308734,45.396827697753906,62138000,0.0,0.0,APPLE,AAPL
2018-07-18 00:00:00-04:00,45.47507058457774,45.47981401824102,45.03639523430782,45.14784240722656,65573600,0.0,0.0,APPLE,AAPL
2018-07-19 00:00:00-04:00,44.979495033920074,45.657661419046526,44.979495033920074,45.4987907409668,81147200,0.0,0.0,APPLE,AAPL
2018-07-20 00:00:00-04:00,45.47507142422302,45.62919864841782,45.093306416324374,45.39445114135742,82704800,0.0,0.0,APPLE,AAPL
2018-07-23 00:00:00-04:00,45.21424799488469,45.51776632076043,44.94867353019672,45.43477249145508,63957600,0.0,0.0,APPLE,AAPL
2018-07-24 00:00:00-04:00,45.63394123113984,45.92085926774938,45.53909426697028,45.76435852050781,74791600,0.0,0.0,APPLE,AAPL
2018-07-25 00:00:00-04:00,45.77858372437037,46.20303237803916,45.62919632335872,46.195919036865234,66839600,0.0,0.0,APPLE,AAPL
2018-07-26 00:00:00-04:00,46.14613559371911,46.46625051335221,45.90901450308146,46.05128860473633,76304000,0.0,0.0,APPLE,AAPL
2018-07-27 00:00:00-04:00,46.23624302628171,46.28366652104009,45.07672103126294,45.28538513183594,96096000,0.0,0.0,APPLE,AAPL
2018-07-30 00:00:00-04:00,45.50353058750677,45.574667630113304,44.832481162550636,45.03166198730469,84118000,0.0,0.0,APPLE,AAPL
2018-07-31 00:00:00-04:00,45.12413484806782,45.56043669535862,44.89649705659699,45.121761322021484,157492000,0.0,0.0,APPLE,AAPL
2018-08-01 00:00:00-04:00,47.21791246264166,47.84153831911605,46.78635044582304,47.77988815307617,271742800,0.0,0.0,APPLE,AAPL
2018-08-02 00:00:00-04:00,47.56174271802336,49.41128771234425,47.507205887234655,49.176536560058594,249616000,0.0,0.0,APPLE,AAPL
2018-08-03 00:00:00-04:00,49.091171704582926,49.496650300445424,48.72363334586619,49.318809509277344,133789600,0.0,0.0,APPLE,AAPL
2018-08-06 00:00:00-04:00,49.32117272040691,49.61757399877474,49.10065190602749,49.574893951416016,101701600,0.0,0.0,APPLE,AAPL
2018-08-07 00:00:00-04:00,49.63418087672194,49.67686092981583,49.02714793778317,49.11014175415039,102349600,0.0,0.0,APPLE,AAPL
2018-08-08 00:00:00-04:00,48.8587927154922,49.2761244578669,48.495997801124524,49.14333724975586,90102000,0.0,0.0,APPLE,AAPL
2018-08-09 00:00:00-04:00,49.683973426975236,49.7432536896064,49.131480945071196,49.52984619140625,93970400,0.0,0.0,APPLE,AAPL
2018-08-10 00:00:00-04:00,49.34186126018147,49.75590017502978,49.17767335203698,49.3823127746582,98444800,0.1825,0.0,APPLE,AAPL
2018-08-13 00:00:00-04:00,49.80586398285844,50.1961061475211,49.42276010656585,49.70116424560547,103563600,0.0,0.0,APPLE,AAPL
2018-08-14 00:00:00-04:00,50.008133517171416,50.103313131907264,49.556021270002226,49.91057205200195,82992000,0.0,0.0,APPLE,AAPL
2018-08-15 00:00:00-04:00,49.784447953020354,50.146136955740864,49.572670264302,50.02716064453125,115230400,0.0,0.0,APPLE,AAPL
2018-08-16 00:00:00-04:00,50.386483325631936,50.876665297943276,50.31985686129078,50.76007080078125,114001600,0.0,0.0,APPLE,AAPL
2018-08-17 00:00:00-04:00,50.7886150193665,51.86178018113147,50.721988566757155,51.773738861083984,141708000,0.0,0.0,APPLE,AAPL
2018-08-20 00:00:00-04:00,51.8974704682464,52.15445611552627,51.185990791772994,51.2692756652832,121150800,0.0,0.0,APPLE,AAPL
2018-08-21 00:00:00-04:00,51.588141076100044,51.68094247485267,50.92901114446901,51.169342041015625,104639200,0.0,0.0,APPLE,AAPL
2018-08-22 00:00:00-04:00,50.94565291039014,51.48342447714565,50.88378291087954,51.17170715332031,76072400,0.0,0.0,APPLE,AAPL
2018-08-23 00:00:00-04:00,51.07652619764825,51.64761463920225,51.06463147186334,51.27640914916992,75532800,0.0,0.0,APPLE,AAPL
2018-08-24 00:00:00-04:00,51.540544165732484,51.61192705426895,51.18599341890146,51.43584442138672,73905600,0.0,0.0,APPLE,AAPL
2018-08-27 00:00:00-04:00,51.67141707398821,52.04976455118721,51.47629778685447,51.85940170288086,82100400,0.0,0.0,APPLE,AAPL
2018-08-28 00:00:00-04:00,52.1140103272103,52.478077603520866,52.0925954593966,52.2781982421875,91107200,0.0,0.0,APPLE,AAPL
2018-08-29 00:00:00-04:00,52.38527504512028,53.18003966468337,52.20919240585995,53.05868148803711,109019200,0.0,0.0,APPLE,AAPL
2018-08-30 00:00:00-04:00,53.12292667905334,54.31506809383097,52.92066548347078,53.54648208618164,195175200,0.0,0.0,APPLE,AAPL
2018-08-31 00:00:00-04:00,53.89865550035264,54.460223921008456,53.777300951336514,54.165164947509766,173360400,0.0,0.0,APPLE,AAPL
2018-09-04 00:00:00-04:00,54.3507731772145,54.53399412883681,53.9272176920861,54.33887481689453,109560400,0.0,0.0,APPLE,AAPL
2018-09-05 00:00:00-04:00,54.48877987808131,54.65058594096844,53.56314419362454,53.984317779541016,133332000,0.0,0.0,APPLE,AAPL
2018-09-06 00:00:00-04:00,53.83203151453307,54.09854097390993,52.65892659431418,53.087242126464844,137160000,0.0,0.0,APPLE,AAPL
2018-09-07 00:00:00-04:00,52.78980261543578,53.62739342061042,52.51853671006917,52.65892791748047,150479200,0.0,0.0,APPLE,AAPL
2018-09-10 00:00:00-04:00,52.57564047685437,52.789800053351755,51.50961355690781,51.952205657958984,158066000,0.0,0.0,APPLE,AAPL
2018-09-11 00:00:00-04:00,51.876062511296325,53.37278690327242,51.53103185112702,53.265708923339844,142996000,0.0,0.0,APPLE,AAPL
2018-09-12 00:00:00-04:00,53.52506636311089,53.539342940289245,52.31150647078337,52.604190826416016,197114800,0.0,0.0,APPLE,AAPL
2018-09-13 00:00:00-04:00,53.18717586210441,54.33648756527282,52.96112157707931,53.87485885620117,166825600,0.0,0.0,APPLE,AAPL
2018-09-14 00:00:00-04:00,53.717819055531116,53.97718661278471,52.949232893661424,53.263328552246094,127997200,0.0,0.0,APPLE,AAPL
2018-09-17 00:00:00-04:00,52.86116290990709,53.05152569545413,51.699956816719606,51.84510803222656,148780400,0.0,0.0,APPLE,AAPL
2018-09-18 00:00:00-04:00,51.82370834556265,52.78979919736255,51.664280498692456,51.930789947509766,126286800,0.0,0.0,APPLE,AAPL
2018-09-19 00:00:00-04:00,51.9926507026436,52.259156491735574,51.23120299747435,51.96171569824219,108495200,0.0,0.0,APPLE,AAPL
2018-09-20 00:00:00-04:00,52.406691623527344,52.89211341972207,52.14732048209757,52.356719970703125,106435200,0.0,0.0,APPLE,AAPL
2018-09-21 00:00:00-04:00,52.53518529982462,52.6731982712766,51.70472925174725,51.79277420043945,384986800,0.0,0.0,APPLE,AAPL
2018-09-24 00:00:00-04:00,51.59290214816818,52.649409004149184,51.54769055774181,52.53757095336914,110773600,0.0,0.0,APPLE,AAPL
2018-09-25 00:00:00-04:00,52.29008823317935,53.02060451923125,52.27818987600827,52.87069320678711,98217600,0.0,0.0,APPLE,AAPL
2018-09-26 00:00:00-04:00,52.58753690177076,53.241906704847096,52.29247430163428,52.44952392578125,95938800,0.0,0.0,APPLE,AAPL
2018-09-27 00:00:00-04:00,53.2585703181363,53.882005174787764,53.19194022766426,53.5274543762207,120724800,0.0,0.0,APPLE,AAPL
2018-09-28 00:00:00-04:00,53.48937709531772,53.73922811566638,53.30615616048224,53.71543502807617,91717600,0.0,0.0,APPLE,AAPL
2018-10-01 00:00:00-04:00,54.24131348188339,54.59110421712526,53.86059136677556,54.077125549316406,94403200,0.0,0.0,APPLE,AAPL
2018-10-02 00:00:00-04:00,54.074741429808704,54.72911123809022,53.92721194400163,54.55778503417969,99152800,0.0,0.0,APPLE,AAPL
2018-10-03 00:00:00-04:00,54.74100291715489,55.55480047098835,54.67675469081123,55.2216682434082,114619200,0.0,0.0,APPLE,AAPL
2018-10-04 00:00:00-04:00,54.91471410735777,55.28830152313024,53.95100511655437,54.25082778930664,128168000,0.0,0.0,APPLE,AAPL
2018-10-05 00:00:00-04:00,54.2436889154664,54.350766884208504,52.48759715696606,53.370399475097656,134322000,0.0,0.0,APPLE,AAPL
2018-10-08 00:00:00-04:00,52.87546039840959,53.49175689567986,52.39717324413406,53.246665954589844,118655600,0.0,0.0,APPLE,AAPL
2018-10-09 00:00:00-04:00,53.215731719088375,54.07950102024172,52.88497767325085,53.984317779541016,107564000,0.0,0.0,APPLE,AAPL
2018-10-10 00:00:00-04:00,53.64881117260675,53.860588906027914,51.40967565158845,51.48344039916992,167962400,0.0,0.0,APPLE,AAPL
2018-10-11 00:00:00-04:00,51.04560435144843,52.23060755169542,50.522109238835384,51.02894592285156,212497600,0.0,0.0,APPLE,AAPL
2018-10-12 00:00:00-04:00,52.44952870586217,53.03489388972673,51.59765768524352,52.85166931152344,161351600,0.0,0.0,APPLE,AAPL
2018-10-15 00:00:00-04:00,52.62560283224997,52.78503065352601,51.69996727650953,51.72138214111328,123164000,0.0,0.0,APPLE,AAPL
2018-10-16 00:00:00-04:00,52.09497153403853,53.06106233577995,51.57861472308511,52.86117935180664,116736000,0.0,0.0,APPLE,AAPL
2018-10-17 00:00:00-04:00,52.896890574329845,52.97779362801485,52.19254892298826,52.63276290893555,91541600,0.0,0.0,APPLE,AAPL
2018-10-18 00:00:00-04:00,51.840370353809476,52.28772254842495,50.6839201984137,51.40253829956055,130325200,0.0,0.0,APPLE,AAPL
2018-10-19 00:00:00-04:00,51.88796106509812,52.64940891852299,51.73804971411127,52.185401916503906,132314800,0.0,0.0,APPLE,AAPL
2018-10-22 00:00:00-04:00,52.299613953015275,53.149106698679134,52.09735636895446,52.50425338745117,115168400,0.0,0.0,APPLE,AAPL
2018-10-23 00:00:00-04:00,51.3573157994205,53.12292385187253,51.08842816966958,52.99918746948242,155071200,0.0,0.0,APPLE,AAPL
2018-10-24 00:00:00-04:00,52.96825515417708,53.35611545937305,51.05035396931127,51.18122863769531,163702000,0.0,0.0,APPLE,AAPL
2018-10-25 00:00:00-04:00,51.80468170276704,52.677967638777446,51.57624552293737,52.302001953125,119423200,0.0,0.0,APPLE,AAPL
2018-10-26 00:00:00-04:00,51.373978743112836,52.394797705712065,50.60539265446988,51.46916198730469,189033600,0.0,0.0,APPLE,AAPL
2018-10-29 00:00:00-04:00,52.15684887199294,52.275825212818376,49.039667290018656,50.50307846069336,183742000,0.0,0.0,APPLE,AAPL
2018-10-30 00:00:00-04:00,50.243709590973324,51.20265865169759,49.79636099786948,50.75531005859375,146640000,0.0,0.0,APPLE,AAPL
2018-10-31 00:00:00-04:00,51.6071667368899,52.45665572445034,51.54529673031608,52.078311920166016,153435600,0.0,0.0,APPLE,AAPL
2018-11-01 00:00:00-04:00,52.123524910241954,52.91114754340593,51.590509705971776,52.87783432006836,233292800,0.0,0.0,APPLE,AAPL
2018-11-02 00:00:00-04:00,49.86297460873481,50.83857821841909,48.88260729891281,49.37041091918945,365314800,0.0,0.0,APPLE,AAPL
2018-11-05 00:00:00-05:00,48.61373305753439,48.63514792724079,47.155081973036204,47.96887969970703,264654800,0.0,0.0,APPLE,AAPL
2018-11-06 00:00:00-05:00,48.04740737262899,48.71367563972677,47.99267926983955,48.48762130737305,127531600,0.0,0.0,APPLE,AAPL
2018-11-07 00:00:00-05:00,49.01110608482669,49.98433152161308,48.573274093868854,49.95815658569336,133697600,0.0,0.0,APPLE,AAPL
2018-11-08 00:00:00-05:00,50.13963967957792,50.17306914474202,49.36837181958841,49.78385543823242,101450400,0.1825,0.0,APPLE,AAPL
2018-11-09 00:00:00-05:00,49.08183391824907,49.191672029982264,48.29384948958765,48.82394790649414,137463200,0.0,0.0,APPLE,AAPL
2018-11-12 00:00:00-05:00,47.517793184742786,47.72076009043436,46.27373277509121,46.364471435546875,204542000,0.0,0.0,APPLE,AAPL
2018-11-13 00:00:00-05:00,45.75796992879385,47.083212156341354,45.71498711061749,45.90123748779297,187531600,0.0,0.0,APPLE,AAPL
2018-11-14 00:00:00-05:00,46.300005075355834,46.43849960122923,44.39690497950876,44.60464859008789,243204000,0.0,0.0,APPLE,AAPL
2018-11-15 00:00:00-05:00,44.98430755896231,45.83915072447835,44.628519748642276,45.7054328918457,185915200,0.0,0.0,APPLE,AAPL
2018-11-16 00:00:00-05:00,45.48814276259696,46.55550262441494,45.23981014804708,46.21165466308594,147713200,0.0,0.0,APPLE,AAPL
2018-11-19 00:00:00-05:00,45.368749005071294,45.53589629901401,44.172448040348,44.38018798828125,167701200,0.0,0.0,APPLE,AAPL
2018-11-20 00:00:00-05:00,42.59171191338846,43.331940486046875,41.90879255810015,42.259803771972656,271300800,0.0,0.0,APPLE,AAPL
2018-11-21 00:00:00-05:00,42.91644488171374,43.0453896739282,42.1571170920369,42.2120361328125,124496800,0.0,0.0,APPLE,AAPL
2018-11-23 00:00:00-05:00,41.77269251013745,42.16907310677213,41.09454976349861,41.139915466308594,94496000,0.0,0.0,APPLE,AAPL
2018-11-26 00:00:00-05:00,41.60553496210182,41.77506878542465,40.65517637038494,41.69626998901367,179994000,0.0,0.0,APPLE,AAPL
2018-11-27 00:00:00-05:00,40.95366117261874,41.73209589733977,40.803230396390745,41.60554122924805,165549600,0.0,0.0,APPLE,AAPL
2018-11-28 00:00:00-05:00,42.20010557713141,43.28895513892728,41.770295580754535,43.20538330078125,184250000,0.0,0.0,APPLE,AAPL
2018-11-29 00:00:00-05:00,43.616089149878,43.649518613019424,42.43172426058231,42.87347412109375,167080000,0.0,0.0,APPLE,AAPL
2018-11-30 00:00:00-05:00,43.05016622493702,43.05971958104909,42.271735304542375,42.641849517822266,158126000,0.0,0.0,APPLE,AAPL
2018-12-03 00:00:00-05:00,44.045885411222194,44.16050015720264,43.26984116110719,44.1318473815918,163210000,0.0,0.0,APPLE,AAPL
2018-12-04 00:00:00-05:00,43.20777733398304,43.55162539089387,42.09027479256179,42.1905632019043,165377200,0.0,0.0,APPLE,AAPL
2018-12-06 00:00:00-05:00,41.01335098277762,41.734476385416116,40.69338276037902,41.720149993896484,172393600,0.0,0.0,APPLE,AAPL
2018-12-07 00:00:00-05:00,41.42645094005721,41.66523386488506,40.187166977234554,40.23253631591797,169126400,0.0,0.0,APPLE,AAPL
2018-12-10 00:00:00-05:00,39.39918610197873,40.61459042303899,39.000419019262125,40.497589111328125,248104000,0.0,0.0,APPLE,AAPL
2018-12-11 00:00:00-05:00,40.98946868947154,41.02050798523174,39.876739631298875,40.26595687866211,189126800,0.0,0.0,APPLE,AAPL
2018-12-12 00:00:00-05:00,40.68861162428417,41.051562714217816,40.35909364383435,40.378196716308594,142510800,0.0,0.0,APPLE,AAPL
2018-12-13 00:00:00-05:00,40.71010436339601,41.20677331107627,40.485647818973945,40.819942474365234,127594400,0.0,0.0,APPLE,AAPL
2018-12-14 00:00:00-05:00,40.354322475354074,40.37342555043691,39.46604952346671,39.5138053894043,162814800,0.0,0.0,APPLE,AAPL
2018-12-17 00:00:00-05:00,39.50664098396608,40.19911377127863,38.857151025160675,39.146080017089844,177151600,0.0,0.0,APPLE,AAPL
2018-12-18 00:00:00-05:00,39.489917559128344,40.00329934179886,39.2535211741129,39.65467834472656,135366000,0.0,0.0,APPLE,AAPL
2018-12-19 00:00:00-05:00,39.63796263251621,39.98419711957457,37.98797186776174,38.417781829833984,196189200,0.0,0.0,APPLE,AAPL
2018-12-20 00:00:00-05:00,38.30077144504639,38.70909176181391,37.0829809765395,37.44831848144531,259092000,0.0,0.0,APPLE,AAPL
2018-12-21 00:00:00-05:00,37.4554932573188,37.76591181750077,35.72909356861822,35.99175262451172,382978400,0.0,0.0,APPLE,AAPL
2018-12-24 00:00:00-05:00,35.3756888500166,36.187552980420826,35.0031880703125,35.06049728393555,148676800,0.0,0.0,APPLE,AAPL
2018-12-26 00:00:00-05:00,35.411503598091954,37.543833073897815,35.034226191658874,37.52950668334961,234330000,0.0,0.0,APPLE,AAPL
2018-12-27 00:00:00-05:00,37.21192758835802,37.433997587915734,35.83415282958017,37.28594970703125,212468400,0.0,0.0,APPLE,AAPL
2018-12-28 00:00:00-05:00,37.608305186826165,37.85186475489333,36.90389638981221,37.305049896240234,169165600,0.0,0.0,APPLE,AAPL
2018-12-31 00:00:00-05:00,37.85425196524382,38.052442204859595,37.364746302919336,37.66561508178711,140014000,0.0,0.0,APPLE,AAPL
2019-01-02 00:00:00-05:00,36.98508711908281,37.93066910553558,36.827489514084306,37.70859909057617,148158800,0.0,0.0,APPLE,AAPL
2019-01-03 00:00:00-05:00,34.37995727917837,34.79544079283063,33.90716820746201,33.952537536621094,365248800,0.0,0.0,APPLE,AAPL
2019-01-04 00:00:00-05:00,34.511295373347224,35.471203738536325,34.33698486073971,35.401954650878906,234428400,0.0,0.0,APPLE,AAPL
2019-01-07 00:00:00-05:00,35.507029815690444,35.53807277026304,34.83843671627435,35.32316589355469,219111200,0.0,0.0,APPLE,AAPL
2019-01-08 00:00:00-05:00,35.71236498684933,36.25201659785061,35.46403240845585,35.996517181396484,164101200,0.0,0.0,APPLE,AAPL
2019-01-09 00:00:00-05:00,36.1254684279678,36.89912644465085,35.7290915272066,36.607810974121094,180396400,0.0,0.0,APPLE,AAPL
2019-01-10 00:00:00-05:00,36.414396830894425,36.765408029534306,36.02279297137257,36.724815368652344,143122800,0.0,0.0,APPLE,AAPL
2019-01-11 00:00:00-05:00,36.50512721952644,36.70092728304985,36.17799220206336,36.36424255371094,108092800,0.0,0.0,APPLE,AAPL
2019-01-14 00:00:00-05:00,36.02041082020849,36.12069922575727,35.63119343113154,35.81744384765625,129756800,0.0,0.0,APPLE,AAPL
2019-01-15 00:00:00-05:00,35.881909882200276,36.62691141573882,35.82937734908788,36.55050277709961,114843600,0.0,0.0,APPLE,AAPL
2019-01-16 00:00:00-05:00,36.552891948161815,37.2214848915979,36.53378887623068,36.99702835083008,122278800,0.0,0.0,APPLE,AAPL
2019-01-17 00:00:00-05:00,36.82033235657804,37.646523015993836,36.59587578722941,37.216712951660156,119284800,0.0,0.0,APPLE,AAPL
2019-01-18 00:00:00-05:00,37.608308742053886,37.699047414792304,37.24535769463832,37.44593811035156,135004000,0.0,0.0,APPLE,AAPL
2019-01-22 00:00:00-05:00,37.34803801292762,37.424446653958796,36.443048690691874,36.60542297363281,121576000,0.0,0.0,APPLE,AAPL
2019-01-23 00:00:00-05:00,36.80839043304165,37.0447868661658,36.22337293189781,36.75347137451172,92522400,0.0,0.0,APPLE,AAPL
2019-01-24 00:00:00-05:00,36.79882381024517,36.887172295574544,36.23290964242272,36.46213912963867,101766000,0.0,0.0,APPLE,AAPL
2019-01-25 00:00:00-05:00,37.12596633203503,37.75874323827236,36.84898092175312,37.67039108276367,134142000,0.0,0.0,APPLE,AAPL
2019-01-28 00:00:00-05:00,37.19998049339334,37.328925279342876,36.69137547458913,37.32176208496094,104768400,0.0,0.0,APPLE,AAPL
2019-01-29 00:00:00-05:00,37.3098389784838,37.75875212700539,36.79884356957605,36.9349479675293,166348800,0.0,0.0,APPLE,AAPL
2019-01-30 00:00:00-05:00,38.9813117230714,39.6737807342436,38.260186283868904,39.45887756347656,244439200,0.0,0.0,APPLE,AAPL
2019-01-31 00:00:00-05:00,39.664224131495935,40.354306505282636,39.29410994075772,39.74302291870117,162958400,0.0,0.0,APPLE,AAPL
2019-02-01 00:00:00-05:00,39.86719197468865,40.349530777734046,39.62124225175069,39.76212692260742,130672400,0.0,0.0,APPLE,AAPL
2019-02-04 00:00:00-05:00,39.974649325537285,40.989476730812505,39.94360638014959,40.89157485961914,125982000,0.0,0.0,APPLE,AAPL
2019-02-05 00:00:00-05:00,41.27601783553029,41.80611623687875,41.1542398516945,41.591209411621094,144406400,0.0,0.0,APPLE,AAPL
2019-02-06 00:00:00-05:00,41.70343946662228,41.923122980122656,41.27363308478396,41.60554122924805,112958400,0.0,0.0,APPLE,AAPL
2019-02-07 00:00:00-05:00,41.16618705173614,41.533914905947036,40.67429466295735,40.81756591796875,126966800,0.0,0.0,APPLE,AAPL
2019-02-08 00:00:00-05:00,40.52498733783649,40.9254645995137,40.38829558775916,40.86551284790039,95280000,0.1825,0.0,APPLE,AAPL
2019-02-11 00:00:00-05:00,41.01899064597376,41.057360646571766,40.58733728715776,40.63050079345703,83973600,0.0,0.0,APPLE,AAPL
2019-02-12 00:00:00-05:00,40.791175402879134,41.007000256351944,40.695250399763104,40.980621337890625,89134000,0.0,0.0,APPLE,AAPL
2019-02-13 00:00:00-05:00,41.10052039709488,41.361909141349344,40.74800382453859,40.81035232543945,89960800,0.0,0.0,APPLE,AAPL
2019-02-14 00:00:00-05:00,40.6976414390086,41.069339305590134,40.618504701850114,40.95903015136719,87342800,0.0,0.0,APPLE,AAPL
2019-02-15 00:00:00-05:00,41.066956393322556,41.17486883157417,40.70724582637374,40.867916107177734,98507200,0.0,0.0,APPLE,AAPL
2019-02-19 00:00:00-05:00,40.69764650626932,41.11251158075752,40.644888674928126,40.99020767211914,75891200,0.0,0.0,APPLE,AAPL
2019-02-20 00:00:00-05:00,41.0525570054224,41.56334703770491,41.004596341823294,41.25399398803711,104457600,0.0,0.0,APPLE,AAPL
2019-02-21 00:00:00-05:00,41.198839860520806,41.33552793623831,40.83912939082912,41.02138137817383,68998800,0.0,0.0,APPLE,AAPL
2019-02-22 00:00:00-05:00,41.14608053543551,41.48660599525643,41.09811987305414,41.47941207885742,75652800,0.0,0.0,APPLE,AAPL
2019-02-25 00:00:00-05:00,41.7647934745295,42.17486144916681,41.71443238789365,41.781578063964844,87493600,0.0,0.0,APPLE,AAPL
2019-02-26 00:00:00-05:00,41.65687427188089,42.0381665117077,41.52737644681543,41.8055534362793,68280800,0.0,0.0,APPLE,AAPL
2019-02-27 00:00:00-05:00,41.53697410590513,41.96622704680863,41.42186410569251,41.93505096435547,111341600,0.0,0.0,APPLE,AAPL
2019-02-28 00:00:00-05:00,41.803156593765635,41.944641840818875,41.46742460953189,41.522579193115234,112861600,0.0,0.0,APPLE,AAPL
2019-03-01 00:00:00-05:00,41.793570338881416,42.002201291253094,41.460238702037415,41.95903778076172,103544800,0.0,0.0,APPLE,AAPL
2019-03-04 00:00:00-05:00,42.131693020048765,42.62569486167129,41.71922468139676,42.17006301879883,109744800,0.0,0.0,APPLE,AAPL
2019-03-05 00:00:00-05:00,42.19164450289204,42.2060323375408,41.85591250470838,42.09332275390625,78949600,0.0,0.0,APPLE,AAPL
2019-03-06 00:00:00-05:00,41.887085764619115,42.08372924934592,41.71202768957603,41.85111618041992,83241600,0.0,0.0,APPLE,AAPL
2019-03-07 00:00:00-05:00,41.69524126203488,41.83193300627982,41.25160051452441,41.36670684814453,99185600,0.0,0.0,APPLE,AAPL
2019-03-08 00:00:00-05:00,40.84393139706603,41.503400669681305,40.647287893923576,41.465030670166016,95997600,0.0,0.0,APPLE,AAPL
2019-03-11 00:00:00-04:00,42.08371988176145,42.95421655809242,42.05014705759391,42.901458740234375,128044000,0.0,0.0,APPLE,AAPL
2019-03-12 00:00:00-04:00,43.16525484985895,43.805539024365515,43.01417528695197,43.383480072021484,129870400,0.0,0.0,APPLE,AAPL
2019-03-13 00:00:00-04:00,43.704834466790956,43.95663259884418,43.385890654078885,43.575340270996094,124130000,0.0,0.0,APPLE,AAPL
2019-03-14 00:00:00-04:00,44.100508727449785,44.14847305792575,43.779168204582994,44.05974197387695,94318000,0.0,0.0,APPLE,AAPL
2019-03-15 00:00:00-04:00,44.32831751929467,44.923037748815695,44.06213165033278,44.632869720458984,156171600,0.0,0.0,APPLE,AAPL
2019-03-18 00:00:00-04:00,44.55613682704856,45.177236016053754,44.553736415426016,45.08850860595703,104879200,0.0,0.0,APPLE,AAPL
2019-03-19 00:00:00-04:00,45.16765168539396,45.321128025047585,44.58491874977041,44.731201171875,126585600,0.0,0.0,APPLE,AAPL
2019-03-20 00:00:00-04:00,44.659263714040264,45.44103700069381,44.29955315662251,45.122093200683594,124140800,0.0,0.0,APPLE,AAPL
2019-03-21 00:00:00-04:00,45.568131113077904,47.08131282872989,45.517770028681724,46.78395080566406,204136800,0.0,0.0,APPLE,AAPL
2019-03-22 00:00:00-04:00,46.84389485152013,47.4074427212718,45.750375602198226,45.81512451171875,169630800,0.0,0.0,APPLE,AAPL
2019-03-25 00:00:00-04:00,45.925435985361915,46.03814556498478,44.74798642881928,45.261173248291016,175381200,0.0,0.0,APPLE,AAPL
2019-03-26 00:00:00-04:00,45.961422921991996,46.25398783380812,44.2635884639521,44.79356002807617,199202000,0.0,0.0,APPLE,AAPL
2019-03-27 00:00:00-04:00,45.26357588043463,45.505779657912726,44.736001158296965,45.19643020629883,119393600,0.0,0.0,APPLE,AAPL
2019-03-28 00:00:00-04:00,45.311532760287136,45.45781517937239,44.97100725305817,45.256378173828125,83121600,0.0,0.0,APPLE,AAPL
2019-03-29 00:00:00-04:00,45.522554902614836,45.582506641622786,45.21320188020212,45.55133056640625,94256000,0.0,0.0,APPLE,AAPL
2019-04-01 00:00:00-04:00,45.95660475960049,45.96619542777883,45.17483540275284,45.86068344116211,111448000,0.0,0.0,APPLE,AAPL
2019-04-02 00:00:00-04:00,45.82471878088041,46.632870859625065,45.81512811090667,46.5273551940918,91062800,0.0,0.0,APPLE,AAPL
2019-04-03 00:00:00-04:00,46.34270583527788,47.12207863716483,46.31872367001549,46.8463020324707,93087200,0.0,0.0,APPLE,AAPL
2019-04-04 00:00:00-04:00,46.71200125922669,47.090896736744334,46.31632119543061,46.92782974243164,76457200,0.0,0.0,APPLE,AAPL
2019-04-05 00:00:00-04:00,47.11008311347028,47.26595985465198,46.985382452357776,47.24197769165039,74106400,0.0,0.0,APPLE,AAPL
2019-04-08 00:00:00-04:00,47.10289416339163,48.0165583189674,47.08370916280017,47.98538589477539,103526800,0.0,0.0,APPLE,AAPL
2019-04-09 00:00:00-04:00,48.03813517588497,48.64484653226975,47.77674279115011,47.84149169921875,143072800,0.0,0.0,APPLE,AAPL
2019-04-10 00:00:00-04:00,47.644858316348994,48.13886386513232,47.52495480297888,48.110084533691406,86781200,0.0,0.0,APPLE,AAPL
2019-04-11 00:00:00-04:00,48.16524940902165,48.201219004313955,47.587313516889644,47.70961380004883,83603200,0.0,0.0,APPLE,AAPL
2019-04-12 00:00:00-04:00,47.76955499470552,47.99497416643162,47.05253438665943,47.6904182434082,111042800,0.0,0.0,APPLE,AAPL
2019-04-15 00:00:00-04:00,47.62086796289218,47.92542383565637,47.48417623525489,47.77674102783203,70146400,0.0,0.0,APPLE,AAPL
2019-04-16 00:00:00-04:00,47.83190099193062,48.289929534636975,47.61607251826258,47.78153991699219,102785600,0.0,0.0,APPLE,AAPL
2019-04-17 00:00:00-04:00,47.85108805888203,48.771949736953545,47.628069301138005,48.711997985839844,115627200,0.0,0.0,APPLE,AAPL
2019-04-18 00:00:00-04:00,48.70960355038474,48.95660450254597,48.56572152555685,48.887062072753906,96783200,0.0,0.0,APPLE,AAPL
2019-04-22 00:00:00-04:00,48.640054507160215,49.14604742621135,48.52254775923759,49.047725677490234,77758000,0.0,0.0,APPLE,AAPL
2019-04-23 00:00:00-04:00,49.023760391962696,49.819921666694,48.896662930263474,49.75517272949219,93292000,0.0,0.0,APPLE,AAPL
2019-04-24 00:00:00-04:00,49.726381690627306,49.994964370628146,49.6520421030674,49.67842102050781,70162400,0.0,0.0,APPLE,AAPL
2019-04-25 00:00:00-04:00,49.599286452198484,49.82230522469842,49.18921483741621,49.22758483886719,74172800,0.0,0.0,APPLE,AAPL
2019-04-26 00:00:00-04:00,49.13645096875925,49.16043313151351,48.469787826830895,48.99256896972656,74596400,0.0,0.0,APPLE,AAPL
2019-04-29 00:00:00-04:00,49.01655633221347,49.39305513234812,48.88706214376378,49.066917419433594,88818800,0.0,0.0,APPLE,AAPL
2019-04-30 00:00:00-04:00,48.69520117660571,48.77673466558409,47.747964407403394,48.12206268310547,186139600,0.0,0.0,APPLE,AAPL
2019-05-01 00:00:00-04:00,50.330696480855615,51.63284679007926,50.17481972869853,50.48417282104492,259309200,0.0,0.0,APPLE,AAPL
2019-05-02 00:00:00-04:00,50.321103259919994,50.99496038808363,49.911035312501575,50.155635833740234,127985200,0.0,0.0,APPLE,AAPL
2019-05-03 00:00:00-04:00,50.57289867424252,50.800714595070154,50.41462517419468,50.77913284301758,83569600,0.0,0.0,APPLE,AAPL
2019-05-06 00:00:00-04:00,48.990176376667975,50.08129909117014,48.800730433665656,49.99496841430664,129772400,0.0,0.0,APPLE,AAPL
2019-05-07 00:00:00-04:00,49.37147320931098,49.74077443072926,48.160446958759266,48.647254943847656,155054800,0.0,0.0,APPLE,AAPL
2019-05-08 00:00:00-04:00,48.41702667424918,49.2419632517631,48.38105709174992,48.65683364868164,105358000,0.0,0.0,APPLE,AAPL
2019-05-09 00:00:00-04:00,48.05733133772808,48.364284068876024,47.16045531294103,48.134071350097656,139634400,0.0,0.0,APPLE,AAPL
2019-05-10 00:00:00-04:00,47.52502366233937,47.86927025112532,46.40562809952999,47.467247009277344,164834800,0.1925,0.0,APPLE,AAPL
2019-05-13 00:00:00-04:00,45.18752827063894,45.613618653321296,44.017577777214555,44.708473205566406,229722400,0.0,0.0,APPLE,AAPL
2019-05-14 00:00:00-04:00,44.874570400302694,45.66657207636457,44.63383991632264,45.41621398925781,146118800,0.0,0.0,APPLE,AAPL
2019-05-15 00:00:00-04:00,44.84086704811829,46.16006903559129,44.78068442877593,45.960262298583984,106178800,0.0,0.0,APPLE,AAPL
2019-05-16 00:00:00-04:00,45.71712908266186,46.33339856073402,45.4595456904371,45.758052825927734,132125600,0.0,0.0,APPLE,AAPL
2019-05-17 00:00:00-04:00,44.99975203445906,45.955452443745415,44.95882828894691,45.49806594848633,131516400,0.0,0.0,APPLE,AAPL
2019-05-20 00:00:00-04:00,44.17886392909346,44.378670691851724,43.398895759522695,44.075347900390625,154449200,0.0,0.0,APPLE,AAPL
2019-05-21 00:00:00-04:00,44.58810550844108,45.2573360346677,44.46292461430158,44.92031478881836,113459200,0.0,0.0,APPLE,AAPL
2019-05-22 00:00:00-04:00,44.453291644245326,44.70605938474936,43.94535018079164,44.00071716308594,118994400,0.0,0.0,APPLE,AAPL
2019-05-23 00:00:00-04:00,43.28333590533527,43.46147408852485,42.80428098457819,43.2496337890625,146118800,0.0,0.0,APPLE,AAPL
2019-05-24 00:00:00-04:00,43.379635543121694,43.84665330275651,42.99928091077226,43.08353805541992,94858800,0.0,0.0,APPLE,AAPL
2019-05-28 00:00:00-04:00,43.07150396814584,43.473523493613335,42.82836746661339,42.905399322509766,111792800,0.0,0.0,APPLE,AAPL
2019-05-29 00:00:00-04:00,42.469679849823,43.17502221593888,42.36857346756617,42.700782775878906,113924800,0.0,0.0,APPLE,AAPL
2019-05-30 00:00:00-04:00,42.837999310534556,43.146134111126614,42.52986450994249,42.92225646972656,84873600,0.0,0.0,APPLE,AAPL
2019-05-31 00:00:00-04:00,42.4239437426403,42.847631860971816,42.12544021191401,42.14469909667969,108174400,0.0,0.0,APPLE,AAPL
2019-06-03 00:00:00-04:00,42.272274445071616,42.830767257665364,40.98918052500502,41.71859359741211,161584400,0.0,0.0,APPLE,AAPL
2019-06-04 00:00:00-04:00,42.23376362137621,43.290570472381134,42.01229198059513,43.24483108520508,123872000,0.0,0.0,APPLE,AAPL
2019-06-05 00:00:00-04:00,44.361819813753506,44.532740098731665,43.60592612989416,43.94294738769531,119093600,0.0,0.0,APPLE,AAPL
2019-06-06 00:00:00-04:00,44.07295242824768,44.64829833358975,43.84907109195605,44.58811569213867,90105200,0.0,0.0,APPLE,AAPL
2019-06-07 00:00:00-04:00,44.89864722693939,46.20100020037533,44.72050899594306,45.774906158447266,122737600,0.0,0.0,APPLE,AAPL
2019-06-10 00:00:00-04:00,46.17451123344307,47.03151112579802,46.128771856055224,46.3598747253418,104883600,0.0,0.0,APPLE,AAPL
2019-06-11 00:00:00-04:00,46.908750517806325,47.18318317095201,46.605431376936764,46.89671325683594,107731600,0.0,0.0,APPLE,AAPL
2019-06-12 00:00:00-04:00,46.689678955522886,47.17595558586052,46.554870465509886,46.74745559692383,73012800,0.0,0.0,APPLE,AAPL
2019-06-13 00:00:00-04:00,46.870229816895666,47.37335570394663,46.605428458411204,46.73782730102539,86698400,0.0,0.0,APPLE,AAPL
2019-06-14 00:00:00-04:00,46.11192946128812,46.60301808051534,45.81101632681516,46.398399353027344,75046000,0.0,0.0,APPLE,AAPL
2019-06-17 00:00:00-04:00,46.436911234747264,46.932819142316106,46.26117900108184,46.675235748291016,58676400,0.0,0.0,APPLE,AAPL
2019-06-18 00:00:00-04:00,47.19521277723059,48.21590769265927,46.99300004944819,47.77296447753906,106204000,0.0,0.0,APPLE,AAPL
2019-06-19 00:00:00-04:00,48.06906050954018,48.11720954417102,47.49853044706979,47.633338928222656,84496800,0.0,0.0,APPLE,AAPL
2019-06-20 00:00:00-04:00,48.235171440464136,48.292948085628254,47.67186292482436,48.016109466552734,86056000,0.0,0.0,APPLE,AAPL
2019-06-21 00:00:00-04:00,47.85722118631068,48.35071941555891,47.70074416699722,47.8524055480957,191202400,0.0,0.0,APPLE,AAPL
2019-06-24 00:00:00-04:00,47.794636605319965,48.184622551904845,47.705567486906965,47.80426788330078,72881600,0.0,0.0,APPLE,AAPL
2019-06-25 00:00:00-04:00,47.76815571901128,47.9679624930692,47.0122620268344,47.07966995239258,84281200,0.0,0.0,APPLE,AAPL
2019-06-26 00:00:00-04:00,47.60927495970345,48.38442751153247,47.50816858423742,48.097957611083984,104270000,0.0,0.0,APPLE,AAPL
2019-06-27 00:00:00-04:00,48.215910188824644,48.52404860796482,48.042587608363675,48.08351135253906,83598800,0.0,0.0,APPLE,AAPL
2019-06-28 00:00:00-04:00,47.82833196271638,48.02573272756639,47.43594376205445,47.64537811279297,124442400,0.0,0.0,APPLE,AAPL
2019-07-01 00:00:00-04:00,48.90921978910782,49.22698584179914,48.30257784422385,48.51923751831055,109012000,0.0,0.0,APPLE,AAPL
2019-07-02 00:00:00-04:00,48.48553277322651,48.89958954319856,48.47349551310694,48.80329513549805,67740800,0.0,0.0,APPLE,AAPL
2019-07-03 00:00:00-04:00,48.93569127989315,49.214939515988235,48.79366117943733,49.20771789550781,45448000,0.0,0.0,APPLE,AAPL
2019-07-05 00:00:00-04:00,48.952546416721376,49.369009134258626,48.84421475804626,49.16438674926758,69062000,0.0,0.0,APPLE,AAPL
2019-07-08 00:00:00-04:00,48.34109253757755,48.48312265516908,47.76334078990513,48.150917053222656,101354400,0.0,0.0,APPLE,AAPL
2019-07-09 00:00:00-04:00,47.953518283672736,48.50960519059195,47.85963352891048,48.444610595703125,82312000,0.0,0.0,APPLE,AAPL
2019-07-10 00:00:00-04:00,48.591450885172904,49.04402170864626,48.521636986036214,48.92365646362305,71588400,0.0,0.0,APPLE,AAPL
2019-07-11 00:00:00-04:00,48.9429179948975,49.20290737902218,48.55775139391188,48.567378997802734,80767200,0.0,0.0,APPLE,AAPL
2019-07-12 00:00:00-04:00,48.73587601223828,49.10900892252611,48.675693403264596,48.94049835205078,70380800,0.0,0.0,APPLE,AAPL
2019-07-15 00:00:00-04:00,49.130686048319255,49.55918603734978,49.109021185260104,49.400306701660156,67789600,0.0,0.0,APPLE,AAPL
2019-07-16 00:00:00-04:00,49.25105023857042,49.61696161315287,48.98865488514049,49.22938537597656,67467200,0.0,0.0,APPLE,AAPL
2019-07-17 00:00:00-04:00,49.12106725287713,49.37142539738406,48.933297726182815,48.95255661010742,56430000,0.0,0.0,APPLE,AAPL
2019-07-18 00:00:00-04:00,49.10902673916137,49.561601298278,49.03680684754076,49.50864028930664,74162400,0.0,0.0,APPLE,AAPL
2019-07-19 00:00:00-04:00,49.53992916901317,49.710849444352306,48.71422529733766,48.76959228515625,83717200,0.0,0.0,APPLE,AAPL
2019-07-22 00:00:00-04:00,49.02476095248743,49.88657651466287,49.01513334948656,49.88417053222656,89111600,0.0,0.0,APPLE,AAPL
2019-07-23 00:00:00-04:00,50.182690997945066,50.29101900848117,49.90103302799195,50.274166107177734,73420800,0.0,0.0,APPLE,AAPL
2019-07-24 00:00:00-04:00,49.99250389875423,50.3487840202523,49.87213864537256,50.23323440551758,59966400,0.0,0.0,APPLE,AAPL
2019-07-25 00:00:00-04:00,50.28619006236254,50.37044720007043,49.76621134147786,49.83602523803711,55638400,0.0,0.0,APPLE,AAPL
2019-07-26 00:00:00-04:00,49.946761359007695,50.48840496500306,49.8649138734609,50.00935363769531,70475600,0.0,0.0,APPLE,AAPL
2019-07-29 00:00:00-04:00,50.18268771372023,50.707478504008776,50.177872074626315,50.476375579833984,86693600,0.0,0.0,APPLE,AAPL
2019-07-30 00:00:00-04:00,50.25490420951249,50.59192915606375,49.905845675045,50.25971984863281,135742800,0.0,0.0,APPLE,AAPL
2019-07-31 00:00:00-04:00,52.098895192856226,53.29051045204365,50.866356188812546,51.28522491455078,277125600,0.0,0.0,APPLE,AAPL
2019-08-01 00:00:00-04:00,51.49224923181286,52.486467309524926,49.768621752239014,50.175453186035156,216071600,0.0,0.0,APPLE,AAPL
2019-08-02 00:00:00-04:00,49.477339932553264,49.693995915709266,48.538492441202635,49.11383819580078,163448400,0.0,0.0,APPLE,AAPL
2019-08-05 00:00:00-04:00,47.66223038810071,47.821109717661685,46.35987757336316,46.54283142089844,209572000,0.0,0.0,APPLE,AAPL
2019-08-06 00:00:00-04:00,47.25780360185456,47.68149163035869,46.7113443414121,47.42390823364258,143299200,0.0,0.0,APPLE,AAPL
2019-08-07 00:00:00-04:00,47.04114788369767,48.04017798933406,46.658387270302555,47.91499710083008,133457600,0.0,0.0,APPLE,AAPL
2019-08-08 00:00:00-04:00,48.19424705870114,48.99588009265801,47.99925593457088,48.971805572509766,108038000,0.0,0.0,APPLE,AAPL
2019-08-09 00:00:00-04:00,48.64316959967465,48.99596945504862,48.15746048668889,48.568260192871094,98478800,0.1925,0.0,APPLE,AAPL
2019-08-12 00:00:00-04:00,48.237207589603166,48.82440726925168,48.12363406488129,48.44502258300781,89927600,0.0,0.0,APPLE,AAPL
2019-08-13 00:00:00-04:00,48.57550402627305,51.26259663450397,48.44501359402472,50.49658203125,188874000,0.0,0.0,APPLE,AAPL
2019-08-14 00:00:00-04:00,49.09263237843947,49.88522822098317,48.95489286516682,48.99355697631836,146189600,0.0,0.0,APPLE,AAPL
2019-08-15 00:00:00-04:00,49.16512643486265,49.57108853841545,48.249289203212776,48.74949645996094,108909600,0.0,0.0,APPLE,AAPL
2019-08-16 00:00:00-04:00,49.36327430322545,50.059213562450225,49.25694984004249,49.89972686767578,110481600,0.0,0.0,APPLE,AAPL
2019-08-19 00:00:00-04:00,50.895289128792065,51.40516043073574,50.7527194065529,50.830047607421875,97654400,0.0,0.0,APPLE,AAPL
2019-08-20 00:00:00-04:00,50.95813026493987,51.55499407869545,50.822809571284125,50.83247375488281,107537200,0.0,0.0,APPLE,AAPL
2019-08-21 00:00:00-04:00,51.468000126154266,51.6274831176059,51.132113526235486,51.3834228515625,86141600,0.0,0.0,APPLE,AAPL
2019-08-22 00:00:00-04:00,51.516319936160095,51.818376313958105,50.926705296744515,51.33992004394531,89014800,0.0,0.0,APPLE,AAPL
2019-08-23 00:00:00-04:00,50.607745216350146,51.24085805695881,48.57067824203147,48.966976165771484,187272000,0.0,0.0,APPLE,AAPL
2019-08-26 00:00:00-04:00,49.74506692214679,50.06645538953352,49.55175007948856,49.89730453491211,104174400,0.0,0.0,APPLE,AAPL
2019-08-27 00:00:00-04:00,50.22836448582464,50.395100240762076,49.18204047179656,49.33427810668945,103493200,0.0,0.0,APPLE,AAPL
2019-08-28 00:00:00-04:00,49.31977059744463,49.71123451297311,49.13128769832263,49.665321350097656,63755200,0.0,0.0,APPLE,AAPL
2019-08-29 00:00:00-04:00,50.38302219850531,50.58117302449596,49.9383959330995,50.50625991821289,83962000,0.0,0.0,APPLE,AAPL
2019-08-30 00:00:00-04:00,50.78414518918276,50.85422065973012,50.068873928721274,50.441009521484375,84573600,0.0,0.0,APPLE,AAPL
2019-09-03 00:00:00-04:00,49.882805563258536,50.01571113058626,49.348771857103884,49.70640563964844,80092000,0.0,0.0,APPLE,AAPL
2019-09-04 00:00:00-04:00,50.35643061744374,50.61982293532377,50.097872234787005,50.549747467041016,76752400,0.0,0.0,APPLE,AAPL
2019-09-05 00:00:00-04:00,51.22877280501446,51.7048140548305,51.11036535179507,51.53807830810547,95654800,0.0,0.0,APPLE,AAPL
2019-09-06 00:00:00-04:00,51.724146826399256,51.8135543549842,51.35201121810315,51.53324508666992,77449200,0.0,0.0,APPLE,AAPL
2019-09-09 00:00:00-04:00,51.91504512476774,52.30167885442614,51.00404552925092,51.753143310546875,109237600,0.0,0.0,APPLE,AAPL
2019-09-10 00:00:00-04:00,51.67823439398562,52.383837823210804,51.15869877156413,52.364505767822266,127111600,0.0,0.0,APPLE,AAPL
2019-09-11 00:00:00-04:00,52.695555729633305,54.05843412725929,52.613393582433865,54.02943420410156,177158400,0.0,0.0,APPLE,AAPL
2019-09-12 00:00:00-04:00,54.32183378115821,54.713297768202224,53.85304157152088,53.90861892700195,128906800,0.0,0.0,APPLE,AAPL
2019-09-13 00:00:00-04:00,53.16193115234375,53.352829191835596,52.441829662790525,52.8598747253418,159053200,0.0,0.0,APPLE,AAPL
2019-09-16 00:00:00-04:00,52.61339447394689,53.19334501317117,52.57231524325715,53.13776397705078,84632400,0.0,0.0,APPLE,AAPL
2019-09-17 00:00:00-04:00,53.15226254559568,53.360077497566664,52.94927784126194,53.331077575683594,73274800,0.0,0.0,APPLE,AAPL
2019-09-18 00:00:00-04:00,53.41807258366795,53.850619437164944,53.02660864758349,53.8312873840332,101360000,0.0,0.0,APPLE,AAPL
2019-09-19 00:00:00-04:00,53.647641556283865,54.07052059347336,53.25134363463478,53.393917083740234,88242400,0.0,0.0,APPLE,AAPL
2019-09-20 00:00:00-04:00,53.49539879215573,53.78053826893981,52.55056547130522,52.6133918762207,221652400,0.0,0.0,APPLE,AAPL
2019-09-23 00:00:00-04:00,52.908204151879,53.12326818503218,52.5940647236116,52.85262680053711,76662000,0.0,0.0,APPLE,AAPL
2019-09-24 00:00:00-04:00,53.41081952621735,53.763623016838956,52.48290316863185,52.6013069152832,124763200,0.0,0.0,APPLE,AAPL
2019-09-25 00:00:00-04:00,52.81155246424069,53.52440497591303,52.470831890749665,53.410831451416016,87613600,0.0,0.0,APPLE,AAPL
2019-09-26 00:00:00-04:00,53.16192656975773,53.38907357323697,52.87920222092036,53.135345458984375,75334000,0.0,0.0,APPLE,AAPL
2019-09-27 00:00:00-04:00,53.29242685824373,53.39392107951168,52.50466489169453,52.876800537109375,101408000,0.0,0.0,APPLE,AAPL
2019-09-30 00:00:00-04:00,53.37941301907739,54.26866910273741,53.352831904661166,54.12126541137695,103909600,0.0,0.0,APPLE,AAPL
2019-10-01 00:00:00-04:00,54.3870761596021,55.14825691392442,54.176842369945184,54.27108383178711,139223200,0.0,0.0,APPLE,AAPL
2019-10-02 00:00:00-04:00,53.90136450785289,54.027021013467234,52.661723755848904,52.910621643066406,138449200,0.0,0.0,APPLE,AAPL
2019-10-03 00:00:00-04:00,52.78254530403984,53.393910890556825,51.98511930474637,53.36008071899414,114426000,0.0,0.0,APPLE,AAPL
2019-10-04 00:00:00-04:00,54.52481279505152,54.9718578080667,54.10193377249592,54.855865478515625,138478800,0.0,0.0,APPLE,AAPL
2019-10-07 00:00:00-04:00,54.67705238194808,55.56147088138249,54.573143043904125,54.867950439453125,122306000,0.0,0.0,APPLE,AAPL
2019-10-08 00:00:00-04:00,54.5683133317678,55.109596145535406,54.20826070587139,54.22517395019531,111820000,0.0,0.0,APPLE,AAPL
2019-10-09 00:00:00-04:00,54.86069107055664,55.04434003359688,54.52480450264146,54.86069107055664,74770400,0.0,0.0,APPLE,AAPL
2019-10-10 00:00:00-04:00,55.07817379779843,55.68470544588177,54.92593987019887,55.600128173828125,113013600,0.0,0.0,APPLE,AAPL
2019-10-11 00:00:00-04:00,56.29123307121026,57.424549336470406,56.13658033336911,57.07899856567383,166795600,0.0,0.0,APPLE,AAPL
2019-10-14 00:00:00-04:00,56.76244533574534,57.54296183982879,56.706867982611634,56.99684143066406,96427600,0.0,0.0,APPLE,AAPL
2019-10-15 00:00:00-04:00,57.122491934080806,57.426963469423065,56.757609116449146,56.86393356323242,87360000,0.0,0.0,APPLE,AAPL
2019-10-16 00:00:00-04:00,56.3927351576582,56.844614157019556,56.35165591902769,56.63438034057617,73903200,0.0,0.0,APPLE,AAPL
2019-10-17 00:00:00-04:00,56.80835776633163,57.064501036900594,56.4289767959264,56.854270935058594,67585200,0.0,0.0,APPLE,AAPL
2019-10-18 00:00:00-04:00,56.687534837293626,57.41005516298264,56.61504055487197,57.1273307800293,97433600,0.0,0.0,APPLE,AAPL
2019-10-21 00:00:00-04:00,57.39554835132039,58.234057189563536,57.34722006609612,58.118064880371094,87247200,0.0,0.0,APPLE,AAPL
2019-10-22 00:00:00-04:00,58.275145716563195,58.52645505216327,57.9030101178019,57.985172271728516,82293600,0.0,0.0,APPLE,AAPL
2019-10-23 00:00:00-04:00,58.50228639673103,58.77776169249288,58.28963750624399,58.76325988769531,75828800,0.0,0.0,APPLE,AAPL
2019-10-24 00:00:00-04:00,59.084652529312926,59.15473168555274,58.43221138129828,58.85992431640625,69275200,0.0,0.0,APPLE,AAPL
2019-10-25 00:00:00-04:00,58.758432019914885,59.621103236105824,58.69077167696705,59.58485794067383,73477200,0.0,0.0,APPLE,AAPL
2019-10-28 00:00:00-04:00,59.787837989415074,60.23004902249705,59.61868713481838,60.18172073364258,96572800,0.0,0.0,APPLE,AAPL
2019-10-29 00:00:00-04:00,60.162386922309075,60.350869824381235,58.61585960089341,58.78984069824219,142839600,0.0,0.0,APPLE,AAPL
2019-10-30 00:00:00-04:00,59.145075819941084,59.275566288357595,58.28723833878712,58.78260803222656,124522000,0.0,0.0,APPLE,AAPL
2019-10-31 00:00:00-04:00,59.74434678047531,60.21072013892777,57.33272558652324,60.11164474487305,139162000,0.0,0.0,APPLE,AAPL
2019-11-01 00:00:00-04:00,60.300126418856735,61.84423871099099,60.20830377325702,61.81766128540039,151125200,0.0,0.0,APPLE,AAPL
2019-11-04 00:00:00-05:00,62.18253463912321,62.30819481944538,61.711331086186235,62.22361755371094,103272000,0.0,0.0,APPLE,AAPL
2019-11-05 00:00:00-05:00,62.11488056762878,62.390359568196075,61.93848433426413,62.13421630859375,79897600,0.0,0.0,APPLE,AAPL
2019-11-06 00:00:00-05:00,62.04721979393924,62.22120458929822,61.708918073636895,62.16079330444336,75864400,0.0,0.0,APPLE,AAPL
2019-11-07 00:00:00-05:00,62.7109794500073,63.10120004170017,62.55828475745641,62.87821578979492,94940400,0.1925,0.0,APPLE,AAPL
2019-11-08 00:00:00-05:00,62.698856425006085,63.12300501099024,62.252895370759035,63.050296783447266,69986400,0.0,0.0,APPLE,AAPL
2019-11-11 00:00:00-05:00,62.604332041612686,63.615020843724096,62.59948729167758,63.549583435058594,81821200,0.0,0.0,APPLE,AAPL
2019-11-12 00:00:00-05:00,63.3920326453622,63.69257724355565,63.23934536801356,63.49140548706055,87388800,0.0,0.0,APPLE,AAPL
2019-11-13 00:00:00-05:00,63.29024493174329,64.17489626781452,63.27570328540736,64.09976196289062,102734400,0.0,0.0,APPLE,AAPL
2019-11-14 00:00:00-05:00,63.925258797071365,64.19913881442015,63.52534870476292,63.65623092651367,89182800,0.0,0.0,APPLE,AAPL
2019-11-15 00:00:00-05:00,63.90828711842908,64.4172669301016,63.74590293541921,64.41242218017578,100206400,0.0,0.0,APPLE,AAPL
2019-11-18 00:00:00-05:00,64.42211920582977,64.81718456959655,64.04160288666964,64.7372055053711,86703200,0.0,0.0,APPLE,AAPL
2019-11-19 00:00:00-05:00,64.93110681791728,64.95534536639715,64.3227614115017,64.5408935546875,76167200,0.0,0.0,APPLE,AAPL
2019-11-20 00:00:00-05:00,64.35910036351942,64.48997518063773,63.11331175169603,63.789527893066406,106234400,0.0,0.0,APPLE,AAPL
2019-11-21 00:00:00-05:00,63.91071330107709,63.98827367941163,63.302360640648075,63.50353240966797,121395200,0.0,0.0,APPLE,AAPL
2019-11-22 00:00:00-05:00,63.6441040461107,63.78710183292363,63.21995543560012,63.447784423828125,65325200,0.0,0.0,APPLE,AAPL
2019-11-25 00:00:00-05:00,63.67317965491638,64.57722467555617,63.62712864817878,64.56025695800781,84020400,0.0,0.0,APPLE,AAPL
2019-11-26 00:00:00-05:00,64.69841008139949,64.75173191051944,63.62228400029792,64.0561294555664,105207600,0.0,0.0,APPLE,AAPL
2019-11-27 00:00:00-05:00,64.36878968321697,64.95048512170717,64.30335227484096,64.91654968261719,65235600,0.0,0.0,APPLE,AAPL
2019-11-29 00:00:00-05:00,64.61599728644288,64.95531461481963,64.446334923973,64.7735366821289,46617600,0.0,0.0,APPLE,AAPL
2019-12-02 00:00:00-05:00,64.77839680835467,65.0159226928851,63.85254660612109,64.02462768554688,94487200,0.0,0.0,APPLE,AAPL
2019-12-03 00:00:00-05:00,62.606746801695124,62.902439218729796,62.11716087038608,62.883052825927734,114430400,0.0,0.0,APPLE,AAPL
2019-12-04 00:00:00-05:00,63.27569186565412,63.818599621719585,63.18116378496588,63.43807601928711,67181600,0.0,0.0,APPLE,AAPL
2019-12-05 00:00:00-05:00,63.93494398588444,64.44392373587152,63.678031736221556,64.36878204345703,74424400,0.0,0.0,APPLE,AAPL
2019-12-06 00:00:00-05:00,64.8293072258581,65.68244929190446,64.78567488538137,65.6121597290039,106075600,0.0,0.0,APPLE,AAPL
2019-12-09 00:00:00-05:00,65.4400635801901,65.63395710624658,64.20639808398826,64.69356536865234,128042400,0.0,0.0,APPLE,AAPL
2019-12-10 00:00:00-05:00,65.1007385592711,65.45702360385863,64.436638147631,65.0716552734375,90420400,0.0,0.0,APPLE,AAPL
2019-12-11 00:00:00-05:00,65.15164935528578,65.70668017666303,65.07651505067686,65.62669372558594,78756800,0.0,0.0,APPLE,AAPL
2019-12-12 00:00:00-05:00,64.90200037225051,66.06053156938063,64.79051196488324,65.7939224243164,137310400,0.0,0.0,APPLE,AAPL
2019-12-13 00:00:00-05:00,65.79394502480035,66.72464758099055,65.66548885576654,66.68829345703125,133587600,0.0,0.0,APPLE,AAPL
2019-12-16 00:00:00-05:00,67.13665760422714,68.0552442684781,67.13181285488875,67.829833984375,128186000,0.0,0.0,APPLE,AAPL
2019-12-17 00:00:00-05:00,67.75956718700958,68.29277820103589,67.57293704501966,67.9631576538086,114158400,0.0,0.0,APPLE,AAPL
2019-12-18 00:00:00-05:00,67.81531527010148,68.32429519216075,67.65050497810252,67.80077362060547,116028400,0.0,0.0,APPLE,AAPL
2019-12-19 00:00:00-05:00,67.74258414485224,68.14976498636153,67.60928327063462,67.86861419677734,98369200,0.0,0.0,APPLE,AAPL
2019-12-20 00:00:00-05:00,68.40425095745216,68.50604245823469,67.51474768084944,67.72803497314453,275978000,0.0,0.0,APPLE,AAPL
2019-12-23 00:00:00-05:00,67.99222565628588,68.89384460449219,67.95344547182322,68.833251953125,98572000,0.0,0.0,APPLE,AAPL
2019-12-24 00:00:00-05:00,69.00050346001484,69.04898055041124,68.57151005661217,68.8987045288086,48478800,0.0,0.0,APPLE,AAPL
2019-12-26 00:00:00-05:00,69.03200514767786,70.28263849577442,69.00292185530243,70.26567077636719,93121200,0.0,0.0,APPLE,AAPL
2019-12-27 00:00:00-05:00,70.55895237949258,71.24971030856672,69.8318403271127,70.23902130126953,146266000,0.0,0.0,APPLE,AAPL
2019-12-30 00:00:00-05:00,70.1566008802019,70.93946068223316,69.12895177016881,70.6558837890625,144114400,0.0,0.0,APPLE,AAPL
2019-12-31 00:00:00-05:00,70.27049275691465,71.17938233196841,70.17111994245462,71.17211151123047,100805600,0.0,0.0,APPLE,AAPL
2020-01-02 00:00:00-05:00,71.79988089307743,72.85662080131382,71.5453946624551,72.79602813720703,135480400,0.0,0.0,APPLE,AAPL
2020-01-03 00:00:00-05:00,72.0204315021118,72.85176099103282,71.86289207131898,72.08829498291016,146322800,0.0,0.0,APPLE,AAPL
2020-01-06 00:00:00-05:00,71.20606216043667,72.7014846521864,70.95399466003437,72.66270446777344,118387200,0.0,0.0,APPLE,AAPL
2020-01-07 00:00:00-05:00,72.67240156846412,72.9293138189329,72.10041048902463,72.32096862792969,108872000,0.0,0.0,APPLE,AAPL
2020-01-08 00:00:00-05:00,72.02285750459463,73.78731540018381,72.02285750459463,73.4843521118164,132079200,0.0,0.0,APPLE,AAPL
2020-01-09 00:00:00-05:00,74.46595763529108,75.23912061605091,74.21389747975358,75.04522705078125,170108400,0.0,0.0,APPLE,AAPL
2020-01-10 00:00:00-05:00,75.28030379933901,75.78201267626062,74.71073145572483,75.21485900878906,140644800,0.0,0.0,APPLE,AAPL
2020-01-13 00:00:00-05:00,75.53238647587344,76.84845721797936,75.41361983783602,76.82179260253906,121532000,0.0,0.0,APPLE,AAPL
2020-01-14 00:00:00-05:00,76.758789108947,76.96965039455488,75.66085034178165,75.78445434570312,161954400,0.0,0.0,APPLE,AAPL
2020-01-15 00:00:00-05:00,75.58327476675701,76.46792599707763,75.02581793644697,75.45966339111328,121923600,0.0,0.0,APPLE,AAPL
2020-01-16 00:00:00-05:00,76.0049896177802,76.51639538996747,75.64143374623438,76.40489959716797,108829200,0.0,0.0,APPLE,AAPL
2020-01-17 00:00:00-05:00,76.65457152353868,77.2532273929308,76.34676342582375,77.25080871582031,137816400,0.0,0.0,APPLE,AAPL
2020-01-21 00:00:00-05:00,76.87754064068325,77.32107563862897,76.589118999561,76.7272720336914,110843200,0.0,0.0,APPLE,AAPL
2020-01-22 00:00:00-05:00,77.21443963018976,77.55618313962266,76.90663156263895,77.00115966796875,101832400,0.0,0.0,APPLE,AAPL
2020-01-23 00:00:00-05:00,77.05447382667461,77.45195781305532,76.5042877636116,77.37197875976562,104472000,0.0,0.0,APPLE,AAPL
2020-01-24 00:00:00-05:00,77.61917103084049,78.36566909337094,76.95749674617576,77.14897155761719,146537600,0.0,0.0,APPLE,AAPL
2020-01-27 00:00:00-05:00,75.14940646296688,75.5638580011134,73.893928884006,74.88037872314453,161940000,0.0,0.0,APPLE,AAPL
2020-01-28 00:00:00-05:00,75.76505276717205,77.1707993206053,75.66567993131815,76.99871826171875,162234000,0.0,0.0,APPLE,AAPL
2020-01-29 00:00:00-05:00,78.63714587501234,79.46120445400042,77.8930663413124,78.61048126220703,216229200,0.0,0.0,APPLE,AAPL
2020-01-30 00:00:00-05:00,77.6894834620713,78.54989623607841,77.25563796528307,78.49657440185547,126743200,0.0,0.0,APPLE,AAPL
2020-01-31 00:00:00-05:00,77.78400462606156,78.20815322919047,74.72044370453256,75.0161361694336,199588400,0.0,0.0,APPLE,AAPL
2020-02-03 00:00:00-05:00,73.75338735630919,75.98077426743717,73.24925964840867,74.81012725830078,173788400,0.0,0.0,APPLE,AAPL
2020-02-04 00:00:00-05:00,76.42187506467558,77.47134392906342,76.01469422241806,77.27986907958984,136616400,0.0,0.0,APPLE,AAPL
2020-02-05 00:00:00-05:00,78.411758747791,78.71230341688808,77.30413037546758,77.9100570678711,118826800,0.0,0.0,APPLE,AAPL
2020-02-06 00:00:00-05:00,78.18150305148818,78.82378380047356,77.62162743665891,78.82135772705078,105425600,0.0,0.0,APPLE,AAPL
2020-02-07 00:00:00-05:00,78.31846195048404,78.56869590968388,77.25678964383889,77.74996948242188,117684000,0.1925,0.0,APPLE,AAPL
2020-02-10 00:00:00-05:00,76.328729971042,78.1192398071289,76.2485610979256,78.1192398071289,109348800,0.0,0.0,APPLE,AAPL
2020-02-11 00:00:00-05:00,78.6172776735546,78.69015846210117,77.42926892141327,77.64791870117188,94323200,0.0,0.0,APPLE,AAPL
2020-02-12 00:00:00-05:00,78.09980747878139,79.49674620182785,78.09980747878139,79.49188995361328,113730400,0.0,0.0,APPLE,AAPL
2020-02-13 00:00:00-05:00,78.7606027667096,79.25378246463075,78.55652917592683,78.9258041381836,94747600,0.0,0.0,APPLE,AAPL
2020-02-14 00:00:00-05:00,78.89421987724242,79.1954777229002,78.43505615220535,78.94524383544922,80113600,0.0,0.0,APPLE,AAPL
2020-02-18 00:00:00-05:00,76.61541398291747,77.68195002206068,76.43320456144275,77.49974060058594,152531200,0.0,0.0,APPLE,AAPL
2020-02-19 00:00:00-05:00,77.74267613948199,78.8529405124876,77.74267613948199,78.62213897705078,93984000,0.0,0.0,APPLE,AAPL
2020-02-20 00:00:00-05:00,78.38161204782077,78.87235994111728,77.3077882481259,77.81554412841797,100566000,0.0,0.0,APPLE,AAPL
2020-02-21 00:00:00-05:00,77.40740945099631,77.85200453086176,75.43469023560293,76.05419921875,129554000,0.0,0.0,APPLE,AAPL
2020-02-24 00:00:00-05:00,72.21809854454682,73.89927997263825,70.26724331981248,72.44160461425781,222195200,0.0,0.0,APPLE,AAPL
2020-02-25 00:00:00-05:00,73.11453422052959,73.49838528422858,69.51407604241301,69.9878158569336,230673600,0.0,0.0,APPLE,AAPL
2020-02-26 00:00:00-05:00,69.61127139696013,72.36870817005541,69.60398331830831,71.09809875488281,198054800,0.0,0.0,APPLE,AAPL
2020-02-27 00:00:00-05:00,68.2920878015383,69.48252112113946,66.31450479546683,66.45055389404297,320605600,0.0,0.0,APPLE,AAPL
2020-02-28 00:00:00-05:00,62.50026657632194,67.63857104044034,62.28404115972939,66.41168975830078,426510000,0.0,0.0,APPLE,AAPL
2020-03-02 00:00:00-05:00,68.57874837854894,73.23359135629464,67.47091599038848,72.59464263916016,341397200,0.0,0.0,APPLE,AAPL
2020-03-03 00:00:00-05:00,73.77536734454684,73.85553621045779,69.43391890589473,70.28909301757812,319475600,0.0,0.0,APPLE,AAPL
2020-03-04 00:00:00-05:00,72.01887482066405,73.7097760122306,71.21472457823452,73.54943084716797,219178400,0.0,0.0,APPLE,AAPL
2020-03-05 00:00:00-05:00,71.79536491446169,72.77443652965138,70.79686089078,71.16371154785156,187572800,0.0,0.0,APPLE,AAPL
2020-03-06 00:00:00-05:00,68.51071916341945,70.65350301025936,68.32365355677196,70.2186279296875,226176800,0.0,0.0,APPLE,AAPL
2020-03-09 00:00:00-04:00,64.0769619398227,67.56080421303677,63.8947525693777,64.6648941040039,286744800,0.0,0.0,APPLE,AAPL
2020-03-10 00:00:00-04:00,67.33000755448958,69.58940069608109,65.44231380372885,69.32215881347656,285290000,0.0,0.0,APPLE,AAPL
2020-03-11 00:00:00-04:00,67.39075287348057,68.3212322165363,66.04725520576122,66.9145736694336,255598800,0.0,0.0,APPLE,AAPL
2020-03-12 00:00:00-04:00,62.17956017177718,65.59537815986118,60.25056956905768,60.30644607543945,418474000,0.0,0.0,APPLE,AAPL
2020-03-13 00:00:00-04:00,64.35391881351434,68.0053940210408,61.453141557980196,67.53164672851562,370732000,0.0,0.0,APPLE,AAPL
2020-03-16 00:00:00-04:00,58.78075717234033,62.942417735079786,58.30701342963655,58.84392547607422,322423600,0.0,0.0,APPLE,AAPL
2020-03-17 00:00:00-04:00,60.13152785246368,62.58527878886286,57.91829094246008,61.43128967285156,324056000,0.0,0.0,APPLE,AAPL
2020-03-18 00:00:00-04:00,58.251134629242024,60.736469941261674,57.60732582362869,59.927459716796875,300233600,0.0,0.0,APPLE,AAPL
2020-03-19 00:00:00-04:00,60.10237727632101,61.42643149656511,58.941096340460845,59.46828842163086,271857200,0.0,0.0,APPLE,AAPL
2020-03-20 00:00:00-04:00,60.051358887016455,61.18105941653103,55.39165883947074,55.69291305541992,401693200,0.0,0.0,APPLE,AAPL
2020-03-23 00:00:00-04:00,55.4110887106565,55.51312552059559,51.65271619613283,54.50975799560547,336752800,0.0,0.0,APPLE,AAPL
2020-03-24 00:00:00-04:00,57.42268223950284,60.175259212076874,56.92221437304566,59.97847366333008,287531200,0.0,0.0,APPLE,AAPL
2020-03-25 00:00:00-04:00,60.91866546861268,62.740759151622036,59.351665642636455,59.6480598449707,303602000,0.0,0.0,APPLE,AAPL
2020-03-26 00:00:00-04:00,59.89101581179546,62.845234719440775,59.85214358361415,62.786930084228516,252087200,0.0,0.0,APPLE,AAPL
2020-03-27 00:00:00-04:00,61.40456197455526,62.16255182038572,60.01977140734215,60.18740463256836,204216800,0.0,0.0,APPLE,AAPL
2020-03-30 00:00:00-04:00,60.91624540312953,62.07752630082117,60.59069513800199,61.905033111572266,167976400,0.0,0.0,APPLE,AAPL
2020-03-31 00:00:00-04:00,62.096963976228515,63.7708571145467,61.22235738786374,61.77870178222656,197002000,0.0,0.0,APPLE,AAPL
2020-04-01 00:00:00-04:00,59.886154074244196,60.425494176264635,58.09564428473378,58.5280876159668,176218400,0.0,0.0,APPLE,AAPL
2020-04-02 00:00:00-04:00,58.38960582657782,59.558174794508744,57.55387149331358,59.50472640991211,165934000,0.0,0.0,APPLE,AAPL
2020-04-03 00:00:00-04:00,58.987249770331935,59.691791212482975,58.05676677284577,58.64955520629883,129880000,0.0,0.0,APPLE,AAPL
2020-04-06 00:00:00-04:00,60.95510622630932,63.92147268414862,60.58583124007948,63.7659912109375,201820400,0.0,0.0,APPLE,AAPL
2020-04-07 00:00:00-04:00,65.78974414886854,66.00840138150541,62.922985608049494,63.02745056152344,202887200,0.0,0.0,APPLE,AAPL
2020-04-08 00:00:00-04:00,63.83158830415397,64.95642874150907,63.464745123474984,64.6406021118164,168895200,0.0,0.0,APPLE,AAPL
2020-04-09 00:00:00-04:00,65.27953725570406,65.6123718043816,64.30775408800689,65.10704040527344,161834800,0.0,0.0,APPLE,AAPL
2020-04-13 00:00:00-04:00,65.18481070772222,66.49429260465944,64.58230223555258,66.38496398925781,131022800,0.0,0.0,APPLE,AAPL
2020-04-14 00:00:00-04:00,68.02481465660308,70.02911723130656,67.5510674460266,69.73757934570312,194994800,0.0,0.0,APPLE,AAPL
2020-04-15 00:00:00-04:00,68.60791725112617,69.56269281105895,68.17790569868288,69.1010971069336,131154400,0.0,0.0,APPLE,AAPL
2020-04-16 00:00:00-04:00,69.81777206662008,70.0169894216292,68.59575486882815,69.65013885498047,157125200,0.0,0.0,APPLE,AAPL
2020-04-17 00:00:00-04:00,69.16424162454373,69.71330151482101,67.26197182482458,68.70507049560547,215250000,0.0,0.0,APPLE,AAPL
2020-04-20 00:00:00-04:00,67.52680120844859,68.43298447365049,67.25955929365115,67.27899169921875,130015200,0.0,0.0,APPLE,AAPL
2020-04-21 00:00:00-04:00,67.1210894551599,67.35674726243548,64.48512509479784,65.19938659667969,180991600,0.0,0.0,APPLE,AAPL
2020-04-22 00:00:00-04:00,66.4724141891117,67.51465402003916,66.12986704581802,67.07735443115234,116862400,0.0,0.0,APPLE,AAPL
2020-04-23 00:00:00-04:00,67.02147935208541,68.45000232601801,66.77853346982802,66.8174057006836,124814400,0.0,0.0,APPLE,AAPL
2020-04-24 00:00:00-04:00,67.3445813853182,68.7560959459344,67.29598925775215,68.74637603759766,126161200,0.0,0.0,APPLE,AAPL
2020-04-27 00:00:00-04:00,68.4621332593315,69.12780988807344,68.01268939638848,68.79497528076172,117087600,0.0,0.0,APPLE,AAPL
2020-04-28 00:00:00-04:00,69.2589956509729,69.44120502793687,67.58753452748297,67.67984771728516,112004800,0.0,0.0,APPLE,AAPL
2020-04-29 00:00:00-04:00,69.17397162378809,70.37412466532922,68.9698980080844,69.9028091430664,137280800,0.0,0.0,APPLE,AAPL
2020-04-30 00:00:00-04:00,70.4445760159148,71.55484032075456,70.05343675937974,71.37748718261719,183064000,0.0,0.0,APPLE,AAPL
2020-05-01 00:00:00-04:00,69.54325391781421,72.64081369930636,69.44607705455206,70.22836303710938,240616800,0.0,0.0,APPLE,AAPL
2020-05-04 00:00:00-04:00,70.25264863684093,71.35076111488053,69.56025154134068,71.22200012207031,133568000,0.0,0.0,APPLE,AAPL
2020-05-05 00:00:00-04:00,71.68359763047998,73.12669648649918,71.53782864635428,72.29096221923828,147751200,0.0,0.0,APPLE,AAPL
2020-05-06 00:00:00-04:00,72.99550014695852,73.67088924059446,72.60921717678971,73.03680419921875,142333600,0.0,0.0,APPLE,AAPL
2020-05-07 00:00:00-04:00,73.66604447823067,74.13979187417405,73.36236215111808,73.79237365722656,115215200,0.0,0.0,APPLE,AAPL
2020-05-08 00:00:00-04:00,74.45496701678917,75.60233726161975,74.12610085040929,75.54874420166016,133838400,0.205,0.0,APPLE,AAPL
2020-05-11 00:00:00-04:00,75.05425503945568,77.23450234556246,74.84475212124161,76.73755645751953,145946400,0.0,0.0,APPLE,AAPL
2020-05-12 00:00:00-04:00,77.42448767187804,77.87759399228193,75.73875582103778,75.86055755615234,162301200,0.0,0.0,APPLE,AAPL
2020-05-13 00:00:00-04:00,76.04084175904602,76.96653965007208,73.86302556726389,74.94462585449219,200622400,0.0,0.0,APPLE,AAPL
2020-05-14 00:00:00-04:00,74.1797114974989,75.46593780729032,73.45377031942287,75.40503692626953,158929200,0.0,0.0,APPLE,AAPL
2020-05-15 00:00:00-04:00,73.16631038114848,75.0055137738857,73.13220232382433,74.959228515625,166348400,0.0,0.0,APPLE,AAPL
2020-05-18 00:00:00-04:00,76.28930455282763,77.10050086433853,75.59503315299358,76.72534942626953,135178400,0.0,0.0,APPLE,AAPL
2020-05-19 00:00:00-04:00,76.7424043944102,77.59257816496145,76.25032803863408,76.28199768066406,101729600,0.0,0.0,APPLE,AAPL
2020-05-20 00:00:00-04:00,77.14433260939994,77.83616546012259,77.10535516840599,77.7655258178711,111504800,0.0,0.0,APPLE,AAPL
2020-05-21 00:00:00-04:00,77.62669752734837,78.1699360459229,76.94704163415062,77.18577575683594,102688800,0.0,0.0,APPLE,AAPL
2020-05-22 00:00:00-04:00,76.92267483121685,77.76554829725728,76.82036552394693,77.68272399902344,81803200,0.0,0.0,APPLE,AAPL
2020-05-26 00:00:00-04:00,78.8057485352806,78.98601278359193,77.1005236828943,77.15655517578125,125522000,0.0,0.0,APPLE,AAPL
2020-05-27 00:00:00-04:00,77.01282211981075,77.63887753036026,76.26982690652362,77.49271392822266,112945200,0.0,0.0,APPLE,AAPL
2020-05-28 00:00:00-04:00,77.16626626161167,78.79110463009378,76.88856217970095,77.52680206298828,133560800,0.0,0.0,APPLE,AAPL
2020-05-29 00:00:00-04:00,77.77042158223573,78.23326677043703,77.09320411296707,77.45130157470703,153532400,0.0,0.0,APPLE,AAPL
2020-06-01 00:00:00-04:00,77.40501742967564,78.52559509330818,77.2734694490876,78.40379333496094,80791200,0.0,0.0,APPLE,AAPL
2020-06-02 00:00:00-04:00,78.1358219826799,78.79111598702812,77.69246183211925,78.76675415039062,87642800,0.0,0.0,APPLE,AAPL
2020-06-03 00:00:00-04:00,79.08830763863511,79.46345908381795,78.51339955329883,79.20036315917969,104491200,0.0,0.0,APPLE,AAPL
2020-06-04 00:00:00-04:00,79.02254104646114,79.32216858642559,78.14312856668211,78.51828002929688,87560400,0.0,0.0,APPLE,AAPL
2020-06-05 00:00:00-04:00,78.76918784562754,80.81545561938624,78.73995661708915,80.75455474853516,137250400,0.0,0.0,APPLE,AAPL
2020-06-08 00:00:00-04:00,80.4500448415124,81.26611794142813,79.73628846860731,81.23200988769531,95654400,0.0,0.0,APPLE,AAPL
2020-06-09 00:00:00-04:00,80.91046204581917,84.19179372904645,80.87879240448521,83.79715728759766,147712400,0.0,0.0,APPLE,AAPL
2020-06-10 00:00:00-04:00,84.74967704242285,86.42323231025624,84.30875519353073,85.95307922363281,166651600,0.0,0.0,APPLE,AAPL
2020-06-11 00:00:00-04:00,85.09314785066266,85.51945402506203,81.72411432630992,81.82642364501953,201662400,0.0,0.0,APPLE,AAPL
2020-06-12 00:00:00-04:00,83.97498797774145,84.72528338984903,81.41715155791107,82.53285217285156,200146000,0.0,0.0,APPLE,AAPL
2020-06-15 00:00:00-04:00,81.1808553319146,84.20884464080989,81.0176377380741,83.55355072021484,138808800,0.0,0.0,APPLE,AAPL
2020-06-16 00:00:00-04:00,85.61688845940762,86.04076362659309,83.97500316337461,85.7679214477539,165428800,0.0,0.0,APPLE,AAPL
2020-06-17 00:00:00-04:00,86.51577978864584,86.5766806624143,85.52675019338103,85.64855194091797,114406400,0.0,0.0,APPLE,AAPL
2020-06-18 00:00:00-04:00,85.60468519118076,86.1016382871526,85.07119306628167,85.6826400756836,96820400,0.0,0.0,APPLE,AAPL
2020-06-19 00:00:00-04:00,86.39154080283116,86.85925531634406,84.07973874680876,85.19300842285156,264476000,0.0,0.0,APPLE,AAPL
2020-06-22 00:00:00-04:00,85.58764039041641,87.56569933419068,85.5413551373912,87.4219741821289,135445200,0.0,0.0,APPLE,AAPL
2020-06-23 00:00:00-04:00,88.6716550705198,90.71305315419569,88.25021842917943,89.28797149658203,212155600,0.0,0.0,APPLE,AAPL
2020-06-24 00:00:00-04:00,88.91527007031266,89.83852933973874,87.33671684590729,87.71186828613281,192623200,0.0,0.0,APPLE,AAPL
2020-06-25 00:00:00-04:00,87.86778995028821,88.91528208057547,87.10530976653794,88.87630462646484,137522400,0.0,0.0,APPLE,AAPL
2020-06-26 00:00:00-04:00,88.77154541114977,88.99322547098194,85.99689819390446,86.14550018310547,205256800,0.0,0.0,APPLE,AAPL
2020-06-29 00:00:00-04:00,86.05292961011511,88.22587593033623,85.57303045547391,88.13086700439453,130646000,0.0,0.0,APPLE,AAPL
2020-06-30 00:00:00-04:00,87.71673790659106,89.15400438756762,87.69725289921185,88.86654663085938,140223200,0.0,0.0,APPLE,AAPL
2020-07-01 00:00:00-04:00,88.94452064563093,89.49019017978897,88.6497624527177,88.69847869873047,110737200,0.0,0.0,APPLE,AAPL
2020-07-02 00:00:00-04:00,89.60956096602841,90.24780103205751,88.58399217521502,88.69847869873047,114041600,0.0,0.0,APPLE,AAPL
2020-07-06 00:00:00-04:00,90.13329206093196,91.54131994765142,90.10162241749444,91.0711669921875,118655600,0.0,0.0,APPLE,AAPL
2020-07-07 00:00:00-04:00,91.4511912983208,92.23315645577712,90.67653394853455,90.78858947753906,112424400,0.0,0.0,APPLE,AAPL
2020-07-08 00:00:00-04:00,91.77029864576771,92.93472292396123,91.68259753162141,92.9030532836914,117092000,0.0,0.0,APPLE,AAPL
2020-07-09 00:00:00-04:00,93.79950457970637,93.85309763557729,92.25019022047177,93.30255889892578,125642800,0.0,0.0,APPLE,AAPL
2020-07-10 00:00:00-04:00,92.89575090989648,93.52425205644036,92.28187281172208,93.46578216552734,90257200,0.0,0.0,APPLE,AAPL
2020-07-13 00:00:00-04:00,94.77638589183749,97.39756217350657,92.82024990306108,93.03462219238281,191649200,0.0,0.0,APPLE,AAPL
2020-07-14 00:00:00-04:00,92.41341897123698,94.76662964226465,91.47555145597293,94.57418823242188,170989200,0.0,0.0,APPLE,AAPL
2020-07-15 00:00:00-04:00,96.45722706906206,96.70813834363402,94.02119239003805,95.22459411621094,153198000,0.0,0.0,APPLE,AAPL
2020-07-16 00:00:00-04:00,94.09186442019012,94.91280713517551,93.45118594029877,94.05288696289062,110577600,0.0,0.0,APPLE,AAPL
2020-07-17 00:00:00-04:00,94.50597842556229,94.66188079586928,93.38783184655358,93.86286163330078,92186800,0.0,0.0,APPLE,AAPL
2020-07-20 00:00:00-04:00,93.9505689422849,95.97978290888382,93.60464868715383,95.84092712402344,90318000,0.0,0.0,APPLE,AAPL
2020-07-21 00:00:00-04:00,96.63505736726202,96.71057384530293,94.26723143317828,94.51814270019531,103433200,0.0,0.0,APPLE,AAPL
2020-07-22 00:00:00-04:00,94.2185218794836,95.46820900884369,94.13082818895455,94.78368377685547,89001600,0.0,0.0,APPLE,AAPL
2020-07-23 00:00:00-04:00,94.51572561726793,94.5936805264477,89.65583994266372,90.46947479248047,197004400,0.0,0.0,APPLE,AAPL
2020-07-24 00:00:00-04:00,88.65950740859365,90.59128161056451,86.86414315402308,90.245361328125,185438800,0.0,0.0,APPLE,AAPL
2020-07-27 00:00:00-04:00,91.31233191463267,92.4767563073094,91.0882208654685,92.38418579101562,121214000,0.0,0.0,APPLE,AAPL
2020-07-28 00:00:00-04:00,91.9530007505373,92.13083395729981,90.86165454486257,90.86653137207031,103625600,0.0,0.0,APPLE,AAPL
2020-07-29 00:00:00-04:00,91.35129688868574,92.79343263327766,91.31475785676778,92.60829162597656,90329200,0.0,0.0,APPLE,AAPL
2020-07-30 00:00:00-04:00,91.77763790037069,93.83365246691515,91.36838571862384,93.7289047241211,158130000,0.0,0.0,APPLE,AAPL
2020-07-31 00:00:00-04:00,100.25258214013374,103.69226222205124,98.24528433161115,103.54122924804688,374336800,0.0,0.0,APPLE,AAPL
2020-08-03 00:00:00-04:00,105.43158191778792,108.781129727995,105.13195439882799,106.15021514892578,308151200,0.0,0.0,APPLE,AAPL
2020-08-04 00:00:00-04:00,106.34023134726526,107.95532367778854,105.61429026969972,106.8591079711914,173071600,0.0,0.0,APPLE,AAPL
2020-08-05 00:00:00-04:00,106.57897346726979,107.56800311782875,106.11125145953578,107.24644470214844,121776800,0.0,0.0,APPLE,AAPL
2020-08-06 00:00:00-04:00,107.58017903042834,111.48514293061744,106.98822429560298,110.98818969726562,202428800,0.0,0.0,APPLE,AAPL
2020-08-07 00:00:00-04:00,110.5074267277089,110.9662282348746,107.66433051713838,108.46479034423828,198045600,0.205,0.0,APPLE,AAPL
2020-08-10 00:00:00-04:00,109.91683374879184,111.06383745078631,107.37879108538309,110.04129791259766,212403600,0.0,0.0,APPLE,AAPL
2020-08-11 00:00:00-04:00,109.3018488792543,109.80213344991739,106.50755690311215,106.76868438720703,187902400,0.0,0.0,APPLE,AAPL
2020-08-12 00:00:00-04:00,107.86442881473535,110.57574703986536,107.66919763698496,110.31706237792969,165598000,0.0,0.0,APPLE,AAPL
2020-08-13 00:00:00-04:00,111.70324349302591,113.27732214847798,111.2127152013319,112.26942443847656,210082000,0.0,0.0,APPLE,AAPL
2020-08-14 00:00:00-04:00,112.09369702768127,112.259644279629,110.35122853945316,112.16934967041016,165565200,0.0,0.0,APPLE,AAPL
2020-08-17 00:00:00-04:00,113.29682569052488,113.32123145052057,111.2468684599563,111.87649536132812,119561600,0.0,0.0,APPLE,AAPL
2020-08-18 00:00:00-04:00,111.6275653780633,113.23580577761628,111.29078528133417,112.80873107910156,105633600,0.0,0.0,APPLE,AAPL
2020-08-19 00:00:00-04:00,113.21874298963277,114.37062498380037,112.85512170179622,112.9502944946289,145538000,0.0,0.0,APPLE,AAPL
2020-08-20 00:00:00-04:00,112.99177868647469,115.57131200892078,112.97469390875426,115.45661163330078,126907200,0.0,0.0,APPLE,AAPL
2020-08-21 00:00:00-04:00,116.42057376195339,121.8920146880567,116.40837460528758,121.4063720703125,338054800,0.0,0.0,APPLE,AAPL
2020-08-24 00:00:00-04:00,125.63073517139213,125.71615905282322,120.98416756262004,122.85841369628906,345937600,0.0,0.0,APPLE,AAPL
2020-08-25 00:00:00-04:00,121.72608342497273,122.19708413757137,120.12027798481839,121.85054016113281,211495600,0.0,0.0,APPLE,AAPL
2020-08-26 00:00:00-04:00,123.17324627161129,123.96638513952726,122.1018951182586,123.50758361816406,163022400,0.0,0.0,APPLE,AAPL
2020-08-27 00:00:00-04:00,124.11281210393082,124.44714945004647,120.88168131726665,122.0311279296875,155552400,0.0,0.0,APPLE,AAPL
2020-08-28 00:00:00-04:00,123.0097382757906,123.42949208020818,121.60893535239866,121.83345794677734,187630000,0.0,0.0,APPLE,AAPL
2020-08-31 00:00:00-04:00,124.53988670086144,127.8783894314197,122.99753487296857,125.965087890625,225702700,0.0,4.0,APPLE,AAPL
2020-09-01 00:00:00-04:00,129.59641388714468,131.58781041215278,127.41955744521529,130.98257446289062,151948100,0.0,0.0,APPLE,AAPL
2020-09-02 00:00:00-04:00,134.31137654552958,134.69208267438916,123.97372828902981,128.2688751220703,200119000,0.0,0.0,APPLE,AAPL
2020-09-03 00:00:00-04:00,123.88584332486174,125.76984587273459,117.62858474412651,117.99952697753906,257599600,0.0,0.0,APPLE,AAPL
2020-09-04 00:00:00-04:00,117.20883002621501,120.75232742067561,108.24758160325585,118.07762145996094,332607200,0.0,0.0,APPLE,AAPL
2020-09-08 00:00:00-04:00,111.23466984997847,116.15457202546442,109.99493609758322,110.13159942626953,231366600,0.0,0.0,APPLE,AAPL
2020-09-09 00:00:00-04:00,114.46579279058768,116.30099125669896,112.51345114458287,114.52436065673828,176940500,0.0,0.0,APPLE,AAPL
2020-09-10 00:00:00-04:00,117.4919257894212,117.62858911457678,109.81922220240571,110.78562927246094,182274400,0.0,0.0,APPLE,AAPL
2020-09-11 00:00:00-04:00,111.83990528016459,112.4841816810679,107.37880434308732,109.33114624023438,180860300,0.0,0.0,APPLE,AAPL
2020-09-14 00:00:00-04:00,111.98631239657361,113.16747813952576,110.11206629772022,112.6110610961914,140150100,0.0,0.0,APPLE,AAPL
2020-09-15 00:00:00-04:00,115.51031451335678,115.99840000615629,110.90278626971434,112.78679656982422,184642000,0.0,0.0,APPLE,AAPL
2020-09-16 00:00:00-04:00,112.48418186302023,113.23583021769664,109.37019414880372,109.45804595947266,154679000,0.0,0.0,APPLE,AAPL
2020-09-17 00:00:00-04:00,107.10546458227437,109.52636406828354,106.11952995935675,107.71068572998047,178011000,0.0,0.0,APPLE,AAPL
2020-09-18 00:00:00-04:00,107.7692399182456,108.23779765380655,103.56193940435647,104.2940673828125,287104900,0.0,0.0,APPLE,AAPL
2020-09-21 00:00:00-04:00,102.04889902285993,107.56426567814931,100.64321065047814,107.4568862915039,195713800,0.0,0.0,APPLE,AAPL
2020-09-22 00:00:00-04:00,109.99493172137502,110.17064277235137,106.55881360489528,109.14566040039062,183055400,0.0,0.0,APPLE,AAPL
2020-09-23 00:00:00-04:00,108.96019760104794,109.43851925260384,104.2257628187344,104.56742858886719,150718700,0.0,0.0,APPLE,AAPL
2020-09-24 00:00:00-04:00,102.66389575309547,107.62284590512591,102.4979484810723,105.64122009277344,167743300,0.0,0.0,APPLE,AAPL
2020-09-25 00:00:00-04:00,105.8462127607794,109.76066022078156,105.10432077900599,109.6044692993164,149981400,0.0,0.0,APPLE,AAPL
2020-09-28 00:00:00-04:00,112.26941546611341,112.57202605695592,110.09255111762093,112.2206039428711,137672400,0.0,0.0,APPLE,AAPL
2020-09-29 00:00:00-04:00,111.82038307255604,112.56226761750044,110.86373228368446,111.371337890625,99382200,0.0,0.0,APPLE,AAPL
2020-09-30 00:00:00-04:00,111.07847699244668,114.46579088344285,110.91252974272332,113.05033874511719,142675200,0.0,0.0,APPLE,AAPL
2020-10-01 00:00:00-04:00,114.83673990006338,114.91483535664295,113.06987301860818,114.00699615478516,116120400,0.0,0.0,APPLE,AAPL
2020-10-02 00:00:00-04:00,110.19992847147782,112.62083549619844,109.54589577865308,110.32682800292969,144712000,0.0,0.0,APPLE,AAPL
2020-10-05 00:00:00-04:00,111.19562846744361,113.87033459215822,110.84420635498853,113.72390747070312,106243800,0.0,0.0,APPLE,AAPL
2020-10-06 00:00:00-04:00,112.942968471818,113.35296590389312,109.5751818959247,110.4635009765625,161498200,0.0,0.0,APPLE,AAPL
2020-10-07 00:00:00-04:00,111.88870795937754,112.79654716767007,111.41037887013174,112.3377456665039,96849000,0.0,0.0,APPLE,AAPL
2020-10-08 00:00:00-04:00,113.4798516996223,113.62627880423697,111.85940465104595,112.23035430908203,83477200,0.0,0.0,APPLE,AAPL
2020-10-09 00:00:00-04:00,112.53298509308588,114.21200030629765,112.18156295787443,114.1827163696289,100506900,0.0,0.0,APPLE,AAPL
2020-10-12 00:00:00-04:00,117.19906101538244,122.19705807100242,116.43764900150893,121.4356460571289,240226800,0.0,0.0,APPLE,AAPL
2020-10-13 00:00:00-04:00,122.28490951265286,122.4020526865995,116.79883453234461,118.21427917480469,262330500,0.0,0.0,APPLE,AAPL
2020-10-14 00:00:00-04:00,118.11667206811924,120.09829768888693,116.76955898516985,118.3021469116211,150712000,0.0,0.0,APPLE,AAPL
2020-10-15 00:00:00-04:00,115.8909946467432,118.31189397818673,115.33457760747181,117.83357238769531,112559200,0.0,0.0,APPLE,AAPL
2020-10-16 00:00:00-04:00,118.38999361678148,118.65356390384362,115.9788505454113,116.18384552001953,115393800,0.0,0.0,APPLE,AAPL
2020-10-19 00:00:00-04:00,117.10147264505879,117.55051041279998,112.9039418000379,113.21631622314453,120639300,0.0,0.0,APPLE,AAPL
2020-10-20 00:00:00-04:00,113.43104244277143,116.14480348594866,112.87462539222047,114.70983123779297,124423700,0.0,0.0,APPLE,AAPL
2020-10-21 00:00:00-04:00,113.8898519974252,115.8812414376443,113.67509321746148,114.08509063720703,89946000,0.0,0.0,APPLE,AAPL
2020-10-22 00:00:00-04:00,114.65127071459953,115.22721542582593,111.85942130854261,112.99178314208984,101988000,0.0,0.0,APPLE,AAPL
2020-10-23 00:00:00-04:00,113.61652761786443,113.77271853280851,111.55680647449411,112.29869842529297,82572600,0.0,0.0,APPLE,AAPL
2020-10-26 00:00:00-04:00,111.29323030852764,113.77270492986723,110.19015258450182,112.3084487915039,111850700,0.0,0.0,APPLE,AAPL
2020-10-27 00:00:00-04:00,112.73797527774974,114.48532208435297,111.81061590078274,113.82152557373047,92276800,0.0,0.0,APPLE,AAPL
2020-10-28 00:00:00-04:00,112.30846534999783,112.67940761194099,108.45258581525088,108.55020141601562,143937800,0.0,0.0,APPLE,AAPL
2020-10-29 00:00:00-04:00,109.69231303804945,114.14364940384144,109.52635834556952,112.57201385498047,146129200,0.0,0.0,APPLE,AAPL
2020-10-30 00:00:00-04:00,108.41354139551972,109.32138066077655,105.15313405535431,106.2659683227539,190272600,0.0,0.0,APPLE,AAPL
2020-11-02 00:00:00-05:00,106.50998724278827,108.0425749664753,104.76264077032103,106.17808532714844,122866900,0.0,0.0,APPLE,AAPL
2020-11-03 00:00:00-05:00,107.04690696366637,108.83329409212905,106.13906770760467,107.80831909179688,107624400,0.0,0.0,APPLE,AAPL
2020-11-04 00:00:00-05:00,111.4201347222438,112.83557940582455,109.67278809330135,112.21083068847656,138235500,0.0,0.0,APPLE,AAPL
2020-11-05 00:00:00-05:00,115.13933731516576,116.76954813253197,114.08507856229832,116.193603515625,126387100,0.0,0.0,APPLE,AAPL
2020-11-06 00:00:00-05:00,115.69982115742681,116.5603310044695,113.55831598958902,116.06163024902344,114457900,0.205,0.0,APPLE,AAPL
2020-11-09 00:00:00-05:00,117.8315370062038,119.28853898482558,113.48008488932169,113.74410247802734,154515300,0.0,0.0,APPLE,AAPL
2020-11-10 00:00:00-05:00,112.99114291978354,114.98596046077127,111.60258321515705,113.40184020996094,138023400,0.0,0.0,APPLE,AAPL
2020-11-11 00:00:00-05:00,114.59482539259994,116.98078642695639,113.86143417104567,116.84388732910156,112295000,0.0,0.0,APPLE,AAPL
2020-11-12 00:00:00-05:00,116.97102302592603,117.86086723636039,115.94427224575213,116.57009887695312,103162300,0.0,0.0,APPLE,AAPL
2020-11-13 00:00:00-05:00,116.79500223348673,117.01990470303244,115.25977019970037,116.61898803710938,81581900,0.0,0.0,APPLE,AAPL
2020-11-16 00:00:00-05:00,116.2865111780058,118.31067066637605,115.53356613411366,117.63595581054688,91183000,0.0,0.0,APPLE,AAPL
2020-11-17 00:00:00-05:00,116.9025617517305,117.99775451631758,116.32562345429308,116.74610137939453,74271000,0.0,0.0,APPLE,AAPL
2020-11-18 00:00:00-05:00,115.98335629455732,117.1665596855725,115.38686428067794,115.41619873046875,76322100,0.0,0.0,APPLE,AAPL
2020-11-19 00:00:00-05:00,114.98596745236839,116.423415515833,114.22324173553615,116.0127182006836,74113000,0.0,0.0,APPLE,AAPL
2020-11-20 00:00:00-05:00,116.01273075249986,116.13984923224471,114.69262783358361,114.74151611328125,73604300,0.0,0.0,APPLE,AAPL
2020-11-23 00:00:00-05:00,114.58503980139257,115.01529835344873,111.2309971280372,111.32878112792969,127959300,0.0,0.0,APPLE,AAPL
2020-11-24 00:00:00-05:00,111.38746829481333,113.28450195004916,110.09669251350901,112.61956024169922,113874200,0.0,0.0,APPLE,AAPL
2020-11-25 00:00:00-05:00,112.99114404913823,114.1645670214996,112.61955438821877,113.46051025390625,76499200,0.0,0.0,APPLE,AAPL
2020-11-27 00:00:00-05:00,113.9885714852941,114.8881964087024,113.64632368404556,114.00812530517578,46691300,0.0,0.0,APPLE,AAPL
2020-11-30 00:00:00-05:00,114.37970265524602,118.29112272745515,114.22324227134564,116.41364288330078,169410200,0.0,0.0,APPLE,AAPL
2020-12-01 00:00:00-05:00,118.33024150407148,120.73576402805044,117.35238645560318,120.00237274169922,127728200,0.0,0.0,APPLE,AAPL
2020-12-02 00:00:00-05:00,119.31786165108991,120.63797184547548,118.2128882069106,120.3543930053711,89004200,0.0,0.0,APPLE,AAPL
2020-12-03 00:00:00-05:00,120.78463369128563,121.03887805363206,119.5036461625339,120.21748352050781,78967600,0.0,0.0,APPLE,AAPL
2020-12-04 00:00:00-05:00,119.88501813402209,120.1392625157906,118.8289329732372,119.54277038574219,78260400,0.0,0.0,APPLE,AAPL
2020-12-07 00:00:00-05:00,119.60144600465969,121.81140045533569,119.54277709036162,121.00955963134766,86712000,0.0,0.0,APPLE,AAPL
2020-12-08 00:00:00-05:00,121.61582191486363,122.21231402677293,120.3641613213804,121.62559509277344,82225500,0.0,0.0,APPLE,AAPL
2020-12-09 00:00:00-05:00,121.77227679520645,123.1608290458489,118.32044998517725,119.08317565917969,115089200,0.0,0.0,APPLE,AAPL
2020-12-10 00:00:00-05:00,117.83153582797534,121.12691009664137,117.48928804587463,120.51085662841797,81312200,0.0,0.0,APPLE,AAPL
2020-12-11 00:00:00-05:00,119.71878019553394,120.04147411514255,117.8804156003438,119.69922637939453,86939800,0.0,0.0,APPLE,AAPL
2020-12-14 00:00:00-05:00,119.88501642677728,120.61840764569368,118.84849255805,119.08317565917969,79184500,0.0,0.0,APPLE,AAPL
2020-12-15 00:00:00-05:00,121.58648066230148,125.06764935053899,121.38113201845924,125.04808807373047,157243700,0.0,0.0,APPLE,AAPL
2020-12-16 00:00:00-05:00,124.58852395599108,125.52725651199772,123.75734113873409,124.97966003417969,98208600,0.0,0.0,APPLE,AAPL
2020-12-17 00:00:00-05:00,126.04550545777673,126.71045462679722,125.20454954809055,125.84993743896484,94359800,0.0,0.0,APPLE,AAPL
2020-12-18 00:00:00-05:00,126.1041872805181,126.24108638359085,123.32707520295313,123.85511779785156,192541500,0.0,0.0,APPLE,AAPL
2020-12-21 00:00:00-05:00,122.25142161323427,125.46856526890375,120.71618965212184,125.39033508300781,121251600,0.0,0.0,APPLE,AAPL
2020-12-22 00:00:00-05:00,128.6954934124312,131.4334903171584,126.77889110285736,128.9595184326172,168904800,0.0,0.0,APPLE,AAPL
2020-12-23 00:00:00-05:00,129.2333291008579,129.49733922563573,127.8838843351233,128.05990600585938,88223700,0.0,0.0,APPLE,AAPL
2020-12-24 00:00:00-05:00,128.411916135144,130.50452508142843,128.19678685760132,129.04751586914062,54930100,0.0,0.0,APPLE,AAPL
2020-12-28 00:00:00-05:00,131.0228189408006,134.2986247912925,130.55343771852372,133.66302490234375,124486200,0.0,0.0,APPLE,AAPL
2020-12-29 00:00:00-05:00,134.99290309889795,135.71650634261294,131.36505401704343,131.88331604003906,121047300,0.0,0.0,APPLE,AAPL
2020-12-30 00:00:00-05:00,132.57758472850526,132.97850886568028,130.44585303687674,130.75877380371094,96452100,0.0,0.0,APPLE,AAPL
2020-12-31 00:00:00-05:00,131.1108048151708,131.7561927189475,128.80306633693473,129.7515869140625,99116600,0.0,0.0,APPLE,AAPL
2021-01-04 00:00:00-05:00,130.56319677250616,130.6512001367724,123.95289523825686,126.5442123413086,143301900,0.0,0.0,APPLE,AAPL
2021-01-05 00:00:00-05:00,126.03571704206242,128.8226094660816,125.58589722438096,128.1087646484375,97664900,0.0,0.0,APPLE,AAPL
2021-01-06 00:00:00-05:00,124.89164039803205,128.14789930215,123.5813108332451,123.79644012451172,155088000,0.0,0.0,APPLE,AAPL
2021-01-07 00:00:00-05:00,125.51743102697753,128.71502010281802,125.02850367254413,128.02073669433594,109578200,0.0,0.0,APPLE,AAPL
2021-01-08 00:00:00-05:00,129.4973377139866,129.69292066160676,127.34605957812093,129.12576293945312,105158200,0.0,0.0,APPLE,AAPL
2021-01-11 00:00:00-05:00,126.3291049190017,127.28739875555925,125.6543825011094,126.12374877929688,100384500,0.0,0.0,APPLE,AAPL
2021-01-12 00:00:00-05:00,125.65438674774201,126.81803676333126,124.05070489892532,125.94774627685547,91951100,0.0,0.0,APPLE,AAPL
2021-01-13 00:00:00-05:00,125.90861140857999,128.5390438917467,125.64460128697972,127.99144744873047,88636800,0.0,0.0,APPLE,AAPL
2021-01-14 00:00:00-05:00,127.90344329592908,128.09901132140328,125.90861064179391,126.0552978515625,90221800,0.0,0.0,APPLE,AAPL
2021-01-15 00:00:00-05:00,125.92817513139498,127.33628882412624,124.18759429479226,124.32449340820312,111598500,0.0,0.0,APPLE,AAPL
2021-01-19 00:00:00-05:00,124.95031843516219,125.8597314002734,124.12892376536658,124.99921417236328,90757300,0.0,0.0,APPLE,AAPL
2021-01-20 00:00:00-05:00,125.81083442514691,129.5560210604613,125.70326977271654,129.106201171875,104319500,0.0,0.0,APPLE,AAPL
2021-01-21 00:00:00-05:00,130.8370124442474,136.57701697846284,130.6316563126411,133.83901977539062,120150900,0.0,0.0,APPLE,AAPL
2021-01-22 00:00:00-05:00,133.2621016422452,136.7530517681992,132.03000949708334,135.99032592773438,114459400,0.0,0.0,APPLE,AAPL
2021-01-25 00:00:00-05:00,139.90172260354075,141.8769789688564,133.51631569933016,139.75503540039062,157611700,0.0,0.0,APPLE,AAPL
2021-01-26 00:00:00-05:00,140.41998943906498,141.10448498155603,138.23936196107263,139.98973083496094,98390600,0.0,0.0,APPLE,AAPL
2021-01-27 00:00:00-05:00,140.25371891703733,141.10446281272274,137.3006079089825,138.9140625,140843800,0.0,0.0,APPLE,AAPL
2021-01-28 00:00:00-05:00,136.43034911842764,138.84565243368124,133.67279054633673,134.0541534423828,142621100,0.0,0.0,APPLE,AAPL
2021-01-29 00:00:00-05:00,132.822059963538,133.71191168514858,127.3265190787023,129.0377655029297,177523800,0.0,0.0,APPLE,AAPL
2021-02-01 00:00:00-05:00,130.78810127267676,132.38200963670096,128.03054311559552,131.16946411132812,106239800,0.0,0.0,APPLE,AAPL
2021-02-02 00:00:00-05:00,132.72424395973647,133.29140160318417,131.6290512252896,132.00064086914062,83305400,0.0,0.0,APPLE,AAPL
2021-02-03 00:00:00-05:00,132.75361136470895,132.76339946569158,130.6512287356642,130.9739227294922,89880900,0.0,0.0,APPLE,AAPL
2021-02-04 00:00:00-05:00,133.28163010930348,134.35726158111493,131.60949161173116,134.3474884033203,84183100,0.0,0.0,APPLE,AAPL
2021-02-05 00:00:00-05:00,134.50911296207428,134.57765733933653,133.04992615255156,133.93130493164062,75693800,0.205,0.0,APPLE,AAPL
2021-02-08 00:00:00-05:00,133.21636782694236,134.12713956998047,132.12932635870976,134.0781707763672,71297200,0.0,0.0,APPLE,AAPL
2021-02-09 00:00:00-05:00,133.79419141675652,135.0281395487588,133.0401286062898,133.19680786132812,76774200,0.0,0.0,APPLE,AAPL
2021-02-10 00:00:00-05:00,133.65706590073773,134.15652670809476,131.62008648609935,132.58961486816406,73046600,0.0,0.0,APPLE,AAPL
2021-02-11 00:00:00-05:00,133.08905410484374,133.56892438093112,131.00312094041448,132.33499145507812,64280000,0.0,0.0,APPLE,AAPL
2021-02-12 00:00:00-05:00,131.57114601186336,132.72673203035987,130.92479369142617,132.57003784179688,60145100,0.0,0.0,APPLE,AAPL
2021-02-16 00:00:00-05:00,132.68753422677702,133.19676780306924,130.0433689923808,130.4351043701172,80576300,0.0,0.0,APPLE,AAPL
2021-02-17 00:00:00-05:00,128.53522064251587,129.48515832576604,126.7920394170657,128.13369750976562,97918500,0.0,0.0,APPLE,AAPL
2021-02-18 00:00:00-05:00,126.52763122864732,127.31108706073341,124.77466206642438,127.02709197998047,96856700,0.0,0.0,APPLE,AAPL
2021-02-19 00:00:00-05:00,127.54614162419251,128.00642141328152,126.13592396767972,127.18378448486328,87668800,0.0,0.0,APPLE,AAPL
2021-02-22 00:00:00-05:00,125.36226484125724,127.03690216446014,123.0021166193663,123.39384460449219,103916400,0.0,0.0,APPLE,AAPL
2021-02-23 00:00:00-05:00,121.20018174470592,124.08916170674335,115.9412507684533,123.25674438476562,158273000,0.0,0.0,APPLE,AAPL
2021-02-24 00:00:00-05:00,122.35577030880219,122.96294158036311,119.70182426240041,122.75728607177734,111039900,0.0,0.0,APPLE,AAPL
2021-02-25 00:00:00-05:00,122.10115193451716,123.8443336867004,118.04678320459273,118.48747253417969,148199500,0.0,0.0,APPLE,AAPL
2021-02-26 00:00:00-05:00,120.05439246678684,122.2676495966015,118.69314328464725,118.75190734863281,164560400,0.0,0.0,APPLE,AAPL
2021-03-01 00:00:00-05:00,121.19037427317316,125.28391610304169,120.25023166025078,125.14681243896484,116307900,0.0,0.0,APPLE,AAPL
2021-03-02 00:00:00-05:00,125.75398676437746,126.05757237117307,122.42431045653072,122.53203582763672,102260900,0.0,0.0,APPLE,AAPL
2021-03-03 00:00:00-05:00,122.22845904908286,123.10984517040185,119.31988858452522,119.53533935546875,112966300,0.0,0.0,APPLE,AAPL
2021-03-04 00:00:00-05:00,119.23175102515427,121.04348455668053,116.16649391444423,117.64525604248047,178155000,0.0,0.0,APPLE,AAPL
2021-03-05 00:00:00-05:00,118.47767529541255,119.41781793599817,115.13820351970436,118.9085693359375,153766600,0.0,0.0,APPLE,AAPL
2021-03-08 00:00:00-05:00,118.4286985462141,118.49725037566702,113.80632526999003,113.9532241821289,154376600,0.0,0.0,APPLE,AAPL
2021-03-09 00:00:00-05:00,116.56799931968267,119.53532603787087,116.33296553737974,118.58538818359375,129525800,0.0,0.0,APPLE,AAPL
2021-03-10 00:00:00-05:00,119.17299720542609,119.64306482272417,116.97932341940151,117.49836730957031,111943300,0.0,0.0,APPLE,AAPL
2021-03-11 00:00:00-05:00,120.00540599736276,120.66154604698784,118.75188247820154,119.4374008178711,103026500,0.0,0.0,APPLE,AAPL
2021-03-12 00:00:00-05:00,117.90966772232956,118.66373788163727,116.69531777016583,118.5266342163086,88105100,0.0,0.0,APPLE,AAPL
2021-03-15 00:00:00-04:00,118.89879236104339,121.43521792323804,117.92926387065968,121.42542266845703,92403800,0.0,0.0,APPLE,AAPL
2021-03-16 00:00:00-04:00,123.10004095769754,124.58860573684278,122.14031528444951,122.97273254394531,115227900,0.0,0.0,APPLE,AAPL
2021-03-17 00:00:00-04:00,121.48418312807976,123.25674313985047,119.80954577485848,122.17949676513672,111932600,0.0,0.0,APPLE,AAPL
2021-03-18 00:00:00-04:00,120.3383712370296,120.63216908388519,117.8313241711299,118.03697967529297,121229700,0.0,0.0,APPLE,AAPL
2021-03-19 00:00:00-04:00,117.42001332213687,118.91836590563635,117.2045625636957,117.50814819335938,185549500,0.0,0.0,APPLE,AAPL
2021-03-22 00:00:00-04:00,117.84111686267951,121.30789701087852,117.77256502944914,120.83782196044922,111912300,0.0,0.0,APPLE,AAPL
2021-03-23 00:00:00-04:00,120.77907762160507,121.67025154391781,119.6136888669905,120.00541687011719,95467100,0.0,0.0,APPLE,AAPL
2021-03-24 00:00:00-04:00,120.27961562028884,120.35796270962354,117.58649606502367,117.6060791015625,88530500,0.0,0.0,APPLE,AAPL
2021-03-25 00:00:00-04:00,117.06746370748277,119.14361681685605,116.53863204363516,118.09574127197266,98844700,0.0,0.0,APPLE,AAPL
2021-03-26 00:00:00-04:00,117.86069887793691,118.96733092540138,116.4602764641392,118.70291137695312,94071200,0.0,0.0,APPLE,AAPL
2021-03-29 00:00:00-04:00,119.13382047799135,120.0445848677289,118.23285134256643,118.87919616699219,80819200,0.0,0.0,APPLE,AAPL
2021-03-30 00:00:00-04:00,117.62566893236145,117.90967152587207,116.40152368701725,117.42001342773438,85671900,0.0,0.0,APPLE,AAPL
2021-03-31 00:00:00-04:00,119.13380842785402,120.96512480481803,118.64415036400882,119.62346649169922,118323800,0.0,0.0,APPLE,AAPL
2021-04-01 00:00:00-04:00,121.10225442894621,121.61149560560744,119.95644870617548,120.45590209960938,75089100,0.0,0.0,APPLE,AAPL
2021-04-05 00:00:00-04:00,121.30789545708805,123.55053036059856,120.52443954027073,123.29590606689453,88651200,0.0,0.0,APPLE,AAPL
2021-04-06 00:00:00-04:00,123.8834975246027,124.50046403198856,123.05108026085016,123.59949493408203,80171300,0.0,0.0,APPLE,AAPL
2021-04-07 00:00:00-04:00,123.227370330931,125.27413778679839,122.55163970119949,125.25455474853516,83466700,0.0,0.0,APPLE,AAPL
2021-04-08 00:00:00-04:00,126.2828489259634,127.69306695670997,125.86175003957298,127.66368865966797,88844600,0.0,0.0,APPLE,AAPL
2021-04-09 00:00:00-04:00,127.11524511923089,130.2882200278853,126.79206898164956,130.24905395507812,106686700,0.0,0.0,APPLE,AAPL
2021-04-12 00:00:00-04:00,129.7789904931529,130.1021666410129,127.9280834231761,128.5254669189453,91420000,0.0,0.0,APPLE,AAPL
2021-04-13 00:00:00-04:00,129.7006453418087,131.87472859216342,129.20118449529105,131.64947509765625,91266500,0.0,0.0,APPLE,AAPL
2021-04-14 00:00:00-04:00,132.14893180014175,132.2076883818472,128.93677582602234,129.2991180419922,87222800,0.0,0.0,APPLE,AAPL
2021-04-15 00:00:00-04:00,131.05210497373625,132.2076909515494,130.87582028201402,131.71803283691406,89347100,0.0,0.0,APPLE,AAPL
2021-04-16 00:00:00-04:00,131.52218975184192,131.88453202216365,130.5232828834735,131.3850860595703,84922400,0.0,0.0,APPLE,AAPL
2021-04-19 00:00:00-04:00,130.74847229706486,132.66793821028534,130.58199037213484,132.05096435546875,94264200,0.0,0.0,APPLE,AAPL
2021-04-20 00:00:00-04:00,132.22729402668483,132.72673997153393,129.08368205696783,130.35679626464844,94812300,0.0,0.0,APPLE,AAPL
2021-04-21 00:00:00-04:00,129.62228866171944,130.98353753822127,128.58421591400736,130.73870849609375,68847100,0.0,0.0,APPLE,AAPL
2021-04-22 00:00:00-04:00,130.2882529146153,131.3752947633459,128.69197727495697,129.2110137939453,84566500,0.0,0.0,APPLE,AAPL
2021-04-23 00:00:00-04:00,129.42643666058186,132.325204335831,129.42643666058186,131.54176330566406,78657500,0.0,0.0,APPLE,AAPL
2021-04-26 00:00:00-04:00,132.0411970528991,132.2664355811857,130.79746137003406,131.9334716796875,66905100,0.0,0.0,APPLE,AAPL
2021-04-27 00:00:00-04:00,132.21749238795275,132.6092278860221,131.33611366786397,131.61032104492188,66015800,0.0,0.0,APPLE,AAPL
2021-04-28 00:00:00-04:00,131.53195903398662,132.22728012474528,130.3274042682398,130.8170623779297,107760100,0.0,0.0,APPLE,AAPL
2021-04-29 00:00:00-04:00,133.64727689450586,134.23487256489253,129.71042176654404,130.7191162109375,151101000,0.0,0.0,APPLE,AAPL
2021-04-30 00:00:00-04:00,129.05430974652202,130.79749168566087,128.359003493602,128.74093627929688,109839500,0.0,0.0,APPLE,AAPL
2021-05-03 00:00:00-04:00,129.30891060237565,131.29693633033506,129.10326255880813,129.79856872558594,75135100,0.0,0.0,APPLE,AAPL
2021-05-04 00:00:00-04:00,128.47650184085842,128.77029970589498,124.07936647785237,125.20558166503906,137564700,0.0,0.0,APPLE,AAPL
2021-05-05 00:00:00-04:00,126.52764777021792,127.751792998148,125.32309305002485,125.45040893554688,84000900,0.0,0.0,APPLE,AAPL
2021-05-06 00:00:00-04:00,125.24473958535246,127.06626818949547,124.50045723262143,127.05648040771484,78128300,0.0,0.0,APPLE,AAPL
2021-05-07 00:00:00-04:00,128.3611943026217,128.7633845865013,127.01724199184983,127.73336791992188,78973300,0.22,0.0,APPLE,AAPL
2021-05-10 00:00:00-04:00,126.9485841924531,127.07610137244308,124.39803103278507,124.43727111816406,88071200,0.0,0.0,APPLE,AAPL
2021-05-11 00:00:00-04:00,121.15098741607423,123.86829776786942,120.43486897470133,123.51515197753906,126142800,0.0,0.0,APPLE,AAPL
2021-05-12 00:00:00-04:00,121.05288982587079,122.26930249143895,119.92476173599708,120.43486785888672,112172300,0.0,0.0,APPLE,AAPL
2021-05-13 00:00:00-04:00,122.21044375165756,123.7505814669759,121.89653057032774,122.59302520751953,105861300,0.0,0.0,APPLE,AAPL
2021-05-14 00:00:00-04:00,123.84868340711706,125.45748946807893,123.45629004204031,125.0258560180664,81918000,0.0,0.0,APPLE,AAPL
2021-05-17 00:00:00-04:00,124.40785853670586,124.5157669139689,122.78924036204212,123.86831665039062,74244600,0.0,0.0,APPLE,AAPL
2021-05-18 00:00:00-04:00,124.15279336414982,124.57461495126144,122.4066506263375,122.4753189086914,63342900,0.0,0.0,APPLE,AAPL
2021-05-19 00:00:00-04:00,120.81746165373089,122.54398051145846,120.52316475438042,122.318359375,92612000,0.0,0.0,APPLE,AAPL
2021-05-20 00:00:00-04:00,122.84808726328852,125.29072454392407,122.72055511635658,124.88851928710938,76857100,0.0,0.0,APPLE,AAPL
2021-05-21 00:00:00-04:00,125.38881405695588,125.56539068698066,122.82845666373672,123.04427337646484,79295400,0.0,0.0,APPLE,AAPL
2021-05-24 00:00:00-04:00,123.61325372798002,125.50654484276669,123.54458544855382,124.6825180053711,63092900,0.0,0.0,APPLE,AAPL
2021-05-25 00:00:00-04:00,125.38881998762746,125.87931730247865,123.91735049591648,124.48632049560547,72009500,0.0,0.0,APPLE,AAPL
2021-05-26 00:00:00-04:00,124.54517948188607,124.96700104435908,124.01544955569106,124.43727111816406,56575900,0.0,0.0,APPLE,AAPL
2021-05-27 00:00:00-04:00,124.03507289257355,125.21224551256824,122.7009399316297,122.89713287353516,94625600,0.0,0.0,APPLE,AAPL
2021-05-28 00:00:00-04:00,123.18162305528226,123.40725168380898,122.18102703466255,122.23988342285156,71311100,0.0,0.0,APPLE,AAPL
2021-06-01 00:00:00-04:00,122.7009396887318,122.96580090820794,121.58262345666635,121.91615295410156,67637100,0.0,0.0,APPLE,AAPL
2021-06-02 00:00:00-04:00,121.91615721378537,122.85789683767693,121.69053607158575,122.68132019042969,59278900,0.0,0.0,APPLE,AAPL
2021-06-03 00:00:00-04:00,122.30853986689682,122.47530460681385,120.78801845539775,121.19022369384766,76229200,0.0,0.0,APPLE,AAPL
2021-06-04 00:00:00-04:00,121.71014648753794,123.7603978750087,121.49432976419565,123.49552917480469,75169300,0.0,0.0,APPLE,AAPL
2021-06-07 00:00:00-04:00,123.77019414528634,123.91734258191596,122.45568507576401,123.50533294677734,71057600,0.0,0.0,APPLE,AAPL
2021-06-08 00:00:00-04:00,124.19201678624117,126.01664693882614,123.80943533813993,124.32935333251953,74403800,0.0,0.0,APPLE,AAPL
2021-06-09 00:00:00-04:00,124.79040948266417,125.320139345526,124.11353118829405,124.71192932128906,56877900,0.0,0.0,APPLE,AAPL
2021-06-10 00:00:00-04:00,124.60402943024918,125.75178128651456,123.54457711687593,123.71134185791016,71186400,0.0,0.0,APPLE,AAPL
2021-06-11 00:00:00-04:00,124.12335424741363,125.01604932374462,123.70153269741957,124.9277572631836,53522400,0.0,0.0,APPLE,AAPL
2021-06-14 00:00:00-04:00,125.38882781085549,128.05708636883946,124.65309301909622,127.99822998046875,96906500,0.0,0.0,APPLE,AAPL
2021-06-15 00:00:00-04:00,127.46850650280223,128.1159567068562,126.9289646660906,127.17420959472656,62746300,0.0,0.0,APPLE,AAPL
2021-06-16 00:00:00-04:00,127.89030859676143,128.40042219166403,126.01664889387273,127.67449188232422,91815000,0.0,0.0,APPLE,AAPL
2021-06-17 00:00:00-04:00,127.33118491370836,130.02887944591166,127.18402895808596,129.2833251953125,96721700,0.0,0.0,APPLE,AAPL
2021-06-18 00:00:00-04:00,128.22386736954957,129.00863918038294,127.76280569797542,127.97862243652344,108953300,0.0,0.0,APPLE,AAPL
2021-06-21 00:00:00-04:00,127.821640717313,129.8915082047492,126.75237658053705,129.78359985351562,79663300,0.0,0.0,APPLE,AAPL
2021-06-22 00:00:00-04:00,129.61685242173547,131.5297598411162,129.11654319535432,131.43165588378906,74783600,0.0,0.0,APPLE,AAPL
2021-06-23 00:00:00-04:00,131.22568871909408,131.76523067139544,130.69595117735614,131.15701293945312,60214200,0.0,0.0,APPLE,AAPL
2021-06-24 00:00:00-04:00,131.89272517727548,132.07911372585278,130.4016317572202,130.8725128173828,68711000,0.0,0.0,APPLE,AAPL
2021-06-25 00:00:00-04:00,130.92156545642365,131.3433795686376,130.28391963079545,130.57821655273438,70783700,0.0,0.0,APPLE,AAPL
2021-06-28 00:00:00-04:00,130.8725084917287,132.67750759033626,130.81365210329452,132.21644592285156,62111300,0.0,0.0,APPLE,AAPL
2021-06-29 00:00:00-04:00,132.23604102282658,133.89389879071305,131.7946032367677,133.7369384765625,64556100,0.0,0.0,APPLE,AAPL
2021-06-30 00:00:00-04:00,133.57999815698017,134.79641832088436,133.2857012660367,134.35498046875,63261400,0.0,0.0,APPLE,AAPL
2021-07-01 00:00:00-04:00,134.00181834511997,134.7179292565666,133.17778411117737,134.65907287597656,52485800,0.0,0.0,APPLE,AAPL
2021-07-02 00:00:00-04:00,135.27708203046927,137.3371451958311,135.1299410766124,137.29791259765625,78852600,0.0,0.0,APPLE,AAPL
2021-07-06 00:00:00-04:00,137.40583342811385,140.4272377243952,137.40583342811385,139.31874084472656,108181800,0.0,0.0,APPLE,AAPL
2021-07-07 00:00:00-04:00,140.8098133882063,142.1341419126618,139.94656146861553,141.8202362060547,104911600,0.0,0.0,APPLE,AAPL
2021-07-08 00:00:00-04:00,138.8871036011299,141.31992899374495,137.99440850816325,140.51553344726562,105575500,0.0,0.0,APPLE,AAPL
2021-07-09 00:00:00-04:00,140.03481768896486,142.87965213094947,139.93671375569977,142.3499298095703,99890800,0.0,0.0,APPLE,AAPL
2021-07-12 00:00:00-04:00,143.42903814831215,143.53694650624914,141.26106658196366,141.75155639648438,76299700,0.0,0.0,APPLE,AAPL
2021-07-13 00:00:00-04:00,141.29049524015778,144.6552631625385,140.89810937466933,142.869873046875,100827100,0.0,0.0,APPLE,AAPL
2021-07-14 00:00:00-04:00,145.2830785316899,146.72511967947904,144.8710539449843,146.31309509277344,127050800,0.0,0.0,APPLE,AAPL
2021-07-15 00:00:00-04:00,146.40140738040222,147.1469465207586,144.29229216580114,145.65585327148438,106820300,0.0,0.0,APPLE,AAPL
2021-07-16 00:00:00-04:00,145.63625655346422,146.91151822105974,143.1053270668445,143.60562133789062,93251400,0.0,0.0,APPLE,AAPL
2021-07-19 00:00:00-04:00,141.01584680711036,141.3297675292612,138.97540701882156,139.74057006835938,121434600,0.0,0.0,APPLE,AAPL
2021-07-20 00:00:00-04:00,140.73134040588818,144.3021055613893,140.24085060448107,143.3701629638672,96350000,0.0,0.0,APPLE,AAPL
2021-07-21 00:00:00-04:00,142.76199261630347,143.35058649824077,141.87911676196177,142.63446044921875,74993500,0.0,0.0,APPLE,AAPL
2021-07-22 00:00:00-04:00,143.16418458989693,145.38119339718892,143.03665243470164,144.00782775878906,77338200,0.0,0.0,APPLE,AAPL
2021-07-23 00:00:00-04:00,144.74353004601699,145.89127427927951,144.12550816327587,145.73431396484375,71447400,0.0,0.0,APPLE,AAPL
2021-07-26 00:00:00-04:00,145.44985192591886,146.98017773264982,144.8906863596189,146.15615844726562,72434100,0.0,0.0,APPLE,AAPL
2021-07-27 00:00:00-04:00,146.28368684924823,146.37198639761627,142.78159713322313,143.9783935546875,104818600,0.0,0.0,APPLE,AAPL
2021-07-28 00:00:00-04:00,142.05567786255799,144.17459775469044,139.82884959716242,142.22244262695312,118931200,0.0,0.0,APPLE,AAPL
2021-07-29 00:00:00-04:00,141.93794538991892,143.76256810470676,141.8300370316254,142.869873046875,56699500,0.0,0.0,APPLE,AAPL
2021-07-30 00:00:00-04:00,141.63384765830753,143.5467549956197,141.36897895973763,143.085693359375,70440600,0.0,0.0,APPLE,AAPL
2021-08-02 00:00:00-04:00,143.57618608404002,144.15496050085218,142.4872980441341,142.75216674804688,62880000,0.0,0.0,APPLE,AAPL
2021-08-03 00:00:00-04:00,143.03663799784874,145.22421838984877,142.41861603866508,144.55715942382812,64786600,0.0,0.0,APPLE,AAPL
2021-08-04 00:00:00-04:00,144.46888896008065,144.9789876420746,143.49771363915664,144.15496826171875,56368300,0.0,0.0,APPLE,AAPL
2021-08-05 00:00:00-04:00,144.184398242406,145.02804141900194,143.3898070466071,144.26287841796875,46397700,0.0,0.0,APPLE,AAPL
2021-08-06 00:00:00-04:00,143.7814704987235,144.52812661902823,143.07410575696633,143.5751495361328,54126800,0.22,0.0,APPLE,AAPL
2021-08-09 00:00:00-04:00,143.6341167997497,144.1253415596606,142.96605832194606,143.5260467529297,48908700,0.0,0.0,APPLE,AAPL
2021-08-10 00:00:00-04:00,143.86991651128199,145.11763165469733,142.7499246082686,143.04466247558594,69023100,0.0,0.0,APPLE,AAPL
2021-08-11 00:00:00-04:00,143.48673186366062,144.1449711351965,142.97585399956282,143.30006408691406,48493500,0.0,0.0,APPLE,AAPL
2021-08-12 00:00:00-04:00,143.6242607054973,146.43406620805658,143.28039746573856,146.27687072753906,72282600,0.0,0.0,APPLE,AAPL
2021-08-13 00:00:00-04:00,146.3554921096055,146.81724453884937,145.66778050998334,146.48321533203125,59375000,0.0,0.0,APPLE,AAPL
2021-08-16 00:00:00-04:00,145.93302176479665,148.53652157099688,143.89935937896763,148.46774291992188,103296000,0.0,0.0,APPLE,AAPL
2021-08-17 00:00:00-04:00,147.59336852823333,149.0179171538943,146.47337681670123,147.5540771484375,92229700,0.0,0.0,APPLE,AAPL
2021-08-18 00:00:00-04:00,147.1709497468386,148.0748015594601,143.5849997934154,143.79132080078125,86326000,0.0,0.0,APPLE,AAPL
2021-08-19 00:00:00-04:00,142.48464686095633,145.40252301534065,141.9639498359238,144.12533569335938,86960300,0.0,0.0,APPLE,AAPL
2021-08-20 00:00:00-04:00,144.85236570991853,145.89375984628978,144.20394540165282,145.58920288085938,60549600,0.0,0.0,APPLE,AAPL
2021-08-23 00:00:00-04:00,145.7070661365483,147.5540757805797,145.2944391930709,147.08250427246094,60131800,0.0,0.0,APPLE,AAPL
2021-08-24 00:00:00-04:00,146.82703450199665,148.21229151485676,146.5322967346456,146.99404907226562,48606400,0.0,0.0,APPLE,AAPL
2021-08-25 00:00:00-04:00,147.18072830675177,147.68178704763378,145.20601059611982,145.7561798095703,58991300,0.0,0.0,APPLE,AAPL
2021-08-26 00:00:00-04:00,145.7464040677533,146.50287946577953,144.9211350111019,144.9506072998047,48597200,0.0,0.0,APPLE,AAPL
2021-08-27 00:00:00-04:00,144.89163559653989,146.13935055166783,144.25304947287754,145.9919891357422,55802400,0.0,0.0,APPLE,AAPL
2021-08-30 00:00:00-04:00,146.38494611590463,150.7961488821928,146.00179148745548,150.43263244628906,90956700,0.0,0.0,APPLE,AAPL
2021-08-31 00:00:00-04:00,149.98068725951535,150.11822953759534,148.6347217622498,149.16525268554688,86453100,0.0,0.0,APPLE,AAPL
2021-09-01 00:00:00-04:00,150.1477344904575,152.2599945758974,149.66632891691185,149.83334350585938,80313700,0.0,0.0,APPLE,AAPL
2021-09-02 00:00:00-04:00,151.169478682178,152.00456663709258,149.7252769193417,150.95333862304688,71115500,0.0,0.0,APPLE,AAPL
2021-09-03 00:00:00-04:00,151.06138796700714,151.91612898961347,150.4031487828757,151.5919189453125,57808700,0.0,0.0,APPLE,AAPL
2021-09-07 00:00:00-04:00,152.25018823508333,154.49999081703118,151.68036577099878,153.94000244140625,82278300,0.0,0.0,APPLE,AAPL
2021-09-08 00:00:00-04:00,154.22493228194773,154.28387685872846,151.27758351498204,152.38775634765625,74420200,0.0,0.0,APPLE,AAPL
2021-09-09 00:00:00-04:00,152.7610583660542,153.3701721800447,151.24807793706208,151.36598205566406,57305700,0.0,0.0,APPLE,AAPL
2021-09-10 00:00:00-04:00,152.27966839354463,152.75123994335087,146.0902337122543,146.35549926757812,140893200,0.0,0.0,APPLE,AAPL
2021-09-13 00:00:00-04:00,147.9863246221436,148.76245287747972,146.1393153686051,146.92527770996094,102404300,0.0,0.0,APPLE,AAPL
2021-09-14 00:00:00-04:00,147.71125847805982,148.4186231744242,144.33163048231586,145.5203857421875,109296300,0.0,0.0,APPLE,AAPL
2021-09-15 00:00:00-04:00,145.95269151748204,146.8172518520657,143.8011247699999,146.41444396972656,83281300,0.0,0.0,APPLE,AAPL
2021-09-16 00:00:00-04:00,145.8348168056701,146.35551387933458,144.63622712904862,146.1786651611328,68034100,0.0,0.0,APPLE,AAPL
2021-09-17 00:00:00-04:00,146.20809025463458,146.20809025463458,143.20178325177613,143.49652099609375,129868800,0.0,0.0,APPLE,AAPL
2021-09-20 00:00:00-04:00,141.27624262800742,142.29798352303587,138.7906465653713,140.43133544921875,123478900,0.0,0.0,APPLE,AAPL
2021-09-21 00:00:00-04:00,141.40392914762927,142.06218341070516,140.27411838035584,140.91270446777344,75834000,0.0,0.0,APPLE,AAPL
2021-09-22 00:00:00-04:00,141.9148145146439,143.86006015223413,141.1779774559064,143.29025268554688,76404300,0.0,0.0,APPLE,AAPL
2021-09-23 00:00:00-04:00,144.07620306491208,144.4986641155713,143.08393453632246,144.2530517578125,64838200,0.0,0.0,APPLE,AAPL
2021-09-24 00:00:00-04:00,143.1035954869165,144.881826655015,143.00534454208665,144.3414764404297,53477900,0.0,0.0,APPLE,AAPL
2021-09-27 00:00:00-04:00,142.9169154872246,143.39832109021594,141.2958799728265,142.81866455078125,74150700,0.0,0.0,APPLE,AAPL
2021-09-28 00:00:00-04:00,140.73588172272164,142.20955587688627,139.20326300094865,139.41940307617188,108972300,0.0,0.0,APPLE,AAPL
2021-09-29 00:00:00-04:00,139.96957504287542,141.914820766156,139.53729488414885,140.32325744628906,74602000,0.0,0.0,APPLE,AAPL
2021-09-30 00:00:00-04:00,141.1386495641673,141.84601415684546,138.80041577220425,139.0165557861328,89056700,0.0,0.0,APPLE,AAPL
2021-10-01 00:00:00-04:00,139.40958617193502,140.41168891776826,136.6685585033504,140.14642333984375,94639600,0.0,0.0,APPLE,AAPL
2021-10-04 00:00:00-04:00,139.27204156530894,139.71415585164613,135.84330226071648,136.69802856445312,98322000,0.0,0.0,APPLE,AAPL
2021-10-05 00:00:00-04:00,137.04190501596315,139.74364151286483,136.914181766265,138.6334686279297,80861100,0.0,0.0,APPLE,AAPL
2021-10-06 00:00:00-04:00,137.02220177133304,139.6551586362684,135.94150157095734,139.50779724121094,83221100,0.0,0.0,APPLE,AAPL
2021-10-07 00:00:00-04:00,140.5492178228683,141.6888627981477,140.21518860317957,140.77517700195312,61732700,0.0,0.0,APPLE,AAPL
2021-10-08 00:00:00-04:00,141.50223230953532,141.64959377148926,140.05803001841417,140.39205932617188,58773200,0.0,0.0,APPLE,AAPL
2021-10-11 00:00:00-04:00,139.77307281576375,142.26848756147706,139.32113952004272,140.3035888671875,64452200,0.0,0.0,APPLE,AAPL
2021-10-12 00:00:00-04:00,140.7162117326742,140.7358649165263,138.56464532596834,139.02639770507812,73035900,0.0,0.0,APPLE,AAPL
2021-10-13 00:00:00-04:00,138.76117608402888,138.918356614623,136.75697066130587,138.4369659423828,78762700,0.0,0.0,APPLE,AAPL
2021-10-14 00:00:00-04:00,139.61591783853748,141.35485788509578,139.02644206279143,141.23695373535156,69907100,0.0,0.0,APPLE,AAPL
2021-10-15 00:00:00-04:00,141.246745378741,142.3569029356858,140.9912989568878,142.29795837402344,67940300,0.0,0.0,APPLE,AAPL
2021-10-18 00:00:00-04:00,140.93235215706065,144.26285475697728,140.64744844988806,143.9779510498047,85589200,0.0,0.0,APPLE,AAPL
2021-10-19 00:00:00-04:00,144.42988344158726,146.55197778080822,143.97796510457943,146.149169921875,76378900,0.0,0.0,APPLE,AAPL
2021-10-20 00:00:00-04:00,146.0902268374488,147.12180173428422,145.52040437071122,146.64039611816406,58418800,0.0,0.0,APPLE,AAPL
2021-10-21 00:00:00-04:00,146.19829754485934,147.0137323721567,145.2747926804265,146.85653686523438,61421000,0.0,0.0,APPLE,AAPL
2021-10-22 00:00:00-04:00,147.06286328651325,147.54425393167557,146.03128834675383,146.08041381835938,58883400,0.0,0.0,APPLE,AAPL
2021-10-25 00:00:00-04:00,146.0705566352679,146.7484490596756,145.0291627622304,146.03126525878906,50720600,0.0,0.0,APPLE,AAPL
2021-10-26 00:00:00-04:00,146.7091751766454,148.19266841914728,146.3947841633798,146.69935607910156,60893400,0.0,0.0,APPLE,AAPL
2021-10-27 00:00:00-04:00,146.738653697107,147.10215520453022,145.88392745381918,146.23760986328125,56094900,0.0,0.0,APPLE,AAPL
2021-10-28 00:00:00-04:00,147.19058275713044,150.48177939683748,147.09233181642745,149.89231872558594,100077900,0.0,0.0,APPLE,AAPL
2021-10-29 00:00:00-04:00,144.6361926076438,147.30845600384407,143.84041104314798,147.17091369628906,124953200,0.0,0.0,APPLE,AAPL
2021-11-01 00:00:00-04:00,146.375175414549,147.07270625519763,145.206057959133,146.345703125,74588300,0.0,0.0,APPLE,AAPL
2021-11-02 00:00:00-04:00,146.05092273897117,148.90985392123366,146.04108865132204,147.38705444335938,69122000,0.0,0.0,APPLE,AAPL
2021-11-03 00:00:00-04:00,147.75055280214167,149.30282452841442,147.19056448442203,148.8312530517578,54511500,0.0,0.0,APPLE,AAPL
2021-11-04 00:00:00-04:00,148.9196912619551,149.75476431013496,147.99618636903574,148.31057739257812,60394600,0.0,0.0,APPLE,AAPL
2021-11-05 00:00:00-04:00,149.4420272974096,149.74702870500494,147.6415191356496,148.84185791015625,65463900,0.22,0.0,APPLE,AAPL
2021-11-08 00:00:00-05:00,148.9697640561292,149.12718897664993,147.73991001368617,148.01539611816406,55020900,0.0,0.0,APPLE,AAPL
2021-11-09 00:00:00-05:00,147.77927088505552,148.9894431586947,147.64152782149387,148.3794403076172,56787900,0.0,0.0,APPLE,AAPL
2021-11-10 00:00:00-05:00,147.60217160362046,147.71039936327392,145.46714672033556,145.5360107421875,65187100,0.0,0.0,APPLE,AAPL
2021-11-11 00:00:00-05:00,146.55922985309232,147.02164108775477,145.2998457018592,145.48678588867188,41000000,0.0,0.0,APPLE,AAPL
2021-11-12 00:00:00-05:00,146.03779178657453,147.97604309887336,145.10310564919584,147.57266235351562,63804000,0.0,0.0,APPLE,AAPL
2021-11-15 00:00:00-05:00,147.9465210157881,149.4321943467607,147.0216683492437,147.58248901367188,59222800,0.0,0.0,APPLE,AAPL
2021-11-16 00:00:00-05:00,147.52344670283009,149.0484686374174,146.93311078851696,148.5663604736328,59256200,0.0,0.0,APPLE,AAPL
2021-11-17 00:00:00-05:00,148.56637582945865,152.50190896401386,148.55654240125457,151.01625061035156,88807000,0.0,0.0,APPLE,AAPL
2021-11-18 00:00:00-05:00,151.2327099234506,156.1127627253802,150.58334333688865,155.32565307617188,137827700,0.0,0.0,APPLE,AAPL
2021-11-19 00:00:00-05:00,155.10917788012807,158.42487441741085,154.007233518679,157.9624481201172,117305600,0.0,0.0,APPLE,AAPL
2021-11-22 00:00:00-05:00,159.07423249970904,163.02944726502406,158.40519911335653,158.4248809814453,117467900,0.0,0.0,APPLE,AAPL
2021-11-23 00:00:00-05:00,158.5232592097014,159.19230760433507,156.49646218357938,158.80859375,96041900,0.0,0.0,APPLE,AAPL
2021-11-24 00:00:00-05:00,158.15923934551347,159.52683652223214,157.06712828979803,159.33006286621094,69463600,0.0,0.0,APPLE,AAPL
2021-11-26 00:00:00-05:00,156.9982419546842,157.86404892070965,153.83997042740458,154.28271484375,76959800,0.0,0.0,APPLE,AAPL
2021-11-29 00:00:00-05:00,156.80149717050645,158.5921722162636,156.23084298052459,157.65748596191406,88748200,0.0,0.0,APPLE,AAPL
2021-11-30 00:00:00-05:00,157.4114921922105,162.85236555793716,157.34261315607515,162.6359100341797,174048100,0.0,0.0,APPLE,AAPL
2021-12-01 00:00:00-05:00,164.78075601319688,167.55531387504132,161.87830354264165,162.11444091796875,152052500,0.0,0.0,APPLE,AAPL
2021-12-02 00:00:00-05:00,156.1816292767735,161.55362330337118,155.2567766388586,161.12071228027344,136739200,0.0,0.0,APPLE,AAPL
2021-12-03 00:00:00-05:00,161.37653219165813,162.3013848333752,157.1458312842644,159.23165893554688,118023100,0.0,0.0,APPLE,AAPL
2021-12-06 00:00:00-05:00,161.64218026428557,165.17433271042214,161.63234683594757,162.6555938720703,107497000,0.0,0.0,APPLE,AAPL
2021-12-07 00:00:00-05:00,166.35498150462607,168.81468962656658,165.62690249589954,168.42112731933594,120405400,0.0,0.0,APPLE,AAPL
2021-12-08 00:00:00-05:00,169.35584786658515,173.12412294373067,167.94888685255404,172.25830078125,116998900,0.0,0.0,APPLE,AAPL
2021-12-09 00:00:00-05:00,172.0910387584438,173.901380502596,171.11698884632847,171.74667358398438,108923700,0.0,0.0,APPLE,AAPL
2021-12-10 00:00:00-05:00,172.38620559915165,176.73496813498102,171.8745820617399,176.557861328125,115402700,0.0,0.0,APPLE,AAPL
2021-12-13 00:00:00-05:00,178.20093567002317,179.19466739552252,172.70103171320386,172.90765380859375,153237000,0.0,0.0,APPLE,AAPL
2021-12-14 00:00:00-05:00,172.42554128087525,174.87541600242255,169.43454277672873,171.52037048339844,139380400,0.0,0.0,APPLE,AAPL
2021-12-15 00:00:00-05:00,172.2878048999529,176.60705197732372,169.5329286631927,176.4102783203125,131063300,0.0,0.0,APPLE,AAPL
2021-12-16 00:00:00-05:00,176.39061507389653,178.2206388017616,167.9980908575615,169.48374938964844,150185800,0.0,0.0,APPLE,AAPL
2021-12-17 00:00:00-05:00,167.1912695917715,170.6742246232617,166.95514722547833,168.38177490234375,195432700,0.0,0.0,APPLE,AAPL
2021-12-20 00:00:00-05:00,165.56788101747895,167.8308156168113,164.76110451576054,167.01419067382812,107499100,0.0,0.0,APPLE,AAPL
2021-12-21 00:00:00-05:00,168.79500450669104,170.40857240308912,166.39432702385977,170.20196533203125,91185900,0.0,0.0,APPLE,AAPL
2021-12-22 00:00:00-05:00,170.25116250826932,173.02572066741223,169.37550695696135,172.80926513671875,92135300,0.0,0.0,APPLE,AAPL
2021-12-23 00:00:00-05:00,173.01588696564417,173.99977028074508,172.44523284134146,173.43894958496094,68356600,0.0,0.0,APPLE,AAPL
2021-12-27 00:00:00-05:00,174.2358882719811,177.51222143014604,174.21622141544026,177.42367553710938,74919600,0.0,0.0,APPLE,AAPL
2021-12-28 00:00:00-05:00,177.25642511096046,178.40756681054975,175.65269047193013,176.4004364013672,79144300,0.0,0.0,APPLE,AAPL
2021-12-29 00:00:00-05:00,176.43981649802564,177.71886795376093,175.2689928196111,176.489013671875,62348900,0.0,0.0,APPLE,AAPL
2021-12-30 00:00:00-05:00,176.5775543051699,177.65983204606482,175.2197904143871,175.32801818847656,59773000,0.0,0.0,APPLE,AAPL
2021-12-31 00:00:00-05:00,175.21978419775206,176.3414106290356,174.40315920638977,174.7081756591797,64062300,0.0,0.0,APPLE,AAPL
2022-01-03 00:00:00-05:00,174.96395910795226,179.9325724934608,174.8458979227722,179.0765838623047,104487900,0.0,0.0,APPLE,AAPL
2022-01-04 00:00:00-05:00,179.68660349006143,179.99160489675614,176.23316366013424,176.80381774902344,99310400,0.0,0.0,APPLE,AAPL
2022-01-05 00:00:00-05:00,176.71527555574892,177.26624778747964,171.82537447983776,172.10086059570312,94537600,0.0,0.0,APPLE,AAPL
2022-01-06 00:00:00-05:00,169.91665113177746,172.47475384074252,168.8737371853569,169.22793579101562,96904000,0.0,0.0,APPLE,AAPL
2022-01-07 00:00:00-05:00,170.10356923829096,171.33342326280658,168.27354584929702,169.39517211914062,86709100,0.0,0.0,APPLE,AAPL
2022-01-10 00:00:00-05:00,166.35497850794255,169.71985735659894,165.45964116459655,169.41485595703125,106765600,0.0,0.0,APPLE,AAPL
2022-01-11 00:00:00-05:00,169.54278810738154,172.35668010970636,168.06696306471784,172.25830078125,76138300,0.0,0.0,APPLE,AAPL
2022-01-12 00:00:00-05:00,173.28150678006202,174.32442058444914,172.00247061263863,172.70101928710938,74805200,0.0,0.0,APPLE,AAPL
2022-01-13 00:00:00-05:00,172.94699315342262,173.7734514644189,169.02129365689015,169.41485595703125,84505800,0.0,0.0,APPLE,AAPL
2022-01-14 00:00:00-05:00,168.57854144538373,170.97921882070173,168.33257064894323,170.28067016601562,80440800,0.0,0.0,APPLE,AAPL
2022-01-18 00:00:00-05:00,168.7458170220669,169.75921560588677,166.67967112863838,167.06338500976562,90956700,0.0,0.0,APPLE,AAPL
2022-01-19 00:00:00-05:00,167.26016286506513,168.32275864245793,163.26559902458186,163.55091857910156,94815000,0.0,0.0,APPLE,AAPL
2022-01-20 00:00:00-05:00,164.28882013685183,166.94530189723943,161.53394404676334,161.85862731933594,91420500,0.0,0.0,APPLE,AAPL
2022-01-21 00:00:00-05:00,161.77011127001666,163.6493322187244,159.68428320884053,159.79251098632812,122848900,0.0,0.0,APPLE,AAPL
2022-01-24 00:00:00-05:00,157.44099364386307,159.6842461356459,152.20672782112572,159.01519775390625,162294600,0.0,0.0,APPLE,AAPL
2022-01-25 00:00:00-05:00,156.41777008167946,160.13684792706067,154.48936713148768,157.2048797607422,115798400,0.0,0.0,APPLE,AAPL
2022-01-26 00:00:00-05:00,160.86494175497953,161.7405974123359,155.27649104575468,157.11634826660156,108275300,0.0,0.0,APPLE,AAPL
2022-01-27 00:00:00-05:00,159.83183900024744,161.19943618602957,155.72904744290105,156.65390014648438,121954600,0.0,0.0,APPLE,AAPL
2022-01-28 00:00:00-05:00,163.03930297240717,167.60452073615352,160.17619905897428,167.5848388671875,179935700,0.0,0.0,APPLE,AAPL
2022-01-31 00:00:00-05:00,167.41759838559184,172.17959030875696,166.77806518529516,171.963134765625,115541600,0.0,0.0,APPLE,AAPL
2022-02-01 00:00:00-05:00,171.205516713621,172.0221416021034,169.53291821282656,171.7958526611328,86213900,0.0,0.0,APPLE,AAPL
2022-02-02 00:00:00-05:00,171.93359808137038,173.04539095891812,170.53648566674534,173.0060272216797,84914300,0.0,0.0,APPLE,AAPL
2022-02-03 00:00:00-05:00,171.66792521659727,173.3995691426872,169.3459604171391,170.11338806152344,89418100,0.0,0.0,APPLE,AAPL
2022-02-04 00:00:00-05:00,169.12825935026342,171.5123033629512,168.14312266243942,169.8277130126953,82465400,0.22,0.0,APPLE,AAPL
2022-02-07 00:00:00-05:00,170.2907580260059,171.36455359449815,168.4091430178802,169.1085968017578,77251200,0.0,0.0,APPLE,AAPL
2022-02-08 00:00:00-05:00,169.1775156317006,172.74372058834862,168.88197162517284,172.2314453125,74829200,0.0,0.0,APPLE,AAPL
2022-02-09 00:00:00-05:00,173.43335009555227,174.02442320219117,172.30043366850177,173.65992736816406,71285000,0.0,0.0,APPLE,AAPL
2022-02-10 00:00:00-05:00,171.55171755685703,172.87179722890681,169.00021691491136,169.56173706054688,90865900,0.0,0.0,APPLE,AAPL
2022-02-11 00:00:00-05:00,169.76859462390195,170.5074470849653,165.54235012870416,166.13343811035156,98670700,0.0,0.0,APPLE,AAPL
2022-02-14 00:00:00-05:00,164.88233741200816,167.059496301351,164.08437902845532,166.36990356445312,86185500,0.0,0.0,APPLE,AAPL
2022-02-15 00:00:00-05:00,168.4288452823497,170.37941199974063,167.7195455611175,170.22178649902344,62527400,0.0,0.0,APPLE,AAPL
2022-02-16 00:00:00-05:00,169.2957588343913,170.7636029916525,167.5225096535446,169.9853515625,61177400,0.0,0.0,APPLE,AAPL
2022-02-17 00:00:00-05:00,168.4879416203525,169.35486679359227,165.96599387855787,166.36990356445312,69589300,0.0,0.0,APPLE,AAPL
2022-02-18 00:00:00-05:00,167.29594937351246,168.0052340857905,163.71989774879913,164.8134002685547,82772700,0.0,0.0,APPLE,AAPL
2022-02-22 00:00:00-05:00,162.52787972804626,164.2124704222086,159.73994052851194,161.87770080566406,91162800,0.0,0.0,APPLE,AAPL
2022-02-23 00:00:00-05:00,163.07952569314475,163.68045969243948,157.3755907096695,157.6908416748047,90009200,0.0,0.0,APPLE,AAPL
2022-02-24 00:00:00-05:00,150.31217357463046,160.42953264062146,149.74079243125084,160.3211669921875,141147500,0.0,0.0,APPLE,AAPL
2022-02-25 00:00:00-05:00,161.40482814763232,162.66580219316097,158.47897031474255,162.3998260498047,91974200,0.0,0.0,APPLE,AAPL
2022-02-28 00:00:00-05:00,160.6364073011417,162.96133079526325,160.0157662949329,162.66578674316406,95056600,0.0,0.0,APPLE,AAPL
2022-03-01 00:00:00-05:00,162.25201230848918,164.12378106720112,159.56259331277428,160.77430725097656,83474400,0.0,0.0,APPLE,AAPL
2022-03-02 00:00:00-05:00,161.9466511360931,164.87250887287016,160.52805162347443,164.0843963623047,79724800,0.0,0.0,APPLE,AAPL
2022-03-03 00:00:00-05:00,165.96598906988046,166.39945164394126,163.08939157074246,163.75927734375,76678400,0.0,0.0,APPLE,AAPL
2022-03-04 00:00:00-05:00,162.04515399744983,163.0893965768349,159.6906776997061,160.74476623535156,83737200,0.0,0.0,APPLE,AAPL
2022-03-07 00:00:00-05:00,160.93191849884272,162.56724889220854,156.6761210942269,156.93226623535156,96418800,0.0,0.0,APPLE,AAPL
2022-03-08 00:00:00-05:00,156.45942331275887,160.4590760477699,153.4843061670537,155.0999298095703,131148300,0.0,0.0,APPLE,AAPL
2022-03-09 00:00:00-05:00,159.07987817054388,160.98119991455522,157.04065291481524,160.5280303955078,91454900,0.0,0.0,APPLE,AAPL
2022-03-10 00:00:00-05:00,157.81890189348016,158.00608027819325,153.66162367046195,156.16387939453125,105342000,0.0,0.0,APPLE,AAPL
2022-03-11 00:00:00-05:00,156.5677776744671,156.9125815524345,152.20362905353198,152.43020629882812,96970100,0.0,0.0,APPLE,AAPL
2022-03-14 00:00:00-04:00,149.19896723804965,151.8292807234323,147.86904156044886,148.3813018798828,108732100,0.0,0.0,APPLE,AAPL
2022-03-15 00:00:00-04:00,148.6571554844026,153.25775813729066,148.14489510811242,152.78488159179688,92964300,0.0,0.0,APPLE,AAPL
2022-03-16 00:00:00-04:00,154.71573104732857,157.62188148073074,152.1642304485378,157.2179718017578,102300200,0.0,0.0,APPLE,AAPL
2022-03-17 00:00:00-04:00,156.25256155188856,158.60703810004415,155.28713161589062,158.23268127441406,75615400,0.0,0.0,APPLE,AAPL
2022-03-18 00:00:00-04:00,158.12431372385774,162.03530830357425,157.38546107074248,161.54273986816406,123511700,0.0,0.0,APPLE,AAPL
2022-03-21 00:00:00-04:00,161.07970482927175,163.87750462789964,160.5871364535125,162.9219207763672,95811400,0.0,0.0,APPLE,AAPL
2022-03-22 00:00:00-04:00,163.04996083241298,166.9018487251118,162.45888786413715,166.31077575683594,81532000,0.0,0.0,APPLE,AAPL
2022-03-23 00:00:00-04:00,165.49314031396403,170.07402052830085,165.15818236981434,167.68014526367188,98062700,0.0,0.0,APPLE,AAPL
2022-03-24 00:00:00-04:00,168.51750138963553,171.55172458765148,167.680144114985,171.48277282714844,90131400,0.0,0.0,APPLE,AAPL
2022-03-25 00:00:00-04:00,171.29559658174085,172.67478212909984,170.18238715508997,172.12310791015625,80546200,0.0,0.0,APPLE,AAPL
2022-03-28 00:00:00-04:00,169.61100881544317,173.11809357884718,169.4435373556172,172.9900360107422,90371900,0.0,0.0,APPLE,AAPL
2022-03-29 00:00:00-04:00,174.06385991057886,176.34936994674814,173.7190559458475,176.3001251220703,100589400,0.0,0.0,APPLE,AAPL
2022-03-30 00:00:00-04:00,175.8962132698812,176.94045607831126,174.07370381833985,175.1278076171875,92633200,0.0,0.0,APPLE,AAPL
2022-03-31 00:00:00-04:00,175.1967121549276,175.38389053842545,171.8078394044231,172.0147247314453,103049300,0.0,0.0,APPLE,AAPL
2022-04-01 00:00:00-04:00,171.44337063884205,172.28074300264421,169.38443815993526,171.71920776367188,78751300,0.0,0.0,APPLE,AAPL
2022-04-04 00:00:00-04:00,171.97533671079117,175.83707112521444,171.84726411780443,175.78781127929688,76468400,0.0,0.0,APPLE,AAPL
2022-04-05 00:00:00-04:00,174.86178989450815,175.6499023764881,171.8275666096823,172.4580535888672,73401800,0.0,0.0,APPLE,AAPL
2022-04-06 00:00:00-04:00,169.79816801922325,171.0492958799614,167.60131731206394,169.2760467529297,89058800,0.0,0.0,APPLE,AAPL
2022-04-07 00:00:00-04:00,168.61602154238474,170.7833195377172,167.32549471465475,169.58145141601562,77594700,0.0,0.0,APPLE,AAPL
2022-04-08 00:00:00-04:00,169.2268038174018,169.2268038174018,166.68514898671697,167.56192016601562,76575500,0.0,0.0,APPLE,AAPL
2022-04-11 00:00:00-04:00,166.2024342381658,166.51767019391744,163.04013853231345,163.2864227294922,72246700,0.0,0.0,APPLE,AAPL
2022-04-12 00:00:00-04:00,165.52269490513837,167.34518902716218,164.16320126523246,165.1680450439453,79265200,0.0,0.0,APPLE,AAPL
2022-04-13 00:00:00-04:00,164.9020531279272,168.4977965392979,164.2912731044712,167.8673095703125,70618900,0.0,0.0,APPLE,AAPL
2022-04-14 00:00:00-04:00,168.08401705001634,168.72436491699762,162.58695252211072,162.83323669433594,75329400,0.0,0.0,APPLE,AAPL
2022-04-18 00:00:00-04:00,161.48363023704638,164.12380480496248,161.1388413596214,162.61654663085938,69023900,0.0,0.0,APPLE,AAPL
2022-04-19 00:00:00-04:00,162.56726532731986,165.32565114265935,161.47376296963859,164.91188049316406,67723800,0.0,0.0,APPLE,AAPL
2022-04-20 00:00:00-04:00,166.25167331536827,166.36989994769078,163.63122097212312,164.74441528320312,67929800,0.0,0.0,APPLE,AAPL
2022-04-21 00:00:00-04:00,166.39945283983835,168.98050632684885,163.44404257581323,163.9464569091797,87227800,0.0,0.0,APPLE,AAPL
2022-04-22 00:00:00-04:00,163.98587104446065,165.37490244633076,159.09958611983004,159.38526916503906,84882400,0.0,0.0,APPLE,AAPL
2022-04-25 00:00:00-04:00,158.72527093840435,160.7448048241778,156.10481790460835,160.45912170410156,96046400,0.0,0.0,APPLE,AAPL
2022-04-26 00:00:00-04:00,159.83844441124967,159.92710311480064,154.3906391571423,154.46945190429688,95623200,0.0,0.0,APPLE,AAPL
2022-04-27 00:00:00-04:00,153.59268025761008,157.4150007741114,153.07055896241795,154.2428741455078,88063200,0.0,0.0,APPLE,AAPL
2022-04-28 00:00:00-04:00,156.88304400161465,162.07471943122334,156.56779299297258,161.20779418945312,130216800,0.0,0.0,APPLE,AAPL
2022-04-29 00:00:00-04:00,159.43453401469895,163.7297310076839,154.91275976964212,155.3068084716797,131747600,0.0,0.0,APPLE,AAPL
2022-05-02 00:00:00-04:00,154.38079215381563,155.87818924361486,150.99191920912216,155.61221313476562,123055300,0.0,0.0,APPLE,AAPL
2022-05-03 00:00:00-04:00,155.7993550756251,158.32131752473302,153.99656823554054,157.10958862304688,88966500,0.0,0.0,APPLE,AAPL
2022-05-04 00:00:00-04:00,157.29677464148807,164.0055531444463,156.892864987949,163.55239868164062,108256500,0.0,0.0,APPLE,AAPL
2022-05-05 00:00:00-04:00,161.41468171268338,161.64125898319347,152.64695457490816,154.43991088867188,130525300,0.0,0.0,APPLE,AAPL
2022-05-06 00:00:00-04:00,153.91700145474738,157.30099321709514,152.1115504938457,155.1699676513672,116124600,0.23,0.0,APPLE,AAPL
2022-05-09 00:00:00-04:00,152.85148081205793,153.73941561249285,149.45764385540176,150.01998901367188,131577900,0.0,0.0,APPLE,AAPL
2022-05-10 00:00:00-04:00,153.43360891877307,154.63724308180875,150.87834390139417,152.43714904785156,115366700,0.0,0.0,APPLE,AAPL
2022-05-11 00:00:00-04:00,151.44064940364694,153.36448526147709,143.85381576428412,144.53456115722656,142689800,0.0,0.0,APPLE,AAPL
2022-05-12 00:00:00-04:00,140.85461970992037,144.23859603195632,136.93787953021916,140.64743041992188,182602000,0.0,0.0,APPLE,AAPL
2022-05-13 00:00:00-04:00,142.65021698133427,146.11313742780084,141.19007646669226,145.13641357421875,113990900,0.0,0.0,APPLE,AAPL
2022-05-16 00:00:00-04:00,143.5973083362212,145.54088007638424,142.24567798061778,143.58743286132812,86643800,0.0,0.0,APPLE,AAPL
2022-05-17 00:00:00-04:00,146.86291669324274,147.7607118798002,144.71215542512041,147.23782348632812,78336300,0.0,0.0,APPLE,AAPL
2022-05-18 00:00:00-04:00,144.87990321822826,145.38305576655117,138.02313063348345,138.93080139160156,109742900,0.0,0.0,APPLE,AAPL
2022-05-19 00:00:00-04:00,138.00339618106452,139.75951476961413,134.76740136256322,135.50733947753906,136095600,0.0,0.0,APPLE,AAPL
2022-05-20 00:00:00-04:00,137.224017188391,138.81241863526068,130.83095464968503,135.744140625,137426100,0.0,0.0,APPLE,AAPL
2022-05-23 00:00:00-04:00,135.94144307204655,141.33806035762905,135.80332187322705,141.19007873535156,117726300,0.0,0.0,APPLE,AAPL
2022-05-24 00:00:00-04:00,138.92090380099836,140.06534496246948,135.4875953706636,138.47694396972656,104132700,0.0,0.0,APPLE,AAPL
2022-05-25 00:00:00-04:00,136.57283905065083,139.88776245487574,136.48405008857472,138.6348114013672,92482700,0.0,0.0,APPLE,AAPL
2022-05-26 00:00:00-04:00,135.5468018208196,142.40355895877516,135.30015577230265,141.85107421875,90601500,0.0,0.0,APPLE,AAPL
2022-05-27 00:00:00-04:00,143.43947862792666,147.67191829271428,143.31121786248204,147.63246154785156,90978500,0.0,0.0,APPLE,AAPL
2022-05-31 00:00:00-04:00,147.0700953422885,148.6387604091579,144.8700020152632,146.84317016601562,103718400,0.0,0.0,APPLE,AAPL
2022-06-01 00:00:00-04:00,147.8889577936666,149.7042840674564,145.6987397803345,146.71493530273438,74286600,0.0,0.0,APPLE,AAPL
2022-06-02 00:00:00-04:00,145.8467372280195,149.24058912493618,144.889749394735,149.181396484375,72348100,0.0,0.0,APPLE,AAPL
2022-06-03 00:00:00-04:00,144.92919288462284,145.98484505836583,142.52194041547213,143.42959594726562,88570300,0.0,0.0,APPLE,AAPL
2022-06-06 00:00:00-04:00,145.0574568165146,146.576804737733,142.9560278981118,144.1793975830078,71598400,0.0,0.0,APPLE,AAPL
2022-06-07 00:00:00-04:00,142.41342781441574,147.00103808191767,142.16678177736554,146.71493530273438,67808200,0.0,0.0,APPLE,AAPL
2022-06-08 00:00:00-04:00,146.58669881816604,147.8593859562832,145.48172920652436,145.9750213623047,53950200,0.0,0.0,APPLE,AAPL
2022-06-09 00:00:00-04:00,145.10680021963537,145.9651236224784,140.61783927585907,140.7263641357422,69473000,0.0,0.0,APPLE,AAPL
2022-06-10 00:00:00-04:00,138.398032723083,138.87158893198634,135.22123034078209,135.29029846191406,91437900,0.0,0.0,APPLE,AAPL
2022-06-13 00:00:00-04:00,131.0874417850336,133.3861848467611,129.6766335624987,130.11073303222656,122207100,0.0,0.0,APPLE,AAPL
2022-06-14 00:00:00-04:00,131.34395874256492,132.09375731155245,129.71608578781024,130.97891235351562,84784300,0.0,0.0,APPLE,AAPL
2022-06-15 00:00:00-04:00,132.48839269838643,135.49747768055312,130.38697847648072,133.61309814453125,91533000,0.0,0.0,APPLE,AAPL
2022-06-16 00:00:00-04:00,130.30804408715656,130.61388278319032,127.30881966252552,128.3151397705078,108123900,0.0,0.0,APPLE,AAPL
2022-06-17 00:00:00-04:00,128.32499753553608,131.29461017428142,128.06847604207698,129.7949981689453,134520300,0.0,0.0,APPLE,AAPL
2022-06-21 00:00:00-04:00,131.63005208162124,135.221217692565,131.5314027016207,134.04718017578125,81000500,0.0,0.0,APPLE,AAPL
2022-06-22 00:00:00-04:00,132.9816798809872,135.9118362074978,132.1134960074851,133.5341796875,73409200,0.0,0.0,APPLE,AAPL
2022-06-23 00:00:00-04:00,134.98446439237523,136.7307076769902,133.81042672551413,136.41500854492188,72433800,0.0,0.0,APPLE,AAPL
2022-06-24 00:00:00-04:00,138.02313872573984,140.006182820268,137.89489300242144,139.75953674316406,89116800,0.0,0.0,APPLE,AAPL
2022-06-27 00:00:00-04:00,140.7855778001205,141.56498783405482,139.07879116170406,139.75953674316406,70207900,0.0,0.0,APPLE,AAPL
2022-06-28 00:00:00-04:00,140.22321252468137,141.4958994767852,135.47774508831563,135.59613037109375,67083400,0.0,0.0,APPLE,AAPL
2022-06-29 00:00:00-04:00,135.6158632251475,138.78278990100551,134.83645332014265,137.3621063232422,66242400,0.0,0.0,APPLE,AAPL
2022-06-30 00:00:00-04:00,135.40867636590826,136.5136458111151,131.97536769395867,134.8857879638672,98964500,0.0,0.0,APPLE,AAPL
2022-07-01 00:00:00-04:00,134.21488899962492,137.17464118185262,133.83999729331583,137.0661163330078,71051600,0.0,0.0,APPLE,AAPL
2022-07-05 00:00:00-04:00,135.92171062767136,139.71019037554066,135.09296845138468,139.66085815429688,73353800,0.0,0.0,APPLE,AAPL
2022-07-06 00:00:00-04:00,139.45366482669044,142.1864918716594,139.1872829116733,141.00259399414062,74064300,0.0,0.0,APPLE,AAPL
2022-07-07 00:00:00-04:00,141.36765146861703,144.5839257789304,141.3577910455227,144.38661193847656,66253700,0.0,0.0,APPLE,AAPL
2022-07-08 00:00:00-04:00,143.31121832945087,145.57050462277482,143.05471185180627,145.0673370361328,64547800,0.0,0.0,APPLE,AAPL
2022-07-11 00:00:00-04:00,143.71572303183265,144.67271093962017,141.85107943859236,142.92645263671875,63141600,0.0,0.0,APPLE,AAPL
2022-07-12 00:00:00-04:00,143.80450328591834,146.4584171134617,143.1040369550832,143.90316772460938,77588800,0.0,0.0,APPLE,AAPL
2022-07-13 00:00:00-04:00,141.07167136789155,144.48524405643747,140.21333293071814,143.5381317138672,71185600,0.0,0.0,APPLE,AAPL
2022-07-14 00:00:00-04:00,142.14704561371514,146.951705589172,141.32817896574866,146.4781494140625,78140700,0.0,0.0,APPLE,AAPL
2022-07-15 00:00:00-04:00,147.77058248983283,148.8360952483167,146.21177762394427,148.1553497314453,76259900,0.0,0.0,APPLE,AAPL
2022-07-18 00:00:00-04:00,148.71770113389368,149.53656779007787,144.73189271232428,145.09693908691406,81420900,0.0,0.0,APPLE,AAPL
2022-07-19 00:00:00-04:00,145.93553153568237,149.20112279497567,144.93908692354225,148.97421264648438,82982400,0.0,0.0,APPLE,AAPL
2022-07-20 00:00:00-04:00,149.09257683651296,151.65770138845068,148.35263879892454,150.98681640625,64823400,0.0,0.0,APPLE,AAPL
2022-07-21 00:00:00-04:00,152.42726650714104,153.48291887978365,149.90161323774686,153.265869140625,65086600,0.0,0.0,APPLE,AAPL
2022-07-22 00:00:00-04:00,153.30532867140192,154.18338806700862,151.3518960375733,152.02276611328125,66675400,0.0,0.0,APPLE,AAPL
2022-07-25 00:00:00-04:00,151.94383291278464,152.9600134725139,150.23704639800843,150.89805603027344,53623900,0.0,0.0,APPLE,AAPL
2022-07-26 00:00:00-04:00,150.21731152791162,151.03617825668115,148.77690696237937,149.56617736816406,55138700,0.0,0.0,APPLE,AAPL
2022-07-27 00:00:00-04:00,150.53301256452508,155.2192873128582,150.11864902484623,154.6865234375,78620700,0.0,0.0,APPLE,AAPL
2022-07-28 00:00:00-04:00,154.87398254214926,155.52513172309773,152.3384689919664,155.23902893066406,81378700,0.0,0.0,APPLE,AAPL
2022-07-29 00:00:00-04:00,159.0768371497888,161.4347727162901,157.36017527279864,160.3297882080078,101786900,0.0,0.0,APPLE,AAPL
2022-08-01 00:00:00-04:00,158.8499238200317,161.39531297785308,158.73153852797333,159.3432159423828,67829400,0.0,0.0,APPLE,AAPL
2022-08-02 00:00:00-04:00,157.9521463098053,160.23115354553508,157.48845050250915,157.86334228515625,59907000,0.0,0.0,APPLE,AAPL
2022-08-03 00:00:00-04:00,158.6822208140143,164.3550807397493,158.59343183685212,163.90126037597656,82507500,0.0,0.0,APPLE,AAPL
2022-08-04 00:00:00-04:00,163.78283934395313,164.94701654031078,162.22403448507984,163.5855255126953,55474100,0.0,0.0,APPLE,AAPL
2022-08-05 00:00:00-04:00,161.24409960483675,163.85229951311487,161.03662247662456,163.3583221435547,56697000,0.23,0.0,APPLE,AAPL
2022-08-08 00:00:00-04:00,164.36601096047863,165.7886680742243,162.22215117031726,162.8840789794922,60276900,0.0,0.0,APPLE,AAPL
2022-08-09 00:00:00-04:00,162.04434891604777,163.82267055347725,161.28361950656526,162.93350219726562,63135500,0.0,0.0,APPLE,AAPL
2022-08-10 00:00:00-04:00,165.6602095336515,167.3002176831234,164.88960620076517,167.20143127441406,70170500,0.0,0.0,APPLE,AAPL
2022-08-11 00:00:00-04:00,168.0115606543251,168.93036629204852,166.16409033464345,166.46047973632812,57149200,0.0,0.0,APPLE,AAPL
2022-08-12 00:00:00-04:00,167.77445751442195,170.09614178090018,167.3595033161668,170.02699279785156,68039400,0.0,0.0,APPLE,AAPL
2022-08-15 00:00:00-04:00,169.45398413673462,171.30145449022353,169.2860336568712,171.10386657714844,54091700,0.0,0.0,APPLE,AAPL
2022-08-16 00:00:00-04:00,170.6987968691516,171.6176024984577,169.5922925263229,170.94578552246094,56377100,0.0,0.0,APPLE,AAPL
2022-08-17 00:00:00-04:00,170.68892125785695,174.0281975704134,170.49133335193497,172.44747924804688,79542000,0.0,0.0,APPLE,AAPL
2022-08-18 00:00:00-04:00,171.65713127395603,172.7932731631823,171.03471498116653,172.05230712890625,62290100,0.0,0.0,APPLE,AAPL
2022-08-19 00:00:00-04:00,170.94577013813446,171.6472244834014,169.2464871502945,169.45396423339844,70346300,0.0,0.0,APPLE,AAPL
2022-08-22 00:00:00-04:00,167.6460183748566,167.81396884774634,165.1267311315286,165.5515594482422,69026800,0.0,0.0,APPLE,AAPL
2022-08-23 00:00:00-04:00,165.06745005270514,166.67782081300345,164.6426217519865,165.21563720703125,54147100,0.0,0.0,APPLE,AAPL
2022-08-24 00:00:00-04:00,165.3045923923907,166.08506999483225,164.24747359700294,165.51205444335938,53841500,0.0,0.0,APPLE,AAPL
2022-08-25 00:00:00-04:00,166.74699023963788,168.09060921191156,166.3221769618195,167.98193359375,51218200,0.0,0.0,APPLE,AAPL
2022-08-26 00:00:00-04:00,168.51542056155736,168.98963454069056,161.58984928248998,161.6491241455078,78961000,0.0,0.0,APPLE,AAPL
2022-08-29 00:00:00-04:00,159.20888628482342,160.93780692739824,157.89491986245918,159.43612670898438,73314000,0.0,0.0,APPLE,AAPL
2022-08-30 00:00:00-04:00,160.17707980033242,160.60189303087512,155.8201965138857,156.99586486816406,77906200,0.0,0.0,APPLE,AAPL
2022-08-31 00:00:00-04:00,158.37900919271698,158.6457611720159,155.24719472832723,155.32623291015625,87991100,0.0,0.0,APPLE,AAPL
2022-09-01 00:00:00-04:00,154.7532501246085,156.5118085859681,152.80697782608217,156.05735778808594,74229900,0.0,0.0,APPLE,AAPL
2022-09-02 00:00:00-04:00,157.825740385719,158.42839326812575,153.10331881210172,153.93319702148438,76957800,0.0,0.0,APPLE,AAPL
2022-09-06 00:00:00-04:00,154.58524378549583,155.19777075928334,151.83873144659182,152.66860961914062,73714800,0.0,0.0,APPLE,AAPL
2022-09-07 00:00:00-04:00,152.95513800164022,154.78284496179006,151.75970630582015,154.08140563964844,87449600,0.0,0.0,APPLE,AAPL
2022-09-08 00:00:00-04:00,152.7772813588819,154.47656428354657,150.8408839301981,152.59945678710938,84923800,0.0,0.0,APPLE,AAPL
2022-09-09 00:00:00-04:00,153.59730329551388,155.91900264197233,152.88597477553475,155.4744110107422,68028800,0.0,0.0,APPLE,AAPL
2022-09-12 00:00:00-04:00,157.66768343592295,162.2814299729469,157.38118321231417,161.46142578125,104956000,0.0,0.0,APPLE,AAPL
2022-09-13 00:00:00-04:00,157.97395705373035,158.60624748496193,151.5226138010885,151.98695373535156,122656600,0.0,0.0,APPLE,AAPL
2022-09-14 00:00:00-04:00,152.92546843006974,155.20765595833407,151.7596893712495,153.439208984375,87965400,0.0,0.0,APPLE,AAPL
2022-09-15 00:00:00-04:00,152.78718821838976,153.3700929479772,149.55658720563852,150.53465270996094,90481100,0.0,0.0,APPLE,AAPL
2022-09-16 00:00:00-04:00,149.38863215425823,149.52694520493873,146.58282943689548,148.884765625,162278800,0.0,0.0,APPLE,AAPL
2022-09-19 00:00:00-04:00,147.51150837706584,152.6982703598037,147.30404633975175,152.61923217773438,81474200,0.0,0.0,APPLE,AAPL
2022-09-20 00:00:00-04:00,151.5522446171644,156.17588044200602,151.23610695285475,155.0100860595703,107689800,0.0,0.0,APPLE,AAPL
2022-09-21 00:00:00-04:00,155.44478402258142,156.8279296043556,151.749843208038,151.86839294433594,101696800,0.0,0.0,APPLE,AAPL
2022-09-22 00:00:00-04:00,150.5445279988441,152.60934951167334,149.0922335190095,150.9001922607422,86652500,0.0,0.0,APPLE,AAPL
2022-09-23 00:00:00-04:00,149.36885132431644,149.64547739323916,146.77052602515988,148.6179962158203,96029900,0.0,0.0,APPLE,AAPL
2022-09-26 00:00:00-04:00,147.85731854686657,151.91781336580678,147.83755522992698,148.95394897460938,93339400,0.0,0.0,APPLE,AAPL
2022-09-27 00:00:00-04:00,150.90021334107692,152.856359517289,148.14381115755742,149.9320068359375,84442700,0.0,0.0,APPLE,AAPL
2022-09-28 00:00:00-04:00,145.86162844996352,148.82549249195003,143.09535232911102,148.03512573242188,146691400,0.0,0.0,APPLE,AAPL
2022-09-29 00:00:00-04:00,144.34015358874447,144.9526805339912,138.98542711420936,140.7637481689453,128138200,0.0,0.0,APPLE,AAPL
2022-09-30 00:00:00-04:00,139.5782417035492,141.37632653082102,136.3377514263711,136.53533935546875,124925300,0.0,0.0,APPLE,AAPL
2022-10-03 00:00:00-04:00,136.54522777511258,141.34668829237813,136.0314871023825,140.73414611816406,114311700,0.0,0.0,APPLE,AAPL
2022-10-04 00:00:00-04:00,143.28307588586975,144.4587444479019,142.5223465089678,144.34019470214844,87830100,0.0,0.0,APPLE,AAPL
2022-10-05 00:00:00-04:00,142.33462989571538,145.6047572886982,141.28738533142962,144.6365509033203,79471000,0.0,0.0,APPLE,AAPL
2022-10-06 00:00:00-04:00,144.05366550708558,145.7628228353645,143.47077587995457,143.67823791503906,68402200,0.0,0.0,APPLE,AAPL
2022-10-07 00:00:00-04:00,140.82304314688486,141.37631039018268,137.77026702712604,138.40255737304688,85925600,0.0,0.0,APPLE,AAPL
2022-10-10 00:00:00-04:00,138.72857666015625,140.18087106049856,136.90086978029677,138.72857666015625,74899000,0.0,0.0,APPLE,AAPL
2022-10-11 00:00:00-04:00,138.21485522733482,139.64740158913798,136.55509858261405,137.30593872070312,77033700,0.0,0.0,APPLE,AAPL
2022-10-12 00:00:00-04:00,137.45412230255747,138.66930218634442,136.49580517652515,136.6736297607422,70433700,0.0,0.0,APPLE,AAPL
2022-10-13 00:00:00-04:00,133.36398764851756,141.86038757533703,132.75144558792866,141.2676239013672,113224000,0.0,0.0,APPLE,AAPL
2022-10-14 00:00:00-04:00,142.5717289499613,142.77920605337536,136.52545149320736,136.71316528320312,88598000,0.0,0.0,APPLE,AAPL
2022-10-17 00:00:00-04:00,139.3707551212906,141.1786986755311,138.58038846903284,140.69461059570312,85250900,0.0,0.0,APPLE,AAPL
2022-10-18 00:00:00-04:00,143.73752488075877,144.93294154385023,138.91630145112296,142.0184783935547,99136600,0.0,0.0,APPLE,AAPL
2022-10-19 00:00:00-04:00,139.9833068127477,143.20403377580215,139.79559300378267,142.12716674804688,61758300,0.0,0.0,APPLE,AAPL
2022-10-20 00:00:00-04:00,141.29724245784718,144.13266676082466,140.9316890789878,141.66278076171875,64522000,0.0,0.0,APPLE,AAPL
2022-10-21 00:00:00-04:00,141.14905439351054,146.06907865061885,140.9317031978155,145.49606323242188,86548600,0.0,0.0,APPLE,AAPL
2022-10-24 00:00:00-04:00,145.41703883961424,148.42041416694138,144.241370462884,147.64981079101562,75981900,0.0,0.0,APPLE,AAPL
2022-10-25 00:00:00-04:00,148.2820919294288,150.65319184865695,147.56088934284634,150.50498962402344,74732300,0.0,0.0,APPLE,AAPL
2022-10-26 00:00:00-04:00,149.14164832129399,150.15924045749748,146.25680732789058,147.55104064941406,88194300,0.0,0.0,APPLE,AAPL
2022-10-27 00:00:00-04:00,146.28644773572952,147.25463904177826,142.3939041231572,143.0558319091797,109180200,0.0,0.0,APPLE,AAPL
2022-10-28 00:00:00-04:00,146.41485857865877,155.60283873819793,146.0394461076168,153.86404418945312,164762400,0.0,0.0,APPLE,AAPL
2022-10-31 00:00:00-04:00,151.31511061162576,152.38210325082238,150.0900416388469,151.49293518066406,97943200,0.0,0.0,APPLE,AAPL
2022-11-01 00:00:00-04:00,153.21200447728674,153.57754286316361,147.33367749566185,148.83535766601562,80379300,0.0,0.0,APPLE,AAPL
2022-11-02 00:00:00-04:00,147.15584632605294,150.337061596357,143.25342836154712,143.28306579589844,93604600,0.0,0.0,APPLE,AAPL
2022-11-03 00:00:00-04:00,140.34882641665214,141.07991823906764,137.07869914103392,137.20713806152344,97918500,0.0,0.0,APPLE,AAPL
2022-11-04 00:00:00-04:00,140.61134018259497,141.18530623843904,132.9815825695617,136.93995666503906,140814800,0.23,0.0,APPLE,AAPL
2022-11-07 00:00:00-05:00,135.6831577399827,137.70192172217736,134.25814076431703,137.4743194580078,83374600,0.0,0.0,APPLE,AAPL
2022-11-08 00:00:00-05:00,138.9488124233874,139.95818681579658,136.0592015176731,138.04827880859375,89908500,0.0,0.0,APPLE,AAPL
2022-11-09 00:00:00-05:00,137.05869016748804,137.10817285902812,133.189376229013,133.46646118164062,74917800,0.0,0.0,APPLE,AAPL
2022-11-10 00:00:00-05:00,139.77019714382882,145.3415985107422,138.04829894677263,145.3415985107422,118854000,0.0,0.0,APPLE,AAPL
2022-11-11 00:00:00-05:00,144.30253818680043,148.44892246229622,142.86761546449372,148.14215087890625,93979700,0.0,0.0,APPLE,AAPL
2022-11-14 00:00:00-05:00,147.4197604797108,148.71612568568796,145.89577787268414,146.7369384765625,73374100,0.0,0.0,APPLE,AAPL
2022-11-15 00:00:00-05:00,150.6359289335687,151.9916672429698,147.0140129756077,148.47860717773438,89868300,0.0,0.0,APPLE,AAPL
2022-11-16 00:00:00-05:00,147.57809621983398,148.31038580901588,145.75723254673355,147.2416229248047,64218300,0.0,0.0,APPLE,AAPL
2022-11-17 00:00:00-05:00,144.9061704203095,149.90362066577504,144.6290854455113,149.1515350341797,80389400,0.0,0.0,APPLE,AAPL
2022-11-18 00:00:00-05:00,150.72495028820748,151.11089106398995,148.4093056335126,149.71556091308594,74829600,0.0,0.0,APPLE,AAPL
2022-11-21 00:00:00-05:00,148.59737709980914,148.8051832977112,146.18276632418628,146.46974182128906,58724100,0.0,0.0,APPLE,AAPL
2022-11-22 00:00:00-05:00,146.5884871676489,148.85464959506425,145.40096291048988,148.6171417236328,51804100,0.0,0.0,APPLE,AAPL
2022-11-23 00:00:00-05:00,147.8947425813443,150.24997989598808,147.78588669453308,149.49789428710938,58301400,0.0,0.0,APPLE,AAPL
2022-11-25 00:00:00-05:00,146.7666107499522,147.33068629749027,145.5889920594768,146.56869506835938,35195900,0.0,0.0,APPLE,AAPL
2022-11-28 00:00:00-05:00,143.6296014634591,145.1139917287284,141.8879223215426,142.71917724609375,69246000,0.0,0.0,APPLE,AAPL
2022-11-29 00:00:00-05:00,142.78843936121245,143.30303220881638,138.88945365820908,139.70091247558594,83763800,0.0,0.0,APPLE,AAPL
2022-11-30 00:00:00-05:00,139.9285369564288,147.1723697683179,139.0873914086007,146.4895477294922,111380900,0.0,0.0,APPLE,AAPL
2022-12-01 00:00:00-05:00,146.6676817749002,147.57810612254133,145.08432589204557,146.76663208007812,71250400,0.0,0.0,APPLE,AAPL
2022-12-02 00:00:00-05:00,144.44108106262544,146.45984525867783,144.1342943784221,146.27182006835938,65447400,0.0,0.0,APPLE,AAPL
2022-12-05 00:00:00-05:00,146.23221603430324,149.34942909960247,144.2530293007808,145.1040802001953,68826400,0.0,0.0,APPLE,AAPL
2022-12-06 00:00:00-05:00,145.53950252387042,145.767104768391,140.44308766615222,141.42279052734375,64727200,0.0,0.0,APPLE,AAPL
2022-12-07 00:00:00-05:00,140.7103196654253,141.87803289252406,138.54310721513139,139.47332763671875,69721100,0.0,0.0,APPLE,AAPL
2022-12-08 00:00:00-05:00,140.87855183085378,142.02648408244,139.63166927482092,141.16552734375,62128300,0.0,0.0,APPLE,AAPL
2022-12-09 00:00:00-05:00,140.8587378715548,144.05513580994875,139.43372078818393,140.6806182861328,76097000,0.0,0.0,APPLE,AAPL
2022-12-12 00:00:00-05:00,141.2149930351456,142.99626440062022,139.59206025771292,142.9863739013672,70462700,0.0,0.0,APPLE,AAPL
2022-12-13 00:00:00-05:00,147.94423760704595,148.40934778946271,142.73898090382795,143.9561767578125,93886200,0.0,0.0,APPLE,AAPL
2022-12-14 00:00:00-05:00,143.83741010786554,145.13377507630975,139.69101124849232,141.7196807861328,82291200,0.0,0.0,APPLE,AAPL
2022-12-15 00:00:00-05:00,139.64152444169375,140.3243462996039,134.61438818780138,135.07949829101562,98931900,0.0,0.0,APPLE,AAPL
2022-12-16 00:00:00-05:00,135.26752037664195,136.2175215573563,132.33831735278028,133.11019897460938,160156900,0.0,0.0,APPLE,AAPL
2022-12-19 00:00:00-05:00,133.70398442417286,133.79304421919323,129.95343153387856,130.99249267578125,79592600,0.0,0.0,APPLE,AAPL
2022-12-20 00:00:00-05:00,130.02266894703538,131.86331317204844,128.53827893008926,130.92320251464844,77432800,0.0,0.0,APPLE,AAPL
2022-12-21 00:00:00-05:00,131.5961236714103,135.38626813534808,131.36852142161675,134.04042053222656,85928000,0.0,0.0,APPLE,AAPL
2022-12-22 00:00:00-05:00,132.95189133655217,133.1596975133203,128.94403468461323,130.85394287109375,77852100,0.0,0.0,APPLE,AAPL
2022-12-23 00:00:00-05:00,129.55757270940995,131.04196288495316,128.29089430094626,130.48779296875,63814900,0.0,0.0,APPLE,AAPL
2022-12-27 00:00:00-05:00,130.01280671088563,130.04249330967795,127.38048421797244,128.67684936523438,69007800,0.0,0.0,APPLE,AAPL
2022-12-28 00:00:00-05:00,128.32058464897267,129.66643238482206,124.56013395762797,124.72836303710938,85438400,0.0,0.0,APPLE,AAPL
2022-12-29 00:00:00-05:00,126.65808607664381,129.12217209136242,126.40079716988618,128.26123046875,75703700,0.0,0.0,APPLE,AAPL
2022-12-30 00:00:00-05:00,127.073709556948,128.59767695809086,126.10390456985758,128.577880859375,77034200,0.0,0.0,APPLE,AAPL
2023-01-03 00:00:00-05:00,128.92423659950236,129.53777972145332,122.87781986866916,123.7684555053711,112117500,0.0,0.0,APPLE,AAPL
2023-01-04 00:00:00-05:00,125.56953499012005,127.32111994159399,123.77837293748306,125.04505157470703,89113600,0.0,0.0,APPLE,AAPL
2023-01-05 00:00:00-05:00,125.80702181866339,126.44036106917035,123.46169000194207,123.71897888183594,80962700,0.0,0.0,APPLE,AAPL
2023-01-06 00:00:00-05:00,124.6986773645302,128.93412872931725,123.59032994150238,128.27110290527344,87754700,0.0,0.0,APPLE,AAPL
2023-01-09 00:00:00-05:00,129.1122704426922,132.02167786788954,128.53830437717716,128.79559326171875,70790800,0.0,0.0,APPLE,AAPL
2023-01-10 00:00:00-05:00,128.90442726046035,129.89402063291897,126.78669804739879,129.36953735351562,63896200,0.0,0.0,APPLE,AAPL
2023-01-11 00:00:00-05:00,129.88413539800015,132.1206110743782,129.1023632460795,132.100830078125,69458900,0.0,0.0,APPLE,AAPL
2023-01-12 00:00:00-05:00,132.4867623033838,132.8627975077432,130.07215211751455,132.0216522216797,71379600,0.0,0.0,APPLE,AAPL
2023-01-13 00:00:00-05:00,130.6560041991556,133.51592827611222,130.28985950452656,133.3575897216797,57809700,0.0,0.0,APPLE,AAPL
2023-01-17 00:00:00-05:00,133.42686517456323,135.86125621327707,132.7341528911892,134.5253143310547,63646600,0.0,0.0,APPLE,AAPL
2023-01-18 00:00:00-05:00,135.39619418728472,137.16755996413974,133.62481331043077,133.80294799804688,69672800,0.0,0.0,APPLE,AAPL
2023-01-19 00:00:00-05:00,132.68471636368645,134.8321327391652,132.37794475290383,133.86233520507812,58280400,0.0,0.0,APPLE,AAPL
2023-01-20 00:00:00-05:00,133.8721983331851,136.583689774084,132.8232317107928,136.43524169921875,80223600,0.0,0.0,APPLE,AAPL
2023-01-23 00:00:00-05:00,136.68265050222374,141.82854882417135,136.4649387224491,139.64154052734375,81760300,0.0,0.0,APPLE,AAPL
2023-01-24 00:00:00-05:00,138.8498542672173,141.67020163390134,138.83996376873685,141.0467529296875,66435100,0.0,0.0,APPLE,AAPL
2023-01-25 00:00:00-05:00,139.4238211686979,140.94778844428123,137.36546497180777,140.38372802734375,65799300,0.0,0.0,APPLE,AAPL
2023-01-26 00:00:00-05:00,141.6800962423563,142.748859009156,140.42330829899026,142.46188354492188,54105100,0.0,0.0,APPLE,AAPL
2023-01-27 00:00:00-05:00,141.6702137400347,145.69785156540507,141.59104444543297,144.411376953125,70555800,0.0,0.0,APPLE,AAPL
2023-01-30 00:00:00-05:00,143.45148125337437,144.03533779783174,141.36343835201114,141.51187133789062,64015300,0.0,0.0,APPLE,AAPL
2023-01-31 00:00:00-05:00,141.21498687709317,142.83791958375357,140.79935942660674,142.78843688964844,65874500,0.0,0.0,APPLE,AAPL
2023-02-01 00:00:00-05:00,142.47176699297287,145.0842930380827,139.84935044958516,143.91656494140625,77663600,0.0,0.0,APPLE,AAPL
2023-02-02 00:00:00-05:00,147.35047067319957,149.60674271507267,146.62807162382762,149.25050354003906,118339000,0.0,0.0,APPLE,AAPL
2023-02-03 00:00:00-05:00,146.4895254643634,155.74223078414798,146.29160978319123,152.89219665527344,154357300,0.0,0.0,APPLE,AAPL
2023-02-06 00:00:00-05:00,150.98230158746472,151.5067849832526,149.21092060169065,150.15103149414062,69858300,0.0,0.0,APPLE,AAPL
2023-02-07 00:00:00-05:00,149.072369515728,153.61460021760152,149.072369515728,153.04063415527344,83322600,0.0,0.0,APPLE,AAPL
2023-02-08 00:00:00-05:00,152.27864483917466,152.97135723381655,149.59683994706387,150.3390350341797,64120100,0.0,0.0,APPLE,AAPL
2023-02-09 00:00:00-05:00,152.1796622531109,152.7239416088079,148.85462803466618,149.29994201660156,56007100,0.0,0.0,APPLE,AAPL
2023-02-10 00:00:00-05:00,148.1304871155474,149.99375331566142,147.89261658821053,149.66668701171875,57450700,0.23,0.0,APPLE,AAPL
2023-02-13 00:00:00-05:00,149.6072179924685,152.88777139634084,149.5774860679603,152.48143005371094,62199000,0.0,0.0,APPLE,AAPL
2023-02-14 00:00:00-05:00,150.76679417039543,152.40212547908195,149.51800808989614,151.83718872070312,61707600,0.0,0.0,APPLE,AAPL
2023-02-15 00:00:00-05:00,151.74801937795763,154.11675866505783,151.52006956422687,153.94827270507812,65573800,0.0,0.0,APPLE,AAPL
2023-02-16 00:00:00-05:00,152.1444488830226,154.939370878608,151.98588365390484,152.34268188476562,68167900,0.0,0.0,APPLE,AAPL
2023-02-17 00:00:00-05:00,150.99477529042434,151.63898716051196,149.50811855355659,151.1929931640625,59144100,0.0,0.0,APPLE,AAPL
2023-02-21 00:00:00-05:00,148.86388049557812,149.954101404135,147.08981024225724,147.1591796875,58867200,0.0,0.0,APPLE,AAPL
2023-02-22 00:00:00-05:00,147.54572027637772,148.61611493809133,145.8509400709552,147.5853729248047,51011300,0.0,0.0,APPLE,AAPL
2023-02-23 00:00:00-05:00,148.7548636373809,149.00263975049123,145.9302250217555,148.0709991455078,48394200,0.0,0.0,APPLE,AAPL
2023-02-24 00:00:00-05:00,145.80137346736828,145.88066363662452,144.42373891303,145.40493774414062,55469600,0.0,0.0,APPLE,AAPL
2023-02-27 00:00:00-05:00,146.39604828262136,147.84305234351663,146.13835144102467,146.6041717529297,44998500,0.0,0.0,APPLE,AAPL
2023-02-28 00:00:00-05:00,145.74189568165605,147.75383627455793,145.5238515178197,146.09869384765625,50547000,0.0,0.0,APPLE,AAPL
2023-03-01 00:00:00-05:00,145.52386270219765,145.92029841797654,143.72004541238144,144.0173797607422,55479000,0.0,0.0,APPLE,AAPL
2023-03-02 00:00:00-05:00,143.09567187882521,145.40494716777042,142.61993083245534,144.612060546875,52238100,0.0,0.0,APPLE,AAPL
2023-03-03 00:00:00-05:00,146.72310034368257,149.7657983517578,146.01942463285462,149.68650817871094,70732300,0.0,0.0,APPLE,AAPL
2023-03-06 00:00:00-05:00,152.421971492151,154.90965374485327,152.09492027876624,152.4616241455078,87558000,0.0,0.0,APPLE,AAPL
2023-03-07 00:00:00-05:00,152.33275997963113,152.65982628230532,149.7856292559754,150.25144958496094,56182000,0.0,0.0,APPLE,AAPL
2023-03-08 00:00:00-05:00,151.45069849446085,152.1048311901769,150.47942017610038,151.51016235351562,47204800,0.0,0.0,APPLE,AAPL
2023-03-09 00:00:00-05:00,152.19400890417916,153.1652871071905,148.89362901108174,149.25042724609375,53833600,0.0,0.0,APPLE,AAPL
2023-03-10 00:00:00-05:00,148.8738114378205,149.59731347786158,146.29693372600934,147.17901611328125,68572400,0.0,0.0,APPLE,AAPL
2023-03-13 00:00:00-04:00,146.49514356859967,151.77773200211703,146.38612147623616,149.13148498535156,84457100,0.0,0.0,APPLE,AAPL
2023-03-14 00:00:00-04:00,149.9342758651321,152.03541240200406,148.76477990534212,151.2326202392578,73695900,0.0,0.0,APPLE,AAPL
2023-03-15 00:00:00-04:00,149.84508307563596,151.8867558074207,148.5863761992532,151.6290740966797,77167900,0.0,0.0,APPLE,AAPL
2023-03-16 00:00:00-04:00,150.80644547979264,155.06819732114948,150.2910669698244,154.463623046875,76161100,0.0,0.0,APPLE,AAPL
2023-03-17 00:00:00-04:00,154.6915645274048,155.3456970100276,152.90757372163895,153.6211700439453,98944600,0.0,0.0,APPLE,AAPL
2023-03-20 00:00:00-04:00,153.69057212608058,156.41610932466375,152.77874273681294,155.9998321533203,73641400,0.0,0.0,APPLE,AAPL
2023-03-21 00:00:00-04:00,155.92057224811566,157.98205636658307,155.14749679987165,157.86312866210938,73938300,0.0,0.0,APPLE,AAPL
2023-03-22 00:00:00-04:00,157.8829348177373,160.69766769977065,156.40618380927145,156.42601013183594,75701800,0.0,0.0,APPLE,AAPL
2023-03-23 00:00:00-04:00,157.41713397261083,160.11293949819742,156.2773546917545,157.5162353515625,67622100,0.0,0.0,APPLE,AAPL
2023-03-24 00:00:00-04:00,157.44685878169065,158.91368918214428,156.4458486981132,158.82449340820312,59196500,0.0,0.0,APPLE,AAPL
2023-03-27 00:00:00-04:00,158.51726169320153,159.3398802717359,156.46566804738902,156.8720245361328,52390300,0.0,0.0,APPLE,AAPL
2023-03-28 00:00:00-04:00,156.56476504075383,157.0801435690118,154.59246181824673,156.2476043701172,45992200,0.0,0.0,APPLE,AAPL
2023-03-29 00:00:00-04:00,157.95230377159302,159.61736703161768,157.93249257214313,159.33985900878906,51305700,0.0,0.0,APPLE,AAPL
2023-03-30 00:00:00-04:00,160.09309198521143,161.0247325377752,159.83541028637475,160.91571044921875,49501700,0.0,0.0,APPLE,AAPL
2023-03-31 00:00:00-04:00,160.99498214280177,163.53220668747687,160.46969808268003,163.43309020996094,68749800,0.0,0.0,APPLE,AAPL
2023-04-03 00:00:00-04:00,162.80872590475465,164.81074592730272,162.75916765957112,164.6918182373047,56976200,0.0,0.0,APPLE,AAPL
2023-04-04 00:00:00-04:00,165.1180039760234,165.35585936030904,163.6412529320187,164.15663146972656,46278300,0.0,0.0,APPLE,AAPL
2023-04-05 00:00:00-04:00,163.27453103673446,163.5817709560874,160.36068191775178,162.30323791503906,51511700,0.0,0.0,APPLE,AAPL
2023-04-06 00:00:00-04:00,160.98510790466275,163.4926163777719,160.55894019900367,163.19528198242188,45390100,0.0,0.0,APPLE,AAPL
2023-04-10 00:00:00-04:00,159.98409444358578,160.5886688232422,158.6560179778013,160.5886688232422,47716900,0.0,0.0,APPLE,AAPL
2023-04-11 00:00:00-04:00,160.90581330889393,160.9157189090824,159.08216962961518,159.36959838867188,47644200,0.0,0.0,APPLE,AAPL
2023-04-12 00:00:00-04:00,159.7858591607215,160.6183832614872,158.35866634623534,158.6758270263672,50133100,0.0,0.0,APPLE,AAPL
2023-04-13 00:00:00-04:00,160.19221653987137,164.32512026733755,159.98407795194623,164.08724975585938,68445600,0.0,0.0,APPLE,AAPL
2023-04-14 00:00:00-04:00,163.1258766656828,164.84049824090104,162.36273713306923,163.74037170410156,49386500,0.0,0.0,APPLE,AAPL
2023-04-17 00:00:00-04:00,163.62142359967223,163.91875794761413,162.57085534359018,163.7601776123047,41516200,0.0,0.0,APPLE,AAPL
2023-04-18 00:00:00-04:00,164.6224776613853,165.92082224839072,164.17646849957234,164.9891815185547,49923000,0.0,0.0,APPLE,AAPL
2023-04-19 00:00:00-04:00,164.32513190006836,166.66413916449648,164.06743504696098,166.13885498046875,47720200,0.0,0.0,APPLE,AAPL
2023-04-20 00:00:00-04:00,164.61254066948467,166.37670544707035,164.0872565010493,165.1675567626953,52456400,0.0,0.0,APPLE,AAPL
2023-04-21 00:00:00-04:00,163.58179491237593,164.9693351136413,163.0267788318698,163.55206298828125,58337300,0.0,0.0,APPLE,AAPL
2023-04-24 00:00:00-04:00,163.53221719810315,164.12688585531714,162.43209076839383,163.85928344726562,41949600,0.0,0.0,APPLE,AAPL
2023-04-25 00:00:00-04:00,163.72053781617427,164.83056990181737,162.27351874191552,162.31317138671875,48714100,0.0,0.0,APPLE,AAPL
2023-04-26 00:00:00-04:00,161.60946791600787,163.80972071511513,161.35178623723965,162.30323791503906,45498800,0.0,0.0,APPLE,AAPL
2023-04-27 00:00:00-04:00,163.72055333888554,167.06057063521666,163.72055333888554,166.9119110107422,64902300,0.0,0.0,APPLE,AAPL
2023-04-28 00:00:00-04:00,166.9912068392812,168.33910959802364,166.3866324741896,168.1706085205078,55209200,0.0,0.0,APPLE,AAPL
2023-05-01 00:00:00-04:00,167.77418090050938,168.93377143610374,167.1398745787384,168.0814208984375,52472900,0.0,0.0,APPLE,AAPL
2023-05-02 00:00:00-04:00,168.57695592218053,168.8346527635164,166.0496364953305,167.04074096679688,48425700,0.0,0.0,APPLE,AAPL
2023-05-03 00:00:00-04:00,167.99221651388285,169.39958312064851,165.67303556145444,165.96044921875,65136000,0.0,0.0,APPLE,AAPL
2023-05-04 00:00:00-04:00,163.42321284611648,165.5540813733989,162.84837044792107,164.31520080566406,81235400,0.0,0.0,APPLE,AAPL
2023-05-05 00:00:00-04:00,169.45904407323195,172.74951828972897,169.24099987223252,172.02601623535156,113316400,0.0,0.0,APPLE,AAPL
2023-05-08 00:00:00-04:00,170.9457036748566,172.3035271533145,170.5789998411912,171.95663452148438,55962800,0.0,0.0,APPLE,AAPL
2023-05-09 00:00:00-04:00,171.5106167971042,171.99624826685388,170.0735184638984,170.24200439453125,45326900,0.0,0.0,APPLE,AAPL
2023-05-10 00:00:00-04:00,171.4808778133282,172.48188775635265,170.37083066450225,172.0160675048828,53724500,0.0,0.0,APPLE,AAPL
2023-05-11 00:00:00-04:00,172.30352323742437,173.0369308880872,170.63845981475797,172.20440673828125,49514700,0.0,0.0,APPLE,AAPL
2023-05-12 00:00:00-04:00,172.3135560619337,172.75024761525086,169.7132756322357,171.27146911621094,45497800,0.24,0.0,APPLE,AAPL
2023-05-15 00:00:00-04:00,171.85704787235903,171.90667467230108,170.17976198453994,170.77525329589844,37266700,0.0,0.0,APPLE,AAPL
2023-05-16 00:00:00-04:00,170.69585344478577,171.83719412358758,170.5072806913898,170.77525329589844,42110300,0.0,0.0,APPLE,AAPL
2023-05-17 00:00:00-04:00,170.41794239989213,171.62874834746046,169.13764076744155,171.39056396484375,57951600,0.0,0.0,APPLE,AAPL
2023-05-18 00:00:00-04:00,171.69824104214084,173.92139134908305,171.28140319908402,173.73281860351562,65496700,0.0,0.0,APPLE,AAPL
2023-05-19 00:00:00-04:00,175.06273574474233,175.06273574474233,173.62364943906087,173.8419952392578,55772400,0.0,0.0,APPLE,AAPL
2023-05-22 00:00:00-04:00,172.67082966128476,173.3953474550921,172.14481902105013,172.88917541503906,43570900,0.0,0.0,APPLE,AAPL
2023-05-23 00:00:00-04:00,171.82725170101335,172.07537052336497,169.99116635802292,170.26905822753906,50747300,0.0,0.0,APPLE,AAPL
2023-05-24 00:00:00-04:00,169.80259482166662,171.1225887831174,169.2368917775998,170.5469512939453,45143500,0.0,0.0,APPLE,AAPL
2023-05-25 00:00:00-04:00,171.11265601316939,172.59143439622224,170.39807264451125,171.68829345703125,56058300,0.0,0.0,APPLE,AAPL
2023-05-26 00:00:00-04:00,172.01583117068753,174.44739269623702,171.80740468839622,174.1099395751953,54835000,0.0,0.0,APPLE,AAPL
2023-05-30 00:00:00-04:00,175.62841290652338,177.64313629194103,175.2413481956296,175.96585083007812,55964400,0.0,0.0,APPLE,AAPL
2023-05-31 00:00:00-04:00,175.99565961269718,178.00046410534546,175.4299413812976,175.916259765625,99625300,0.0,0.0,APPLE,AAPL
2023-06-01 00:00:00-04:00,176.3628631071657,178.76465158842046,175.59865286277548,178.73487854003906,68901800,0.0,0.0,APPLE,AAPL
2023-06-02 00:00:00-04:00,179.66779400262783,180.41215044305542,177.91110856290692,179.58839416503906,61945900,0.0,0.0,APPLE,AAPL
2023-06-05 00:00:00-04:00,181.25576664565278,183.55830143833987,176.70029356551757,178.2287139892578,121946500,0.0,0.0,APPLE,AAPL
2023-06-06 00:00:00-04:00,178.61580235581204,178.76466761106187,176.0949063111125,177.8615264892578,64848400,0.0,0.0,APPLE,AAPL
2023-06-07 00:00:00-04:00,177.09730925974853,179.84647030311896,175.9857416800345,176.4819793701172,61944600,0.0,0.0,APPLE,AAPL
2023-06-08 00:00:00-04:00,176.56135080082998,179.47923062220013,176.12467438732125,179.21127319335938,50214900,0.0,0.0,APPLE,AAPL
2023-06-09 00:00:00-04:00,180.13427291189814,180.85877566456503,179.2708242183914,179.5983428955078,48870700,0.0,0.0,APPLE,AAPL
2023-06-12 00:00:00-04:00,179.90601640267764,182.50629705263665,179.60827075983389,182.40704345703125,54274900,0.0,0.0,APPLE,AAPL
2023-06-13 00:00:00-04:00,181.4244766251203,182.76430911070224,181.0671849335044,181.93063354492188,54929100,0.0,0.0,APPLE,AAPL
2023-06-14 00:00:00-04:00,181.9902041416917,183.00253326157815,180.6503714756975,182.5658416748047,57462900,0.0,0.0,APPLE,AAPL
2023-06-15 00:00:00-04:00,182.57578902105072,185.11652373019436,182.39713556657819,184.6103515625,65433200,0.0,0.0,APPLE,AAPL
2023-06-16 00:00:00-04:00,185.32491183758503,185.58296511233405,182.88343103661734,183.52853393554688,101235600,0.0,0.0,APPLE,AAPL
2023-06-20 00:00:00-04:00,183.0223827636369,184.69966852666565,183.0223827636369,183.61785888671875,49799100,0.0,0.0,APPLE,AAPL
2023-06-21 00:00:00-04:00,183.50867393361597,184.01484602054117,181.21605845086614,182.5757598876953,49515700,0.0,0.0,APPLE,AAPL
2023-06-22 00:00:00-04:00,182.35743123046893,185.64252230545932,182.28795068496888,185.5928955078125,51245300,0.0,0.0,APPLE,AAPL
2023-06-23 00:00:00-04:00,184.15381217622152,186.14868226406438,183.61786698344585,185.27529907226562,53079300,0.0,0.0,APPLE,AAPL
2023-06-26 00:00:00-04:00,185.42415928991971,186.6349803489813,183.83619277653602,183.8759002685547,48088700,0.0,0.0,APPLE,AAPL
2023-06-27 00:00:00-04:00,184.491243018021,186.9724314039452,184.2728972285419,186.64491271972656,50730800,0.0,0.0,APPLE,AAPL
2023-06-28 00:00:00-04:00,186.5158835329519,188.47106116590345,186.18837999717346,187.82595825195312,51216800,0.0,0.0,APPLE,AAPL
2023-06-29 00:00:00-04:00,187.65721893731777,188.63977487015424,187.51827301040888,188.1633758544922,46347300,0.0,0.0,APPLE,AAPL
2023-06-30 00:00:00-04:00,190.188048421843,193.0165939677774,189.820822259396,192.51043701171875,85069600,0.0,0.0,APPLE,AAPL
2023-07-03 00:00:00-04:00,192.3218852380738,192.42113883743698,190.31708065392723,191.01182556152344,31458200,0.0,0.0,APPLE,AAPL
2023-07-05 00:00:00-04:00,190.12850409377413,191.5278827838796,189.18564042572623,189.8903045654297,46920300,0.0,0.0,APPLE,AAPL
2023-07-06 00:00:00-04:00,188.4115064167895,190.57511043531196,187.77632283358471,190.36668395996094,45094300,0.0,0.0,APPLE,AAPL
2023-07-07 00:00:00-04:00,189.96969607727493,191.2202094723073,188.80850182246542,189.24517822265625,46778000,0.0,0.0,APPLE,AAPL
2023-07-10 00:00:00-04:00,187.83588357427638,188.56040149996468,185.63258703549474,187.19078063964844,59922200,0.0,0.0,APPLE,AAPL
2023-07-11 00:00:00-04:00,187.7366242460387,187.87557017699805,185.19588999765614,186.6647491455078,46638100,0.0,0.0,APPLE,AAPL
2023-07-12 00:00:00-04:00,188.25270672963643,190.2575110663078,187.05182010303508,188.342041015625,60750200,0.0,0.0,APPLE,AAPL
2023-07-13 00:00:00-04:00,189.06653934191485,189.75134970272404,188.35195593445923,189.10623168945312,41342300,0.0,0.0,APPLE,AAPL
2023-07-14 00:00:00-04:00,188.79858162868422,189.74143018258206,188.203105504946,189.255126953125,41573900,0.0,0.0,APPLE,AAPL
2023-07-17 00:00:00-04:00,190.45600381205304,192.85780736222108,190.3666846697001,192.53028869628906,50520200,0.0,0.0,APPLE,AAPL
2023-07-18 00:00:00-04:00,191.89511697543264,192.8677385882339,190.97210701546965,192.27224731445312,48353800,0.0,0.0,APPLE,AAPL
2023-07-19 00:00:00-04:00,191.64697698861832,196.73836472736357,191.20035101057832,193.63192749023438,80507300,0.0,0.0,APPLE,AAPL
2023-07-20 00:00:00-04:00,193.6220009023945,194.9916216501567,191.05149353304836,191.6767578125,59581200,0.0,0.0,APPLE,AAPL
2023-07-21 00:00:00-04:00,192.6394625715507,193.50291123999378,189.7910481510584,190.49571228027344,71917800,0.0,0.0,APPLE,AAPL
2023-07-24 00:00:00-04:00,191.9546589402895,193.44337194871,190.80338391255776,191.29962158203125,45377800,0.0,0.0,APPLE,AAPL
2023-07-25 00:00:00-04:00,191.8752747291033,192.9769230508511,191.46835617242775,192.1630859375,37283200,0.0,0.0,APPLE,AAPL
2023-07-26 00:00:00-04:00,192.21269689922778,194.16787452666702,191.86533961729995,193.0364532470703,47471900,0.0,0.0,APPLE,AAPL
2023-07-27 00:00:00-04:00,194.5450012117714,195.71611472843404,191.10111090990094,191.7660675048828,47460200,0.0,0.0,APPLE,AAPL
2023-07-28 00:00:00-04:00,193.20517029738988,195.15042860374737,192.6791595850325,194.3564453125,48291400,0.0,0.0,APPLE,AAPL
2023-07-31 00:00:00-04:00,194.58470647584855,195.01147873318087,193.79072320060368,194.97177124023438,38824100,0.0,0.0,APPLE,AAPL
2023-08-01 00:00:00-04:00,194.76335631965225,195.24965951950642,193.81057337810935,194.13809204101562,35175100,0.0,0.0,APPLE,AAPL
2023-08-02 00:00:00-04:00,193.57237058354673,193.7113165160086,190.4063871835963,191.13088989257812,50389300,0.0,0.0,APPLE,AAPL
2023-08-03 00:00:00-04:00,190.12852085535187,190.92248906521922,189.25513765173034,189.7315216064453,61235200,0.0,0.0,APPLE,AAPL
2023-08-04 00:00:00-04:00,184.12402690270278,185.9700316166551,180.55110966796553,180.62059020996094,115799700,0.0,0.0,APPLE,AAPL
2023-08-07 00:00:00-04:00,180.75952916090975,181.7520044495214,176.01549849286377,177.50421142578125,97576100,0.0,0.0,APPLE,AAPL
2023-08-08 00:00:00-04:00,178.33789436874574,178.91353187709316,176.2437708178845,178.4470672607422,67823000,0.0,0.0,APPLE,AAPL
2023-08-09 00:00:00-04:00,179.50900875402357,179.568554851008,175.67805336031552,176.84918212890625,60378500,0.0,0.0,APPLE,AAPL
2023-08-10 00:00:00-04:00,178.12944570765407,179.38989345940934,176.26360261853452,176.6308135986328,54686900,0.0,0.0,APPLE,AAPL
2023-08-11 00:00:00-04:00,176.22338084720406,177.51532893244283,175.45813862661385,176.69046020507812,51988100,0.24,0.0,APPLE,AAPL
2023-08-14 00:00:00-04:00,176.86935281922499,178.57871676071744,176.21343092354076,178.3501434326172,43675600,0.0,0.0,APPLE,AAPL
2023-08-15 00:00:00-04:00,177.7737337283927,178.37001397078072,175.9550494184861,176.35256958007812,43622600,0.0,0.0,APPLE,AAPL
2023-08-16 00:00:00-04:00,176.0345616520876,177.43583011971523,175.4084529729965,175.47802734375,46964900,0.0,0.0,APPLE,AAPL
2023-08-17 00:00:00-04:00,176.04448461625057,176.41219151441152,172.40711609073566,172.9239044189453,66062900,0.0,0.0,APPLE,AAPL
2023-08-18 00:00:00-04:00,171.23443009200113,174.0171167915457,170.8965364290824,173.410888671875,61114200,0.0,0.0,APPLE,AAPL
2023-08-21 00:00:00-04:00,173.98727547488048,175.04071740961578,172.66549912667216,174.75250244140625,46311900,0.0,0.0,APPLE,AAPL
2023-08-22 00:00:00-04:00,175.96496432299716,176.58112506049082,175.15997622029204,176.1339111328125,42084200,0.0,0.0,APPLE,AAPL
2023-08-23 00:00:00-04:00,177.41596644953157,180.4272265262981,177.2271390578494,179.9998779296875,52722800,0.0,0.0,APPLE,AAPL
2023-08-24 00:00:00-04:00,179.55266206734146,179.98001065949663,174.92147774645116,175.28919982910156,54945800,0.0,0.0,APPLE,AAPL
2023-08-25 00:00:00-04:00,176.28301269216934,178.04205535297126,174.73266281139772,177.50540161132812,51449600,0.0,0.0,APPLE,AAPL
2023-08-28 00:00:00-04:00,178.97623493994635,179.4731427043403,177.4457656979585,179.07562255859375,43820700,0.0,0.0,APPLE,AAPL
2023-08-29 00:00:00-04:00,178.5886452216866,183.75648287285222,178.38988515133815,182.98130798339844,53003900,0.0,0.0,APPLE,AAPL
2023-08-30 00:00:00-04:00,183.7962700149799,186.6882772160455,183.5975099164829,186.489501953125,60813900,0.0,0.0,APPLE,AAPL
2023-08-31 00:00:00-04:00,186.6783166282915,187.95039936926207,186.3205424096171,186.7081298828125,60794500,0.0,0.0,APPLE,AAPL
2023-09-01 00:00:00-04:00,188.31811281370076,188.7454462185212,187.1155893336136,188.28829956054688,45732600,0.0,0.0,APPLE,AAPL
2023-09-05 00:00:00-04:00,187.11559340947835,188.8050768374951,186.44973880050088,188.5268096923828,45280000,0.0,0.0,APPLE,AAPL
2023-09-06 00:00:00-04:00,187.23484633917346,187.68207547486304,180.34771175415628,181.77880859375,81755800,0.0,0.0,APPLE,AAPL
2023-09-07 00:00:00-04:00,174.09661277894284,177.1078880544232,172.46675577109517,176.46189880371094,112488800,0.0,0.0,APPLE,AAPL
2023-09-08 00:00:00-04:00,177.24701069547294,179.12532149203676,176.6904612453168,177.0780487060547,65551300,0.0,0.0,APPLE,AAPL
2023-09-11 00:00:00-04:00,178.9563633540274,179.18493667169957,176.24323613595504,178.25074768066406,58953100,0.0,0.0,APPLE,AAPL
2023-09-12 00:00:00-04:00,178.37997587722177,179.01601728450376,173.7388586270757,175.20970153808594,90370200,0.0,0.0,APPLE,AAPL
2023-09-13 00:00:00-04:00,175.41836231553663,176.2034850251751,172.9040104015583,173.13259887695312,84267900,0.0,0.0,APPLE,AAPL
2023-09-14 00:00:00-04:00,172.92390792735483,175.0109266750055,172.5065072107091,174.6531524658203,60895800,0.0,0.0,APPLE,AAPL
2023-09-15 00:00:00-04:00,175.38856818743835,175.40844874494908,172.74503028655468,173.9276580810547,109205100,0.0,0.0,APPLE,AAPL
2023-09-18 00:00:00-04:00,175.38854849165324,178.27062243017014,175.0804681247336,176.8693389892578,67257600,0.0,0.0,APPLE,AAPL
2023-09-19 00:00:00-04:00,176.42215294794642,178.51910451081574,176.03456546307592,177.9625701904297,51826900,0.0,0.0,APPLE,AAPL
2023-09-20 00:00:00-04:00,178.1513672500879,178.5886485115626,174.3152386804528,174.40469360351562,58436200,0.0,0.0,APPLE,AAPL
2023-09-21 00:00:00-04:00,173.47050026870355,175.20967741085585,172.78476514063325,172.8543243408203,63047900,0.0,0.0,APPLE,AAPL
2023-09-22 00:00:00-04:00,173.5897771264219,175.9848764735621,172.97361627830674,173.7090301513672,56725400,0.0,0.0,APPLE,AAPL
2023-09-25 00:00:00-04:00,173.12266501245767,175.87553831983675,173.07297120229282,174.9910430908203,46172700,0.0,0.0,APPLE,AAPL
2023-09-26 00:00:00-04:00,173.73885876847856,174.1164984027068,170.59839768303257,170.89654541015625,64588900,0.0,0.0,APPLE,AAPL
2023-09-27 00:00:00-04:00,171.55241958401086,171.96982025682692,168.00450628286396,169.37596130371094,66921800,0.0,0.0,APPLE,AAPL
2023-09-28 00:00:00-04:00,168.29272705350883,170.96609339598558,166.5833630389383,169.63438415527344,56294400,0.0,0.0,APPLE,AAPL
2023-09-29 00:00:00-04:00,170.95614167013932,171.9996509482002,169.28652379235777,170.15115356445312,51814200,0.0,0.0,APPLE,AAPL
2023-10-02 00:00:00-04:00,170.16109351938684,173.22204712222216,169.87287852825236,172.67544555664062,52164500,0.0,0.0,APPLE,AAPL
2023-10-03 00:00:00-04:00,171.19465244741932,172.55618999324432,169.76357086656446,171.3337860107422,49594600,0.0,0.0,APPLE,AAPL
2023-10-04 00:00:00-04:00,170.03190052575047,173.13261538484517,169.91264751116213,172.5860137939453,53020300,0.0,0.0,APPLE,AAPL
2023-10-05 00:00:00-04:00,172.7151938850701,174.3649313004983,171.61205804275627,173.82827758789062,48527900,0.0,0.0,APPLE,AAPL
2023-10-06 00:00:00-04:00,172.7251520422754,176.88924177784276,172.10897606656815,176.392333984375,57224100,0.0,0.0,APPLE,AAPL
2023-10-09 00:00:00-04:00,175.71653078442577,177.94268314929081,174.7127825048992,177.883056640625,42390800,0.0,0.0,APPLE,AAPL
2023-10-10 00:00:00-04:00,176.99855858071479,178.60853494693302,176.84947714698436,177.28675842285156,43698000,0.0,0.0,APPLE,AAPL
2023-10-11 00:00:00-04:00,177.09792315514355,178.7377278666485,176.50164294003199,178.6880340576172,47551100,0.0,0.0,APPLE,AAPL
2023-10-12 00:00:00-04:00,178.95638111240146,181.21233159015208,177.9327371003315,179.59242248535156,56743100,0.0,0.0,APPLE,AAPL
2023-10-13 00:00:00-04:00,180.29802522104373,180.80486572035005,177.03831125012886,177.74392700195312,51427100,0.0,0.0,APPLE,AAPL
2023-10-16 00:00:00-04:00,175.6569128281916,177.97250506879755,175.41839161749283,177.61473083496094,52517000,0.0,0.0,APPLE,AAPL
2023-10-17 00:00:00-04:00,175.55752029881808,177.31657816311466,173.71897053093056,176.05442810058594,57549400,0.0,0.0,APPLE,AAPL
2023-10-18 00:00:00-04:00,174.49411588751158,176.48174675740316,174.02702141993345,174.75250244140625,54764400,0.0,0.0,APPLE,AAPL
2023-10-19 00:00:00-04:00,174.9512928962145,176.7401640228471,174.106558728376,174.37489318847656,59302900,0.0,0.0,APPLE,AAPL
2023-10-20 00:00:00-04:00,174.22581676799155,174.33513709455804,171.57233083888437,171.81085205078125,64189300,0.0,0.0,APPLE,AAPL
2023-10-23 00:00:00-04:00,169.85301344001374,172.93383244025344,168.87906331617407,171.93008422851562,55980100,0.0,0.0,APPLE,AAPL
2023-10-24 00:00:00-04:00,171.9797831493734,172.59594393485276,170.3896722111032,172.36737060546875,43816600,0.0,0.0,APPLE,AAPL
2023-10-25 00:00:00-04:00,170.81704513991966,171.9897403716956,169.59464092648332,170.0418701171875,57157000,0.0,0.0,APPLE,AAPL
2023-10-26 00:00:00-04:00,169.31635357139493,170.32011700092076,164.64542343181446,165.85787963867188,70625300,0.0,0.0,APPLE,AAPL
2023-10-27 00:00:00-04:00,165.87774586751993,167.9150706400693,165.79823880916834,167.1796417236328,58499100,0.0,0.0,APPLE,AAPL
2023-10-30 00:00:00-04:00,167.97471206696315,170.11140947897792,167.82563063265053,169.23684692382812,51131000,0.0,0.0,APPLE,AAPL
2023-10-31 00:00:00-04:00,168.30268134414578,169.84308342389463,166.86163656333878,169.71389770507812,44846000,0.0,0.0,APPLE,AAPL
2023-11-01 00:00:00-04:00,169.94245541165574,173.15247532339345,169.0678928937645,172.8940887451172,56934900,0.0,0.0,APPLE,AAPL
2023-11-02 00:00:00-04:00,174.43452247323137,176.68054032302643,174.3748959621323,176.4718475341797,77334800,0.0,0.0,APPLE,AAPL
2023-11-03 00:00:00-04:00,173.16242643179135,175.72647236371952,172.27793120121478,175.55751037597656,79763700,0.0,0.0,APPLE,AAPL
2023-11-06 00:00:00-05:00,175.28918637857382,178.32031158491046,175.12023955979996,178.12155151367188,63841300,0.0,0.0,APPLE,AAPL
2023-11-07 00:00:00-05:00,178.07186894277902,181.31171744967662,177.8631761623555,180.695556640625,70530000,0.0,0.0,APPLE,AAPL
2023-11-08 00:00:00-05:00,181.22227266382137,182.31546067653568,180.466963136192,181.75892639160156,49340300,0.0,0.0,APPLE,AAPL
2023-11-09 00:00:00-05:00,181.82850773747478,182.98132230147056,180.6856107058037,181.2819061279297,53763500,0.0,0.0,APPLE,AAPL
2023-11-10 00:00:00-05:00,183.07312579736603,185.66045656490678,182.63526841968368,185.49127197265625,66133400,0.24,0.0,APPLE,AAPL
2023-11-13 00:00:00-05:00,184.91410998461964,185.12307770332387,183.31195834215197,183.89907836914062,43627500,0.0,0.0,APPLE,AAPL
2023-11-14 00:00:00-05:00,186.78492632853875,187.1929311504176,185.3917576494399,186.5261993408203,60108400,0.0,0.0,APPLE,AAPL
2023-11-15 00:00:00-05:00,186.93420587357204,188.5761557735661,186.86453984677962,187.09341430664062,53790500,0.0,0.0,APPLE,AAPL
2023-11-16 00:00:00-05:00,188.64582412031268,190.02904704723116,187.73029590080972,188.78514099121094,54412900,0.0,0.0,APPLE,AAPL
2023-11-17 00:00:00-05:00,189.32251104128505,189.45188213648447,187.65070850825023,188.76524353027344,50922700,0.0,0.0,APPLE,AAPL
2023-11-20 00:00:00-05:00,188.96425501994514,190.97441144582112,188.9543092379418,190.5166473388672,46505100,0.0,0.0,APPLE,AAPL
2023-11-21 00:00:00-05:00,190.47685219685218,190.586316538311,188.8149955106325,189.71060180664062,38134500,0.0,0.0,APPLE,AAPL
2023-11-22 00:00:00-05:00,190.55644969232256,191.98941662140743,189.89966369290923,190.3773193359375,39617700,0.0,0.0,APPLE,AAPL
2023-11-24 00:00:00-05:00,189.93947531002817,189.96932784078396,188.3273779116158,189.0438690185547,24048300,0.0,0.0,APPLE,AAPL
2023-11-27 00:00:00-05:00,188.994117188391,189.74046085550287,187.9790855494866,188.86474609375,40552600,0.0,0.0,APPLE,AAPL
2023-11-28 00:00:00-05:00,188.85479867311508,190.14846405510127,188.47664635938358,189.47177124023438,38415400,0.0,0.0,APPLE,AAPL
2023-11-29 00:00:00-05:00,189.96933244559008,191.15353347560767,188.04874872654685,188.44679260253906,43014200,0.0,0.0,APPLE,AAPL
2023-11-30 00:00:00-05:00,188.9145072113341,189.39217809569718,187.27255720148867,189.0239715576172,48794400,0.0,0.0,APPLE,AAPL
2023-12-01 00:00:00-05:00,189.40211098182942,190.6261102728152,188.3074675935333,190.30767822265625,45679300,0.0,0.0,APPLE,AAPL
2023-12-04 00:00:00-05:00,189.05382196941733,189.12348800008925,186.53615721754525,188.50650024414062,43389500,0.0,0.0,APPLE,AAPL
2023-12-05 00:00:00-05:00,189.28269344214408,193.45225356737393,189.25282572872496,192.47703552246094,66628400,0.0,0.0,APPLE,AAPL
2023-12-06 00:00:00-05:00,193.50202134703213,193.81050761672594,191.17343287476277,191.38241577148438,41089700,0.0,0.0,APPLE,AAPL
2023-12-07 00:00:00-05:00,192.68602720531442,194.0493433741143,192.64621370853777,193.32290649414062,47477700,0.0,0.0,APPLE,AAPL
2023-12-08 00:00:00-05:00,193.25322651912307,195.0345083535154,192.72581160789824,194.75587463378906,53377300,0.0,0.0,APPLE,AAPL
2023-12-11 00:00:00-05:00,192.1685693679781,192.54672168765146,190.48680586341095,192.23822021484375,60943700,0.0,0.0,APPLE,AAPL
2023-12-12 00:00:00-05:00,192.13871428631938,193.77071848752672,190.7853438376791,193.76077270507812,52696900,0.0,0.0,APPLE,AAPL
2023-12-13 00:00:00-05:00,194.13890022421998,197.03471713546693,193.90007998207173,196.9949188232422,70404200,0.0,0.0,APPLE,AAPL
2023-12-14 00:00:00-05:00,197.05462270758053,198.64681332186495,195.20368991997998,197.14418029785156,66831600,0.0,0.0,APPLE,AAPL
2023-12-15 00:00:00-05:00,196.5670132843794,197.4327670575499,196.0395983209077,196.60682678222656,128256700,0.0,0.0,APPLE,AAPL
2023-12-18 00:00:00-05:00,195.13401948283078,195.6713953811102,193.44231035021684,194.93499755859375,55751900,0.0,0.0,APPLE,AAPL
2023-12-19 00:00:00-05:00,195.20369275359957,195.98983469805682,194.9350047944863,195.97988891601562,40714100,0.0,0.0,APPLE,AAPL
2023-12-20 00:00:00-05:00,195.94008865557052,196.71628487042167,193.88018798828125,193.88018798828125,52242800,0.0,0.0,APPLE,AAPL
2023-12-21 00:00:00-05:00,195.14397125694492,196.11918926884985,192.55664081053737,193.7308807373047,46482500,0.0,0.0,APPLE,AAPL
2023-12-22 00:00:00-05:00,194.22845757962483,194.45734722393942,192.02924020237552,192.6561737060547,37122800,0.0,0.0,APPLE,AAPL
2023-12-26 00:00:00-05:00,192.66610838714513,192.94474210952626,191.88991227702633,192.1088409423828,28919300,0.0,0.0,APPLE,AAPL
2023-12-27 00:00:00-05:00,191.55160311023462,192.55667382245832,190.15841909855277,192.2083740234375,48087700,0.0,0.0,APPLE,AAPL
2023-12-28 00:00:00-05:00,193.1935437488545,193.71101293849657,192.22827139973785,192.6362762451172,34049900,0.0,0.0,APPLE,AAPL
2023-12-29 00:00:00-05:00,192.9547010641641,193.452263485871,190.7952819760843,191.5913848876953,42628800,0.0,0.0,APPLE,AAPL
2024-01-02 00:00:00-05:00,186.23761848029775,187.52133810124718,182.9935167810597,184.7349853515625,82488700,0.0,0.0,APPLE,AAPL
2024-01-03 00:00:00-05:00,183.32190833232914,184.97381929292,182.53575116647167,183.3517608642578,58414500,0.0,0.0,APPLE,AAPL
2024-01-04 00:00:00-05:00,181.26198308479132,182.19740286158623,179.99818547387906,181.02316284179688,71983600,0.0,0.0,APPLE,AAPL
2024-01-05 00:00:00-05:00,181.10278633743064,181.86902157901608,179.29165172771755,180.29672241210938,62303300,0.0,0.0,APPLE,AAPL
2024-01-08 00:00:00-05:00,181.20228054123743,184.6951784875532,180.6151605231867,184.65536499023438,59144500,0.0,0.0,APPLE,AAPL
2024-01-09 00:00:00-05:00,183.02335798455337,184.24735728099782,181.83915700040632,184.23741149902344,42841800,0.0,0.0,APPLE,AAPL
2024-01-10 00:00:00-05:00,183.45127673118873,185.49127057687537,183.02336513916433,185.2823028564453,46792900,0.0,0.0,APPLE,AAPL
2024-01-11 00:00:00-05:00,185.63057672110963,186.13810009590225,182.7248140769861,184.68521118164062,49128400,0.0,0.0,APPLE,AAPL
2024-01-12 00:00:00-05:00,185.1529124416028,185.82960518169298,184.2871587499394,185.0135955810547,40444700,0.0,0.0,APPLE,AAPL
2024-01-16 00:00:00-05:00,181.27193705900044,183.361690026594,180.04792262326768,182.73477172851562,65603000,0.0,0.0,APPLE,AAPL
2024-01-17 00:00:00-05:00,180.38628371133655,182.03817940296344,179.42101140332082,181.78939819335938,47317400,0.0,0.0,APPLE,AAPL
2024-01-18 00:00:00-05:00,185.182762792007,188.21789634439324,184.92403582100312,187.71038818359375,78005800,0.0,0.0,APPLE,AAPL
2024-01-19 00:00:00-05:00,188.4069897270921,191.01421197583775,187.89948151982946,190.62611389160156,68741000,0.0,0.0,APPLE,AAPL
2024-01-22 00:00:00-05:00,191.36250312836654,194.37773007418247,191.3226896328841,192.9447479248047,60133900,0.0,0.0,APPLE,AAPL
2024-01-23 00:00:00-05:00,194.06924615918857,194.79568302432682,192.8850451968675,194.22845458984375,42355600,0.0,0.0,APPLE,AAPL
2024-01-24 00:00:00-05:00,194.4672860626603,195.42261254918643,193.39254945946814,193.55177307128906,53631300,0.0,0.0,APPLE,AAPL
2024-01-25 00:00:00-05:00,194.26827279243787,195.31315691300077,192.1685587692801,193.223388671875,54822100,0.0,0.0,APPLE,AAPL
2024-01-26 00:00:00-05:00,193.32290534776368,193.8105067973861,191.00426266727368,191.48191833496094,44594000,0.0,0.0,APPLE,AAPL
2024-01-29 00:00:00-05:00,191.07390655519137,191.26298269587747,188.65576059016195,190.79527282714844,47145600,0.0,0.0,APPLE,AAPL
2024-01-30 00:00:00-05:00,190.00914701951908,190.86495502370778,186.55606247111587,187.12327575683594,55859400,0.0,0.0,APPLE,AAPL
2024-01-31 00:00:00-05:00,186.12815142243116,186.18787167030365,183.45127824224116,183.5010223388672,55467800,0.0,0.0,APPLE,AAPL
2024-02-01 00:00:00-05:00,183.09303209854838,186.03859323945602,182.9238626911125,185.94903564453125,64885400,0.0,0.0,APPLE,AAPL
2024-02-02 00:00:00-05:00,178.9831513103476,186.41673495449575,178.3761245608121,184.94395446777344,102518000,0.0,0.0,APPLE,AAPL
2024-02-05 00:00:00-05:00,187.23272451786957,188.32736786854025,184.9339886658605,186.7650146484375,69668800,0.0,0.0,APPLE,AAPL
2024-02-06 00:00:00-05:00,185.94902917871246,188.38708201253658,185.8594715869018,188.37713623046875,43490800,0.0,0.0,APPLE,AAPL
2024-02-07 00:00:00-05:00,189.71060210551596,190.118606941087,187.69049986083044,188.48660278320312,53439000,0.0,0.0,APPLE,AAPL
2024-02-08 00:00:00-05:00,188.46670752859183,188.61597019246477,186.4366593779137,187.4019317626953,40962000,0.0,0.0,APPLE,AAPL
2024-02-09 00:00:00-05:00,187.96985257532495,189.30503301755343,187.3222021069975,188.1691436767578,45155200,0.24,0.0,APPLE,AAPL
2024-02-12 00:00:00-05:00,187.74067569026312,187.98977434952795,186.11654756664825,186.47525024414062,41781900,0.0,0.0,APPLE,AAPL
2024-02-13 00:00:00-05:00,185.10024282819998,185.53865891732192,182.84838113476025,184.37286376953125,56529500,0.0,0.0,APPLE,AAPL
2024-02-14 00:00:00-05:00,184.6518638454696,184.8610982078661,181.78224238811126,183.48606872558594,54630500,0.0,0.0,APPLE,AAPL
2024-02-15 00:00:00-05:00,182.88824837462906,183.82486181575325,180.69618309757163,183.19712829589844,65434500,0.0,0.0,APPLE,AAPL
2024-02-16 00:00:00-05:00,182.75870865343296,184.18356093832674,181.015017979917,181.6527099609375,49701400,0.0,0.0,APPLE,AAPL
2024-02-20 00:00:00-05:00,181.13456200161647,181.7722539176,179.3510224128385,180.9053955078125,53665600,0.0,0.0,APPLE,AAPL
2024-02-21 00:00:00-05:00,181.28405435734408,182.23062628266825,180.00867035619171,181.66268920898438,41529700,0.0,0.0,APPLE,AAPL
2024-02-22 00:00:00-05:00,182.81848586019305,184.29316088677606,181.8021742653834,183.7052764892578,52292200,0.0,0.0,APPLE,AAPL
2024-02-23 00:00:00-05:00,184.3429666556088,184.37285727847149,181.57299077597804,181.86195373535156,45119700,0.0,0.0,APPLE,AAPL
2024-02-26 00:00:00-05:00,181.5829745492965,182.10108884357552,179.99869543060538,180.50686645507812,40867400,0.0,0.0,APPLE,AAPL
2024-02-27 00:00:00-05:00,180.4470750372319,183.25690001064538,178.9126187804792,181.9715576171875,54318900,0.0,0.0,APPLE,AAPL
2024-02-28 00:00:00-05:00,181.85199678307725,182.45979817680953,179.48058766314844,180.76593017578125,48953900,0.0,0.0,APPLE,AAPL
2024-02-29 00:00:00-05:00,180.61647239906964,181.91178855608587,178.88274013933005,180.0983428955078,136682600,0.0,0.0,APPLE,AAPL
2024-03-01 00:00:00-05:00,178.9026640457765,179.87912655443867,176.74048946042234,179.01226806640625,73488000,0.0,0.0,APPLE,AAPL
2024-03-04 00:00:00-05:00,175.51490641269265,176.26220237846417,173.16341449891394,174.4687042236328,81510100,0.0,0.0,APPLE,AAPL
2024-03-05 00:00:00-05:00,170.14434479927544,171.4197287337638,169.00845550750375,169.50665283203125,95132400,0.0,0.0,APPLE,AAPL
2024-03-06 00:00:00-05:00,170.44326190896186,170.6226208472031,168.0718378391885,168.51025390625,68587700,0.0,0.0,APPLE,AAPL
2024-03-07 00:00:00-05:00,168.5401544147667,170.1144598371159,167.8825454793763,168.3907012939453,71765100,0.0,0.0,APPLE,AAPL
2024-03-08 00:00:00-05:00,168.39069767067738,173.0737495355564,168.33091642363513,170.1144561767578,76114600,0.0,0.0,APPLE,AAPL
2024-03-11 00:00:00-04:00,172.31649942978052,173.75131021022753,171.42970876738985,172.12718200683594,60139500,0.0,0.0,APPLE,AAPL
2024-03-12 00:00:00-04:00,172.52572483722957,173.40255698056936,170.39344092810595,172.60543823242188,59825400,0.0,0.0,APPLE,AAPL
2024-03-13 00:00:00-04:00,172.14711771653415,172.56560166885345,170.14435462584885,170.51303100585938,52488700,0.0,0.0,APPLE,AAPL
2024-03-14 00:00:00-04:00,172.28659461404473,173.68154097803347,171.42969464651588,172.3762664794922,72913500,0.0,0.0,APPLE,AAPL
2024-03-15 00:00:00-04:00,170.55286572568298,171.9976348876953,169.67603359258842,171.9976348876953,121664700,0.0,0.0,APPLE,AAPL
2024-03-18 00:00:00-04:00,174.93702524630143,177.06930930187292,172.89441306506424,173.09368896484375,75604200,0.0,0.0,APPLE,AAPL
2024-03-19 00:00:00-04:00,173.71144297319321,175.9732631292534,172.40616838919217,175.44517517089844,55215200,0.0,0.0,APPLE,AAPL
2024-03-20 00:00:00-04:00,175.08647190626633,178.0258331298828,174.45873840154812,178.0258331298828,53423100,0.0,0.0,APPLE,AAPL
2024-03-21 00:00:00-04:00,176.41168117904223,176.8500972709565,170.22406352502733,170.7521514892578,106181300,0.0,0.0,APPLE,AAPL
2024-03-22 00:00:00-04:00,171.14074502028382,172.42610267352754,169.44687710249696,171.65887451171875,71106600,0.0,0.0,APPLE,AAPL
2024-03-25 00:00:00-04:00,169.9550500090239,171.32010587263267,168.83907761478048,170.23403930664062,54288300,0.0,0.0,APPLE,AAPL
2024-03-26 00:00:00-04:00,169.38709229314748,170.80197088667242,168.96860836017046,169.09814453125,57388400,0.0,0.0,APPLE,AAPL
2024-03-27 00:00:00-04:00,169.79562681694486,172.97412838637234,169.4967053620682,172.68516540527344,60273300,0.0,0.0,APPLE,AAPL
2024-03-28 00:00:00-04:00,171.13077090878156,171.60903605513778,169.89523614327186,170.8617401123047,65672700,0.0,0.0,APPLE,AAPL
2024-04-01 00:00:00-04:00,170.5728137058907,170.6325949561908,168.86897205345468,169.4169921875,46240500,0.0,0.0,APPLE,AAPL
2024-04-02 00:00:00-04:00,168.47041766713258,168.72947481572177,167.62347609078947,168.2312774658203,49329500,0.0,0.0,APPLE,AAPL
2024-04-03 00:00:00-04:00,168.1814453345995,170.0646306043195,167.97221097339488,169.03834533691406,47691700,0.0,0.0,APPLE,AAPL
2024-04-04 00:00:00-04:00,169.67605100414067,171.30017927084614,168.21136474609375,168.21136474609375,53704400,0.0,0.0,APPLE,AAPL
2024-04-05 00:00:00-04:00,168.97855588471026,169.77567460225572,168.3408639514289,168.96859741210938,42055200,0.0,0.0,APPLE,AAPL
2024-04-08 00:00:00-04:00,168.42059262733576,168.58997789957206,167.6334475147346,167.84268188476562,37425500,0.0,0.0,APPLE,AAPL
2024-04-09 00:00:00-04:00,168.09176931793073,169.46679875844995,167.74304032326918,169.0582733154297,42451200,0.0,0.0,APPLE,AAPL
2024-04-10 00:00:00-04:00,168.19142141332685,168.48036917466098,166.50751200767976,167.1750946044922,49709300,0.0,0.0,APPLE,AAPL
2024-04-11 00:00:00-04:00,167.73307888899373,174.8274194382653,167.55373514215378,174.40892028808594,91070300,0.0,0.0,APPLE,AAPL
2024-04-12 00:00:00-04:00,173.63173034934167,177.71695459263955,173.58192277868224,175.91348266601562,101593300,0.0,0.0,APPLE,AAPL
2024-04-15 00:00:00-04:00,174.72777001691693,175.993195505436,171.87808065130085,172.06739807128906,73531800,0.0,0.0,APPLE,AAPL
2024-04-16 00:00:00-04:00,171.1307833718662,173.13353117115574,167.6633342016507,168.7693328857422,73711200,0.0,0.0,APPLE,AAPL
2024-04-17 00:00:00-04:00,168.99849837401,170.0347421275801,167.39430236816406,167.39430236816406,50901200,0.0,0.0,APPLE,AAPL
2024-04-18 00:00:00-04:00,167.4241802492927,168.0319815519269,165.94952052629202,166.437744140625,43122900,0.0,0.0,APPLE,AAPL
2024-04-19 00:00:00-04:00,165.610765092168,165.80006730864108,163.48843957599198,164.40512084960938,67772100,0.0,0.0,APPLE,AAPL
2024-04-22 00:00:00-04:00,164.92325754431266,166.65697461863107,164.17596150778874,165.24209594726562,48116400,0.0,0.0,APPLE,AAPL
2024-04-23 00:00:00-04:00,164.75386398167788,166.44773187185876,164.32540636965405,166.2982635498047,49537800,0.0,0.0,APPLE,AAPL
2024-04-24 00:00:00-04:00,165.93957460997115,168.68963384433354,165.61077772251915,168.41064453125,48251800,0.0,0.0,APPLE,AAPL
2024-04-25 00:00:00-04:00,168.91879363485126,169.9949017439694,167.54376407257087,169.27749633789062,50558300,0.0,0.0,APPLE,AAPL
2024-04-26 00:00:00-04:00,169.26751639469646,170.72224396978115,168.57002802452664,168.68960571289062,44838400,0.0,0.0,APPLE,AAPL
2024-04-29 00:00:00-04:00,172.74492977704497,175.39534310552878,172.47591417733986,172.8744659423828,68169400,0.0,0.0,APPLE,AAPL
2024-04-30 00:00:00-04:00,172.70508045160457,174.35909916149876,169.38708455902474,169.7158966064453,65934800,0.0,0.0,APPLE,AAPL
2024-05-01 00:00:00-04:00,168.96859497944865,172.0873148851987,168.5002883097745,168.68960571289062,50383100,0.0,0.0,APPLE,AAPL
2024-05-02 00:00:00-04:00,171.8880442050533,172.7947670308616,170.27388965643632,172.4061737060547,94214900,0.0,0.0,APPLE,AAPL
2024-05-03 00:00:00-04:00,185.97705638865938,186.32580059963428,182.00145144318,182.71885681152344,163224100,0.0,0.0,APPLE,AAPL
2024-05-06 00:00:00-04:00,181.6925778578994,183.5358989126904,179.76952819965473,181.0548858642578,78569700,0.0,0.0,APPLE,AAPL
2024-05-07 00:00:00-04:00,182.78860333233249,184.23337259597065,180.66629297548113,181.7423858642578,77305800,0.0,0.0,APPLE,AAPL
2024-05-08 00:00:00-04:00,182.19076551728074,182.40997355379537,180.79580390275353,182.08116149902344,45057100,0.0,0.0,APPLE,AAPL
2024-05-09 00:00:00-04:00,181.90182360877466,183.99425867082294,181.45344901084354,183.9045867919922,48983000,0.0,0.0,APPLE,AAPL
2024-05-10 00:00:00-04:00,184.48325715706596,184.67283136158454,181.7195112814573,182.63743591308594,50759500,0.25,0.0,APPLE,AAPL
2024-05-13 00:00:00-04:00,185.0220348889267,186.67829703001243,184.2038757983674,185.86013793945312,72044800,0.0,0.0,APPLE,AAPL
2024-05-14 00:00:00-04:00,187.0873746193062,187.87560260141976,185.87012310151908,187.00755310058594,52393600,0.0,0.0,APPLE,AAPL
2024-05-15 00:00:00-04:00,187.48648604697289,190.2203008031565,186.9476945906926,189.2924041748047,70400000,0.0,0.0,APPLE,AAPL
2024-05-16 00:00:00-04:00,190.04070957734746,190.66929452090585,189.23253763528552,189.41212463378906,52845200,0.0,0.0,APPLE,AAPL
2024-05-17 00:00:00-04:00,189.08285791419516,190.3799308889647,188.7535998742954,189.44204711914062,41282900,0.0,0.0,APPLE,AAPL
2024-05-20 00:00:00-04:00,188.90328335886426,191.48744227389747,188.58399727816297,190.6094207763672,44361300,0.0,0.0,APPLE,AAPL
2024-05-21 00:00:00-04:00,190.65930352654095,192.295606563888,190.48968851208156,191.91647338867188,42309400,0.0,0.0,APPLE,AAPL
2024-05-22 00:00:00-04:00,191.83664908760778,192.38541249371693,189.84115686495446,190.4697265625,34648500,0.0,0.0,APPLE,AAPL
2024-05-23 00:00:00-04:00,190.54955125962866,190.5695104450197,186.20936473753514,186.45880126953125,51005900,0.0,0.0,APPLE,AAPL
2024-05-24 00:00:00-04:00,188.3944296603675,190.15045735054443,187.61617368042806,189.5518035888672,36294600,0.0,0.0,APPLE,AAPL
2024-05-28 00:00:00-04:00,191.07834591388357,192.56499305086223,188.6737894364844,189.56178283691406,52280100,0.0,0.0,APPLE,AAPL
2024-05-29 00:00:00-04:00,189.18265440509,191.81670371975596,189.0828736970108,189.86111450195312,53068000,0.0,0.0,APPLE,AAPL
2024-05-30 00:00:00-04:00,190.33005195445256,191.74684967437963,190.2003553062749,190.85885620117188,49947900,0.0,0.0,APPLE,AAPL
2024-05-31 00:00:00-04:00,191.00850903182757,192.13596695656702,189.48195877103,191.81668090820312,75158300,0.0,0.0,APPLE,AAPL
2024-06-03 00:00:00-04:00,192.46522387732944,194.55052487571635,192.08609069758458,193.59268188476562,50080500,0.0,0.0,APPLE,AAPL
2024-06-04 00:00:00-04:00,194.20129645164835,194.87977170290745,192.59492465346364,193.91195678710938,47471400,0.0,0.0,APPLE,AAPL
2024-06-05 00:00:00-04:00,194.95958593724887,196.45620511862302,194.43078171111515,195.42852783203125,54156800,0.0,0.0,APPLE,AAPL
2024-06-06 00:00:00-04:00,195.24895132280378,196.05712328824086,193.73237287474004,194.0416717529297,41181800,0.0,0.0,APPLE,AAPL
2024-06-07 00:00:00-04:00,194.2112712938544,196.4961183769711,193.7024262662087,196.44622802734375,53103900,0.0,0.0,APPLE,AAPL
2024-06-10 00:00:00-04:00,196.45620195884163,196.85530953542744,191.7169079607164,192.68472290039062,97262100,0.0,0.0,APPLE,AAPL
2024-06-11 00:00:00-04:00,193.21353266624035,206.6930926736998,193.1935887051364,206.68310546875,172373300,0.0,0.0,APPLE,AAPL
2024-06-12 00:00:00-04:00,206.902617394007,219.7037025197263,206.43367547843766,212.58978271484375,198134300,0.0,0.0,APPLE,AAPL
2024-06-13 00:00:00-04:00,214.25601418934664,216.2614784743462,211.12309188063193,213.75714111328125,97862700,0.0,0.0,APPLE,AAPL
2024-06-14 00:00:00-04:00,213.36801320894725,214.68503016669274,210.8237575657328,212.01107788085938,70122700,0.0,0.0,APPLE,AAPL
2024-06-17 00:00:00-04:00,212.88909055319678,218.45651588142053,212.2405616472853,216.18165588378906,93728300,0.0,0.0,APPLE,AAPL
2024-06-18 00:00:00-04:00,217.09957203800778,218.13723651623954,212.5199210550432,213.8070068359375,79943300,0.0,0.0,APPLE,AAPL
2024-06-20 00:00:00-04:00,213.44781843702847,213.75713252024897,208.3792815854295,209.2073974609375,86172500,0.0,0.0,APPLE,AAPL
2024-06-21 00:00:00-04:00,209.91581187096148,211.41243109582913,206.64320571720273,207.02235412597656,246421400,0.0,0.0,APPLE,AAPL
2024-06-24 00:00:00-04:00,207.25183162238307,212.22060318958276,206.1243736003879,207.67088317871094,80727000,0.0,0.0,APPLE,AAPL
2024-06-25 00:00:00-04:00,208.67859169129048,210.90357646615678,208.13981549353107,208.59878540039062,56713900,0.0,0.0,APPLE,AAPL
2024-06-26 00:00:00-04:00,211.0233076661301,214.37573529051122,210.16524538059215,212.7693634033203,66213200,0.0,0.0,APPLE,AAPL
2024-06-27 00:00:00-04:00,214.2061287476001,215.25376527623442,211.8714063519454,213.61746215820312,49772700,0.0,0.0,APPLE,AAPL
2024-06-28 00:00:00-04:00,215.28368048569334,215.58300736088682,209.8260080950157,210.14527893066406,82542700,0.0,0.0,APPLE,AAPL
2024-07-01 00:00:00-04:00,211.61197396968475,217.01975619065925,211.4423589537816,216.261474609375,60402900,0.0,0.0,APPLE,AAPL
2024-07-02 00:00:00-04:00,215.66281990345283,219.88329699479613,214.61519864650157,219.77354431152344,58046200,0.0,0.0,APPLE,AAPL
2024-07-03 00:00:00-04:00,219.50414962607874,221.0506591796875,218.53633465750286,221.0506591796875,37369800,0.0,0.0,APPLE,AAPL
2024-07-05 00:00:00-04:00,221.15041758535088,225.93960192344272,221.15041758535088,225.82984924316406,60412400,0.0,0.0,APPLE,AAPL
2024-07-08 00:00:00-04:00,226.57816816685514,227.33646497984205,222.74682662809306,227.30653381347656,59085900,0.0,0.0,APPLE,AAPL
2024-07-09 00:00:00-04:00,227.41627168952732,228.8829597417087,225.85979013808537,228.16458129882812,48076100,0.0,0.0,APPLE,AAPL
2024-07-10 00:00:00-04:00,228.78319647541346,232.55467572482934,228.73330612276442,232.45489501953125,62627700,0.0,0.0,APPLE,AAPL
2024-07-11 00:00:00-04:00,230.86848076037649,231.86622690917008,225.26115227596378,227.05709838867188,64710600,0.0,0.0,APPLE,AAPL
2024-07-12 00:00:00-04:00,228.40404188598967,232.11565870158282,228.1645773343909,230.0203857421875,53046500,0.0,0.0,APPLE,AAPL
2024-07-15 00:00:00-04:00,235.94700263838575,236.69531224247876,232.5646438368613,233.87168884277344,62631300,0.0,0.0,APPLE,AAPL
2024-07-16 00:00:00-04:00,234.47032795283747,235.73746973269033,231.8063477557903,234.29074096679688,43234300,0.0,0.0,APPLE,AAPL
2024-07-17 00:00:00-04:00,228.9328431112231,230.93832254659503,226.12917896312734,228.3641357421875,57345900,0.0,0.0,APPLE,AAPL
2024-07-18 00:00:00-04:00,229.76098610155705,229.92062914212065,221.7690447852705,223.6747283935547,66034600,0.0,0.0,APPLE,AAPL
2024-07-19 00:00:00-04:00,224.31328836166992,226.28882140195597,222.77675082247163,223.80442810058594,49151500,0.0,0.0,APPLE,AAPL
2024-07-22 00:00:00-04:00,226.4983442399413,227.26661302541467,222.58718122432802,223.45523071289062,48201800,0.0,0.0,APPLE,AAPL
2024-07-23 00:00:00-04:00,223.86429647317826,226.42851135969482,222.1781030613285,224.5028533935547,39960300,0.0,0.0,APPLE,AAPL
2024-07-24 00:00:00-04:00,223.49514031921132,224.29334029380243,216.64062905712152,218.0474395751953,61777600,0.0,0.0,APPLE,AAPL
2024-07-25 00:00:00-04:00,218.4365585703147,220.35224458682225,214.13627507494223,216.99981689453125,51391200,0.0,0.0,APPLE,AAPL
2024-07-26 00:00:00-04:00,218.20707238174316,218.99530033853074,215.52313289555326,217.46875,41601300,0.0,0.0,APPLE,AAPL
2024-07-29 00:00:00-04:00,216.47100932714253,218.80573164190093,215.26372979848315,217.7481231689453,36311800,0.0,0.0,APPLE,AAPL
2024-07-30 00:00:00-04:00,218.6959746261333,219.8334045947242,215.63288672795753,218.30685424804688,41643800,0.0,0.0,APPLE,AAPL
2024-07-31 00:00:00-04:00,220.94091084366266,223.3155515626994,220.13273889458495,221.5794677734375,50036300,0.0,0.0,APPLE,AAPL
2024-08-01 00:00:00-04:00,223.86429233538576,223.9740450176905,216.53086747941563,217.8678436279297,62501000,0.0,0.0,APPLE,AAPL
2024-08-02 00:00:00-04:00,218.65606496292435,225.09153987705304,217.2193232804361,219.36447143554688,105568600,0.0,0.0,APPLE,AAPL
2024-08-05 00:00:00-04:00,198.64127617987643,213.0188017705649,195.55824424838744,208.79833984375,119548600,0.0,0.0,APPLE,AAPL
2024-08-06 00:00:00-04:00,204.83729660703725,209.51672869129231,200.6168344706096,206.762939453125,69660500,0.0,0.0,APPLE,AAPL
2024-08-07 00:00:00-04:00,206.43367474426563,213.15848935419993,205.9248296826355,209.34710693359375,63516400,0.0,0.0,APPLE,AAPL
2024-08-08 00:00:00-04:00,212.6296774525561,213.71721707569145,208.35932525259923,212.8292236328125,47161100,0.0,0.0,APPLE,AAPL
2024-08-09 00:00:00-04:00,211.62197118803232,216.29141600978787,211.4922593126285,215.7526397705078,42201600,0.0,0.0,APPLE,AAPL
2024-08-12 00:00:00-04:00,215.83255236617862,219.26875909808805,215.36306766380915,217.2909393310547,38028100,0.25,0.0,APPLE,AAPL
2024-08-13 00:00:00-04:00,218.76929897291208,221.646138683676,218.76929897291208,221.02682495117188,44155300,0.0,0.0,APPLE,AAPL
2024-08-14 00:00:00-04:00,220.3276035510778,222.7848915052682,219.45854930599305,221.47633361816406,41960600,0.0,0.0,APPLE,AAPL
2024-08-15 00:00:00-04:00,224.35317447515422,225.10235023777113,222.5151850202656,224.47303771972656,46414000,0.0,0.0,APPLE,AAPL
2024-08-16 00:00:00-04:00,223.67391069385005,226.5807162697698,223.40420315535758,225.80157470703125,44340200,0.0,0.0,APPLE,AAPL
2024-08-19 00:00:00-04:00,225.4719428035102,225.74165035068273,222.79488010428776,225.64175415039062,40687800,0.0,0.0,APPLE,AAPL
2024-08-20 00:00:00-04:00,225.52188562847152,226.92034094772856,225.20222998863,226.2610626220703,30299000,0.0,0.0,APPLE,AAPL
2024-08-21 00:00:00-04:00,226.2710625686077,227.7294495174454,224.80267685471037,226.15118408203125,34765500,0.0,0.0,APPLE,AAPL
2024-08-22 00:00:00-04:00,227.53966079897057,228.08905941841815,223.65393636981634,224.2832489013672,43695300,0.0,0.0,APPLE,AAPL
2024-08-23 00:00:00-04:00,225.41200238324527,227.96918649391685,224.0834622297127,226.5906982421875,38677300,0.0,0.0,APPLE,AAPL
2024-08-26 00:00:00-04:00,226.5107917661563,227.03022456881217,223.64395069142014,226.93032836914062,30602200,0.0,0.0,APPLE,AAPL
2024-08-27 00:00:00-04:00,225.75162066501636,228.5984945445466,224.64283997153836,227.77938842773438,35934600,0.0,0.0,APPLE,AAPL
2024-08-28 00:00:00-04:00,227.6695099550691,229.6073802985885,225.4319662685897,226.2410888671875,38052200,0.0,0.0,APPLE,AAPL
2024-08-29 00:00:00-04:00,229.8471324488683,232.66402541964027,228.62847197635801,229.53746032714844,51906300,0.0,0.0,APPLE,AAPL
2024-08-30 00:00:00-04:00,229.93703146120657,230.14679214282077,227.23000295250677,228.7483367919922,52990800,0.0,0.0,APPLE,AAPL
2024-09-03 00:00:00-04:00,228.29882348382426,228.74832587928796,220.92692932694945,222.52517700195312,50190600,0.0,0.0,APPLE,AAPL
2024-09-04 00:00:00-04:00,221.4164072047842,221.53627045160738,217.24099295020864,220.6072998046875,43840200,0.0,0.0,APPLE,AAPL
2024-09-05 00:00:00-04:00,221.38642912323468,225.23218875186365,221.2765494057299,222.13560485839844,36615400,0.0,0.0,APPLE,AAPL
2024-09-06 00:00:00-04:00,223.7038813850335,224.99247224215048,219.5284824188554,220.57733154296875,48423000,0.0,0.0,APPLE,AAPL
2024-09-09 00:00:00-04:00,220.57732363843863,221.0268260349447,216.47183996524672,220.66722106933594,67180000,0.0,0.0,APPLE,AAPL
2024-09-10 00:00:00-04:00,218.67940838073807,221.23659254048482,216.49181271910507,219.86810302734375,51591000,0.0,0.0,APPLE,AAPL
2024-09-11 00:00:00-04:00,221.21662032032157,222.84481857216005,217.65053646391294,222.41529846191406,44587100,0.0,0.0,APPLE,AAPL
2024-09-12 00:00:00-04:00,222.25546946786713,223.30431855196207,219.57842214055833,222.52517700195312,37498200,0.0,0.0,APPLE,AAPL
2024-09-13 00:00:00-04:00,223.33429284055268,223.7937787761964,221.66612995902517,222.25547790527344,36766600,0.0,0.0,APPLE,AAPL
2024-09-16 00:00:00-04:00,216.302019591785,216.98128020943747,213.6849038037586,216.082275390625,59357400,0.0,0.0,APPLE,AAPL
2024-09-17 00:00:00-04:00,215.51289221314667,216.6616222741377,214.26426595466958,216.55174255371094,45519300,0.0,0.0,APPLE,AAPL
2024-09-18 00:00:00-04:00,217.31091546092293,222.46524827574677,217.30091669603667,220.4474639892578,59894900,0.0,0.0,APPLE,AAPL
2024-09-19 00:00:00-04:00,224.74274368478322,229.56743739121873,224.38313871157,228.61846923828125,66781300,0.0,0.0,APPLE,AAPL
2024-09-20 00:00:00-04:00,229.7172625160979,232.83382873595048,227.36983908638868,227.94920349121094,318679900,0.0,0.0,APPLE,AAPL
2024-09-23 00:00:00-04:00,227.09015412184934,229.19783588273827,225.56183678133013,226.2211151123047,54146000,0.0,0.0,APPLE,AAPL
2024-09-24 00:00:00-04:00,228.39870925768025,229.09795215651428,225.48192014495527,227.1201171875,43556100,0.0,0.0,APPLE,AAPL
2024-09-25 00:00:00-04:00,224.6827959331431,227.04020291666632,223.77380760174057,226.1212158203125,42308700,0.0,0.0,APPLE,AAPL
2024-09-26 00:00:00-04:00,227.05019905798116,228.24887720276465,225.16227678839184,227.26995849609375,36636700,0.0,0.0,APPLE,AAPL
2024-09-27 00:00:00-04:00,228.20893469195548,229.26776733886913,227.05020584581527,227.53965759277344,34026000,0.0,0.0,APPLE,AAPL
2024-09-30 00:00:00-04:00,229.78718847660608,232.7439422607422,229.39761768078608,232.7439422607422,54541900,0.0,0.0,APPLE,AAPL
2024-10-01 00:00:00-04:00,229.2677705196639,229.3976172900359,223.49412373913023,225.96141052246094,63285000,0.0,0.0,APPLE,AAPL
2024-10-02 00:00:00-04:00,225.64175566026316,227.12012493395358,222.77491454853467,226.53077697753906,32880600,0.0,0.0,APPLE,AAPL
2024-10-03 00:00:00-04:00,224.8925655126969,226.56072831643584,223.0745736591087,225.42198181152344,34044200,0.0,0.0,APPLE,AAPL
2024-10-04 00:00:00-04:00,227.6495326914976,227.74942888869526,223.88368688105714,226.55075073242188,37245100,0.0,0.0,APPLE,AAPL
2024-10-07 00:00:00-04:00,224.25327473060864,225.44196936055414,221.08676038639473,221.4463653564453,39505400,0.0,0.0,APPLE,AAPL
2024-10-08 00:00:00-04:00,224.05349542674807,225.73164177618557,223.0046463373399,225.52188110351562,31855700,0.0,0.0,APPLE,AAPL
2024-10-09 00:00:00-04:00,224.9824739985636,229.49751090746852,224.58291968465133,229.28773498535156,33591100,0.0,0.0,APPLE,AAPL
2024-10-10 00:00:00-04:00,227.5296744960524,229.24778548023318,226.9203442604764,228.7882843017578,28183500,0.0,0.0,APPLE,AAPL
2024-10-11 00:00:00-04:00,229.04800351672907,229.15788323697032,227.09015084025384,227.2999267578125,31759200,0.0,0.0,APPLE,AAPL
2024-10-14 00:00:00-04:00,228.44865815944695,231.47532700331138,228.34877720356226,231.04580688476562,39882100,0.0,0.0,APPLE,AAPL
2024-10-15 00:00:00-04:00,233.3532605949055,237.22900130875718,232.11461788171079,233.59300231933594,64751400,0.0,0.0,APPLE,AAPL
2024-10-16 00:00:00-04:00,231.34547369396782,231.86489123072647,229.5873982094942,231.5252685546875,34082200,0.0,0.0,APPLE,AAPL
2024-10-17 00:00:00-04:00,233.17345903647427,233.59301088010824,230.26666863657624,231.89486694335938,32993800,0.0,0.0,APPLE,AAPL
2024-10-18 00:00:00-04:00,235.9204255737285,235.9204255737285,233.75281228137578,234.74172973632812,46431500,0.0,0.0,APPLE,AAPL
2024-10-21 00:00:00-04:00,234.19234018879644,236.5897117727769,234.19234018879644,236.22010803222656,36254500,0.0,0.0,APPLE,AAPL
2024-10-22 00:00:00-04:00,233.6329632952546,235.96040454410334,232.3443876620224,235.60079956054688,38846600,0.0,0.0,APPLE,AAPL
2024-10-23 00:00:00-04:00,233.822752128634,234.88158476901867,227.50969037853835,230.5063934326172,52287000,0.0,0.0,APPLE,AAPL
2024-10-24 00:00:00-04:00,229.7272566761152,230.56634513279107,228.15898997077215,230.31661987304688,31109500,0.0,0.0,APPLE,AAPL
2024-10-25 00:00:00-04:00,229.4875225740561,232.96369380669327,229.3177112321018,231.1556854248047,38802300,0.0,0.0,APPLE,AAPL
2024-10-28 00:00:00-04:00,233.06359498314518,234.472033847566,232.29443692443334,233.14349365234375,36087100,0.0,0.0,APPLE,AAPL
2024-10-29 00:00:00-04:00,232.84382710997653,234.07247106119948,232.06468555632105,233.41319274902344,35417200,0.0,0.0,APPLE,AAPL
2024-10-30 00:00:00-04:00,232.35435817157438,233.21341362628857,229.29772360355057,229.8471221923828,47070900,0.0,0.0,APPLE,AAPL
2024-10-31 00:00:00-04:00,229.08795100904055,229.57741798472995,225.1223128313268,225.66172790527344,64370100,0.0,0.0,APPLE,AAPL
2024-11-01 00:00:00-04:00,220.72715344034327,225.10234466312102,220.02792579428782,222.66502380371094,65276700,0.0,0.0,APPLE,AAPL
2024-11-04 00:00:00-05:00,220.74713841963055,222.54514803369162,219.46854635353304,221.76600646972656,44944500,0.0,0.0,APPLE,AAPL
2024-11-05 00:00:00-05:00,221.5562414690178,223.70387248945224,220.896963160989,223.2044219970703,28111300,0.0,0.0,APPLE,AAPL
2024-11-06 00:00:00-05:00,222.36535526416637,225.82155947797517,220.94691765378838,222.47523498535156,54561100,0.0,0.0,APPLE,AAPL
2024-11-07 00:00:00-05:00,224.38313701629485,227.629565273657,224.32320539488208,227.22999572753906,42137700,0.0,0.0,APPLE,AAPL
2024-11-08 00:00:00-05:00,227.1699981689453,228.66000366210938,226.41000366210938,226.9600067138672,38328800,0.25,0.0,APPLE,AAPL
2024-11-11 00:00:00-05:00,225.0,225.6999969482422,221.5,224.22999572753906,42005600,0.0,0.0,APPLE,AAPL
2024-11-12 00:00:00-05:00,224.5500030517578,225.58999633789062,223.36000061035156,224.22999572753906,40398300,0.0,0.0,APPLE,AAPL
2024-11-13 00:00:00-05:00,224.00999450683594,226.64999389648438,222.75999450683594,225.1199951171875,48566200,0.0,0.0,APPLE,AAPL
2024-11-14 00:00:00-05:00,225.02000427246094,228.8699951171875,225.0,228.22000122070312,44923900,0.0,0.0,APPLE,AAPL
2024-11-15 00:00:00-05:00,226.39999389648438,226.9199981689453,224.27000427246094,225.0,47923700,0.0,0.0,APPLE,AAPL
2024-11-18 00:00:00-05:00,225.25,229.74000549316406,225.1699981689453,228.02000427246094,44686000,0.0,0.0,APPLE,AAPL
2024-11-19 00:00:00-05:00,226.97999572753906,230.16000366210938,226.66000366210938,228.27999877929688,36211800,0.0,0.0,APPLE,AAPL
2024-11-20 00:00:00-05:00,228.05999755859375,229.92999267578125,225.88999938964844,229.0,35169600,0.0,0.0,APPLE,AAPL
2024-11-21 00:00:00-05:00,228.8800048828125,230.16000366210938,225.7100067138672,228.52000427246094,42108300,0.0,0.0,APPLE,AAPL
2024-11-22 00:00:00-05:00,228.05999755859375,230.72000122070312,228.05999755859375,229.8699951171875,38168300,0.0,0.0,APPLE,AAPL
2024-11-25 00:00:00-05:00,231.4600067138672,233.25,229.74000549316406,232.8699951171875,90152800,0.0,0.0,APPLE,AAPL
2024-11-26 00:00:00-05:00,233.3300018310547,235.57000732421875,233.3300018310547,235.05999755859375,45986200,0.0,0.0,APPLE,AAPL
2024-11-27 00:00:00-05:00,234.47000122070312,235.69000244140625,233.80999755859375,234.92999267578125,33498400,0.0,0.0,APPLE,AAPL
2024-11-29 00:00:00-05:00,234.80999755859375,237.80999755859375,233.97000122070312,237.3300018310547,28481400,0.0,0.0,APPLE,AAPL
2024-12-02 00:00:00-05:00,237.27000427246094,240.7899932861328,237.16000366210938,239.58999633789062,48137100,0.0,0.0,APPLE,AAPL
2024-12-03 00:00:00-05:00,239.80999755859375,242.75999450683594,238.89999389648438,242.64999389648438,38861000,0.0,0.0,APPLE,AAPL
2024-12-04 00:00:00-05:00,242.8699951171875,244.11000061035156,241.25,243.00999450683594,44383900,0.0,0.0,APPLE,AAPL
2024-12-05 00:00:00-05:00,243.99000549316406,244.5399932861328,242.1300048828125,243.0399932861328,40033900,0.0,0.0,APPLE,AAPL
2024-12-06 00:00:00-05:00,242.91000366210938,244.6300048828125,242.0800018310547,242.83999633789062,36870600,0.0,0.0,APPLE,AAPL
2024-12-09 00:00:00-05:00,241.8300018310547,247.24000549316406,241.75,246.75,44649200,0.0,0.0,APPLE,AAPL
2024-12-10 00:00:00-05:00,246.88999938964844,248.2100067138672,245.33999633789062,247.77000427246094,36914800,0.0,0.0,APPLE,AAPL
2024-12-11 00:00:00-05:00,247.9600067138672,250.8000030517578,246.25999450683594,246.49000549316406,45205800,0.0,0.0,APPLE,AAPL
2024-12-12 00:00:00-05:00,246.88999938964844,248.74000549316406,245.67999267578125,247.9600067138672,32777500,0.0,0.0,APPLE,AAPL
2024-12-13 00:00:00-05:00,247.82000732421875,249.2899932861328,246.24000549316406,248.1300048828125,33155300,0.0,0.0,APPLE,AAPL
2024-12-16 00:00:00-05:00,247.99000549316406,251.3800048828125,247.64999389648438,251.0399932861328,51694800,0.0,0.0,APPLE,AAPL
2024-12-17 00:00:00-05:00,250.0800018310547,253.8300018310547,249.77999877929688,253.47999572753906,51356400,0.0,0.0,APPLE,AAPL
2024-12-18 00:00:00-05:00,252.16000366210938,254.27999877929688,247.74000549316406,248.0500030517578,56774100,0.0,0.0,APPLE,AAPL
2024-12-19 00:00:00-05:00,247.5,252.0,247.08999633789062,249.7899932861328,60882300,0.0,0.0,APPLE,AAPL
2024-12-20 00:00:00-05:00,248.0399932861328,255.0,245.69000244140625,254.49000549316406,147495300,0.0,0.0,APPLE,AAPL
2024-12-23 00:00:00-05:00,254.77000427246094,255.64999389648438,253.4499969482422,255.27000427246094,40858800,0.0,0.0,APPLE,AAPL
2024-12-24 00:00:00-05:00,255.49000549316406,258.2099914550781,255.2899932861328,258.20001220703125,23234700,0.0,0.0,APPLE,AAPL
2024-12-26 00:00:00-05:00,258.19000244140625,260.1000061035156,257.6300048828125,259.0199890136719,27237100,0.0,0.0,APPLE,AAPL
2024-12-27 00:00:00-05:00,257.8299865722656,258.70001220703125,253.05999755859375,255.58999633789062,42355300,0.0,0.0,APPLE,AAPL
2024-12-30 00:00:00-05:00,252.22999572753906,253.5,250.75,252.1999969482422,35557500,0.0,0.0,APPLE,AAPL
2024-12-31 00:00:00-05:00,252.44000244140625,253.27999877929688,249.42999267578125,250.4199981689453,39480700,0.0,0.0,APPLE,AAPL
2025-01-02 00:00:00-05:00,248.92999267578125,249.10000610351562,241.82000732421875,243.85000610351562,55740700,0.0,0.0,APPLE,AAPL
2025-01-03 00:00:00-05:00,243.36000061035156,244.17999267578125,241.88999938964844,243.36000061035156,40244100,0.0,0.0,APPLE,AAPL
2025-01-06 00:00:00-05:00,244.30999755859375,247.3300018310547,243.1999969482422,245.0,45045600,0.0,0.0,APPLE,AAPL
2025-01-07 00:00:00-05:00,242.97999572753906,245.5500030517578,241.35000610351562,242.2100067138672,40856000,0.0,0.0,APPLE,AAPL
2025-01-08 00:00:00-05:00,241.9199981689453,243.7100067138672,240.0500030517578,242.6999969482422,37628900,0.0,0.0,APPLE,AAPL
2025-01-10 00:00:00-05:00,240.00999450683594,240.16000366210938,233.0,236.85000610351562,61710900,0.0,0.0,APPLE,AAPL
2025-01-13 00:00:00-05:00,233.52999877929688,234.6699981689453,229.72000122070312,234.39999389648438,49630700,0.0,0.0,APPLE,AAPL
2025-01-14 00:00:00-05:00,234.75,236.1199951171875,232.47000122070312,233.27999877929688,39435300,0.0,0.0,APPLE,AAPL
2025-01-15 00:00:00-05:00,234.63999938964844,238.9600067138672,234.42999267578125,237.8699951171875,39832000,0.0,0.0,APPLE,AAPL
2025-01-16 00:00:00-05:00,237.35000610351562,238.00999450683594,228.02999877929688,228.25999450683594,71759100,0.0,0.0,APPLE,AAPL
2025-01-17 00:00:00-05:00,232.1199951171875,232.2899932861328,228.47999572753906,229.97999572753906,68247100,0.0,0.0,APPLE,AAPL
2018-01-18 00:00:00-05:00,56.76173011618012,56.82350644360696,56.019920067660664,56.59334182739258,27498000,0.0,0.0,GOOGLE,GOOG
2018-01-19 00:00:00-05:00,56.69597231355076,56.98243234233542,56.42047033299722,56.968482971191406,30552000,0.0,0.0,GOOGLE,GOOG
2018-01-22 00:00:00-05:00,56.984428245634156,58.13326349309284,56.88478716464171,57.99775314331055,29550000,0.0,0.0,GOOGLE,GOOG
2018-01-23 00:00:00-05:00,58.31958676085381,58.71266257345653,58.15169637910945,58.59608459472656,39138000,0.0,0.0,GOOGLE,GOOG
2018-01-24 00:00:00-05:00,59.03499556437596,59.13812209146545,58.15916886510593,58.35296630859375,37128000,0.0,0.0,GOOGLE,GOOG
2018-01-25 00:00:00-05:00,58.822260668056266,59.03598631002072,58.38036209326648,58.89350128173828,29984000,0.0,0.0,GOOGLE,GOOG
2018-01-26 00:00:00-05:00,59.16203086669392,59.16352462768555,58.19055409353612,59.16352462768555,42170000,0.0,0.0,GOOGLE,GOOG
2018-01-29 00:00:00-05:00,59.185447837172596,59.6836418297383,58.98915700192121,59.10972213745117,31494000,0.0,0.0,GOOGLE,GOOG
2018-01-30 00:00:00-05:00,58.673307145248174,59.181961288748425,58.513383491137006,58.65586853027344,37338000,0.0,0.0,GOOGLE,GOOG
2018-01-31 00:00:00-05:00,58.976702598705394,59.10175282065055,58.39331860736033,58.897491455078125,36022000,0.0,0.0,GOOGLE,GOOG
2018-02-01 00:00:00-05:00,58.58712049423078,59.15805271960903,58.2568168418691,58.86610794067383,73514000,0.0,0.0,GOOGLE,GOOG
2018-02-02 00:00:00-05:00,56.16738831823667,56.3606878403159,55.357823039671736,55.75787353515625,117842000,0.0,0.0,GOOGLE,GOOG
2018-02-05 00:00:00-05:00,54.831728139709185,55.54813287266572,52.64615435384739,52.92763137817383,83550000,0.0,0.0,GOOGLE,GOOG
2018-02-06 00:00:00-05:00,51.51226595146414,54.17262016097627,51.31448134678395,54.02565383911133,76630000,0.0,0.0,GOOGLE,GOOG
2018-02-07 00:00:00-05:00,54.052557174827236,54.130274559797485,52.54053650623508,52.57989501953125,51942000,0.0,0.0,GOOGLE,GOOG
2018-02-08 00:00:00-05:00,52.80209214675147,53.00435804775451,50.05355644446972,50.203514099121094,66792000,0.0,0.0,GOOGLE,GOOG
2018-02-09 00:00:00-05:00,51.10872769755671,52.39606088422533,49.669943100583694,52.12454605102539,98360000,0.0,0.0,GOOGLE,GOOG
2018-02-12 00:00:00-05:00,52.642670093665025,53.086062489909956,52.08569103627359,52.53755187988281,56240000,0.0,0.0,GOOGLE,GOOG
2018-02-13 00:00:00-05:00,52.31037139938961,52.869345903341525,52.15692831224642,52.516624450683594,31586000,0.0,0.0,GOOGLE,GOOG
2018-02-14 00:00:00-05:00,52.525589622352285,53.57926887230069,52.300408001153215,53.44126892089844,41304000,0.0,0.0,GOOGLE,GOOG
2018-02-15 00:00:00-05:00,53.9768275783037,54.50740538533291,53.16875611864553,54.37089920043945,37396000,0.0,0.0,GOOGLE,GOOG
2018-02-16 00:00:00-05:00,54.471532330530074,55.215337861369804,54.38036350077949,54.577152252197266,39948000,0.0,0.0,GOOGLE,GOOG
2018-02-20 00:00:00-05:00,54.44064988024278,55.61289882089005,54.30314784505331,54.980194091796875,33754000,0.0,0.0,GOOGLE,GOOG
2018-02-21 00:00:00-05:00,55.25470024911743,56.604805579057796,55.17548530230844,55.486358642578125,41486000,0.0,0.0,GOOGLE,GOOG
2018-02-22 00:00:00-05:00,55.75637866752995,56.069741603703015,55.057910455895744,55.294551849365234,28010000,0.0,0.0,GOOGLE,GOOG
2018-02-23 00:00:00-05:00,55.73096638433155,56.24610105734789,55.22181435691378,56.20076370239258,25292000,0.0,0.0,GOOGLE,GOOG
2018-02-26 00:00:00-05:00,56.388582428808306,57.003354378941665,56.26303809296128,56.97844696044922,30912000,0.0,0.0,GOOGLE,GOOG
2018-02-27 00:00:00-05:00,56.97845112506958,57.005851948056936,55.637810081931256,55.67367935180664,42964000,0.0,0.0,GOOGLE,GOOG
2018-02-28 00:00:00-05:00,55.89736571232522,56.17884654079806,54.95080014573287,54.99663162231445,49292000,0.0,0.0,GOOGLE,GOOG
2018-03-01 00:00:00-05:00,55.27661819954838,55.36280402823231,53.17174551118729,53.37700271606445,55338000,0.0,0.0,GOOGLE,GOOG
2018-03-02 00:00:00-05:00,52.707929552407265,54.14821169717984,52.31585337981675,54.011207580566406,50162000,0.0,0.0,GOOGLE,GOOG
2018-03-05 00:00:00-05:00,53.71178941060782,54.86012288736304,53.419844666744154,54.540283203125,28648000,0.0,0.0,GOOGLE,GOOG
2018-03-06 00:00:00-05:00,54.905960796349625,55.081825499727486,54.527332288558526,54.84617614746094,23382000,0.0,0.0,GOOGLE,GOOG
2018-03-07 00:00:00-05:00,54.443633936753095,55.608413997994916,54.29865930461153,55.550621032714844,30748000,0.0,0.0,GOOGLE,GOOG
2018-03-08 00:00:00-05:00,55.65823606971866,56.36766234154177,55.65823606971866,56.265037536621094,33862000,0.0,0.0,GOOGLE,GOOG
2018-03-09 00:00:00-05:00,56.769208103103814,57.84032602599458,56.50965095997873,57.83235549926758,42662000,0.0,0.0,GOOGLE,GOOG
2018-03-12 00:00:00-04:00,58.0420939016973,58.69522858379027,57.75065085123731,58.0859375,44306000,0.0,0.0,GOOGLE,GOOG
2018-03-13 00:00:00-04:00,58.379866806121036,58.68725469330841,56.52359699682676,56.78963088989258,43140000,0.0,0.0,GOOGLE,GOOG
2018-03-14 00:00:00-04:00,57.08306995103921,57.77854683528997,56.91119241133007,57.23701095581055,41870000,0.0,0.0,GOOGLE,GOOG
2018-03-15 00:00:00-04:00,57.270886366138065,57.91505082461529,56.577899109924644,57.322696685791016,33382000,0.0,0.0,GOOGLE,GOOG
2018-03-16 00:00:00-04:00,57.55884592851066,57.631580306837215,56.363677482139366,56.5161247253418,58656000,0.0,0.0,GOOGLE,GOOG
2018-03-19 00:00:00-04:00,55.686132421421064,55.766339404399965,54.24933960321341,54.80482864379883,63656000,0.0,0.0,GOOGLE,GOOG
2018-03-20 00:00:00-04:00,54.7216259365846,55.07783661525753,53.925512154879236,54.592098236083984,54598000,0.0,0.0,GOOGLE,GOOG
2018-03-21 00:00:00-04:00,54.43118171848563,55.23476809366832,54.16414819364415,54.50242233276367,44898000,0.0,0.0,GOOGLE,GOOG
2018-03-22 00:00:00-04:00,53.80545187232242,54.00024515564963,52.2924353623236,52.46730422973633,69312000,0.0,0.0,GOOGLE,GOOG
2018-03-23 00:00:00-04:00,52.37862375110153,53.14634089716325,51.058408874378735,51.14210510253906,49880000,0.0,0.0,GOOGLE,GOOG
2018-03-26 00:00:00-04:00,52.34026422127158,52.772200639939975,50.34649223594506,52.51413345336914,65984000,0.0,0.0,GOOGLE,GOOG
2018-03-27 00:00:00-04:00,53.00285842233725,53.034744327735694,49.70082946949741,50.16514587402344,60816000,0.0,0.0,GOOGLE,GOOG
2018-03-28 00:00:00-04:00,49.914557681573555,51.064388803426276,49.02229201500961,50.07746505737305,77698000,0.0,0.0,GOOGLE,GOOG
2018-03-29 00:00:00-04:00,50.37787854590209,52.21322437130817,50.020672004737015,51.66969299316406,69338000,0.0,0.0,GOOGLE,GOOG
2018-04-02 00:00:00-04:00,51.195412930740794,51.78876293415816,49.53294053716006,50.4486198425293,65068000,0.0,0.0,GOOGLE,GOOG
2018-04-03 00:00:00-04:00,50.623980631201846,51.06488337139742,49.682394305305166,50.750022888183594,51322000,0.0,0.0,GOOGLE,GOOG
2018-04-04 00:00:00-04:00,49.73122154898235,51.45049114874168,49.64553363560721,51.299537658691406,50724000,0.0,0.0,GOOGLE,GOOG
2018-04-05 00:00:00-04:00,52.13052382438,52.14646487747833,51.015068208556,51.44550704956055,35836000,0.0,0.0,GOOGLE,GOOG
2018-04-06 00:00:00-04:00,50.97022797714772,51.612898706540534,50.130772286091975,50.31510543823242,40134000,0.0,0.0,GOOGLE,GOOG
2018-04-09 00:00:00-04:00,50.81778095037719,52.040848163140566,50.77593283577623,50.820274353027344,33220000,0.0,0.0,GOOGLE,GOOG
2018-04-10 00:00:00-04:00,51.32693641837432,51.87245946595779,50.58711801150341,51.63780975341797,36620000,0.0,0.0,GOOGLE,GOOG
2018-04-11 00:00:00-04:00,51.413621682233696,51.6064232861684,50.77593394058099,51.067874908447266,34060000,0.0,0.0,GOOGLE,GOOG
2018-04-12 00:00:00-04:00,51.387216706299704,52.04383297487866,51.117195656840835,51.677162170410156,32896000,0.0,0.0,GOOGLE,GOOG
2018-04-13 00:00:00-04:00,52.15543490518356,52.45883183818013,51.32145632717947,51.614891052246094,25410000,0.0,0.0,GOOGLE,GOOG
2018-04-16 00:00:00-04:00,52.08867659959785,52.38161341010968,51.50927594325955,52.1160774230957,29776000,0.0,0.0,GOOGLE,GOOG
2018-04-17 00:00:00-04:00,52.868350005432404,54.05405038753799,52.66359071540156,53.773067474365234,54584000,0.0,0.0,GOOGLE,GOOG
2018-04-18 00:00:00-04:00,53.75562902772036,53.9045870205928,53.33266282596365,53.57528305053711,31126000,0.0,0.0,GOOGLE,GOOG
2018-04-19 00:00:00-04:00,53.25793541072304,54.67728963579866,53.25793541072304,54.2757453918457,39884000,0.0,0.0,GOOGLE,GOOG
2018-04-20 00:00:00-04:00,54.01768098246672,54.53978655323936,53.411377464621324,53.67143630981445,42434000,0.0,0.0,GOOGLE,GOOG
2018-04-23 00:00:00-04:00,53.95341441370685,54.20351106611651,53.14135952689448,53.4965705871582,69590000,0.0,0.0,GOOGLE,GOOG
2018-04-24 00:00:00-04:00,52.768711742343086,53.0322560547114,50.46008302670136,50.94731521606445,128220000,0.0,0.0,GOOGLE,GOOG
2018-04-25 00:00:00-04:00,51.30152496298442,51.616385447482934,50.66682479078727,50.96474838256836,57860000,0.0,0.0,GOOGLE,GOOG
2018-04-26 00:00:00-04:00,51.47439841344177,52.411005541371196,50.83820447933969,51.97707748413086,50926000,0.0,0.0,GOOGLE,GOOG
2018-04-27 00:00:00-04:00,52.08817647651157,52.39506264597481,51.19391914886363,51.3862190246582,40746000,0.0,0.0,GOOGLE,GOOG
2018-04-30 00:00:00-04:00,51.53418768657243,51.73097265665337,50.73109915087889,50.74504852294922,34492000,0.0,0.0,GOOGLE,GOOG
2018-05-01 00:00:00-04:00,50.63145649299909,51.89836351118048,50.34798397618031,51.84954071044922,35326000,0.0,0.0,GOOGLE,GOOG
2018-05-02 00:00:00-04:00,51.513258432351805,52.01045657307694,50.97321633900643,51.11719512939453,34698000,0.0,0.0,GOOGLE,GOOG
2018-05-03 00:00:00-04:00,51.083320718260524,51.34835877733495,50.21247703739465,51.1296501159668,39282000,0.0,0.0,GOOGLE,GOOG
2018-05-04 00:00:00-04:00,50.79636032882061,52.404034943290135,50.718642942618146,52.360191345214844,36892000,0.0,0.0,GOOGLE,GOOG
2018-05-07 00:00:00-04:00,52.504168319926364,53.05766189365627,52.323822332147564,52.78166198730469,34400000,0.0,0.0,GOOGLE,GOOG
2018-05-08 00:00:00-04:00,53.0387287987773,53.06912094383563,52.39207471787207,52.738319396972656,26030000,0.0,0.0,GOOGLE,GOOG
2018-05-09 00:00:00-04:00,53.01282679220372,54.502425828065,52.91368362931627,54.25083541870117,47160000,0.0,0.0,GOOGLE,GOOG
2018-05-10 00:00:00-04:00,54.552241084235774,55.27013955565244,54.49644360145406,55.073848724365234,36414000,0.0,0.0,GOOGLE,GOOG
2018-05-11 00:00:00-04:00,54.82176821314505,55.250215373448526,54.66284419949546,54.969730377197266,30504000,0.0,0.0,GOOGLE,GOOG
2018-05-14 00:00:00-04:00,55.07883745074015,55.70556715743283,55.040478577801736,55.13015365600586,39338000,0.0,0.0,GOOGLE,GOOG
2018-05-15 00:00:00-04:00,54.6469019406318,54.75750107119582,53.74417236106117,54.04757308959961,35738000,0.0,0.0,GOOGLE,GOOG
2018-05-16 00:00:00-04:00,54.05853521032769,54.52135787167429,53.88615974825511,54.00871276855469,25628000,0.0,0.0,GOOGLE,GOOG
2018-05-17 00:00:00-04:00,53.877691381051235,54.352965852624315,53.62659889319444,53.86772537231445,25738000,0.0,0.0,GOOGLE,GOOG
2018-05-18 00:00:00-04:00,53.10747654453527,53.49258179160604,53.041716856030924,53.288818359375,35482000,0.0,0.0,GOOGLE,GOOG
2018-05-21 00:00:00-04:00,53.75513529529046,54.467552892973195,53.705316653680775,54.004730224609375,25180000,0.0,0.0,GOOGLE,GOOG
2018-05-22 00:00:00-04:00,54.29318619880474,54.392823482853466,53.4193511778203,53.5713005065918,22226000,0.0,0.0,GOOGLE,GOOG
2018-05-23 00:00:00-04:00,53.30676111493024,54.203511887698454,53.15530970437744,54.10187911987305,23740000,0.0,0.0,GOOGLE,GOOG
2018-05-24 00:00:00-04:00,54.14870968337926,54.159667732170405,53.42134686446932,54.07646942138672,20604000,0.0,0.0,GOOGLE,GOOG
2018-05-25 00:00:00-04:00,54.131271604051626,54.281727173820386,53.934486635032876,54.008216857910156,22224000,0.0,0.0,GOOGLE,GOOG
2018-05-29 00:00:00-04:00,53.60567309443028,53.87171078583066,52.96200654420101,53.21060562133789,36076000,0.0,0.0,GOOGLE,GOOG
2018-05-30 00:00:00-04:00,53.48012886352712,53.75463500199243,53.134880029043806,53.67890930175781,28686000,0.0,0.0,GOOGLE,GOOG
2018-05-31 00:00:00-04:00,53.90458750495666,55.299532179398966,53.70531295225214,54.80133819580078,79368000,0.0,0.0,GOOGLE,GOOG
2018-06-01 00:00:00-04:00,55.44251897212811,56.70245130948409,55.399671215427084,56.545021057128906,63202000,0.0,0.0,GOOGLE,GOOG
2018-06-04 00:00:00-04:00,56.719384675033346,57.68389054508339,56.644654816779536,57.44375991821289,44754000,0.0,0.0,GOOGLE,GOOG
2018-06-05 00:00:00-04:00,57.524470015688685,57.845305552442426,57.16576972810992,57.34312438964844,32964000,0.0,0.0,GOOGLE,GOOG
2018-06-06 00:00:00-04:00,57.430311064398836,57.52696082390223,56.61078359091275,57.14036178588867,34934000,0.0,0.0,GOOGLE,GOOG
2018-06-07 00:00:00-04:00,57.02228925436406,57.08655518605018,56.10262279086507,56.5161247253418,36108000,0.0,0.0,GOOGLE,GOOG
2018-06-08 00:00:00-04:00,56.35620504519026,56.733335990716164,55.958644162128934,56.43093490600586,27284000,0.0,0.0,GOOGLE,GOOG
2018-06-11 00:00:00-04:00,56.44238987638737,57.17971866198476,56.36566833557647,56.838951110839844,24796000,0.0,0.0,GOOGLE,GOOG
2018-06-12 00:00:00-04:00,56.84493046635163,57.23003573577188,56.84493046635163,57.2021369934082,26092000,0.0,0.0,GOOGLE,GOOG
2018-06-13 00:00:00-04:00,57.4058947892562,57.573291038970076,56.96250244770804,57.00484848022461,34302000,0.0,0.0,GOOGLE,GOOG
2018-06-14 00:00:00-04:00,57.40241245090831,58.08892297676884,57.32220166439743,57.79598617553711,35422000,0.0,0.0,GOOGLE,GOOG
2018-06-15 00:00:00-04:00,57.78651897310584,57.985299420305736,57.47614735321594,57.7541389465332,44438000,0.0,0.0,GOOGLE,GOOG
2018-06-18 00:00:00-04:00,57.42632454467092,58.99264893078544,57.34213039464866,58.965248107910156,33038000,0.0,0.0,GOOGLE,GOOG
2018-06-19 00:00:00-04:00,58.294178793987456,58.92688350016576,57.87071465511991,58.72163009643555,47282000,0.0,0.0,GOOGLE,GOOG
2018-06-20 00:00:00-04:00,58.95129567153564,59.857510659785454,58.88802558222096,58.989654541015625,51686000,0.0,0.0,GOOGLE,GOOG
2018-06-21 00:00:00-04:00,59.061402160214115,59.301529008709636,57.9638792439678,58.26080322265625,44966000,0.0,0.0,GOOGLE,GOOG
2018-06-22 00:00:00-04:00,58.36292970371915,58.53779476316181,57.77306515181492,58.253326416015625,34220000,0.0,0.0,GOOGLE,GOOG
2018-06-25 00:00:00-04:00,57.541407653006935,57.59072837304907,55.79274562890509,56.75824737548828,57682000,0.0,0.0,GOOGLE,GOOG
2018-06-26 00:00:00-04:00,57.00036851755441,57.13637298489147,56.246102838951536,56.426448822021484,34688000,0.0,0.0,GOOGLE,GOOG
2018-06-27 00:00:00-04:00,56.594839661467795,57.10349760848608,55.63332505508433,55.64528274536133,34538000,0.0,0.0,GOOGLE,GOOG
2018-06-28 00:00:00-04:00,55.418603001856724,56.49520181434263,55.10374630141543,56.13550567626953,29726000,0.0,0.0,GOOGLE,GOOG
2018-06-29 00:00:00-04:00,56.411008028302895,56.861873004666826,56.147463728301666,56.25556945800781,31562000,0.0,0.0,GOOGLE,GOOG
2018-07-02 00:00:00-04:00,55.566070168649006,56.94307836797574,55.130150414301205,56.899234771728516,23216000,0.0,0.0,GOOGLE,GOOG
2018-07-03 00:00:00-04:00,57.26341649188384,57.28782599145703,55.52023537949552,55.61240005493164,16448000,0.0,0.0,GOOGLE,GOOG
2018-07-05 00:00:00-04:00,56.0268980130239,57.000370296266816,55.953163991890314,56.85838317871094,28594000,0.0,0.0,GOOGLE,GOOG
2018-07-06 00:00:00-04:00,56.882298036450194,57.60119238291373,56.656614692019346,57.54539489746094,21820000,0.0,0.0,GOOGLE,GOOG
2018-07-09 00:00:00-04:00,57.790503152595996,58.18557062391479,57.652503203768106,58.1531867980957,21584000,0.0,0.0,GOOGLE,GOOG
2018-07-10 00:00:00-04:00,58.28820064731783,58.463065709170934,57.91804058604998,58.14621353149414,21334000,0.0,0.0,GOOGLE,GOOG
2018-07-11 00:00:00-04:00,57.5722958019635,58.80881448953691,57.559843992149524,58.3614387512207,33252000,0.0,0.0,GOOGLE,GOOG
2018-07-12 00:00:00-04:00,58.53082217931601,59.882421267272015,58.443138785820956,59.84605407714844,44148000,0.0,0.0,GOOGLE,GOOG
2018-07-13 00:00:00-04:00,59.922774112954635,60.303394301095025,59.54863069011639,60.003482818603516,32612000,0.0,0.0,GOOGLE,GOOG
2018-07-16 00:00:00-04:00,59.97309265289609,60.21721045924879,59.454472495863115,59.609413146972656,26784000,0.0,0.0,GOOGLE,GOOG
2018-07-17 00:00:00-04:00,58.923398547585954,60.717892038964706,58.88652963714483,60.43491744995117,40162000,0.0,0.0,GOOGLE,GOOG
2018-07-18 00:00:00-04:00,60.20823808572511,60.85887933009391,60.01045728685415,60.426448822021484,38948000,0.0,0.0,GOOGLE,GOOG
2018-07-19 00:00:00-04:00,60.11458038942891,60.60430595035652,59.670192186009174,59.73844528198242,38338000,0.0,0.0,GOOGLE,GOOG
2018-07-20 00:00:00-04:00,59.74541706809537,60.31983467022549,59.61339216562995,59.67766189575195,37938000,0.0,0.0,GOOGLE,GOOG
2018-07-23 00:00:00-04:00,59.56706709017227,60.5355563859049,59.385223536356634,60.331295013427734,65446000,0.0,0.0,GOOGLE,GOOG
2018-07-24 00:00:00-04:00,63.32045993965756,63.51973831022634,61.982312275882286,62.68028259277344,107600000,0.0,0.0,GOOGLE,GOOG
2018-07-25 00:00:00-04:00,62.404777688009766,63.681148959400694,62.22692130396006,63.566566467285156,51104000,0.0,0.0,GOOGLE,GOOG
2018-07-26 00:00:00-04:00,63.13015481474581,64.1375047655286,62.92191006663056,64.0428466796875,54686000,0.0,0.0,GOOGLE,GOOG
2018-07-27 00:00:00-04:00,64.22318946506283,64.33876780308287,61.999747006391466,62.41823196411133,48362000,0.0,0.0,GOOGLE,GOOG
2018-07-30 00:00:00-04:00,62.02764274283651,62.418228937832495,60.987414945577726,61.27985382080078,43896000,0.0,0.0,GOOGLE,GOOG
2018-07-31 00:00:00-04:00,61.36305401659551,61.83634061279212,60.58985973091941,61.139366149902344,39382000,0.0,0.0,GOOGLE,GOOG
2018-08-01 00:00:00-04:00,61.73171714144781,62.06998748596704,61.02577634774451,61.426822662353516,36994000,0.0,0.0,GOOGLE,GOOG
2018-08-02 00:00:00-04:00,60.70493841421538,61.995760776861694,60.683018516670614,61.83235168457031,34704000,0.0,0.0,GOOGLE,GOOG
2018-08-03 00:00:00-04:00,62.03412115209305,62.10088048793753,61.24896917953218,61.684391021728516,21264000,0.0,0.0,GOOGLE,GOOG
2018-08-06 00:00:00-04:00,61.856267800632715,61.89861383521793,61.30426798816153,61.659976959228516,22114000,0.0,0.0,GOOGLE,GOOG
2018-08-07 00:00:00-04:00,62.374390874714926,63.07535254192692,62.363930745833585,62.56520080566406,42506000,0.0,0.0,GOOGLE,GOOG
2018-08-08 00:00:00-04:00,62.609032658628436,63.35632363177498,62.379863882973716,62.83870315551758,34344000,0.0,0.0,GOOGLE,GOOG
2018-08-09 00:00:00-04:00,62.908450709001336,63.36828202637584,62.77742544699278,62.99463653564453,27326000,0.0,0.0,GOOGLE,GOOG
2018-08-10 00:00:00-04:00,62.73159111039591,62.83222803062542,62.13276399598271,62.399295806884766,26602000,0.0,0.0,GOOGLE,GOOG
2018-08-13 00:00:00-04:00,62.3340408426759,63.06987214628196,62.126294015253436,62.20650100708008,27500000,0.0,0.0,GOOGLE,GOOG
2018-08-14 00:00:00-04:00,62.39879995492003,62.80183796768965,61.75314170175215,62.67978286743164,28080000,0.0,0.0,GOOGLE,GOOG
2018-08-15 00:00:00-04:00,61.98928467838352,62.37289239183975,61.09054226295049,61.38846206665039,37052000,0.0,0.0,GOOGLE,GOOG
2018-08-16 00:00:00-04:00,61.875195066636806,61.960388855265826,60.761233257498354,60.98193359375,32176000,0.0,0.0,GOOGLE,GOOG
2018-08-17 00:00:00-04:00,60.88130167083336,61.125913590562035,59.98255925571242,60.57291793823242,33092000,0.0,0.0,GOOGLE,GOOG
2018-08-20 00:00:00-04:00,60.81255367510868,61.07410630218865,60.216714038320426,60.8768196105957,22218000,0.0,0.0,GOOGLE,GOOG
2018-08-21 00:00:00-04:00,60.930123912194276,61.415364384473285,60.53206510986657,60.650634765625,23082000,0.0,0.0,GOOGLE,GOOG
2018-08-22 00:00:00-04:00,60.491712546160564,61.10499078057121,60.44189390458374,60.86685562133789,22296000,0.0,0.0,GOOGLE,GOOG
2018-08-23 00:00:00-04:00,60.773687739994934,61.53542601377746,60.74728275924074,60.83745574951172,24666000,0.0,0.0,GOOGLE,GOOG
2018-08-24 00:00:00-04:00,61.07858633212097,61.64652721308195,60.85041337884121,61.6141471862793,24454000,0.0,0.0,GOOGLE,GOOG
2018-08-27 00:00:00-04:00,61.98230847676956,62.66632937982242,61.80993301987116,62.58661651611328,28580000,0.0,0.0,GOOGLE,GOOG
2018-08-28 00:00:00-04:00,62.56818266029294,62.60106440693375,61.92401818292648,62.067996978759766,27330000,0.0,0.0,GOOGLE,GOOG
2018-08-29 00:00:00-04:00,62.52334921169255,63.12965276028524,62.413745919668486,63.00410461425781,36926000,0.0,0.0,GOOGLE,GOOG
2018-08-30 00:00:00-04:00,62.94183279181094,63.24523353799526,62.135258805064716,62.495452880859375,30104000,0.0,0.0,GOOGLE,GOOG
2018-08-31 00:00:00-04:00,62.384352611459946,62.401289505029325,61.06612940296579,61.36753845214844,42308000,0.0,0.0,GOOGLE,GOOG
2018-09-04 00:00:00-04:00,60.905213487136194,61.17174910659433,60.11009551368821,60.346736907958984,41458000,0.0,0.0,GOOGLE,GOOG
2018-09-05 00:00:00-04:00,60.24261433373246,60.52409516434976,58.55473279254897,59.73844528198242,53988000,0.0,0.0,GOOGLE,GOOG
2018-09-06 00:00:00-04:00,59.71204279651241,59.73296685448649,57.97035537828425,58.98567581176758,46854000,0.0,0.0,GOOGLE,GOOG
2018-09-07 00:00:00-04:00,58.38833485326047,59.21284911001118,58.25233038565621,58.66682815551758,32658000,0.0,0.0,GOOGLE,GOOG
2018-09-10 00:00:00-04:00,58.99613297740478,59.118689796920265,58.319086748964246,58.5407829284668,27670000,0.0,0.0,GOOGLE,GOOG
2018-09-11 00:00:00-04:00,58.34350318214251,59.33192071582179,58.086933560657094,59.28459167480469,29254000,0.0,0.0,GOOGLE,GOOG
2018-09-12 00:00:00-04:00,58.88653044325213,59.319462679803856,58.09739131410254,58.368412017822266,35716000,0.0,0.0,GOOGLE,GOOG
2018-09-13 00:00:00-04:00,58.771944110198795,59.178471338303154,58.24983475428904,58.89350128173828,40068000,0.0,0.0,GOOGLE,GOOG
2018-09-14 00:00:00-04:00,59.18545006159012,59.18545006159012,58.464062305359064,58.686256408691406,24176000,0.0,0.0,GOOGLE,GOOG
2018-09-17 00:00:00-04:00,58.675795229324144,58.87756319213475,57.71378273238787,57.78203582763672,34096000,0.0,0.0,GOOGLE,GOOG
2018-09-18 00:00:00-04:00,57.92302579629791,58.85315622810839,57.861747384035134,58.14472198486328,32314000,0.0,0.0,GOOGLE,GOOG
2018-09-19 00:00:00-04:00,58.236886569629064,58.60106397451215,57.72175188533361,58.501426696777344,25962000,0.0,0.0,GOOGLE,GOOG
2018-09-20 00:00:00-04:00,58.8202744766851,59.48436720162949,58.60007204920482,59.363304138183594,29244000,0.0,0.0,GOOGLE,GOOG
2018-09-21 00:00:00-04:00,59.53019551803402,59.61289590403582,58.391326290268665,58.39431381225586,91222000,0.0,0.0,GOOGLE,GOOG
2018-09-24 00:00:00-04:00,57.76111207086117,59.04545387426363,57.3670404304994,58.76497268676758,31150000,0.0,0.0,GOOGLE,GOOG
2018-09-25 00:00:00-04:00,58.998624383628574,59.6268439904054,58.492456070062765,59.4788818359375,33152000,0.0,0.0,GOOGLE,GOOG
2018-09-26 00:00:00-04:00,59.46892362363193,60.14397439231115,59.05591959510796,59.48735427856445,37650000,0.0,0.0,GOOGLE,GOOG
2018-09-27 00:00:00-04:00,59.78328111357717,60.62323472326282,59.68613343380435,60.14995193481445,36274000,0.0,0.0,GOOGLE,GOOG
2018-09-28 00:00:00-04:00,59.98703978652456,60.20425468200208,59.6751706154455,60.13600158691406,35612000,0.0,0.0,GOOGLE,GOOG
2018-10-01 00:00:00-04:00,60.43093250942301,60.98890734565415,59.94220280647838,60.20823669433594,33164000,0.0,0.0,GOOGLE,GOOG
2018-10-02 00:00:00-04:00,60.1155774022157,61.004855547654024,59.766345190076144,60.163902282714844,40180000,0.0,0.0,GOOGLE,GOOG
2018-10-03 00:00:00-04:00,60.381110191228345,60.48971763674988,59.890388806000395,60.357696533203125,26246000,0.0,0.0,GOOGLE,GOOG
2018-10-04 00:00:00-04:00,60.03386790350107,60.07720977599557,57.98230699440717,58.64091873168945,46576000,0.0,0.0,GOOGLE,GOOG
2018-10-05 00:00:00-04:00,58.58761677197363,58.88653242777027,57.50753248711934,58.18059158325195,31852000,0.0,0.0,GOOGLE,GOOG
2018-10-08 00:00:00-04:00,57.79050384878761,58.58063880094381,56.56494706810459,57.587242126464844,46190000,0.0,0.0,GOOGLE,GOOG
2018-10-09 00:00:00-04:00,57.35757184434945,57.86772353484277,57.00186287867557,57.05168151855469,33690000,0.0,0.0,GOOGLE,GOOG
2018-10-10 00:00:00-04:00,56.614763307370616,56.64565337127244,54.378371332634536,54.4107551574707,58980000,0.0,0.0,GOOGLE,GOOG
2018-10-11 00:00:00-04:00,53.75712552367219,55.60144146143291,53.6001931959707,54.34001159667969,67696000,0.0,0.0,GOOGLE,GOOG
2018-10-12 00:00:00-04:00,55.779795112592296,56.08817886075393,54.553740328198565,55.82463455200195,49370000,0.0,0.0,GOOGLE,GOOG
2018-10-15 00:00:00-04:00,55.69809089841304,55.88740325068751,54.71266094352655,54.92290115356445,30074000,0.0,0.0,GOOGLE,GOOG
2018-10-16 00:00:00-04:00,55.47290394838312,56.613270716391554,55.38671812170062,56.449363708496094,38378000,0.0,0.0,GOOGLE,GOOG
2018-10-17 00:00:00-04:00,56.7941188052571,57.142853102114856,55.498815101461304,56.17586135864258,35652000,0.0,0.0,GOOGLE,GOOG
2018-10-18 00:00:00-04:00,56.295924276847146,56.413000175655675,54.12081052279961,54.69721984863281,46152000,0.0,0.0,GOOGLE,GOOG
2018-10-19 00:00:00-04:00,54.98617397837878,55.84505999331104,54.653380733656476,55.05940628051758,41286000,0.0,0.0,GOOGLE,GOOG
2018-10-22 00:00:00-04:00,55.424579732174486,55.88192145360788,54.801339319578865,55.3677864074707,27116000,0.0,0.0,GOOGLE,GOOG
2018-10-23 00:00:00-04:00,54.36741347333859,55.69809230011213,53.755632805169,55.54414749145508,37686000,0.0,0.0,GOOGLE,GOOG
2018-10-24 00:00:00-04:00,55.54862878461084,55.62933748650066,52.562452425708635,52.66508102416992,49286000,0.0,0.0,GOOGLE,GOOG
2018-10-25 00:00:00-04:00,53.81989904048704,55.6891224446652,53.58325764263041,54.980194091796875,72956000,0.0,0.0,GOOGLE,GOOG
2018-10-26 00:00:00-04:00,52.22717243099033,55.64826906572774,51.92327378262393,53.99177551269531,106438000,0.0,0.0,GOOGLE,GOOG
2018-10-29 00:00:00-04:00,54.62896630309316,55.24124869490723,50.17810190619772,51.54962921142578,81290000,0.0,0.0,GOOGLE,GOOG
2018-10-30 00:00:00-04:00,50.816282831430904,52.35520245311182,50.515375528570026,52.285953521728516,59768000,0.0,0.0,GOOGLE,GOOG
2018-10-31 00:00:00-04:00,53.217084995695416,55.199898865141165,53.217084995695416,54.3320426940918,70916000,0.0,0.0,GOOGLE,GOOG
2018-11-01 00:00:00-04:00,54.372895827393926,54.79635999035244,53.69634748701494,54.102874755859375,40132000,0.0,0.0,GOOGLE,GOOG
2018-11-02 00:00:00-04:00,54.253330357938964,54.70170574289756,53.19018296527166,53.3809928894043,43438000,0.0,0.0,GOOGLE,GOOG
2018-11-05 00:00:00-05:00,53.432798875034116,53.47365114686266,51.51325902400626,52.59583282470703,45358000,0.0,0.0,GOOGLE,GOOG
2018-11-06 00:00:00-05:00,52.56046236510956,53.79598514633493,52.49021758948474,53.285335540771484,28660000,0.0,0.0,GOOGLE,GOOG
2018-11-07 00:00:00-05:00,53.97881985402121,55.29604335796237,53.8343431415657,55.211849212646484,43388000,0.0,0.0,GOOGLE,GOOG
2018-11-08 00:00:00-05:00,55.165024422306736,55.21085589947228,54.02216420053416,54.533809661865234,33694000,0.0,0.0,GOOGLE,GOOG
2018-11-09 00:00:00-05:00,54.00522843468235,54.22094577664345,53.02079808381298,53.656494140625,34860000,0.0,0.0,GOOGLE,GOOG
2018-11-12 00:00:00-05:00,53.46269474174174,53.51101962078794,51.829614862733095,52.27848434448242,34002000,0.0,0.0,GOOGLE,GOOG
2018-11-13 00:00:00-05:00,52.55000370574962,53.140860310954665,51.83210519555603,52.20923614501953,25750000,0.0,0.0,GOOGLE,GOOG
2018-11-14 00:00:00-05:00,52.80856092754246,53.09701642264641,51.86747254670332,52.53853988647461,34666000,0.0,0.0,GOOGLE,GOOG
2018-11-15 00:00:00-05:00,52.383107964653554,53.74865637514648,51.876441719212494,53.35906982421875,41584000,0.0,0.0,GOOGLE,GOOG
2018-11-16 00:00:00-05:00,53.069122020021325,53.42832023696621,52.55448523412139,53.22057342529297,35366000,0.0,0.0,GOOGLE,GOOG
2018-11-19 00:00:00-05:00,52.97745161917551,53.2071221304042,50.958772305562114,51.185447692871094,45684000,0.0,0.0,GOOGLE,GOOG
2018-11-20 00:00:00-05:00,50.182580848360054,51.680154149711896,49.92950048933433,51.33639907836914,54458000,0.0,0.0,GOOGLE,GOOG
2018-11-21 00:00:00-05:00,52.076717366370644,52.54502095376308,51.785274325573866,51.98305892944336,29698000,0.0,0.0,GOOGLE,GOOG
2018-11-23 00:00:00-05:00,51.48835005041998,51.96163663934149,51.24024888669988,51.318965911865234,14178000,0.0,0.0,GOOGLE,GOOG
2018-11-26 00:00:00-05:00,52.011456571088864,52.65910651806805,51.8007184324311,52.606300354003906,31558000,0.0,0.0,GOOGLE,GOOG
2018-11-27 00:00:00-05:00,52.37713050676393,53.145345580743935,52.08618538669312,52.42395782470703,33048000,0.0,0.0,GOOGLE,GOOG
2018-11-28 00:00:00-05:00,52.68202322647021,54.445630422755876,51.95914173371105,54.3923225402832,46042000,0.0,0.0,GOOGLE,GOOG
2018-11-29 00:00:00-05:00,53.98081262495986,54.808812325837174,53.90458900416408,54.53131866455078,31004000,0.0,0.0,GOOGLE,GOOG
2018-11-30 00:00:00-05:00,54.58363244419592,55.28209686279297,53.963379529291,55.28209686279297,59668000,0.0,0.0,GOOGLE,GOOG
2018-12-03 00:00:00-05:00,56.403533849177045,56.54501924297348,55.38572006677311,55.61638641357422,57532000,0.0,0.0,GOOGLE,GOOG
2018-12-04 00:00:00-05:00,55.448498746282795,55.51077299959172,52.847427399594345,52.93162155151367,45630000,0.0,0.0,GOOGLE,GOOG
2018-12-06 00:00:00-05:00,52.061275822487495,53.776060332415724,51.93573147501342,53.70930099487305,47436000,0.0,0.0,GOOGLE,GOOG
2018-12-07 00:00:00-05:00,53.417852905881816,54.05554059214911,51.78078593679053,52.139984130859375,42682000,0.0,0.0,GOOGLE,GOOG
2018-12-10 00:00:00-05:00,51.95864408954048,52.788635471066065,51.46344141539679,52.46879577636719,33652000,0.0,0.0,GOOGLE,GOOG
2018-12-11 00:00:00-05:00,53.15431043371198,53.326685891142375,52.31535268545232,52.89076614379883,33852000,0.0,0.0,GOOGLE,GOOG
2018-12-12 00:00:00-05:00,53.659478760281274,54.389331136551306,53.4049008389303,53.492584228515625,28960000,0.0,0.0,GOOGLE,GOOG
2018-12-13 00:00:00-05:00,53.58923399438043,54.22443209659198,53.05716241376276,53.483116149902344,24986000,0.0,0.0,GOOGLE,GOOG
2018-12-14 00:00:00-05:00,52.80955723569714,53.39244327472429,52.278979435575344,52.39555740356445,36358000,0.0,0.0,GOOGLE,GOOG
2018-12-17 00:00:00-05:00,52.161406489659605,52.92713191966107,50.64789596476178,51.097267150878906,49932000,0.0,0.0,GOOGLE,GOOG
2018-12-18 00:00:00-05:00,51.5132617838728,52.793122326874126,51.33789499762354,51.98206329345703,43640000,0.0,0.0,GOOGLE,GOOG
2018-12-19 00:00:00-05:00,52.17535755329562,53.59122632995645,50.78739131991442,51.585994720458984,58264000,0.0,0.0,GOOGLE,GOOG
2018-12-20 00:00:00-05:00,51.11470578115845,52.18283616408605,50.210984138257444,50.994144439697266,53674000,0.0,0.0,GOOGLE,GOOG
2018-12-21 00:00:00-05:00,51.415614576584254,51.69609576028104,48.882298551824576,49.383480072021484,104656000,0.0,0.0,GOOGLE,GOOG
2018-12-24 00:00:00-05:00,49.03822926352062,50.423207914674606,48.70643189161812,49.055667877197266,36360000,0.0,0.0,GOOGLE,GOOG
2018-12-26 00:00:00-05:00,49.71926327613172,52.23314893719421,49.45322559017876,52.2032585144043,46318000,0.0,0.0,GOOGLE,GOOG
2018-12-27 00:00:00-05:00,51.12467211130218,52.47676914166575,50.16813669652222,52.45484924316406,45996000,0.0,0.0,GOOGLE,GOOG
2018-12-28 00:00:00-05:00,52.783653501440185,53.01929905381116,51.91181398951793,52.14496994018555,34398000,0.0,0.0,GOOGLE,GOOG
2018-12-31 00:00:00-05:00,52.70045353832808,52.95752486094844,51.465432489076726,52.05928039550781,33110000,0.0,0.0,GOOGLE,GOOG
2019-01-02 00:00:00-05:00,51.17449175833023,52.847926095546775,51.07883783488219,52.54352951049805,31868000,0.0,0.0,GOOGLE,GOOG
2019-01-03 00:00:00-05:00,52.34374980954156,53.12043331502938,50.933859873480685,51.08829879760742,41960000,0.0,0.0,GOOGLE,GOOG
2019-01-04 00:00:00-05:00,51.93971309237273,53.80495310880827,51.65574265855743,53.70880126953125,46022000,0.0,0.0,GOOGLE,GOOG
2019-01-07 00:00:00-05:00,53.853274977798094,53.93946080353687,52.94008531681157,53.601688385009766,47446000,0.0,0.0,GOOGLE,GOOG
2019-01-08 00:00:00-05:00,54.10386724722405,54.47004013864049,53.22455514767807,54.07248306274414,35414000,0.0,0.0,GOOGLE,GOOG
2019-01-09 00:00:00-05:00,54.203009954484365,54.38484969739052,53.524466179409636,53.88715362548828,26998000,0.0,0.0,GOOGLE,GOOG
2019-01-10 00:00:00-05:00,53.552868515243595,53.79548875468404,53.041720974825786,53.746665954589844,26598000,0.0,0.0,GOOGLE,GOOG
2019-01-11 00:00:00-05:00,53.301776614723046,53.47464999878858,52.63070921552545,53.03125762939453,30864000,0.0,0.0,GOOGLE,GOOG
2019-01-14 00:00:00-05:00,52.476766061082415,52.731343982993295,52.238132992443006,52.385597229003906,28490000,0.0,0.0,GOOGLE,GOOG
2019-01-15 00:00:00-05:00,52.709424149061945,54.21695966551821,52.53156776764897,54.129276275634766,37518000,0.0,0.0,GOOGLE,GOOG
2019-01-16 00:00:00-05:00,54.30314559965827,54.91891340952596,54.204006241090454,54.27873229980469,38280000,0.0,0.0,GOOGLE,GOOG
2019-01-17 00:00:00-05:00,54.20301407098503,54.83621673712615,53.96736470669732,54.757503509521484,24896000,0.0,0.0,GOOGLE,GOOG
2019-01-18 00:00:00-05:00,55.22928973564205,55.69809123661503,54.76547123897246,55.16502380371094,44892000,0.0,0.0,GOOGLE,GOOG
2019-01-22 00:00:00-05:00,54.602060873226655,54.750026830515125,53.351094966198616,53.736698150634766,39632000,0.0,0.0,GOOGLE,GOOG
2019-01-23 00:00:00-05:00,54.146713304392506,54.450114037715764,53.18570042325233,54.024658203125,25194000,0.0,0.0,GOOGLE,GOOG
2019-01-24 00:00:00-05:00,53.92999855922655,54.20350885996452,53.307753977957866,54.00423049926758,29114000,0.0,0.0,GOOGLE,GOOG
2019-01-25 00:00:00-05:00,54.513880388442786,54.9687325143831,54.39282113156591,54.87656784057617,23260000,0.0,0.0,GOOGLE,GOOG
2019-01-28 00:00:00-05:00,54.30663537761651,54.47103650932514,53.53642483667894,53.797977447509766,29334000,0.0,0.0,GOOGLE,GOOG
2019-01-29 00:00:00-05:00,53.85676259045809,54.04059781937417,53.10847574604862,53.30974578857422,19704000,0.0,0.0,GOOGLE,GOOG
2019-01-30 00:00:00-05:00,53.67343019520863,54.77742983042162,53.637560925654874,54.70120620727539,29452000,0.0,0.0,GOOGLE,GOOG
2019-01-31 00:00:00-05:00,55.411126109908004,56.17983904734923,55.06288976858056,56.09115982055664,40232000,0.0,0.0,GOOGLE,GOOG
2019-02-01 00:00:00-05:00,55.911808963284415,56.51512492949596,55.51126438834638,55.728973388671875,33116000,0.0,0.0,GOOGLE,GOOG
2019-02-04 00:00:00-05:00,55.74840908250364,56.910695813294915,55.67367921990439,56.86486053466797,78408000,0.0,0.0,GOOGLE,GOOG
2019-02-05 00:00:00-05:00,56.277488358493635,57.43031078112004,55.97707895333275,57.38547134399414,82296000,0.0,0.0,GOOGLE,GOOG
2019-02-06 00:00:00-05:00,57.25593974118098,57.49158527769509,55.7160204669343,55.94170379638672,48256000,0.0,0.0,GOOGLE,GOOG
2019-02-07 00:00:00-05:00,55.39020616680727,55.398674613593236,54.4819994572795,55.09577560424805,38298000,0.0,0.0,GOOGLE,GOOG
2019-02-08 00:00:00-05:00,54.54626492562985,55.05542078200463,54.51438282013796,54.9199104309082,21766000,0.0,0.0,GOOGLE,GOOG
2019-02-11 00:00:00-05:00,54.98816616417597,55.470419141597965,54.80134340257628,54.906959533691406,18498000,0.0,0.0,GOOGLE,GOOG
2019-02-12 00:00:00-05:00,55.34985151561132,56.43840800902685,55.34985151561132,56.17536163330078,35036000,0.0,0.0,GOOGLE,GOOG
2019-02-13 00:00:00-05:00,56.44737325827659,56.936102969772826,56.096643497281164,56.22766876220703,28042000,0.0,0.0,GOOGLE,GOOG
2019-02-14 00:00:00-05:00,56.046828602122204,56.60131804283424,55.65275694035118,56.25606918334961,21106000,0.0,0.0,GOOGLE,GOOG
2019-02-15 00:00:00-05:00,56.759242078934705,56.759242078934705,55.634318425118124,55.779293060302734,27826000,0.0,0.0,GOOGLE,GOOG
2019-02-19 00:00:00-05:00,55.63033401777845,56.27798391943831,55.63033401777845,56.12205123901367,21980000,0.0,0.0,GOOGLE,GOOG
2019-02-20 00:00:00-05:00,56.24012575561439,56.342256440087304,55.386720691901495,55.82712173461914,24090000,0.0,0.0,GOOGLE,GOOG
2019-02-21 00:00:00-05:00,55.73694689573487,55.755381350640015,54.70070247495326,55.011077880859375,33272000,0.0,0.0,GOOGLE,GOOG
2019-02-22 00:00:00-05:00,55.284587005117224,55.66072209465549,54.82624945211992,55.626346588134766,29436000,0.0,0.0,GOOGLE,GOOG
2019-02-25 00:00:00-05:00,55.89388361260121,56.06675700309249,55.50429703376615,55.66471481323242,26208000,0.0,0.0,GOOGLE,GOOG
2019-02-26 00:00:00-05:00,55.51724888427139,56.11856947073784,55.13513489727583,55.89786911010742,35026000,0.0,0.0,GOOGLE,GOOG
2019-02-27 00:00:00-05:00,55.49930730484761,56.08318918198927,55.22779250162571,55.94170379638672,22092000,0.0,0.0,GOOGLE,GOOG
2019-02-28 00:00:00-05:00,55.74790742239144,56.49470047609912,55.71851492004093,56.12404251098633,27422000,0.0,0.0,GOOGLE,GOOG
2019-03-01 00:00:00-05:00,56.34574296198331,57.29231236117783,56.34574296198331,57.21857833862305,34086000,0.0,0.0,GOOGLE,GOOG
2019-03-04 00:00:00-05:00,57.51948940311991,58.06551038343955,56.70693279769892,57.46269607543945,35490000,0.0,0.0,GOOGLE,GOOG
2019-03-05 00:00:00-05:00,57.59122640502625,58.612027718623125,57.44276632427254,58.24834442138672,40094000,0.0,0.0,GOOGLE,GOOG
2019-03-06 00:00:00-05:00,58.37638137698007,58.5248414557263,57.94245330841751,58.03661346435547,23602000,0.0,0.0,GOOGLE,GOOG
2019-03-07 00:00:00-05:00,57.81541494591422,57.96885802822415,56.87930571810396,57.33465576171875,30086000,0.0,0.0,GOOGLE,GOOG
2019-03-08 00:00:00-05:00,56.49021460200258,57.46418473674155,56.30588146265822,57.29081344604492,23694000,0.0,0.0,GOOGLE,GOOG
2019-03-11 00:00:00-04:00,57.391947096153835,58.78240672815271,57.3705251191105,58.75002670288086,30032000,0.0,0.0,GOOGLE,GOOG
2019-03-12 00:00:00-04:00,58.90148075282402,60.06775085743415,58.90148075282402,59.646278381347656,42220000,0.0,0.0,GOOGLE,GOOG
2019-03-13 00:00:00-04:00,60.078711518128436,60.13799444650984,59.679158948310324,59.7364501953125,25888000,0.0,0.0,GOOGLE,GOOG
2019-03-14 00:00:00-04:00,59.734457941662434,60.01743253246734,59.34636514533024,59.411128997802734,27302000,0.0,0.0,GOOGLE,GOOG
2019-03-15 00:00:00-04:00,59.683645093100886,59.868970288548354,59.13612655093319,59.30003356933594,51886000,0.0,0.0,GOOGLE,GOOG
2019-03-18 00:00:00-04:00,59.26964198789586,59.53169251452304,58.860625145671,59.21284866333008,24442000,0.0,0.0,GOOGLE,GOOG
2019-03-19 00:00:00-04:00,59.370775091813265,59.95316705178564,59.258184279418984,59.90583801269531,29788000,0.0,0.0,GOOGLE,GOOG
2019-03-20 00:00:00-04:00,59.853027332583366,61.27736456766611,59.76285433949464,61.100006103515625,41508000,0.0,0.0,GOOGLE,GOOG
2019-03-21 00:00:00-04:00,60.779669344965,61.59869890035088,60.60928556404927,61.583255767822266,28150000,0.0,0.0,GOOGLE,GOOG
2019-03-22 00:00:00-04:00,61.22057472488836,61.45870989115115,60.082199536614944,60.16440200805664,34422000,0.0,0.0,GOOGLE,GOOG
2019-03-25 00:00:00-04:00,59.76136319039563,60.25357837090323,59.28508906323245,59.65275573730469,27576000,0.0,0.0,GOOGLE,GOOG
2019-03-26 00:00:00-04:00,60.0418445377841,60.164401363083584,58.87457857803044,59.27711868286133,30752000,0.0,0.0,GOOGLE,GOOG
2019-03-27 00:00:00-04:00,59.380739035998864,59.380739035998864,58.00123746828438,58.68775177001953,29428000,0.0,0.0,GOOGLE,GOOG
2019-03-28 00:00:00-04:00,58.56270629428575,58.64988796384465,57.96138577063858,58.40178680419922,22402000,0.0,0.0,GOOGLE,GOOG
2019-03-29 00:00:00-04:00,58.795857401391665,58.98467563054495,58.10835106101247,58.631954193115234,30890000,0.0,0.0,GOOGLE,GOOG
2019-04-01 00:00:00-04:00,59.16253129284563,59.793244341616145,59.10374628400321,59.73246765136719,27706000,0.0,0.0,GOOGLE,GOOG
2019-04-02 00:00:00-04:00,59.78577009322545,60.07273184646985,59.3468628176136,60.05928039550781,18288000,0.0,0.0,GOOGLE,GOOG
2019-04-03 00:00:00-04:00,60.41598710829464,60.80956084004397,60.03636654920363,60.32183074951172,22180000,0.0,0.0,GOOGLE,GOOG
2019-04-04 00:00:00-04:00,60.34574248106862,60.80707139126202,60.23364958651617,60.75226974487305,21022000,0.0,0.0,GOOGLE,GOOG
2019-04-05 00:00:00-04:00,60.74479812658344,60.7991018535007,60.28297128852399,60.35371398925781,20012000,0.0,0.0,GOOGLE,GOOG
2019-04-08 00:00:00-04:00,60.336772993982656,60.47825838583353,60.017431220741344,60.19578552246094,21750000,0.0,0.0,GOOGLE,GOOG
2019-04-09 00:00:00-04:00,59.877440916775726,60.13948764970435,59.70257205348508,59.917293548583984,19668000,0.0,0.0,GOOGLE,GOOG
2019-04-10 00:00:00-04:00,60.03686669363524,60.22866866170068,59.81616633939404,60.104618072509766,15510000,0.0,0.0,GOOGLE,GOOG
2019-04-11 00:00:00-04:00,60.226671855937234,60.417979688272375,60.00946076370055,60.26104736328125,16998000,0.0,0.0,GOOGLE,GOOG
2019-04-12 00:00:00-04:00,60.561457112688345,60.931617169424186,60.44538086049189,60.91567611694336,24312000,0.0,0.0,GOOGLE,GOOG
2019-04-15 00:00:00-04:00,60.983427121188235,61.242988047814734,60.508650584618024,61.10498809814453,23796000,0.0,0.0,GOOGLE,GOOG
2019-04-16 00:00:00-04:00,61.277864172118335,61.57578398182727,61.03075884469464,61.37302017211914,22622000,0.0,0.0,GOOGLE,GOOG
2019-04-17 00:00:00-04:00,61.62659705569299,62.03013678539938,61.42233948959845,61.78303146362305,30366000,0.0,0.0,GOOGLE,GOOG
2019-04-18 00:00:00-04:00,62.02515365780992,62.071984776119706,61.746664151484204,61.84929275512695,24750000,0.0,0.0,GOOGLE,GOOG
2019-04-22 00:00:00-04:00,61.61016113794317,62.490469139278474,61.445756195499364,62.46157455444336,19084000,0.0,0.0,GOOGLE,GOOG
2019-04-23 00:00:00-04:00,62.60505457807851,63.49134141252535,62.37239653966424,63.30003356933594,31868000,0.0,0.0,GOOGLE,GOOG
2019-04-24 00:00:00-04:00,63.300033603444504,63.469919468576066,62.76298278650869,62.77493667602539,23396000,0.0,0.0,GOOGLE,GOOG
2019-04-25 00:00:00-04:00,63.28558298147307,63.410131481019675,62.67280649221818,63.138118743896484,31344000,0.0,0.0,GOOGLE,GOOG
2019-04-26 00:00:00-04:00,63.43902689261961,63.71452887658443,63.021541593794666,63.640296936035156,27228000,0.0,0.0,GOOGLE,GOOG
2019-04-29 00:00:00-04:00,63.79423832647217,64.61427131892226,63.35582896802209,64.5759048461914,72368000,0.0,0.0,GOOGLE,GOOG
2019-04-30 00:00:00-04:00,59.31647251773138,59.832101318493535,58.93635026187941,59.731468200683594,133178000,0.0,0.0,GOOGLE,GOOG
2019-05-01 00:00:00-04:00,59.6587304537894,59.745915922627894,58.37239320345918,58.454097747802734,74340000,0.0,0.0,GOOGLE,GOOG
2019-05-02 00:00:00-04:00,58.41823074728525,58.7560069858415,57.707306921123,58.114830017089844,45098000,0.0,0.0,GOOGLE,GOOG
2019-05-03 00:00:00-04:00,58.657858839113494,59.35483328398988,58.46555896405415,59.26266860961914,41588000,0.0,0.0,GOOGLE,GOOG
2019-05-06 00:00:00-04:00,58.38833986272086,59.55560965182286,58.34649174588016,59.45746612548828,31774000,0.0,0.0,GOOGLE,GOOG
2019-05-07 00:00:00-04:00,59.07634340262194,59.52272328092993,58.03960104918897,58.730098724365234,36604000,0.0,0.0,GOOGLE,GOOG
2019-05-08 00:00:00-04:00,58.651881414597185,58.99962366541025,58.170628093578316,58.32756042480469,25520000,0.0,0.0,GOOGLE,GOOG
2019-05-09 00:00:00-04:00,57.92003718788691,58.49146350276078,57.52347213732751,58.187564849853516,29556000,0.0,0.0,GOOGLE,GOOG
2019-05-10 00:00:00-04:00,58.23091197088729,58.60156616793309,57.11146917158325,58.17112731933594,31650000,0.0,0.0,GOOGLE,GOOG
2019-05-13 00:00:00-04:00,57.05517381612389,57.39045666327646,56.071739292755275,56.62423324584961,45626000,0.0,0.0,GOOGLE,GOOG
2019-05-14 00:00:00-04:00,56.909699989371525,57.0367380951846,55.97359072658317,56.039852142333984,40392000,0.0,0.0,GOOGLE,GOOG
2019-05-15 00:00:00-04:00,55.92476766312456,58.70220157122343,55.86747641578216,58.328556060791016,59302000,0.0,0.0,GOOGLE,GOOG
2019-05-16 00:00:00-04:00,58.38036485351708,59.49233498849644,58.211478638002156,59.011077880859375,35308000,0.0,0.0,GOOGLE,GOOG
2019-05-17 00:00:00-04:00,58.57914823267089,59.10025799782269,58.110346711718755,58.22792053222656,25362000,0.0,0.0,GOOGLE,GOOG
2019-05-20 00:00:00-04:00,57.44177308737337,57.44177308737337,56.701456729571646,57.02627944946289,30602000,0.0,0.0,GOOGLE,GOOG
2019-05-21 00:00:00-04:00,57.51549952433867,57.69086630447705,56.95901844193979,57.51350784301758,20562000,0.0,0.0,GOOGLE,GOOG
2019-05-22 00:00:00-04:00,57.35458289997127,57.978819146279406,57.34212729008074,57.5837516784668,18826000,0.0,0.0,GOOGLE,GOOG
2019-05-23 00:00:00-04:00,57.09652495365806,57.29480368639137,56.453356271360505,57.06015396118164,25214000,0.0,0.0,GOOGLE,GOOG
2019-05-24 00:00:00-04:00,57.39195286930666,57.50952669516508,56.63021450359818,56.72487258911133,18554000,0.0,0.0,GOOGLE,GOOG
2019-05-28 00:00:00-04:00,56.867847821956694,57.615636713393556,56.727852394261106,56.772193908691406,20948000,0.0,0.0,GOOGLE,GOOG
2019-05-29 00:00:00-04:00,56.43043483782467,56.54502113455444,55.39668376916837,55.794742584228516,36230000,0.0,0.0,GOOGLE,GOOG
2019-05-30 00:00:00-04:00,55.80520496709448,56.13650445909572,55.59347098018007,55.867977142333984,18088000,0.0,0.0,GOOGLE,GOOG
2019-05-31 00:00:00-04:00,55.082323891689335,55.46891912820668,54.96823551757735,55.12516784667969,31582000,0.0,0.0,GOOGLE,GOOG
2019-06-03 00:00:00-04:00,53.1538139440995,53.15729938650911,51.16602090696556,51.74940490722656,96890000,0.0,0.0,GOOGLE,GOOG
2019-06-04 00:00:00-04:00,52.03586739800501,52.73085020378181,51.61439491086188,52.534061431884766,60512000,0.0,0.0,GOOGLE,GOOG
2019-06-05 00:00:00-04:00,52.55946933332262,52.64964232969636,51.46344400503315,52.043338775634766,46988000,0.0,0.0,GOOGLE,GOOG
2019-06-06 00:00:00-04:00,52.12155678146736,52.310371217196284,51.5884893411003,52.19877624511719,29020000,0.0,0.0,GOOGLE,GOOG
2019-06-07 00:00:00-04:00,52.52359795899403,53.477639929238855,52.36766147269202,53.22555160522461,43828000,0.0,0.0,GOOGLE,GOOG
2019-06-10 00:00:00-04:00,53.65549353415357,54.54427374904123,53.569805623702834,53.94245529174805,28510000,0.0,0.0,GOOGLE,GOOG
2019-06-11 00:00:00-04:00,54.65138196478385,55.00111588347808,53.78352963463814,53.85676193237305,33508000,0.0,0.0,GOOGLE,GOOG
2019-06-12 00:00:00-04:00,53.802462611205755,53.93049655404937,53.286829994724684,53.76011657714844,23670000,0.0,0.0,GOOGLE,GOOG
2019-06-13 00:00:00-04:00,54.03960136953754,54.631453800533016,53.93298940498101,54.35346221923828,20814000,0.0,0.0,GOOGLE,GOOG
2019-06-14 00:00:00-04:00,54.290192177927906,54.54028501725256,53.87868573017139,54.118812561035156,24582000,0.0,0.0,GOOGLE,GOOG
2019-06-17 00:00:00-04:00,54.25831135199515,54.865109009600125,54.203509706924216,54.496944427490234,19770000,0.0,0.0,GOOGLE,GOOG
2019-06-18 00:00:00-04:00,55.374262350306765,55.73694599123542,54.840697016558245,55.06239318847656,34526000,0.0,0.0,GOOGLE,GOOG
2019-06-19 00:00:00-04:00,55.16203213466937,55.271137502809204,54.60355556433242,55.026023864746094,26714000,0.0,0.0,GOOGLE,GOOG
2019-06-20 00:00:00-04:00,55.882421825253154,55.933240108253955,55.15007601407428,55.45895767211914,24018000,0.0,0.0,GOOGLE,GOOG
2019-06-21 00:00:00-04:00,55.292557905116254,56.125038872011466,55.28558321970137,56.06525802612305,50774000,0.0,0.0,GOOGLE,GOOG
2019-06-24 00:00:00-04:00,55.797728603432034,55.975584988427386,55.46443745238194,55.633323669433594,24236000,0.0,0.0,GOOGLE,GOOG
2019-06-25 00:00:00-04:00,55.55262022065298,55.58350648617045,54.03412278472468,54.182586669921875,31644000,0.0,0.0,GOOGLE,GOOG
2019-06-26 00:00:00-04:00,54.35296391417648,54.558221116544836,53.49059251387012,53.820892333984375,34698000,0.0,0.0,GOOGLE,GOOG
2019-06-27 00:00:00-04:00,54.141238772437745,54.22642876732036,53.59820529281057,53.63706588745117,24078000,0.0,0.0,GOOGLE,GOOG
2019-06-28 00:00:00-04:00,53.66695289663417,53.9444465637207,53.496071196456434,53.9444465637207,33672000,0.0,0.0,GOOGLE,GOOG
2019-07-01 00:00:00-04:00,54.85314851524679,55.22928740545123,54.568680176315084,54.80133819580078,29196000,0.0,0.0,GOOGLE,GOOG
2019-07-02 00:00:00-04:00,55.04197254015369,55.44351681160857,54.78490499527364,55.42906951904297,20630000,0.0,0.0,GOOGLE,GOOG
2019-07-03 00:00:00-04:00,55.72300174571752,56.19579043652952,55.541161988207655,55.946693420410156,20154000,0.0,0.0,GOOGLE,GOOG
2019-07-05 00:00:00-04:00,55.76634464677198,56.527585081191994,55.67318412465954,56.4289436340332,29794000,0.0,0.0,GOOGLE,GOOG
2019-07-08 00:00:00-04:00,56.0901684892952,56.15692782514043,55.38721898520232,55.63780975341797,29888000,0.0,0.0,GOOGLE,GOOG
2019-07-09 00:00:00-04:00,55.31547314599713,56.18930809813324,55.157544984478676,56.011451721191406,29472000,0.0,0.0,GOOGLE,GOOG
2019-07-10 00:00:00-04:00,56.411505417396135,56.91069526942895,56.3288050290692,56.839454650878906,30710000,0.0,0.0,GOOGLE,GOOG
2019-07-11 00:00:00-04:00,57.10100374907332,57.45372520207377,56.77070391539257,56.997379302978516,26004000,0.0,0.0,GOOGLE,GOOG
2019-07-12 00:00:00-04:00,56.94009053654529,57.16776557566512,56.722381506650365,57.06015396118164,21878000,0.0,0.0,GOOGLE,GOOG
2019-07-15 00:00:00-04:00,57.060149261199356,57.32618695235982,56.79411537095743,57.317718505859375,21164000,0.0,0.0,GOOGLE,GOOG
2019-07-16 00:00:00-04:00,57.129400706691136,57.71976320072168,57.129400706691136,57.46468734741211,25352000,0.0,0.0,GOOGLE,GOOG
2019-07-17 00:00:00-04:00,57.33814661796784,57.71278796739635,57.12392304092159,57.12990188598633,19538000,0.0,0.0,GOOGLE,GOOG
2019-07-18 00:00:00-04:00,56.893753354241404,57.2011412419736,56.438407108786485,57.154808044433594,25450000,0.0,0.0,GOOGLE,GOOG
2019-07-19 00:00:00-04:00,57.25843320554139,57.371024017250534,56.35819703037167,56.37314224243164,23184000,0.0,0.0,GOOGLE,GOOG
2019-07-22 00:00:00-04:00,56.5684359018383,56.795115097055564,56.05729214293251,56.7547607421875,28914000,0.0,0.0,GOOGLE,GOOG
2019-07-23 00:00:00-04:00,56.96599493728826,57.23551808035211,56.43791050061193,57.19516372680664,20648000,0.0,0.0,GOOGLE,GOOG
2019-07-24 00:00:00-04:00,56.42645113585224,57.06613054934359,56.22169184457857,56.78066635131836,27192000,0.0,0.0,GOOGLE,GOOG
2019-07-25 00:00:00-04:00,56.74180794578144,56.97297222817298,55.98256300348546,56.591854095458984,54762000,0.0,0.0,GOOGLE,GOOG
2019-07-26 00:00:00-04:00,61.17822738749563,63.190429970077474,61.17822738749563,62.03611755371094,121216000,0.0,0.0,GOOGLE,GOOG
2019-07-29 00:00:00-04:00,61.900607120334186,62.22393607387098,61.287826801990214,61.86772537231445,41382000,0.0,0.0,GOOGLE,GOOG
2019-07-30 00:00:00-04:00,61.12840402878677,61.62211675990931,61.044707799280026,61.178226470947266,28616000,0.0,0.0,GOOGLE,GOOG
2019-07-31 00:00:00-04:00,61.022290129105386,61.522475825968506,60.19080495584724,60.68999481201172,39960000,0.0,0.0,GOOGLE,GOOG
2019-08-01 00:00:00-04:00,60.66159837851538,61.59172499732854,60.132016374440205,60.370155334472656,35426000,0.0,0.0,GOOGLE,GOOG
2019-08-02 00:00:00-04:00,59.93274212351259,60.256565195762185,59.28508837717595,59.59994888305664,34910000,0.0,0.0,GOOGLE,GOOG
2019-08-05 00:00:00-04:00,58.43665848010985,58.63145555169411,56.93111847508635,57.52894973754883,47840000,0.0,0.0,GOOGLE,GOOG
2019-08-06 00:00:00-04:00,58.06550685736552,58.85663763585712,57.86672642163629,58.34250259399414,36014000,0.0,0.0,GOOGLE,GOOG
2019-08-07 00:00:00-04:00,57.680902031903344,58.78041657995435,57.33415942567088,58.583133697509766,30686000,0.0,0.0,GOOGLE,GOOG
2019-08-08 00:00:00-04:00,59.10722925554582,60.09614464357306,58.48797600258756,60.0916633605957,30116000,0.0,0.0,GOOGLE,GOOG
2019-08-09 00:00:00-04:00,59.78278338029093,60.00547540376676,59.03050935966737,59.23028564453125,20418000,0.0,0.0,GOOGLE,GOOG
2019-08-12 00:00:00-04:00,58.7868942783502,59.06637963322188,58.224932245569164,58.51288604736328,22064000,0.0,0.0,GOOGLE,GOOG
2019-08-13 00:00:00-04:00,58.505411300036926,60.05379910678612,58.437659926218146,59.62036895751953,28434000,0.0,0.0,GOOGLE,GOOG
2019-08-14 00:00:00-04:00,58.59110415276028,58.925889068462446,57.84381313656624,58.00223922729492,35430000,0.0,0.0,GOOGLE,GOOG
2019-08-15 00:00:00-04:00,58.2104840610799,58.60853906951947,57.939965077631086,58.25482177734375,28506000,0.0,0.0,GOOGLE,GOOG
2019-08-16 00:00:00-04:00,58.82624891250215,58.978198230407656,58.43815613153456,58.74753189086914,24916000,0.0,0.0,GOOGLE,GOOG
2019-08-19 00:00:00-04:00,59.37625740117085,60.25108826193065,59.30501678116146,59.80520248413086,24450000,0.0,0.0,GOOGLE,GOOG
2019-08-20 00:00:00-04:00,59.55162201346721,59.68364312027833,58.93884171695709,58.96275329589844,20206000,0.0,0.0,GOOGLE,GOOG
2019-08-21 00:00:00-04:00,59.575039930072,59.811183418014565,59.18146618319477,59.36380386352539,14152000,0.0,0.0,GOOGLE,GOOG
2019-08-22 00:00:00-04:00,59.474403616439155,59.72250479773374,58.73259347536399,59.360816955566406,17352000,0.0,0.0,GOOGLE,GOOG
2019-08-23 00:00:00-04:00,59.04445813968985,59.56756336619777,57.29231067252796,57.470664978027344,36254000,0.0,0.0,GOOGLE,GOOG
2019-08-26 00:00:00-04:00,57.763104743998596,58.381362176837044,57.53393595389575,58.34748458862305,21166000,0.0,0.0,GOOGLE,GOOG
2019-08-27 00:00:00-04:00,58.936353159069284,59.03599044113411,58.017682518830405,58.329551696777344,23460000,0.0,0.0,GOOGLE,GOOG
2019-08-28 00:00:00-04:00,58.033124569833234,58.71216247882918,57.80295994394673,58.475521087646484,16810000,0.0,0.0,GOOGLE,GOOG
2019-08-29 00:00:00-04:00,59.10673227458688,59.74292623165953,59.049938948622575,59.49632263183594,19636000,0.0,0.0,GOOGLE,GOOG
2019-08-30 00:00:00-04:00,59.80072056898383,59.80072056898383,59.07186019935162,59.311492919921875,18064000,0.0,0.0,GOOGLE,GOOG
2019-09-03 00:00:00-04:00,58.87905762936114,59.23925168435595,57.9753360096515,58.26628112792969,25908000,0.0,0.0,GOOGLE,GOOG
2019-09-04 00:00:00-04:00,58.759489090166326,59.03000805766627,58.364919547407915,58.89997863769531,21312000,0.0,0.0,GOOGLE,GOOG
2019-09-05 00:00:00-04:00,59.46742352410036,60.48075221578814,59.41909864540104,60.39057922363281,26394000,0.0,0.0,GOOGLE,GOOG
2019-09-06 00:00:00-04:00,60.238634093210244,60.42844437796677,59.945693477717626,60.09814453125,18972000,0.0,0.0,GOOGLE,GOOG
2019-09-09 00:00:00-04:00,60.136002767305264,60.80707016089562,59.443015475786595,60.04582977294922,31854000,0.0,0.0,GOOGLE,GOOG
2019-09-10 00:00:00-04:00,59.58848938717001,60.28147669440488,59.58450222340231,60.06725311279297,27922000,0.0,0.0,GOOGLE,GOOG
2019-09-11 00:00:00-04:00,59.97707635074445,60.9027216374074,59.8968655674205,60.779666900634766,23522000,0.0,0.0,GOOGLE,GOOG
2019-09-12 00:00:00-04:00,60.95254304311796,61.89661902649169,60.907205685068504,61.52546691894531,31644000,0.0,0.0,GOOGLE,GOOG
2019-09-13 00:00:00-04:00,61.38298397731822,61.8283718428759,61.1323932009133,61.77755355834961,23676000,0.0,0.0,GOOGLE,GOOG
2019-09-16 00:00:00-04:00,61.29978309506363,61.727234406820536,61.03823047976994,61.35906982421875,28218000,0.0,0.0,GOOGLE,GOOG
2019-09-17 00:00:00-04:00,61.35907039108914,61.526960770477785,60.94656428766628,61.27188491821289,20806000,0.0,0.0,GOOGLE,GOOG
2019-09-18 00:00:00-04:00,61.28981817868051,61.588733811126694,60.603805604927196,61.409881591796875,17440000,0.0,0.0,GOOGLE,GOOG
2019-09-19 00:00:00-04:00,61.39344563937251,61.99227277436514,61.392947719026424,61.713783264160156,16554000,0.0,0.0,GOOGLE,GOOG
2019-09-20 00:00:00-04:00,61.45920600462216,61.91555190724731,60.95802446484815,61.269893646240234,37692000,0.0,0.0,GOOGLE,GOOG
2019-09-23 00:00:00-04:00,61.1069847907373,61.76011948366756,60.9679889890091,61.51152038574219,20798000,0.0,0.0,GOOGLE,GOOG
2019-09-24 00:00:00-04:00,61.77605463621622,62.13026983262011,60.31335857446715,60.696468353271484,35804000,0.0,0.0,GOOGLE,GOOG
2019-09-25 00:00:00-04:00,60.58088679848645,62.17560777932155,60.24161681038137,62.071983337402344,26798000,0.0,0.0,GOOGLE,GOOG
2019-09-26 00:00:00-04:00,61.88267174176198,62.00871781137441,61.368536657864915,61.89014434814453,23166000,0.0,0.0,GOOGLE,GOOG
2019-09-27 00:00:00-04:00,61.917045037006446,62.02465664653646,60.54053473697417,61.07609558105469,34122000,0.0,0.0,GOOGLE,GOOG
2019-09-30 00:00:00-04:00,60.809561025368765,61.14883103225463,60.451860363504316,60.836463928222656,24470000,0.0,0.0,GOOGLE,GOOG
2019-10-01 00:00:00-04:00,60.9037182169395,61.42034666897124,60.0597774643364,60.08219528198242,24504000,0.0,0.0,GOOGLE,GOOG
2019-10-02 00:00:00-04:00,59.608918709670014,59.721509530868815,58.41972899804864,58.68327331542969,33030000,0.0,0.0,GOOGLE,GOOG
2019-10-03 00:00:00-04:00,58.95329024685855,59.334906283691616,57.94694001138176,59.256690979003906,28368000,0.0,0.0,GOOGLE,GOOG
2019-10-04 00:00:00-04:00,59.49881063418249,60.40402978566353,59.33340986412291,60.32929992675781,24282000,0.0,0.0,GOOGLE,GOOG
2019-10-07 00:00:00-04:00,60.13201590944494,60.72536592215485,60.0004927202875,60.19429016113281,17040000,0.0,0.0,GOOGLE,GOOG
2019-10-08 00:00:00-04:00,59.722003782613356,60.12553972113018,59.25918111392374,59.29156494140625,20086000,0.0,0.0,GOOGLE,GOOG
2019-10-09 00:00:00-04:00,59.8495432062891,60.20475426182025,59.68961955228314,59.90284729003906,15948000,0.0,0.0,GOOGLE,GOOG
2019-10-10 00:00:00-04:00,59.71353385169121,60.56145798203958,59.676668741955645,60.255069732666016,12842000,0.0,0.0,GOOGLE,GOOG
2019-10-11 00:00:00-04:00,60.98044246041934,61.215590098254395,60.4628181447867,60.56594467163086,22330000,0.0,0.0,GOOGLE,GOOG
2019-10-14 00:00:00-04:00,60.47527195524818,61.07260531967969,60.375136754421305,60.66857147216797,13296000,0.0,0.0,GOOGLE,GOOG
2019-10-15 00:00:00-04:00,60.85440020177328,62.131269435613014,60.82550561762313,61.88765335083008,27584000,0.0,0.0,GOOGLE,GOOG
2019-10-16 00:00:00-04:00,61.866227494629875,62.482991134773506,61.70281840703316,61.925514221191406,22986000,0.0,0.0,GOOGLE,GOOG
2019-10-17 00:00:00-04:00,62.343995211343035,62.95926508918621,62.26777159216845,62.41374206542969,20958000,0.0,0.0,GOOGLE,GOOG
2019-10-18 00:00:00-04:00,62.50790525387959,62.67828523388445,61.78303205558561,61.99576187133789,31624000,0.0,0.0,GOOGLE,GOOG
2019-10-21 00:00:00-04:00,62.20948693512754,62.44911584997772,61.775558860974876,61.98928451538086,18094000,0.0,0.0,GOOGLE,GOOG
2019-10-22 00:00:00-04:00,61.999247427124715,62.21098140257437,61.76858487669679,61.83584213256836,22862000,0.0,0.0,GOOGLE,GOOG
2019-10-23 00:00:00-04:00,61.78652458187572,62.67480312162492,61.78652458187572,62.65437698364258,21282000,0.0,0.0,GOOGLE,GOOG
2019-10-24 00:00:00-04:00,62.72810745239258,62.916921887242616,62.39132705542247,62.72810745239258,20224000,0.0,0.0,GOOGLE,GOOG
2019-10-25 00:00:00-04:00,62.37389111764392,63.171004607427044,62.23190779538502,62.986671447753906,27104000,0.0,0.0,GOOGLE,GOOG
2019-10-28 00:00:00-04:00,63.51973667466158,64.72735695561478,63.38572388386644,64.2162094116211,65428000,0.0,0.0,GOOGLE,GOOG
2019-10-29 00:00:00-04:00,63.5695524331251,63.80868722098996,62.55373415663121,62.80532455444336,52654000,0.0,0.0,GOOGLE,GOOG
2019-10-30 00:00:00-04:00,62.530821809333546,63.17199878703543,62.30663602180131,62.80731964111328,29204000,0.0,0.0,GOOGLE,GOOG
2019-10-31 00:00:00-04:00,62.772442575440735,63.09726526892064,62.24834152629954,62.7126579284668,31904000,0.0,0.0,GOOGLE,GOOG
2019-11-01 00:00:00-04:00,63.06139892614919,63.420099222793795,62.75799819522198,63.38273239135742,28812000,0.0,0.0,GOOGLE,GOOG
2019-11-04 00:00:00-05:00,63.57503559005602,64.39157553882181,63.57503559005602,64.24759674072266,30632000,0.0,0.0,GOOGLE,GOOG
2019-11-05 00:00:00-05:00,64.32681031487668,64.62772145316727,64.23614319820348,64.3387680053711,25148000,0.0,0.0,GOOGLE,GOOG
2019-11-06 00:00:00-05:00,64.27151318780028,64.41598610772114,63.88192662252673,64.31734466552734,24626000,0.0,0.0,GOOGLE,GOOG
2019-11-07 00:00:00-05:00,64.48025268929233,65.89363192524102,64.45385150771229,65.11096954345703,45140000,0.0,0.0,GOOGLE,GOOG
2019-11-08 00:00:00-05:00,64.84094286442155,65.61763018026531,64.84094286442155,65.21359252929688,30392000,0.0,0.0,GOOGLE,GOOG
2019-11-11 00:00:00-05:00,64.96449739224848,65.00934063160024,64.55947149079697,64.67953491210938,17234000,0.0,0.0,GOOGLE,GOOG
2019-11-12 00:00:00-05:00,64.69397587802594,65.23103047203485,64.47825854400105,64.626220703125,28852000,0.0,0.0,GOOGLE,GOOG
2019-11-13 00:00:00-05:00,64.42545329292031,64.8907693833711,64.37414088811491,64.57491302490234,20538000,0.0,0.0,GOOGLE,GOOG
2019-11-14 00:00:00-05:00,64.5161205679256,65.54838159856185,64.46331060717834,65.22106170654297,28948000,0.0,0.0,GOOGLE,GOOG
2019-11-15 00:00:00-05:00,65.5150046332317,66.43616485595703,65.35757058513106,66.43616485595703,39286000,0.0,0.0,GOOGLE,GOOG
2019-11-18 00:00:00-05:00,66.37638177373917,66.45509880415459,65.57030569897712,65.7536392211914,27984000,0.0,0.0,GOOGLE,GOOG
2019-11-19 00:00:00-05:00,66.09190867489313,66.09190867489313,65.35159615187916,65.39244842529297,21864000,0.0,0.0,GOOGLE,GOOG
2019-11-20 00:00:00-05:00,65.33117005407024,65.423334729017,64.22767215365603,64.8578872680664,28892000,0.0,0.0,GOOGLE,GOOG
2019-11-21 00:00:00-05:00,64.7278600198531,65.31921456208703,64.30439205916764,64.77220153808594,25546000,0.0,0.0,GOOGLE,GOOG
2019-11-22 00:00:00-05:00,64.91468159499655,65.108976956534,64.23514574996375,64.44986724853516,27776000,0.0,0.0,GOOGLE,GOOG
2019-11-25 00:00:00-05:00,64.57890344710442,65.28384466115433,64.54651961856601,65.04620361328125,23590000,0.0,0.0,GOOGLE,GOOG
2019-11-26 00:00:00-05:00,65.25892751347108,65.46318887352183,64.96649244611746,65.41287231445312,21910000,0.0,0.0,GOOGLE,GOOG
2019-11-27 00:00:00-05:00,65.53344054113686,65.64403967279266,65.23701449537522,65.3695297241211,18808000,0.0,0.0,GOOGLE,GOOG
2019-11-29 00:00:00-05:00,65.09402910162295,65.2609198326384,64.92613492811438,64.96897888183594,12802000,0.0,0.0,GOOGLE,GOOG
2019-12-02 00:00:00-05:00,64.89275897416522,65.03624365705384,63.78776347641649,64.21023559570312,26538000,0.0,0.0,GOOGLE,GOOG
2019-12-03 00:00:00-05:00,63.702069435945795,64.62722057302477,63.621862456156634,64.50316619873047,25270000,0.0,0.0,GOOGLE,GOOG
2019-12-04 00:00:00-05:00,65.06911428975454,65.97433339614042,64.91716117696767,65.70879364013672,35506000,0.0,0.0,GOOGLE,GOOG
2019-12-05 00:00:00-05:00,66.11034434253041,66.15917094412113,65.47863925680925,66.10835266113281,24408000,0.0,0.0,GOOGLE,GOOG
2019-12-06 00:00:00-05:00,66.39679857050709,66.8810431720543,66.32107667483807,66.72760009765625,32968000,0.0,0.0,GOOGLE,GOOG
2019-12-09 00:00:00-05:00,66.70120058621491,67.63232678505871,66.56220099812916,66.90695190429688,30842000,0.0,0.0,GOOGLE,GOOG
2019-12-10 00:00:00-05:00,66.75501121525667,67.15655547409243,66.45907928439043,66.9019775390625,17606000,0.0,0.0,GOOGLE,GOOG
2019-12-11 00:00:00-05:00,67.17150216646628,67.25071331464794,66.81280185570814,66.96973419189453,20480000,0.0,0.0,GOOGLE,GOOG
2019-12-12 00:00:00-05:00,66.9179152400922,67.48435852895024,66.66832412294539,67.18096160888672,29114000,0.0,0.0,GOOGLE,GOOG
2019-12-13 00:00:00-05:00,67.1515626424577,67.32344017222796,66.84069312886085,67.10025024414062,33170000,0.0,0.0,GOOGLE,GOOG
2019-12-16 00:00:00-05:00,67.5052866369034,67.93024453543552,67.28658178303827,67.78926086425781,28128000,0.0,0.0,GOOGLE,GOOG
2019-12-17 00:00:00-05:00,67.87445062350825,67.97010454499008,67.29455205032858,67.49980926513672,32948000,0.0,0.0,GOOGLE,GOOG
2019-12-18 00:00:00-05:00,67.60492332791209,67.72598258295224,67.27910859189822,67.3513412475586,23330000,0.0,0.0,GOOGLE,GOOG
2019-12-19 00:00:00-05:00,67.3513430228631,67.63133389251267,67.1939165752205,67.5770263671875,28922000,0.0,0.0,GOOGLE,GOOG
2019-12-20 00:00:00-05:00,67.9088194007226,67.9536550339557,67.29255369795212,67.31696319580078,50090000,0.0,0.0,GOOGLE,GOOG
2019-12-23 00:00:00-05:00,67.69111834762558,67.84655312219071,67.15655712361124,67.28758239746094,19936000,0.0,0.0,GOOGLE,GOOG
2019-12-24 00:00:00-05:00,67.26664868645624,67.3563275574898,66.96574517267122,66.97869110107422,13468000,0.0,0.0,GOOGLE,GOOG
2019-12-26 00:00:00-05:00,67.08431131419714,67.91380856703519,67.03249719301324,67.87743377685547,23662000,0.0,0.0,GOOGLE,GOOG
2019-12-27 00:00:00-05:00,67.95366241282655,68.10561554439893,67.405653542852,67.48735809326172,23212000,0.0,0.0,GOOGLE,GOOG
2019-12-30 00:00:00-05:00,67.59546062500813,67.60492491235867,66.65038501698088,66.74354553222656,19994000,0.0,0.0,GOOGLE,GOOG
2019-12-31 00:00:00-05:00,66.54824996368184,66.79087018476127,66.36591230787249,66.72760009765625,19514000,0.0,0.0,GOOGLE,GOOG
2020-01-02 00:00:00-05:00,67.17698523802844,68.18682098388672,67.08133131198049,68.18682098388672,27278000,0.0,0.0,GOOGLE,GOOG
2020-01-03 00:00:00-05:00,67.1565478821436,68.43939581935471,67.12266649637043,67.8301010131836,23408000,0.0,0.0,GOOGLE,GOOG
2020-01-06 00:00:00-05:00,67.33738843542059,69.66345923216974,67.30600805367692,69.63805389404297,46768000,0.0,0.0,GOOGLE,GOOG
2020-01-07 00:00:00-05:00,69.77008329725511,69.92153470711604,69.32669091744489,69.50354766845703,34330000,0.0,0.0,GOOGLE,GOOG
2020-01-08 00:00:00-05:00,69.48909698901235,70.3375228813182,69.37999541559134,69.99825286865234,35314000,0.0,0.0,GOOGLE,GOOG
2020-01-09 00:00:00-05:00,70.83970143414861,71.17598393013975,70.2558194812113,70.73309326171875,33200000,0.0,0.0,GOOGLE,GOOG
2020-01-10 00:00:00-05:00,71.21533908846308,71.48784974028622,70.72362186567442,71.18992614746094,26258000,0.0,0.0,GOOGLE,GOOG
2020-01-13 00:00:00-05:00,71.50328944184061,71.81366484523728,71.01107809709713,71.7414321899414,30730000,0.0,0.0,GOOGLE,GOOG
2020-01-14 00:00:00-05:00,71.73993876603046,71.8709640363411,71.13064389247113,71.2711410522461,26076000,0.0,0.0,GOOGLE,GOOG
2020-01-15 00:00:00-05:00,71.39219885923909,71.77879789678663,71.32444368341595,71.70008087158203,21550000,0.0,0.0,GOOGLE,GOOG
2020-01-16 00:00:00-05:00,72.01144787956945,72.27300427999972,71.73993307286825,72.24610137939453,26080000,0.0,0.0,GOOGLE,GOOG
2020-01-17 00:00:00-05:00,72.86286123537427,73.76010603887995,72.56444352795735,73.70879364013672,52424000,0.0,0.0,GOOGLE,GOOG
2020-01-21 00:00:00-05:00,73.68289896309959,74.22494042900655,73.24498747587538,73.84481811523438,48930000,0.0,0.0,GOOGLE,GOOG
2020-01-22 00:00:00-05:00,74.21745513521142,74.75799134476836,73.8652316275804,73.92550659179688,28458000,0.0,0.0,GOOGLE,GOOG
2020-01-23 00:00:00-05:00,74.10885083507527,74.4052768729522,73.74865298533626,73.96636199951172,26650000,0.0,0.0,GOOGLE,GOOG
2020-01-24 00:00:00-05:00,74.37139241036722,74.44014342272132,72.8947432066111,73.04370880126953,29786000,0.0,0.0,GOOGLE,GOOG
2020-01-27 00:00:00-05:00,71.31846997752507,71.56955866813779,70.71863939255725,71.32793426513672,34132000,0.0,0.0,GOOGLE,GOOG
2020-01-28 00:00:00-05:00,71.82661717961386,72.47725839870864,71.25967218463677,72.2630386352539,29724000,0.0,0.0,GOOGLE,GOOG
2020-01-29 00:00:00-05:00,72.65959425732443,72.94257262840148,72.00845893497106,72.57191467285156,21566000,0.0,0.0,GOOGLE,GOOG
2020-01-30 00:00:00-05:00,71.64528116546836,72.49968208968686,71.49084223477435,72.44986724853516,27110000,0.0,0.0,GOOGLE,GOOG
2020-01-31 00:00:00-05:00,73.12790379399927,73.21807678829367,71.09527131841374,71.38024139404297,43822000,0.0,0.0,GOOGLE,GOOG
2020-02-03 00:00:00-05:00,72.818526558395,74.04658061144849,72.56743786363523,73.86224365234375,71636000,0.0,0.0,GOOGLE,GOOG
2020-02-04 00:00:00-05:00,72.46182298123878,73.10199650551328,70.84468413309284,72.00946044921875,95880000,0.0,0.0,GOOGLE,GOOG
2020-02-05 00:00:00-05:00,72.91617074068874,72.96449562114519,71.22580336725193,72.04134368896484,36376000,0.0,0.0,GOOGLE,GOOG
2020-02-06 00:00:00-05:00,72.33677576359966,73.81043759584276,72.26204969986705,73.53194427490234,37822000,0.0,0.0,GOOGLE,GOOG
2020-02-07 00:00:00-05:00,73.10448784833639,73.99426007334321,73.0058464103526,73.68836975097656,28360000,0.0,0.0,GOOGLE,GOOG
2020-02-10 00:00:00-05:00,73.59472631055179,75.1715071998613,73.49359145462412,75.1605453491211,38302000,0.0,0.0,GOOGLE,GOOG
2020-02-11 00:00:00-05:00,75.39019785597917,76.21770340309827,75.00061132161902,75.23027801513672,34852000,0.0,0.0,GOOGLE,GOOG
2020-02-12 00:00:00-05:00,75.51923806383654,75.74043633057408,75.16103948219266,75.65724182128906,31042000,0.0,0.0,GOOGLE,GOOG
2020-02-13 00:00:00-05:00,75.22729680616945,76.02191687395778,74.92837735428414,75.39618682861328,22914000,0.0,0.0,GOOGLE,GOOG
2020-02-14 00:00:00-05:00,75.45297562350825,75.72797967828164,75.00559231326048,75.66221618652344,23198000,0.0,0.0,GOOGLE,GOOG
2020-02-18 00:00:00-05:00,75.4435174707526,76.25158520613671,75.27761496690005,75.69759368896484,25642000,0.0,0.0,GOOGLE,GOOG
2020-02-19 00:00:00-05:00,76.08418918563441,76.2605518097851,75.77431549389932,75.96810913085938,22746000,0.0,0.0,GOOGLE,GOOG
2020-02-20 00:00:00-05:00,75.67616412195946,76.07770834757048,74.94132496189518,75.57553100585938,25962000,0.0,0.0,GOOGLE,GOOG
2020-02-21 00:00:00-05:00,74.95726817378268,75.27462206552566,73.6574832677561,73.90508270263672,42520000,0.0,0.0,GOOGLE,GOOG
2020-02-24 00:00:00-05:00,70.89549627943762,71.55959279941615,70.08543687850549,70.736572265625,49560000,0.0,0.0,GOOGLE,GOOG
2020-02-25 00:00:00-05:00,71.29155985609103,71.58299907032023,68.77169543510105,69.06562805175781,51580000,0.0,0.0,GOOGLE,GOOG
2020-02-26 00:00:00-05:00,69.49706450646832,70.42819069892191,68.57889184403786,69.27237701416016,49776000,0.0,0.0,GOOGLE,GOOG
2020-02-27 00:00:00-05:00,67.7115398365822,68.2226873655206,65.4746460468317,65.51001739501953,62290000,0.0,0.0,GOOGLE,GOOG
2020-02-28 00:00:00-05:00,63.48535365075221,66.88004494343048,63.18145503464202,66.72062683105469,80198000,0.0,0.0,GOOGLE,GOOG
2020-03-02 00:00:00-05:00,67.32543840692219,69.12291549289797,66.02066676283309,69.06562805175781,55430000,0.0,0.0,GOOGLE,GOOG
2020-03-03 00:00:00-05:00,69.63158946211831,70.15518886051058,66.2219446617251,66.64441680908203,56602000,0.0,0.0,GOOGLE,GOOG
2020-03-04 00:00:00-05:00,67.7025750397975,68.88927512353104,66.60854135808763,68.83049011230469,47598000,0.0,0.0,GOOGLE,GOOG
2020-03-05 00:00:00-05:00,67.03449374191095,67.4370414491301,64.84692814514692,65.50055694580078,54380000,0.0,0.0,GOOGLE,GOOG
2020-03-06 00:00:00-05:00,63.26815022542305,64.90222218354712,62.63345001724397,64.55299377441406,64640000,0.0,0.0,GOOGLE,GOOG
2020-03-09 00:00:00-04:00,60.03038304280918,62.41025590343553,59.685632138917605,60.56992721557617,69252000,0.0,0.0,GOOGLE,GOOG
2020-03-10 00:00:00-04:00,62.49295728889708,63.56207964343921,60.50615637636564,63.528202056884766,54872000,0.0,0.0,GOOGLE,GOOG
2020-03-11 00:00:00-04:00,62.18806372644597,62.61949838943698,59.34187890099212,60.32630920410156,54732000,0.0,0.0,GOOGLE,GOOG
2020-03-12 00:00:00-04:00,55.92825665674984,59.22281313910036,55.22331167410478,55.37675476074219,94326000,0.0,0.0,GOOGLE,GOOG
2020-03-13 00:00:00-04:00,58.537298689662194,60.500682240290445,55.413620095234876,60.494205474853516,79400000,0.0,0.0,GOOGLE,GOOG
2020-03-16 00:00:00-04:00,54.28371671880484,57.06662772504203,53.161286436824646,53.45621871948242,96520000,0.0,0.0,GOOGLE,GOOG
2020-03-17 00:00:00-04:00,54.33503393484652,56.09664573448183,52.265536316051694,55.701080322265625,83194000,0.0,0.0,GOOGLE,GOOG
2020-03-18 00:00:00-04:00,52.80557438423959,55.049936896919235,51.66271423119009,54.362430572509766,93044000,0.0,0.0,GOOGLE,GOOG
2020-03-19 00:00:00-04:00,54.21447058565481,57.42234346746838,52.58687152446784,55.38273620605469,74064000,0.0,0.0,GOOGLE,GOOG
2020-03-20 00:00:00-04:00,56.34075959872419,56.71839227547209,52.91318612762283,53.21758270263672,82878000,0.0,0.0,GOOGLE,GOOG
2020-03-23 00:00:00-04:00,52.62771969397402,53.152816591676384,50.2612982120029,52.5161247253418,83672000,0.0,0.0,GOOGLE,GOOG
2020-03-24 00:00:00-04:00,54.999627350986934,56.46182565314056,54.1252943715928,56.296424865722656,72468000,0.0,0.0,GOOGLE,GOOG
2020-03-25 00:00:00-04:00,56.02590181648933,57.10150097644301,53.95491048168835,54.882049560546875,90324000,0.0,0.0,GOOGLE,GOOG
2020-03-26 00:00:00-04:00,55.53468295067127,58.3624334086797,54.4042821365031,57.935977935791016,76562000,0.0,0.0,GOOGLE,GOOG
2020-03-27 00:00:00-04:00,56.16988078028349,57.34462310546679,55.000619379792866,55.3124885559082,62794000,0.0,0.0,GOOGLE,GOOG
2020-03-30 00:00:00-04:00,56.42744514551845,57.34212859909248,54.72611218061649,57.10847473144531,58736000,0.0,0.0,GOOGLE,GOOG
2020-03-31 00:00:00-04:00,57.2290415631662,58.458083824910496,56.630708544990256,57.88765335083008,65228000,0.0,0.0,GOOGLE,GOOG
2020-04-01 00:00:00-04:00,55.99700615531,56.267027211100036,54.47701502016982,54.90596008300781,51970000,0.0,0.0,GOOGLE,GOOG
2020-04-02 00:00:00-04:00,54.80133918570253,55.93572711969801,54.459081676414385,55.64976501464844,56410000,0.0,0.0,GOOGLE,GOOG
2020-04-03 00:00:00-04:00,55.53418339732919,55.73744511904495,53.55984186349984,54.43765640258789,51374000,0.0,0.0,GOOGLE,GOOG
2020-04-06 00:00:00-04:00,56.44538540428317,59.32245290132051,56.04682865790388,58.94581985473633,63320000,0.0,0.0,GOOGLE,GOOG
2020-04-07 00:00:00-04:00,60.630706908970595,60.818529302753255,58.64988857565713,58.9144287109375,61620000,0.0,0.0,GOOGLE,GOOG
2020-04-08 00:00:00-04:00,59.937719869279775,60.52558895059071,58.98367788811864,60.132015228271484,40334000,0.0,0.0,GOOGLE,GOOG
2020-04-09 00:00:00-04:00,60.688996669217964,60.87880693991357,59.40564692717376,60.110591888427734,54028000,0.0,0.0,GOOGLE,GOOG
2020-04-13 00:00:00-04:00,59.858012475342434,60.50666206471668,58.90297462683948,60.301902770996094,38702000,0.0,0.0,GOOGLE,GOOG
2020-04-14 00:00:00-04:00,61.77456615054075,63.55710205404441,61.20512769663744,63.03300476074219,63358000,0.0,0.0,GOOGLE,GOOG
2020-04-15 00:00:00-04:00,62.1003831064078,63.52521830384666,61.47714266273126,62.637935638427734,42236000,0.0,0.0,GOOGLE,GOOG
2020-04-16 00:00:00-04:00,63.12815591073961,63.43803341419668,61.68638380620559,62.6444091796875,57896000,0.0,0.0,GOOGLE,GOOG
2020-04-17 00:00:00-04:00,63.85352392139879,64.26702585267132,63.071359495228606,63.71901321411133,51050000,0.0,0.0,GOOGLE,GOOG
2020-04-20 00:00:00-04:00,63.26515662883871,63.610405463697234,62.59508509542158,62.829734802246094,35292000,0.0,0.0,GOOGLE,GOOG
2020-04-21 00:00:00-04:00,61.91106664037472,62.27424820103494,60.03237526579768,60.38908386230469,49648000,0.0,0.0,GOOGLE,GOOG
2020-04-22 00:00:00-04:00,61.831356188881415,63.76285379905656,61.6365629106537,62.693233489990234,46296000,0.0,0.0,GOOGLE,GOOG
2020-04-23 00:00:00-04:00,63.05840710504225,64.17486233966723,62.798849973013944,63.32892608642578,34202000,0.0,0.0,GOOGLE,GOOG
2020-04-24 00:00:00-04:00,62.523344521239075,63.654744905232555,61.97533190314895,63.59944534301758,37402000,0.0,0.0,GOOGLE,GOOG
2020-04-27 00:00:00-04:00,64.36666167637333,64.47128575857568,63.02452695217412,63.313480377197266,44186000,0.0,0.0,GOOGLE,GOOG
2020-04-28 00:00:00-04:00,63.92825679183895,64.00597037196816,61.29679347697088,61.40689468383789,80700000,0.0,0.0,GOOGLE,GOOG
2020-04-29 00:00:00-04:00,67.0070972273997,67.76186088094337,66.09689879967604,66.86660766601562,108358000,0.0,0.0,GOOGLE,GOOG
2020-04-30 00:00:00-04:00,66.3275613048283,67.25619418806347,65.83633815891375,67.09178924560547,55842000,0.0,0.0,GOOGLE,GOOG
2020-05-01 00:00:00-04:00,65.9653682187632,67.327435005306,65.24647767611364,65.62808990478516,48872000,0.0,0.0,GOOGLE,GOOG
2020-05-04 00:00:00-04:00,65.17025470993144,65.98430505914773,64.56644077311196,65.90608215332031,30806000,0.0,0.0,GOOGLE,GOOG
2020-05-05 00:00:00-04:00,66.63344344892403,68.30289040757773,66.51039251832525,67.20735931396484,39666000,0.0,0.0,GOOGLE,GOOG
2020-05-06 00:00:00-04:00,67.65475045457835,68.18731999160298,67.01357346407988,67.02851867675781,31732000,0.0,0.0,GOOGLE,GOOG
2020-05-07 00:00:00-04:00,67.81964616153778,68.55149783447298,67.38273056836054,68.21670532226562,30652000,0.0,0.0,GOOGLE,GOOG
2020-05-08 00:00:00-04:00,68.84144327546564,69.5797640707449,68.35271358713628,68.96698760986328,33326000,0.0,0.0,GOOGLE,GOOG
2020-05-11 00:00:00-04:00,68.59085382808611,70.52085390400352,68.52658789517999,69.92601013183594,32718000,0.0,0.0,GOOGLE,GOOG
2020-05-12 00:00:00-04:00,70.15668416781644,70.46107695559472,68.47727096514038,68.51065063476562,33918000,0.0,0.0,GOOGLE,GOOG
2020-05-13 00:00:00-04:00,68.5594573991325,69.01630496173733,66.16065230960501,67.17298126220703,40368000,0.0,0.0,GOOGLE,GOOG
2020-05-14 00:00:00-04:00,66.43516167776798,67.62335150405842,65.92600588302776,67.59794616699219,36660000,0.0,0.0,GOOGLE,GOOG
2020-05-15 00:00:00-04:00,67.16951023215769,68.48075120129604,66.70817751319369,68.405029296875,41544000,0.0,0.0,GOOGLE,GOOG
2020-05-18 00:00:00-04:00,67.83310426795741,69.38647134899308,67.46543379437955,69.00884246826172,47094000,0.0,0.0,GOOGLE,GOOG
2020-05-19 00:00:00-04:00,69.02378631792969,69.37301472678409,68.43990439308666,68.47178649902344,31586000,0.0,0.0,GOOGLE,GOOG
2020-05-20 00:00:00-04:00,69.20711846144812,70.34648942602318,69.12043471161293,70.20350646972656,38262000,0.0,0.0,GOOGLE,GOOG
2020-05-21 00:00:00-04:00,70.29467493775918,70.56718559705264,69.46767107075028,70.08344268798828,30894000,0.0,0.0,GOOGLE,GOOG
2020-05-22 00:00:00-04:00,69.94145276179594,70.59408566129582,69.5453894587064,70.40676879882812,28544000,0.0,0.0,GOOGLE,GOOG
2020-05-26 00:00:00-04:00,71.83758241160733,71.99451473967798,70.71365837687964,70.81179809570312,44590000,0.0,0.0,GOOGLE,GOOG
2020-05-27 00:00:00-04:00,70.74355032318083,71.01008594637463,69.4781408664338,70.75749969482422,31684000,0.0,0.0,GOOGLE,GOOG
2020-05-28 00:00:00-04:00,69.74716011851211,71.96213022057283,69.70132864220743,70.65586853027344,35170000,0.0,0.0,GOOGLE,GOOG
2020-05-29 00:00:00-04:00,70.76496784378698,71.57702647189404,70.54327547342558,71.41710662841797,37044000,0.0,0.0,GOOGLE,GOOG
2020-06-01 00:00:00-04:00,71.02752733192398,71.8186581836549,70.85713974161835,71.48436737060547,25162000,0.0,0.0,GOOGLE,GOOG
2020-06-02 00:00:00-04:00,71.49083741107874,71.88939412258804,70.82375340976124,71.85501861572266,23442000,0.0,0.0,GOOGLE,GOOG
2020-06-03 00:00:00-04:00,71.87445322824456,72.18881201214307,71.32245340395113,71.70257568359375,27732000,0.0,0.0,GOOGLE,GOOG
2020-06-04 00:00:00-04:00,71.57951246699068,71.80569752359149,70.04657163873968,70.4595718383789,26982000,0.0,0.0,GOOGLE,GOOG
2020-06-05 00:00:00-04:00,70.52632996829688,72.05379744790729,70.12677742503232,71.74092864990234,42642000,0.0,0.0,GOOGLE,GOOG
2020-06-08 00:00:00-04:00,71.05642003198895,72.1883108306279,70.96674115496965,72.14048767089844,33878000,0.0,0.0,GOOGLE,GOOG
2020-06-09 00:00:00-04:00,72.0009911440297,73.12491517312255,71.85750646676351,72.34175109863281,33624000,0.0,0.0,GOOGLE,GOOG
2020-06-10 00:00:00-04:00,72.81155023889953,73.37251259643772,72.45534336088231,72.97047424316406,31762000,0.0,0.0,GOOGLE,GOOG
2020-06-11 00:00:00-04:00,71.79125013479211,72.317844611134,69.6679505395017,69.8418197631836,47144000,0.0,0.0,GOOGLE,GOOG
2020-06-12 00:00:00-04:00,71.0354895960037,71.46643014655847,69.03972605596952,70.39083099365234,36676000,0.0,0.0,GOOGLE,GOOG
2020-06-15 00:00:00-04:00,69.22355465173395,70.99263883796326,69.1094662895663,70.78041076660156,30468000,0.0,0.0,GOOGLE,GOOG
2020-06-16 00:00:00-04:00,72.18830958177831,72.59533476014369,71.1914274344332,72.06227111816406,30648000,0.0,0.0,GOOGLE,GOOG
2020-06-17 00:00:00-04:00,72.3846018167284,72.84592690407887,71.49731538830102,72.36466979980469,30610000,0.0,0.0,GOOGLE,GOOG
2020-06-18 00:00:00-04:00,72.23065677847741,72.38609154152647,71.05441692317615,71.4469985961914,34862000,0.0,0.0,GOOGLE,GOOG
2020-06-19 00:00:00-04:00,71.73993225099585,71.96411801891286,70.69372186493412,70.9747085571289,52784000,0.0,0.0,GOOGLE,GOOG
2020-06-22 00:00:00-04:00,70.99315006784434,72.28546244565803,70.70320078128806,72.27101135253906,29442000,0.0,0.0,GOOGLE,GOOG
2020-06-23 00:00:00-04:00,72.33776540656734,73.4935791055213,71.98903113596465,72.93460083007812,37752000,0.0,0.0,GOOGLE,GOOG
2020-06-24 00:00:00-04:00,72.89973548311546,73.52297212297677,71.24174433717035,71.37625885009766,31592000,0.0,0.0,GOOGLE,GOOG
2020-06-25 00:00:00-04:00,71.30251980582155,71.85551545856381,70.720629569588,71.79473876953125,23958000,0.0,0.0,GOOGLE,GOOG
2020-06-26 00:00:00-04:00,71.37277132194346,71.59147618941572,67.50529083686487,67.88092803955078,97640000,0.0,0.0,GOOGLE,GOOG
2020-06-29 00:00:00-04:00,67.7713227704338,69.64752464958299,67.33839053044488,69.60617065429688,45074000,0.0,0.0,GOOGLE,GOOG
2020-06-30 00:00:00-04:00,69.59172910748964,70.94282650629934,69.09602088066073,70.64640045166016,40286000,0.0,0.0,GOOGLE,GOOG
2020-07-01 00:00:00-04:00,70.70220499476825,72.16241155709176,70.45360210227392,71.8395767211914,42182000,0.0,0.0,GOOGLE,GOOG
2020-07-02 00:00:00-04:00,72.3298050665194,74.15718040763036,72.2914385919885,73.23103332519531,57218000,0.0,0.0,GOOGLE,GOOG
2020-07-06 00:00:00-04:00,74.13874222626067,75.22729491318063,73.58225733217644,74.71166229248047,44712000,0.0,0.0,GOOGLE,GOOG
2020-07-07 00:00:00-04:00,74.53630064372297,75.79124990468137,74.21595923259059,74.22692108154297,42364000,0.0,0.0,GOOGLE,GOOG
2020-07-08 00:00:00-04:00,74.76896117431934,75.2855896621943,74.34549320672672,74.90845489501953,31766000,0.0,0.0,GOOGLE,GOOG
2020-07-09 00:00:00-04:00,75.22380563879062,76.18083893904442,74.50940017796016,75.65872955322266,41836000,0.0,0.0,GOOGLE,GOOG
2020-07-10 00:00:00-04:00,75.38920428639194,76.78863406760478,74.76497183660314,76.67255401611328,35918000,0.0,0.0,GOOGLE,GOOG
2020-07-13 00:00:00-04:00,77.21708959553256,78.53331741345096,75.05592510143445,75.3384017944336,42954000,0.0,0.0,GOOGLE,GOOG
2020-07-14 00:00:00-04:00,74.36990704594152,75.86498319457694,74.02814364430351,75.7683334350586,38108000,0.0,0.0,GOOGLE,GOOG
2020-07-15 00:00:00-04:00,75.88640355335926,76.53903647589908,74.62099414042883,75.57005310058594,31026000,0.0,0.0,GOOGLE,GOOG
2020-07-16 00:00:00-04:00,74.80383049169487,75.52173283177987,74.14472076367511,75.472412109375,26484000,0.0,0.0,GOOGLE,GOOG
2020-07-17 00:00:00-04:00,75.57154526134265,75.89637177199131,74.63444396372523,75.56855773925781,34264000,0.0,0.0,GOOGLE,GOOG
2020-07-20 00:00:00-04:00,75.47639543898973,78.16714187775806,74.86361891146494,77.90957641601562,30166000,0.0,0.0,GOOGLE,GOOG
2020-07-21 00:00:00-04:00,78.96524749243123,79.06588061391737,77.35059445549066,77.51499938964844,27486000,0.0,0.0,GOOGLE,GOOG
2020-07-22 00:00:00-04:00,77.50453461968445,78.06599868334108,76.88278799026335,77.95988464355469,24482000,0.0,0.0,GOOGLE,GOOG
2020-07-23 00:00:00-04:00,78.01369344820895,78.23389586305572,75.15704470098699,75.5635757446289,33910000,0.0,0.0,GOOGLE,GOOG
2020-07-24 00:00:00-04:00,74.68875512451017,75.4978187147444,74.11084821614986,75.13812255859375,29902000,0.0,0.0,GOOGLE,GOOG
2020-07-27 00:00:00-04:00,75.38970769221412,76.60031547041915,75.34337449446365,76.19528198242188,27124000,0.0,0.0,GOOGLE,GOOG
2020-07-28 00:00:00-04:00,75.97458351011703,76.02490006928045,74.75500559506845,74.91094207763672,30910000,0.0,0.0,GOOGLE,GOOG
2020-07-29 00:00:00-04:00,74.97819642494973,76.38957630642854,74.87905326549283,75.90035247802734,22676000,0.0,0.0,GOOGLE,GOOG
2020-07-30 00:00:00-04:00,74.62797025137715,76.76622275499713,74.48847653000448,76.64067840576172,36042000,0.0,0.0,GOOGLE,GOOG
2020-07-31 00:00:00-04:00,74.58213492227172,74.97919408732075,72.43740576365673,74.12877655029297,91468000,0.0,0.0,GOOGLE,GOOG
2020-08-03 00:00:00-04:00,74.28073079284519,74.6160098313244,73.3202082301425,73.8702163696289,45482000,0.0,0.0,GOOGLE,GOOG
2020-08-04 00:00:00-04:00,74.0670056639935,74.38584953229615,72.93709895228872,73.39892578125,37212000,0.0,0.0,GOOGLE,GOOG
2020-08-05 00:00:00-04:00,73.5742853773924,74.23090162507052,73.29529036829226,73.68737030029297,29134000,0.0,0.0,GOOGLE,GOOG
2020-08-06 00:00:00-04:00,73.54090688926841,75.0414638688501,73.32917292799154,74.97570037841797,33306000,0.0,0.0,GOOGLE,GOOG
2020-08-07 00:00:00-04:00,75.17947715397163,75.72997944167348,74.04508530696614,74.64790344238281,27718000,0.0,0.0,GOOGLE,GOOG
2020-08-10 00:00:00-04:00,74.2707558268139,75.08530020770952,73.60765523231507,74.57067108154297,20546000,0.0,0.0,GOOGLE,GOOG
2020-08-11 00:00:00-04:00,74.43017867772018,75.2492157961146,73.64253714599549,73.75961303710938,31098000,0.0,0.0,GOOGLE,GOOG
2020-08-12 00:00:00-04:00,74.08742732192708,75.31049447767546,73.98180739873705,75.08979034423828,22512000,0.0,0.0,GOOGLE,GOOG
2020-08-13 00:00:00-04:00,75.13812091037408,76.57093045908631,75.13812091037408,75.55859375,22388000,0.0,0.0,GOOGLE,GOOG
2020-08-14 00:00:00-04:00,75.40714596693718,75.71503560697212,74.67928518835669,74.95977020263672,21942000,0.0,0.0,GOOGLE,GOOG
2020-08-17 00:00:00-04:00,75.52472220977971,75.9138146755014,74.9782032851523,75.53816986083984,19990000,0.0,0.0,GOOGLE,GOOG
2020-08-18 00:00:00-04:00,76.03038104423156,77.58723726473458,75.80868867138717,77.50802612304688,28378000,0.0,0.0,GOOGLE,GOOG
2020-08-19 00:00:00-04:00,77.34411980521735,78.15966773297319,76.72187900212155,76.95154571533203,30472000,0.0,0.0,GOOGLE,GOOG
2020-08-20 00:00:00-04:00,76.72037370152356,78.72311558639284,76.44587137868804,78.52782440185547,26382000,0.0,0.0,GOOGLE,GOOG
2020-08-21 00:00:00-04:00,78.30613132210684,79.30651031281674,77.83335025134366,78.49395751953125,34838000,0.0,0.0,GOOGLE,GOOG
2020-08-24 00:00:00-04:00,79.33589725744946,80.14845763456078,78.4675469972095,78.97122192382812,25638000,0.0,0.0,GOOGLE,GOOG
2020-08-25 00:00:00-04:00,78.71963154557028,80.15343686372387,78.60903241627476,80.00248718261719,25150000,0.0,0.0,GOOGLE,GOOG
2020-08-26 00:00:00-04:00,80.02489862719428,82.34100339265537,79.7598605946293,81.90956115722656,52188000,0.0,0.0,GOOGLE,GOOG
2020-08-27 00:00:00-04:00,82.03311751863201,82.10186853182472,80.64813884839977,81.13188934326172,31350000,0.0,0.0,GOOGLE,GOOG
2020-08-28 00:00:00-04:00,81.1792203252564,81.77106895544175,80.98691665183625,81.6754150390625,22418000,0.0,0.0,GOOGLE,GOOG
2020-08-31 00:00:00-04:00,81.88167310885905,81.92800630889975,80.97297225024275,81.18221282958984,26422000,0.0,0.0,GOOGLE,GOOG
2020-09-01 00:00:00-04:00,81.31322906235161,82.66133878864376,81.18220380441561,82.45508575439453,22652000,0.0,0.0,GOOGLE,GOOG
2020-09-02 00:00:00-04:00,83.09925761294082,85.99326951380951,82.70967104741894,85.55934143066406,49522000,0.0,0.0,GOOGLE,GOOG
2020-09-03 00:00:00-04:00,84.66906553604466,84.69298091600302,80.0951464942045,81.18121337890625,63726000,0.0,0.0,GOOGLE,GOOG
2020-09-04 00:00:00-04:00,80.15940982192211,81.45421551334142,76.62073949779996,78.77493286132812,55850000,0.0,0.0,GOOGLE,GOOG
2020-09-08 00:00:00-04:00,75.97458541832226,77.49656444782057,75.55111747525575,75.90483856201172,54032000,0.0,0.0,GOOGLE,GOOG
2020-09-09 00:00:00-04:00,77.16527153565474,77.65449538796737,75.98305657760726,77.08207702636719,39242000,0.0,0.0,GOOGLE,GOOG
2020-09-10 00:00:00-04:00,77.22904054800122,78.39879605198924,75.72548837275342,76.02689361572266,33024000,0.0,0.0,GOOGLE,GOOG
2020-09-11 00:00:00-04:00,76.13151325135439,76.65710424434029,74.38135757977268,75.51425170898438,30706000,0.0,0.0,GOOGLE,GOOG
2020-09-14 00:00:00-04:00,76.30587620432017,77.56879974493008,74.98367354101607,75.16899871826172,42660000,0.0,0.0,GOOGLE,GOOG
2020-09-15 00:00:00-04:00,76.1185618969855,77.26938879198397,75.83011019321296,76.47875213623047,23042000,0.0,0.0,GOOGLE,GOOG
2020-09-16 00:00:00-04:00,76.84543328535601,77.43778367605645,75.30650967657043,75.3314208984375,22128000,0.0,0.0,GOOGLE,GOOG
2020-09-17 00:00:00-04:00,74.02216427474603,74.6623454300348,72.85888546754985,74.08344268798828,40008000,0.0,0.0,GOOGLE,GOOG
2020-09-18 00:00:00-04:00,74.14621099905342,74.48996606174869,71.32244788364751,72.29242706298828,63056000,0.0,0.0,GOOGLE,GOOG
2020-09-21 00:00:00-04:00,71.32245611530352,71.74292896409321,69.88068396867533,71.24872589111328,56908000,0.0,0.0,GOOGLE,GOOG
2020-09-22 00:00:00-04:00,72.25407316357077,72.93411073010083,71.2168328603775,72.72735595703125,33950000,0.0,0.0,GOOGLE,GOOG
2020-09-23 00:00:00-04:00,72.34225644896203,72.39157717122976,69.8806826142396,70.2149658203125,37726000,0.0,0.0,GOOGLE,GOOG
2020-09-24 00:00:00-04:00,69.88068149776949,71.63979990027593,69.85427271441243,70.88603210449219,34552000,0.0,0.0,GOOGLE,GOOG
2020-09-25 00:00:00-04:00,70.99513733495901,72.03585923361521,70.12977461323118,71.69310760498047,30326000,0.0,0.0,GOOGLE,GOOG
2020-09-28 00:00:00-04:00,73.33365977505386,73.38347461301063,72.05280345095021,72.66956329345703,30784000,0.0,0.0,GOOGLE,GOOG
2020-09-29 00:00:00-04:00,72.93112141930668,73.33415562365097,72.43740489907678,73.03623962402344,31816000,0.0,0.0,GOOGLE,GOOG
2020-09-30 00:00:00-04:00,72.78315208556084,74.04159062936886,72.52509251682595,73.01531219482422,40924000,0.0,0.0,GOOGLE,GOOG
2020-10-01 00:00:00-04:00,73.9150494896704,74.4834920654927,73.57328609552755,74.12628173828125,32884000,0.0,0.0,GOOGLE,GOOG
2020-10-02 00:00:00-04:00,72.71789249064658,73.68439010609272,72.10611181504586,72.51712036132812,31222000,0.0,0.0,GOOGLE,GOOG
2020-10-05 00:00:00-04:00,72.86834483876896,73.96686351696191,72.74080881723337,73.87370300292969,21602000,0.0,0.0,GOOGLE,GOOG
2020-10-06 00:00:00-04:00,73.50853375240524,73.95790119838244,71.98954209764706,72.28895568847656,26096000,0.0,0.0,GOOGLE,GOOG
2020-10-07 00:00:00-04:00,72.70194989206978,73.18320700814674,71.40265906364932,72.6934814453125,36108000,0.0,0.0,GOOGLE,GOOG
2020-10-08 00:00:00-04:00,73.007847612493,74.13276761067465,73.007847612493,73.90360260009766,26076000,0.0,0.0,GOOGLE,GOOG
2020-10-09 00:00:00-04:00,74.37338551928684,75.31945693732641,74.08144457179348,75.24971008300781,32966000,0.0,0.0,GOOGLE,GOOG
2020-10-12 00:00:00-04:00,76.62223387226929,79.13412396919452,76.18879995044458,77.94692993164062,55344000,0.0,0.0,GOOGLE,GOOG
2020-10-13 00:00:00-04:00,78.56569445694564,78.97172378559651,77.65001515673892,78.07048797607422,39072000,0.0,0.0,GOOGLE,GOOG
2020-10-14 00:00:00-04:00,78.44563158309474,78.90645495748937,77.01580961564979,77.88964080810547,33174000,0.0,0.0,GOOGLE,GOOG
2020-10-15 00:00:00-04:00,76.9460653245229,78.28620846255698,76.7781787431495,77.49258422851562,31210000,0.0,0.0,GOOGLE,GOOG
2020-10-16 00:00:00-04:00,77.80943263046109,78.60056342329273,77.60168962514257,78.10187530517578,34194000,0.0,0.0,GOOGLE,GOOG
2020-10-19 00:00:00-04:00,78.51189109073204,78.91044782578675,75.87096715362827,76.22119140625,29734000,0.0,0.0,GOOGLE,GOOG
2020-10-20 00:00:00-04:00,75.88043277067209,78.40777009705141,75.75040333901116,77.27388000488281,41670000,0.0,0.0,GOOGLE,GOOG
2020-10-21 00:00:00-04:00,78.20898483318967,80.46530890944595,78.07397620622821,79.01306915283203,60322000,0.0,0.0,GOOGLE,GOOG
2020-10-22 00:00:00-04:00,78.96375064141789,80.37961564707625,78.5891092929625,80.04283905029297,30512000,0.0,0.0,GOOGLE,GOOG
2020-10-23 00:00:00-04:00,80.46082633106839,81.41088115636,80.30438812044022,81.35408782958984,30548000,0.0,0.0,GOOGLE,GOOG
2020-10-26 00:00:00-04:00,80.45833632305265,81.18469951341166,78.10586403860046,78.92838287353516,35826000,0.0,0.0,GOOGLE,GOOG
2020-10-27 00:00:00-04:00,79.15954231999152,79.8106776850853,78.56469855934021,79.65524291992188,25902000,0.0,0.0,GOOGLE,GOOG
2020-10-28 00:00:00-04:00,77.22057217953115,77.40988073140537,75.15157254606702,75.26715087890625,45174000,0.0,0.0,GOOGLE,GOOG
2020-10-29 00:00:00-04:00,75.57702297863642,79.15006883310937,75.55360932054283,77.56282806396484,55406000,0.0,0.0,GOOGLE,GOOG
2020-10-30 00:00:00-04:00,83.07086129202403,83.76235480157268,79.78925464364642,80.51362609863281,99878000,0.0,0.0,GOOGLE,GOOG
2020-11-02 00:00:00-05:00,80.8837926057364,82.61252643628038,80.4204682214181,80.92265319824219,44228000,0.0,0.0,GOOGLE,GOOG
2020-11-03 00:00:00-05:00,81.24348984429479,82.65038470624353,80.31435526225587,81.98579406738281,31432000,0.0,0.0,GOOGLE,GOOG
2020-11-04 00:00:00-05:00,84.9709721050456,88.18183610365294,84.8424402415851,86.97720336914062,71342000,0.0,0.0,GOOGLE,GOOG
2020-11-05 00:00:00-05:00,88.20275735544595,89.26740226984975,86.7370699129325,87.80669403076172,39758000,0.0,0.0,GOOGLE,GOOG
2020-11-06 00:00:00-05:00,87.25071413274178,88.10561678657324,86.52035998576054,87.668701171875,28622000,0.0,0.0,GOOGLE,GOOG
2020-11-09 00:00:00-05:00,89.47464675995333,90.51636448186137,87.56008612324626,87.75288391113281,53440000,0.0,0.0,GOOGLE,GOOG
2020-11-10 00:00:00-05:00,86.17611073287821,87.65126251758112,85.4960731491163,86.57217407226562,43022000,0.0,0.0,GOOGLE,GOOG
2020-11-11 00:00:00-05:00,87.1042427619129,87.8266225882064,86.83820885154041,87.04595947265625,31838000,0.0,0.0,GOOGLE,GOOG
2020-11-12 00:00:00-05:00,86.78539589482608,87.93024780902479,86.58462376759071,86.82624816894531,26474000,0.0,0.0,GOOGLE,GOOG
2020-11-13 00:00:00-05:00,87.08431448870246,88.5355508426952,86.48548735624237,88.29293060302734,29744000,0.0,0.0,GOOGLE,GOOG
2020-11-16 00:00:00-05:00,87.88840565076451,89.39295380658639,87.74841020395236,88.38111877441406,25468000,0.0,0.0,GOOGLE,GOOG
2020-11-17 00:00:00-05:00,88.07372465767033,88.53605320268133,87.6567410725559,87.76484680175781,21314000,0.0,0.0,GOOGLE,GOOG
2020-11-18 00:00:00-05:00,87.51474953078005,87.93123897541416,86.61450958788471,86.71763610839844,20108000,0.0,0.0,GOOGLE,GOOG
2020-11-19 00:00:00-05:00,86.34848648649174,87.85602217060304,86.18856662190134,87.61090850830078,20106000,0.0,0.0,GOOGLE,GOOG
2020-11-20 00:00:00-05:00,87.78178049366831,88.0986326654224,86.43665822607944,86.50540924072266,27694000,0.0,0.0,GOOGLE,GOOG
2020-11-23 00:00:00-05:00,86.69671872564506,86.98417459885138,85.20014502917995,86.06600189208984,22530000,0.0,0.0,GOOGLE,GOOG
2020-11-24 00:00:00-05:00,86.0630160459935,88.00497382203966,85.72573772498068,87.8764419555664,27984000,0.0,0.0,GOOGLE,GOOG
2020-11-25 00:00:00-05:00,88.07123478190198,88.19926492092006,87.10224382118727,87.88789367675781,19600000,0.0,0.0,GOOGLE,GOOG
2020-11-27 00:00:00-05:00,87.90831865377476,89.52595914203532,87.90831865377476,89.02825927734375,14790000,0.0,0.0,GOOGLE,GOOG
2020-11-30 00:00:00-05:00,88.46182238783743,88.6954724641389,87.07634189895141,87.40316009521484,32418000,0.0,0.0,GOOGLE,GOOG
2020-12-01 00:00:00-05:00,88.01394925762817,90.75700402494574,87.8331015354611,89.44376373291016,37350000,0.0,0.0,GOOGLE,GOOG
2020-12-02 00:00:00-05:00,89.44375546572586,91.30600791613693,88.93609717998572,90.91890716552734,29424000,0.0,0.0,GOOGLE,GOOG
2020-12-03 00:00:00-05:00,90.69821757214093,91.85850886844305,90.52185493709996,90.76298522949219,24728000,0.0,0.0,GOOGLE,GOOG
2020-12-04 00:00:00-05:00,90.68227232185122,91.14459326490794,90.3519648864835,90.85863494873047,20544000,0.0,0.0,GOOGLE,GOOG
2020-12-07 00:00:00-05:00,90.44961574992479,91.1341384390011,89.8263790772547,90.52335357666016,22288000,0.0,0.0,GOOGLE,GOOG
2020-12-08 00:00:00-05:00,90.09938442115568,90.47053652120316,89.2404984455747,90.23937225341797,19936000,0.0,0.0,GOOGLE,GOOG
2020-12-09 00:00:00-05:00,90.19104514431577,91.08829757012232,87.78177973255339,88.57191467285156,31728000,0.0,0.0,GOOGLE,GOOG
2020-12-10 00:00:00-05:00,87.81167253448392,88.42893411573529,86.36342371825536,88.06326293945312,28688000,0.0,0.0,GOOGLE,GOOG
2020-12-11 00:00:00-05:00,87.68214672631133,88.5445219658633,87.32045890491517,88.41947174072266,18628000,0.0,0.0,GOOGLE,GOOG
2020-12-14 00:00:00-05:00,88.21620955020055,89.16675845576526,87.1406028237001,87.29653930664062,33050000,0.0,0.0,GOOGLE,GOOG
2020-12-15 00:00:00-05:00,87.67516999164631,87.88142304795741,86.76896253956801,87.73595428466797,21352000,0.0,0.0,GOOGLE,GOOG
2020-12-16 00:00:00-05:00,88.1360003477814,88.1360003477814,87.13712650323956,87.54215240478516,24676000,0.0,0.0,GOOGLE,GOOG
2020-12-17 00:00:00-05:00,87.8779342956904,88.01643216274311,86.24485447323394,86.7111587524414,34880000,0.0,0.0,GOOGLE,GOOG
2020-12-18 00:00:00-05:00,86.99313920631526,87.10224076733915,85.4402664025447,85.99923706054688,85256000,0.0,0.0,GOOGLE,GOOG
2020-12-21 00:00:00-05:00,85.14783444789241,86.53630250285211,84.39406662842674,86.41474151611328,33974000,0.0,0.0,GOOGLE,GOOG
2020-12-22 00:00:00-05:00,86.15417747044755,86.31758655277737,84.98093279518055,85.70032501220703,20370000,0.0,0.0,GOOGLE,GOOG
2020-12-23 00:00:00-05:00,85.88516072253306,86.89051128625628,85.7491486524078,86.09938049316406,22974000,0.0,0.0,GOOGLE,GOOG
2020-12-24 00:00:00-05:00,86.13774220253009,86.80582207984264,85.90608380986222,86.39481353759766,9312000,0.0,0.0,GOOGLE,GOOG
2020-12-28 00:00:00-05:00,86.93036398590236,89.02726225465624,86.77642679040835,88.37761688232422,27650000,0.0,0.0,GOOGLE,GOOG
2020-12-29 00:00:00-05:00,89.03873758776326,89.10051012187903,87.43853552322551,87.570556640625,19726000,0.0,0.0,GOOGLE,GOOG
2020-12-30 00:00:00-05:00,87.93123961215915,88.0687416405065,86.0879233616201,86.49893188476562,21026000,0.0,0.0,GOOGLE,GOOG
2020-12-31 00:00:00-05:00,86.54975002211158,87.55759397313379,86.4909574145553,87.31547546386719,21070000,0.0,0.0,GOOGLE,GOOG
2021-01-04 00:00:00-05:00,87.68214606917775,87.80619285085264,85.04869477317573,85.99476623535156,37324000,0.0,0.0,GOOGLE,GOOG
2021-01-05 00:00:00-05:00,85.9429483768037,87.02602010440519,85.53492737727899,86.68824768066406,20360000,0.0,0.0,GOOGLE,GOOG
2021-01-06 00:00:00-05:00,84.70592848888685,86.88353542794194,84.49867961477806,85.83283996582031,46588000,0.0,0.0,GOOGLE,GOOG
2021-01-07 00:00:00-05:00,86.02614068270066,88.56992052990687,86.02614068270066,88.39655303955078,41936000,0.0,0.0,GOOGLE,GOOG
2021-01-08 00:00:00-05:00,88.53704298309565,89.64303422597571,87.74291709686659,89.56681060791016,35484000,0.0,0.0,GOOGLE,GOOG
2021-01-11 00:00:00-05:00,88.53006966005195,88.89674428175523,87.29056728433751,87.497314453125,34796000,0.0,0.0,GOOGLE,GOOG
2021-01-12 00:00:00-05:00,86.95278383812753,88.0757119949811,85.5090201510068,86.5577163696289,29528000,0.0,0.0,GOOGLE,GOOG
2021-01-13 00:00:00-05:00,86.05405245944603,87.50230901741276,86.05405245944603,87.04695892333984,23432000,0.0,0.0,GOOGLE,GOOG
2021-01-14 00:00:00-05:00,87.12765580672892,88.0582879688526,85.99177402952512,86.2333984375,29212000,0.0,0.0,GOOGLE,GOOG
2021-01-15 00:00:00-05:00,86.13873947397137,87.0653806618715,85.27637182228375,86.0689926147461,31444000,0.0,0.0,GOOGLE,GOOG
2021-01-19 00:00:00-05:00,86.83521771183466,89.8662298949034,86.32855525362069,88.90122985839844,41660000,0.0,0.0,GOOGLE,GOOG
2021-01-20 00:00:00-05:00,90.98865630936496,94.64291272511348,90.64690050867388,93.6639633178711,64152000,0.0,0.0,GOOGLE,GOOG
2021-01-21 00:00:00-05:00,94.34050839326144,96.25506146549635,93.63107455098277,93.86721801757812,58634000,0.0,0.0,GOOGLE,GOOG
2021-01-22 00:00:00-05:00,94.23139983329403,94.87556430668273,93.48610051893715,94.28620147705078,32744000,0.0,0.0,GOOGLE,GOOG
2021-01-25 00:00:00-05:00,95.29155743989047,95.74391995060923,92.62223321351706,94.37188720703125,50586000,0.0,0.0,GOOGLE,GOOG
2021-01-26 00:00:00-05:00,93.95889149093976,95.44151582904261,93.46767596818985,95.05292510986328,31462000,0.0,0.0,GOOGLE,GOOG
2021-01-27 00:00:00-05:00,93.40689168755647,93.68388743518035,89.53941134895017,90.61849975585938,82512000,0.0,0.0,GOOGLE,GOOG
2021-01-28 00:00:00-05:00,91.21932607485262,94.05852868409468,91.21932607485262,92.3253173828125,55278000,0.0,0.0,GOOGLE,GOOG
2021-01-29 00:00:00-05:00,91.36977652740904,92.0433373392386,89.75264523753046,91.03797912597656,44530000,0.0,0.0,GOOGLE,GOOG
2021-02-01 00:00:00-05:00,91.89637432349734,95.43106164858229,91.89637432349734,94.3116226196289,40252000,0.0,0.0,GOOGLE,GOOG
2021-02-02 00:00:00-05:00,95.31098780648408,97.11643928448133,94.97420362433103,95.60940551757812,66332000,0.0,0.0,GOOGLE,GOOG
2021-02-03 00:00:00-05:00,102.90746072666758,104.95055343734262,100.31385813211097,102.57217407226562,97882000,0.0,0.0,GOOGLE,GOOG
2021-02-04 00:00:00-05:00,102.65884809055703,103.09127858814463,101.3874560564438,102.31061553955078,48596000,0.0,0.0,GOOGLE,GOOG
2021-02-05 00:00:00-05:00,102.60604747712506,104.41847761913148,102.12977714218258,104.06426239013672,29866000,0.0,0.0,GOOGLE,GOOG
2021-02-08 00:00:00-05:00,104.62073945674986,105.3680304528695,102.7948618010392,103.84953308105469,28828000,0.0,0.0,GOOGLE,GOOG
2021-02-09 00:00:00-05:00,103.36528753401436,104.54650658602348,103.12615654590056,103.39468383789062,21892000,0.0,0.0,GOOGLE,GOOG
2021-02-10 00:00:00-05:00,103.7807850841294,104.5649450130785,102.24136741179713,103.94718170166016,25102000,0.0,0.0,GOOGLE,GOOG
2021-02-11 00:00:00-05:00,104.17236127042146,104.32181337866476,103.06935758019877,104.06026458740234,20480000,0.0,0.0,GOOGLE,GOOG
2021-02-12 00:00:00-05:00,103.61289391276202,104.59582664089332,103.30400846982873,104.37313842773438,18990000,0.0,0.0,GOOGLE,GOOG
2021-02-16 00:00:00-05:00,104.20973641979121,106.86959656226462,104.20973641979121,105.15381622314453,31004000,0.0,0.0,GOOGLE,GOOG
2021-02-17 00:00:00-05:00,104.32081817221616,105.73868234264121,104.04034080602773,105.54837036132812,20294000,0.0,0.0,GOOGLE,GOOG
2021-02-18 00:00:00-05:00,104.86982858978384,105.71626268211989,104.28843252871336,104.9101791381836,22546000,0.0,0.0,GOOGLE,GOOG
2021-02-19 00:00:00-05:00,105.00884029321222,105.54638902312479,103.79523735548331,104.06326293945312,37938000,0.0,0.0,GOOGLE,GOOG
2021-02-22 00:00:00-05:00,102.30912492140787,103.64079961329027,102.03013748467448,102.34200286865234,29466000,0.0,0.0,GOOGLE,GOOG
2021-02-23 00:00:00-05:00,100.33577698787235,103.25070912204706,99.15206448655958,102.63394165039062,34658000,0.0,0.0,GOOGLE,GOOG
2021-02-24 00:00:00-05:00,101.13537459318772,104.03885071091864,101.01033197264503,103.81416320800781,22608000,0.0,0.0,GOOGLE,GOOG
2021-02-25 00:00:00-05:00,102.4252061789698,103.77381778061505,99.96213477750045,100.43342590332031,41548000,0.0,0.0,GOOGLE,GOOG
2021-02-26 00:00:00-05:00,101.13088744744117,102.45458773490998,99.68911542657376,100.73033905029297,40042000,0.0,0.0,GOOGLE,GOOG
2021-03-01 00:00:00-05:00,102.03013401200471,103.4365347187737,101.35358570003427,103.10922241210938,26060000,0.0,0.0,GOOGLE,GOOG
2021-03-02 00:00:00-05:00,102.86909087667888,104.35869373421451,102.46207329492115,102.85115814208984,25564000,0.0,0.0,GOOGLE,GOOG
2021-03-03 00:00:00-05:00,102.22692382102302,103.42457808906329,99.33988283526075,100.20724487304688,33892000,0.0,0.0,GOOGLE,GOOG
2021-03-04 00:00:00-05:00,100.37961714580209,103.35483186089955,99.90932187453389,101.32917785644531,49216000,0.0,0.0,GOOGLE,GOOG
2021-03-05 00:00:00-05:00,102.68525911486967,104.92961791711122,101.02278293828931,104.47476959228516,53100000,0.0,0.0,GOOGLE,GOOG
2021-03-08 00:00:00-05:00,103.82661965093199,105.30525296763314,99.89735933199495,100.01244354248047,36868000,0.0,0.0,GOOGLE,GOOG
2021-03-09 00:00:00-05:00,102.11732272226696,102.82325975945281,101.41237392395553,101.6495132446289,33920000,0.0,0.0,GOOGLE,GOOG
2021-03-10 00:00:00-05:00,102.69770994837371,102.69770994837371,100.60180744400728,101.44176483154297,27100000,0.0,0.0,GOOGLE,GOOG
2021-03-11 00:00:00-05:00,102.53928968782215,105.18220523776341,102.4511083758253,104.64764404296875,27702000,0.0,0.0,GOOGLE,GOOG
2021-03-12 00:00:00-05:00,103.44550965546584,103.50529050639058,101.25395308684375,102.12977600097656,33818000,0.0,0.0,GOOGLE,GOOG
2021-03-15 00:00:00-04:00,101.87967631284526,102.3783644281171,101.02328375306622,102.35096740722656,26168000,0.0,0.0,GOOGLE,GOOG
2021-03-16 00:00:00-04:00,102.92638942693472,105.3022753921105,102.59260033416,103.81816101074219,31900000,0.0,0.0,GOOGLE,GOOG
2021-03-17 00:00:00-04:00,103.04993048050358,104.57091360341622,101.83682935268834,103.73494720458984,26382000,0.0,0.0,GOOGLE,GOOG
2021-03-18 00:00:00-04:00,102.03909033136951,103.06387874522893,100.59433084226174,100.70194244384766,31700000,0.0,0.0,GOOGLE,GOOG
2021-03-19 00:00:00-04:00,101.11992970979266,101.48410330398204,99.78476589810643,100.98192596435547,46072000,0.0,0.0,GOOGLE,GOOG
2021-03-22 00:00:00-04:00,101.0153078881699,102.04706721218768,100.33626619815543,101.16775512695312,33536000,0.0,0.0,GOOGLE,GOOG
2021-03-23 00:00:00-04:00,101.62908681148028,102.8327237478334,101.03374890974982,101.69783782958984,28510000,0.0,0.0,GOOGLE,GOOG
2021-03-24 00:00:00-04:00,102.21745147719271,103.0065906053198,101.08356142573824,101.25942993164062,25218000,0.0,0.0,GOOGLE,GOOG
2021-03-25 00:00:00-04:00,101.08605743401239,101.91255961376623,99.44400732233429,101.25594329833984,35616000,0.0,0.0,GOOGLE,GOOG
2021-03-26 00:00:00-04:00,101.22256379776005,101.60118851847731,99.83060653550575,100.87084197998047,27978000,0.0,0.0,GOOGLE,GOOG
2021-03-29 00:00:00-04:00,100.74280057109878,102.09041626621831,99.91031577409845,101.92002868652344,26492000,0.0,0.0,GOOGLE,GOOG
2021-03-30 00:00:00-04:00,102.27823561365267,102.76098268873136,101.43977576639969,101.95391082763672,27312000,0.0,0.0,GOOGLE,GOOG
2021-03-31 00:00:00-04:00,102.34897775246182,103.93622616566056,101.98031145156382,102.75350952148438,42570000,0.0,0.0,GOOGLE,GOOG
2021-04-01 00:00:00-04:00,104.23465248148216,106.401792023939,104.19380020475673,106.1043701171875,39880000,0.0,0.0,GOOGLE,GOOG
2021-04-05 00:00:00-04:00,106.96972539348022,111.04694804336208,106.87307563358485,110.54725646972656,48510000,0.0,0.0,GOOGLE,GOOG
2021-04-06 00:00:00-04:00,110.14670337558955,110.99762260350207,109.69185505974016,110.06400299072266,35240000,0.0,0.0,GOOGLE,GOOG
2021-04-07 00:00:00-04:00,110.25531616396992,111.81964506587008,110.25531616396992,111.54713439941406,24134000,0.0,0.0,GOOGLE,GOOG
2021-04-08 00:00:00-04:00,112.79112075301705,113.17921735300315,111.74541201319593,112.11507415771484,28664000,0.0,0.0,GOOGLE,GOOG
2021-04-09 00:00:00-04:00,111.86647971286347,113.28782565198276,111.45895281366761,113.12342071533203,26146000,0.0,0.0,GOOGLE,GOOG
2021-04-12 00:00:00-04:00,112.29890533032506,112.43690147795414,110.9886526996113,111.82562255859375,25024000,0.0,0.0,GOOGLE,GOOG
2021-04-13 00:00:00-04:00,112.14297049692215,112.76471715502049,111.74740129934294,112.31434631347656,25682000,0.0,0.0,GOOGLE,GOOG
2021-04-14 00:00:00-04:00,112.9619971900941,112.9619971900941,111.39717425723353,111.69060516357422,21002000,0.0,0.0,GOOGLE,GOOG
2021-04-15 00:00:00-04:00,112.6889994794816,114.38534950155716,112.15194486886276,113.84978485107422,29174000,0.0,0.0,GOOGLE,GOOG
2021-04-16 00:00:00-04:00,114.04856393280973,114.29766093867127,113.13587213844484,113.72523498535156,26282000,0.0,0.0,GOOGLE,GOOG
2021-04-19 00:00:00-04:00,113.0990103588193,114.78838186688787,113.0990103588193,114.07447052001953,30290000,0.0,0.0,GOOGLE,GOOG
2021-04-20 00:00:00-04:00,114.45956839924328,114.53479617885418,112.44836557021146,113.53890991210938,22288000,0.0,0.0,GOOGLE,GOOG
2021-04-21 00:00:00-04:00,113.19217019429358,113.58823351736392,111.83558432610454,113.50603485107422,23204000,0.0,0.0,GOOGLE,GOOG
2021-04-22 00:00:00-04:00,113.3590652676498,114.03063440238844,111.61140281475126,112.21920013427734,24146000,0.0,0.0,GOOGLE,GOOG
2021-04-23 00:00:00-04:00,112.94058602127447,114.88952235997519,112.65412597200617,114.58113861083984,29066000,0.0,0.0,GOOGLE,GOOG
2021-04-26 00:00:00-04:00,114.80980729457114,115.80669706509309,114.45110698869605,115.07933044433594,32038000,0.0,0.0,GOOGLE,GOOG
2021-04-27 00:00:00-04:00,115.46293758663589,115.50378985999158,113.89511946951139,114.13525390625,44386000,0.0,0.0,GOOGLE,GOOG
2021-04-28 00:00:00-04:00,119.19292425294489,121.1299029266967,117.23602116237112,117.52597045898438,81106000,0.0,0.0,GOOGLE,GOOG
2021-04-29 00:00:00-04:00,119.03001067597394,119.7738124548785,118.26378347678457,119.20587158203125,41234000,0.0,0.0,GOOGLE,GOOG
2021-04-30 00:00:00-04:00,117.97333747895604,118.66233759698787,116.90421509270777,117.24996185302734,44856000,0.0,0.0,GOOGLE,GOOG
2021-05-03 00:00:00-04:00,117.81839175557107,118.64738727207323,116.35320611160176,116.7308349609375,28242000,0.0,0.0,GOOGLE,GOOG
2021-05-04 00:00:00-04:00,115.25967352737906,115.82960607841663,112.42644594452452,114.92488861083984,44818000,0.0,0.0,GOOGLE,GOOG
2021-05-05 00:00:00-04:00,116.01095514761973,116.3283014483051,114.9971285118413,115.3204574584961,26636000,0.0,0.0,GOOGLE,GOOG
2021-05-06 00:00:00-04:00,114.89997327178848,116.44537353515625,114.23787606854714,116.44537353515625,25190000,0.0,0.0,GOOGLE,GOOG
2021-05-07 00:00:00-04:00,117.76758486917417,118.13425188151923,116.88428180149477,117.17173767089844,28898000,0.0,0.0,GOOGLE,GOOG
2021-05-10 00:00:00-04:00,115.98653868476471,116.1290275242415,113.81441248301603,114.17361450195312,30914000,0.0,0.0,GOOGLE,GOOG
2021-05-11 00:00:00-04:00,111.74840465287846,113.60218105528583,111.29255288711725,113.09302520751953,34186000,0.0,0.0,GOOGLE,GOOG
2021-05-12 00:00:00-04:00,110.90745515149418,111.99302033670635,109.28483535815145,109.6151351928711,46376000,0.0,0.0,GOOGLE,GOOG
2021-05-13 00:00:00-04:00,110.90396211934527,111.5675568900471,109.93746454623565,111.0494384765625,33204000,0.0,0.0,GOOGLE,GOOG
2021-05-14 00:00:00-04:00,112.51910891638579,113.8233789149502,112.09364929698383,113.50752258300781,31996000,0.0,0.0,GOOGLE,GOOG
2021-05-17 00:00:00-04:00,112.76969964230365,114.07546724640189,112.36815538903663,114.03262329101562,21598000,0.0,0.0,GOOGLE,GOOG
2021-05-18 00:00:00-04:00,114.70169038696976,114.96723014799375,112.70094015585163,112.71488952636719,22204000,0.0,0.0,GOOGLE,GOOG
2021-05-19 00:00:00-04:00,111.01904703596884,113.33863362430941,110.87008903639969,113.16476440429688,23684000,0.0,0.0,GOOGLE,GOOG
2021-05-20 00:00:00-04:00,114.13625000710029,115.18245286035571,113.7636003426539,114.93087005615234,32352000,0.0,0.0,GOOGLE,GOOG
2021-05-21 00:00:00-04:00,115.45198007072094,115.52571789476706,114.05155435717194,114.29218292236328,40632000,0.0,0.0,GOOGLE,GOOG
2021-05-24 00:00:00-04:00,115.3264345855908,117.8502826300026,115.18046410277039,117.62560272216797,31832000,0.0,0.0,GOOGLE,GOOG
2021-05-25 00:00:00-04:00,118.1716223385103,118.76945365385379,117.32469400828721,117.7167739868164,22440000,0.0,0.0,GOOGLE,GOOG
2021-05-26 00:00:00-04:00,117.8986010430773,119.01804756536346,117.89561352112118,118.58561706542969,21572000,0.0,0.0,GOOGLE,GOOG
2021-05-27 00:00:00-04:00,119.02103252382877,119.02103252382877,117.38745859414044,117.7072982788086,35224000,0.0,0.0,GOOGLE,GOOG
2021-05-28 00:00:00-04:00,118.29218362539557,118.37438229281668,117.21758029372839,117.41685485839844,21482000,0.0,0.0,GOOGLE,GOOG
2021-06-01 00:00:00-04:00,118.29318650694809,118.85465064626295,117.2888240927478,118.62896728515625,23354000,0.0,0.0,GOOGLE,GOOG
2021-06-02 00:00:00-04:00,119.02602129528475,119.24971296514329,117.19316506458466,118.10137939453125,21158000,0.0,0.0,GOOGLE,GOOG
2021-06-03 00:00:00-04:00,116.86286004564526,117.42531997629091,116.05528647797111,116.95502471923828,18696000,0.0,0.0,GOOGLE,GOOG
2021-06-04 00:00:00-04:00,118.03561562917264,119.51823999984255,117.69385222026358,119.24622344970703,24458000,0.0,0.0,GOOGLE,GOOG
2021-06-07 00:00:00-04:00,119.04046188004686,119.79124208938643,118.61998908214694,119.68113708496094,24120000,0.0,0.0,GOOGLE,GOOG
2021-06-08 00:00:00-04:00,120.16489237627718,120.53903199374771,119.3065005306719,119.48883819580078,24240000,0.0,0.0,GOOGLE,GOOG
2021-06-09 00:00:00-04:00,120.13600454328899,120.2082372036492,119.41212716482752,119.9621353149414,17942000,0.0,0.0,GOOGLE,GOOG
2021-06-10 00:00:00-04:00,119.91131416876631,121.36006473182732,119.75488355948265,121.31671905517578,25904000,0.0,0.0,GOOGLE,GOOG
2021-06-11 00:00:00-04:00,121.55933394024409,121.64502184723942,120.51113183593498,121.07110595703125,21958000,0.0,0.0,GOOGLE,GOOG
2021-06-14 00:00:00-04:00,121.17372998618939,122.00372135329049,120.4633079129631,122.00322723388672,22098000,0.0,0.0,GOOGLE,GOOG
2021-06-15 00:00:00-04:00,122.00770667877788,122.33203145695492,120.61874461427762,120.9809341430664,21562000,0.0,0.0,GOOGLE,GOOG
2021-06-16 00:00:00-04:00,121.1328772619074,121.4457460653678,119.03847235757074,120.33626556396484,26472000,0.0,0.0,GOOGLE,GOOG
2021-06-17 00:00:00-04:00,120.2615448489189,122.07994993979183,120.06475608698388,121.30376434326172,25842000,0.0,0.0,GOOGLE,GOOG
2021-06-18 00:00:00-04:00,120.92862224622236,121.16376988101334,119.58150825101744,119.67716217041016,46116000,0.0,0.0,GOOGLE,GOOG
2021-06-21 00:00:00-04:00,120.06525529329481,121.5593355667169,119.46542473262765,121.37251281738281,27414000,0.0,0.0,GOOGLE,GOOG
2021-06-22 00:00:00-04:00,121.31024036704765,121.95789409471352,120.62672117126523,121.88864135742188,22390000,0.0,0.0,GOOGLE,GOOG
2021-06-23 00:00:00-04:00,121.65249527234397,122.65087494348631,121.39443570896914,121.68587493896484,19148000,0.0,0.0,GOOGLE,GOOG
2021-06-24 00:00:00-04:00,122.25680782875446,122.6110230424508,121.85825869956587,122.05753326416016,21362000,0.0,0.0,GOOGLE,GOOG
2021-06-25 00:00:00-04:00,121.5593394311943,122.19005627617618,121.12591307154808,122.06600189208984,34594000,0.0,0.0,GOOGLE,GOOG
2021-06-28 00:00:00-04:00,122.23537855577858,122.3415001990115,120.96698166036414,122.09339904785156,28526000,0.0,0.0,GOOGLE,GOOG
2021-06-29 00:00:00-04:00,122.22741372596614,122.57664972076277,121.25145187942462,121.83084869384766,23108000,0.0,0.0,GOOGLE,GOOG
2021-06-30 00:00:00-04:00,121.55385571715162,121.81541212963481,120.91616800193192,121.64851379394531,24474000,0.0,0.0,GOOGLE,GOOG
2021-07-01 00:00:00-04:00,121.2853289488081,122.14421492657009,121.09253115294321,122.00223541259766,18110000,0.0,0.0,GOOGLE,GOOG
2021-07-02 00:00:00-04:00,122.70519059589924,124.95104708441207,122.61501759847599,124.8050765991211,25982000,0.0,0.0,GOOGLE,GOOG
2021-07-06 00:00:00-04:00,125.19465914630301,125.97134646912995,124.13250762769843,125.73420715332031,26404000,0.0,0.0,GOOGLE,GOOG
2021-07-07 00:00:00-04:00,126.70269223196743,126.82424560699673,125.6973340734699,126.01717376708984,24060000,0.0,0.0,GOOGLE,GOOG
2021-07-08 00:00:00-04:00,123.57802540547527,125.14185262043554,123.57404204259987,124.59234619140625,23790000,0.0,0.0,GOOGLE,GOOG
2021-07-09 00:00:00-04:00,124.57340729248173,125.28034011671875,124.10161448780812,125.06512451171875,18632000,0.0,0.0,GOOGLE,GOOG
2021-07-12 00:00:00-04:00,125.72224854003221,126.61053082848238,125.15729519677421,126.5168685913086,17668000,0.0,0.0,GOOGLE,GOOG
2021-07-13 00:00:00-04:00,126.57963904780594,127.59495565583835,126.21695538501842,126.88154602050781,19240000,0.0,0.0,GOOGLE,GOOG
2021-07-14 00:00:00-04:00,127.49581213607647,128.85937643254474,127.45246646187543,127.7738037109375,23742000,0.0,0.0,GOOGLE,GOOG
2021-07-15 00:00:00-04:00,128.18432371890728,128.23513439920174,126.07297423261967,126.54625701904297,24218000,0.0,0.0,GOOGLE,GOOG
2021-07-16 00:00:00-04:00,127.20188838851513,127.34985055293852,125.69784204050538,126.51139068603516,20424000,0.0,0.0,GOOGLE,GOOG
2021-07-19 00:00:00-04:00,125.63405913672729,125.74914334395545,123.05889131165422,124.12802124023438,27968000,0.0,0.0,GOOGLE,GOOG
2021-07-20 00:00:00-04:00,125.07409576815407,126.58412475857085,123.90135270341086,125.7536392211914,26312000,0.0,0.0,GOOGLE,GOOG
2021-07-21 00:00:00-04:00,125.6779108921096,127.13512993141451,125.56830759877757,127.08830261230469,20746000,0.0,0.0,GOOGLE,GOOG
2021-07-22 00:00:00-04:00,127.38222811720419,128.0189199827993,127.03847304392843,127.95763397216797,14302000,0.0,0.0,GOOGLE,GOOG
2021-07-23 00:00:00-04:00,129.95937801445345,132.91716155671864,129.33166392864507,132.5345458984375,41506000,0.0,0.0,GOOGLE,GOOG
2021-07-26 00:00:00-04:00,132.84692745937272,133.7521390487209,131.82362892844895,133.55087280273438,30572000,0.0,0.0,GOOGLE,GOOG
2021-07-27 00:00:00-04:00,133.7655882856649,133.91355044141807,129.63406588377933,131.42356872558594,54710000,0.0,0.0,GOOGLE,GOOG
2021-07-28 00:00:00-04:00,135.81964716134036,137.79747808975895,134.7888835806072,135.60243225097656,95130000,0.0,0.0,GOOGLE,GOOG
2021-07-29 00:00:00-04:00,135.65823098456275,136.16738687452755,135.0534287718123,135.28707885742188,31716000,0.0,0.0,GOOGLE,GOOG
2021-07-30 00:00:00-04:00,134.54725604869535,134.8157833421163,133.77007463180635,134.2398681640625,25576000,0.0,0.0,GOOGLE,GOOG
2021-08-02 00:00:00-04:00,134.62898048624183,134.8476853716803,133.3107609250977,134.367431640625,21634000,0.0,0.0,GOOGLE,GOOG
2021-08-03 00:00:00-04:00,134.64688381400205,135.24172755796863,132.83795068538504,135.14010620117188,20762000,0.0,0.0,GOOGLE,GOOG
2021-08-04 00:00:00-04:00,134.86061057740247,135.15952999689696,134.00122294773328,134.63742065429688,19676000,0.0,0.0,GOOGLE,GOOG
2021-08-05 00:00:00-04:00,135.1904169466429,135.85750855812594,134.3589280063779,135.7593536376953,17870000,0.0,0.0,GOOGLE,GOOG
2021-08-06 00:00:00-04:00,135.5506157309047,135.97955696912706,134.72162023395956,135.24819946289062,20488000,0.0,0.0,GOOGLE,GOOG
2021-08-09 00:00:00-04:00,135.45147299137568,136.6884894757047,134.85063901961703,136.41845703125,17760000,0.0,0.0,GOOGLE,GOOG
2021-08-10 00:00:00-04:00,136.84590694225852,137.2748633811783,135.87194442600278,136.31285095214844,19414000,0.0,0.0,GOOGLE,GOOG
2021-08-11 00:00:00-04:00,136.68601024578308,137.18519250849718,135.77929347351906,135.78677368164062,15352000,0.0,0.0,GOOGLE,GOOG
2021-08-12 00:00:00-04:00,135.4843511917133,136.80407573625112,134.936349953469,136.69845581054688,16506000,0.0,0.0,GOOGLE,GOOG
2021-08-13 00:00:00-04:00,136.7542424426738,137.3585580427496,136.53803100691155,137.23001098632812,15948000,0.0,0.0,GOOGLE,GOOG
2021-08-16 00:00:00-04:00,137.0282699228017,137.86275409429717,134.8103120385983,137.8099365234375,22384000,0.0,0.0,GOOGLE,GOOG
2021-08-17 00:00:00-04:00,137.2524465043844,137.76608743563514,135.59047205616216,136.16787719726562,21716000,0.0,0.0,GOOGLE,GOOG
2021-08-18 00:00:00-04:00,136.00696124700988,136.60928520906825,134.83272067135763,134.9597625732422,19258000,0.0,0.0,GOOGLE,GOOG
2021-08-19 00:00:00-04:00,133.94992958578757,135.8599977332164,133.76509850399083,135.18992614746094,21782000,0.0,0.0,GOOGLE,GOOG
2021-08-20 00:00:00-04:00,135.50877958115066,137.05716751688817,134.76148851728402,136.93312072753906,31194000,0.0,0.0,GOOGLE,GOOG
2021-08-23 00:00:00-04:00,137.47116792714942,140.36567418925966,137.11047591549757,139.5356903076172,28454000,0.0,0.0,GOOGLE,GOOG
2021-08-24 00:00:00-04:00,140.10360516690898,141.5668067613832,139.83159623375502,140.7512664794922,19268000,0.0,0.0,GOOGLE,GOOG
2021-08-25 00:00:00-04:00,141.11345621696415,141.6759161710867,140.86536264941796,141.56581115722656,15848000,0.0,0.0,GOOGLE,GOOG
2021-08-26 00:00:00-04:00,141.2380025988611,141.9030873487792,140.8464167531898,140.92962646484375,20610000,0.0,0.0,GOOGLE,GOOG
2021-08-27 00:00:00-04:00,141.1408483459269,143.99051865072698,140.98590770006297,143.48385620117188,28780000,0.0,0.0,GOOGLE,GOOG
2021-08-30 00:00:00-04:00,143.87841943307077,145.44325759375565,143.64227596635465,144.0682373046875,24434000,0.0,0.0,GOOGLE,GOOG
2021-08-31 00:00:00-04:00,144.6227355158281,144.6471374136657,143.75986616388167,144.1748504638672,22448000,0.0,0.0,GOOGLE,GOOG
2021-09-01 00:00:00-04:00,144.47625751522853,145.7257258564105,144.36017746381918,144.69097900390625,21936000,0.0,0.0,GOOGLE,GOOG
2021-09-02 00:00:00-04:00,144.69148832739003,144.99388942023097,142.6678183896574,142.7694549560547,32342000,0.0,0.0,GOOGLE,GOOG
2021-09-03 00:00:00-04:00,142.5637053377978,143.63431772651685,141.88615355979695,143.22032165527344,19850000,0.0,0.0,GOOGLE,GOOG
2021-09-07 00:00:00-04:00,143.31498067592867,144.04284141939866,143.10025917198024,143.75936889648438,20124000,0.0,0.0,GOOGLE,GOOG
2021-09-08 00:00:00-04:00,143.57951629992405,143.87842053577396,142.48348342289364,143.17198181152344,18344000,0.0,0.0,GOOGLE,GOOG
2021-09-09 00:00:00-04:00,143.32095496544682,143.7892585645254,142.66035528425843,143.0225372314453,15314000,0.0,0.0,GOOGLE,GOOG
2021-09-10 00:00:00-04:00,143.69159226728954,144.1957764935622,140.22965495774272,140.36715698242188,36840000,0.0,0.0,GOOGLE,GOOG
2021-09-13 00:00:00-04:00,141.43677770651655,142.43366746913202,140.73981083958526,141.8184051513672,22094000,0.0,0.0,GOOGLE,GOOG
2021-09-14 00:00:00-04:00,142.47900759751042,142.84518811573292,141.23800760581798,142.02963256835938,19674000,0.0,0.0,GOOGLE,GOOG
2021-09-15 00:00:00-04:00,142.25580564640651,143.928741910643,140.83695318139684,143.90782165527344,27408000,0.0,0.0,GOOGLE,GOOG
2021-09-16 00:00:00-04:00,143.43054806092687,143.7787882133272,141.88714709734165,143.09127807617188,26190000,0.0,0.0,GOOGLE,GOOG
2021-09-17 00:00:00-04:00,142.51388572470947,142.9318651671126,139.9626329845503,140.29144287109375,53384000,0.0,0.0,GOOGLE,GOOG
2021-09-20 00:00:00-04:00,137.66246165022108,138.4979339731591,135.82961307424304,138.21844482421875,46518000,0.0,0.0,GOOGLE,GOOG
2021-09-21 00:00:00-04:00,139.24471117451424,139.50577344725738,137.77852974453012,138.5308074951172,25332000,0.0,0.0,GOOGLE,GOOG
2021-09-22 00:00:00-04:00,138.80084013439108,140.3781149795771,138.0510557030059,139.77679443359375,25056000,0.0,0.0,GOOGLE,GOOG
2021-09-23 00:00:00-04:00,140.47825759202823,141.18469632618687,139.89437567775664,140.7059326171875,20952000,0.0,0.0,GOOGLE,GOOG
2021-09-24 00:00:00-04:00,140.03088145961,141.8164162845254,139.73445540328063,141.70132446289062,22984000,0.0,0.0,GOOGLE,GOOG
2021-09-27 00:00:00-04:00,140.2959186090316,141.4258252775578,139.56158113910755,140.5624542236328,21882000,0.0,0.0,GOOGLE,GOOG
2021-09-28 00:00:00-04:00,138.15417908972435,138.59408220929217,134.871082402692,135.33938598632812,45772000,0.0,0.0,GOOGLE,GOOG
2021-09-29 00:00:00-04:00,136.4852181878325,136.6556057586618,133.38147942996824,133.8682098388672,30848000,0.0,0.0,GOOGLE,GOOG
2021-09-30 00:00:00-04:00,133.77655641839215,135.05292011764217,133.0735993124789,133.1931610107422,37996000,0.0,0.0,GOOGLE,GOOG
2021-10-01 00:00:00-04:00,133.96186890939381,136.41598518000123,133.5887251341205,136.0498046875,35360000,0.0,0.0,GOOGLE,GOOG
2021-10-04 00:00:00-04:00,135.46939554403545,135.46939554403545,130.5766406639165,133.1767120361328,51202000,0.0,0.0,GOOGLE,GOOG
2021-10-05 00:00:00-04:00,133.55684162099922,136.72884494534537,133.55684162099922,135.53167724609375,32404000,0.0,0.0,GOOGLE,GOOG
2021-10-06 00:00:00-04:00,134.2632656847238,137.25242929922598,134.06399115115812,137.06809997558594,24364000,0.0,0.0,GOOGLE,GOOG
2021-10-07 00:00:00-04:00,138.39031721172944,139.5361725075919,138.1501903850964,138.7221221923828,25110000,0.0,0.0,GOOGLE,GOOG
2021-10-08 00:00:00-04:00,139.07285091061453,139.824125312018,138.71465232525279,139.28060913085938,26526000,0.0,0.0,GOOGLE,GOOG
2021-10-11 00:00:00-04:00,138.7888720347405,140.20374104102797,138.35742220440957,138.4122314453125,17954000,0.0,0.0,GOOGLE,GOOG
2021-10-12 00:00:00-04:00,138.97618878992267,139.00309929245716,135.26962435212994,135.95614624023438,36332000,0.0,0.0,GOOGLE,GOOG
2021-10-13 00:00:00-04:00,136.90619646825806,137.5015419382129,136.02588853486372,137.08505249023438,19654000,0.0,0.0,GOOGLE,GOOG
2021-10-14 00:00:00-04:00,138.97021448905156,140.82697835916224,138.32355663005825,140.6411590576172,31894000,0.0,0.0,GOOGLE,GOOG
2021-10-15 00:00:00-04:00,141.10299145910653,141.2061179827892,140.2465988856145,140.8573760986328,30274000,0.0,0.0,GOOGLE,GOOG
2021-10-18 00:00:00-04:00,140.56693683465275,142.28022366058383,140.5599583482601,142.2622833251953,20396000,0.0,0.0,GOOGLE,GOOG
2021-10-19 00:00:00-04:00,142.86957358264954,143.14358939003492,142.08492719728906,142.71961975097656,20164000,0.0,0.0,GOOGLE,GOOG
2021-10-20 00:00:00-04:00,142.8202605045603,143.0275169927179,140.86584337602682,141.25692749023438,23288000,0.0,0.0,GOOGLE,GOOG
2021-10-21 00:00:00-04:00,141.25693811410423,141.64254893456277,139.99252444523884,141.37351989746094,26292000,0.0,0.0,GOOGLE,GOOG
2021-10-22 00:00:00-04:00,138.64737170147004,140.07519423967295,135.56455334377378,137.06959533691406,50588000,0.0,0.0,GOOGLE,GOOG
2021-10-25 00:00:00-04:00,137.05317106525422,137.50154262001945,134.9348431440091,136.95054626464844,34412000,0.0,0.0,GOOGLE,GOOG
2021-10-26 00:00:00-04:00,138.76049273084183,139.57702131357337,137.80495694534122,138.80532836914062,49236000,0.0,0.0,GOOGLE,GOOG
2021-10-27 00:00:00-04:00,138.9014683036961,148.11307052372035,138.9014683036961,145.68936157226562,85782000,0.0,0.0,GOOGLE,GOOG
2021-10-28 00:00:00-04:00,146.6030686470754,146.62648230748036,144.10461823040788,145.32220458984375,36206000,0.0,0.0,GOOGLE,GOOG
2021-10-29 00:00:00-04:00,144.5539791333044,147.7065521801531,144.1270295572053,147.51126098632812,43320000,0.0,0.0,GOOGLE,GOOG
2021-11-01 00:00:00-04:00,147.51126369246262,147.51126369246262,142.70816449344113,142.9786834716797,46924000,0.0,0.0,GOOGLE,GOOG
2021-11-02 00:00:00-04:00,144.0572802251033,146.07944497081846,143.81415826390838,144.90719604492188,33482000,0.0,0.0,GOOGLE,GOOG
2021-11-03 00:00:00-04:00,145.37350633659418,146.1392394014242,144.06874219700023,146.06849670410156,27494000,0.0,0.0,GOOGLE,GOOG
2021-11-04 00:00:00-04:00,146.59307209981003,149.1926569597532,145.7795235464041,147.73194885253906,38412000,0.0,0.0,GOOGLE,GOOG
2021-11-05 00:00:00-04:00,148.63070444511646,149.78452657053217,147.66172860451456,148.31436157226562,38354000,0.0,0.0,GOOGLE,GOOG
2021-11-08 00:00:00-05:00,149.2838294941872,150.07098453053808,147.89436569436276,148.49270629882812,23052000,0.0,0.0,GOOGLE,GOOG
2021-11-09 00:00:00-05:00,148.69399346952005,149.29332239717772,146.71316727294953,148.38063049316406,19530000,0.0,0.0,GOOGLE,GOOG
2021-11-10 00:00:00-05:00,146.96723507406335,147.53518355143552,144.015441603622,145.3665313720703,29970000,0.0,0.0,GOOGLE,GOOG
2021-11-11 00:00:00-05:00,145.96038595465913,147.00261306187474,145.07458945686048,145.239990234375,16518000,0.0,0.0,GOOGLE,GOOG
2021-11-12 00:00:00-05:00,146.0859256037768,148.31236698092147,144.88577790313937,148.14097595214844,22360000,0.0,0.0,GOOGLE,GOOG
2021-11-15 00:00:00-05:00,148.36266834084333,149.00932621836836,147.04195556476728,147.91578674316406,23508000,0.0,0.0,GOOGLE,GOOG
2021-11-16 00:00:00-05:00,147.6143991037247,148.22517635135688,146.78041669908438,147.34188842773438,18904000,0.0,0.0,GOOGLE,GOOG
2021-11-17 00:00:00-05:00,147.49282251164448,148.0228986220428,146.70817607591962,147.5122528076172,19594000,0.0,0.0,GOOGLE,GOOG
2021-11-18 00:00:00-05:00,147.70607029730994,150.03662660956687,147.3503650902725,149.29730224609375,35608000,0.0,0.0,GOOGLE,GOOG
2021-11-19 00:00:00-05:00,149.43378735163904,150.42122041688864,148.36118330033113,148.38858032226562,33682000,0.0,0.0,GOOGLE,GOOG
2021-11-22 00:00:00-05:00,148.7931312994158,149.2883302289329,145.6196376100613,145.77357482910156,30594000,0.0,0.0,GOOGLE,GOOG
2021-11-23 00:00:00-05:00,145.62510956137248,146.13028209755623,143.59447621265684,145.2554473876953,27218000,0.0,0.0,GOOGLE,GOOG
2021-11-24 00:00:00-05:00,144.9480443888763,145.7212424454902,143.85152499609853,145.5922088623047,18040000,0.0,0.0,GOOGLE,GOOG
2021-11-26 00:00:00-05:00,143.82710864428418,144.0353533712897,141.33016360155258,141.66943359375,30470000,0.0,0.0,GOOGLE,GOOG
2021-11-29 00:00:00-05:00,143.4798629869692,145.76906488131448,143.37374134690697,145.0048370361328,32596000,0.0,0.0,GOOGLE,GOOG
2021-11-30 00:00:00-05:00,144.48473491377032,145.47265451139563,141.0900431567815,141.38497924804688,42068000,0.0,0.0,GOOGLE,GOOG
2021-12-01 00:00:00-05:00,143.47987435242788,145.42332966480942,140.4030307121987,140.54202270507812,34020000,0.0,0.0,GOOGLE,GOOG
2021-12-02 00:00:00-05:00,140.7398102016987,143.34486867005117,139.70804321343067,142.44961547851562,29194000,0.0,0.0,GOOGLE,GOOG
2021-12-03 00:00:00-05:00,143.16203989520787,143.8784371086145,139.7942432157484,141.4886016845703,41230000,0.0,0.0,GOOGLE,GOOG
2021-12-06 00:00:00-05:00,142.52383582124932,143.33289935720407,139.64377336248802,142.63792419433594,30618000,0.0,0.0,GOOGLE,GOOG
2021-12-07 00:00:00-05:00,145.0706028185272,146.99812465875345,144.70293236055124,146.73756408691406,32240000,0.0,0.0,GOOGLE,GOOG
2021-12-08 00:00:00-05:00,147.06337983886414,147.8570116479077,145.87718915415954,147.6512451171875,24270000,0.0,0.0,GOOGLE,GOOG
2021-12-09 00:00:00-05:00,147.05791082804922,148.56146305841114,146.5836321880292,147.10523986816406,23270000,0.0,0.0,GOOGLE,GOOG
2021-12-10 00:00:00-05:00,148.1628822372189,148.4393762390746,146.17408973844277,147.46690368652344,24458000,0.0,0.0,GOOGLE,GOOG
2021-12-13 00:00:00-05:00,147.2477146860788,147.43554088789833,144.99189980486057,145.29978942871094,27070000,0.0,0.0,GOOGLE,GOOG
2021-12-14 00:00:00-05:00,143.44799132177158,143.95813541485848,140.70492917064723,143.38720703125,38446000,0.0,0.0,GOOGLE,GOOG
2021-12-15 00:00:00-05:00,142.89100225657464,146.19103576153915,141.1662518435287,145.91204833984375,36370000,0.0,0.0,GOOGLE,GOOG
2021-12-16 00:00:00-05:00,146.6389288369081,147.1435996261895,143.0882929753909,143.92327880859375,33650000,0.0,0.0,GOOGLE,GOOG
2021-12-17 00:00:00-05:00,141.9852989150622,143.31498194691542,140.78963628072304,141.21310424804688,50416000,0.0,0.0,GOOGLE,GOOG
2021-12-20 00:00:00-05:00,139.49431465775666,141.26241069099567,138.81776638026082,141.0955047607422,27192000,0.0,0.0,GOOGLE,GOOG
2021-12-21 00:00:00-05:00,141.54040373475354,143.3493521552757,139.99501101530763,142.95428466796875,28756000,0.0,0.0,GOOGLE,GOOG
2021-12-22 00:00:00-05:00,142.55074171887085,145.97083858364996,142.55074171887085,145.88613891601562,26322000,0.0,0.0,GOOGLE,GOOG
2021-12-23 00:00:00-05:00,145.97084948360668,147.70805180741047,145.92301872175508,146.38584899902344,26384000,0.0,0.0,GOOGLE,GOOG
2021-12-27 00:00:00-05:00,146.72410558903078,147.80817316067498,146.6379159607732,147.37225341796875,15976000,0.0,0.0,GOOGLE,GOOG
2021-12-28 00:00:00-05:00,147.7005665519586,147.7633425242842,145.52695801248083,146.15716552734375,18200000,0.0,0.0,GOOGLE,GOOG
2021-12-29 00:00:00-05:00,146.11481453072193,146.88453091733504,145.1214216971566,146.12527465820312,17788000,0.0,0.0,GOOGLE,GOOG
2021-12-30 00:00:00-05:00,146.1641415512686,146.76795547689343,145.4671747130842,145.67242431640625,15688000,0.0,0.0,GOOGLE,GOOG
2021-12-31 00:00:00-05:00,145.5224672383806,146.16862338260864,144.32879638671875,144.32879638671875,18136000,0.0,0.0,GOOGLE,GOOG
2022-01-03 00:00:00-05:00,144.5310511838685,145.32418124624684,143.19390325785943,144.46778869628906,28646000,0.0,0.0,GOOGLE,GOOG
2022-01-04 00:00:00-05:00,144.8708361725887,145.9559072828968,143.19741323127974,143.87794494628906,28400000,0.0,0.0,GOOGLE,GOOG
2022-01-05 00:00:00-05:00,143.89836193048714,143.9775730785169,137.19068285621367,137.27735900878906,54618000,0.0,0.0,GOOGLE,GOOG
2022-01-06 00:00:00-05:00,136.50368183855306,139.4345552904368,136.0652686352242,137.24996948242188,37348000,0.0,0.0,GOOGLE,GOOG
2022-01-07 00:00:00-05:00,137.64651288308093,137.9484274517106,135.27610798857754,136.5220947265625,29760000,0.0,0.0,GOOGLE,GOOG
2022-01-10 00:00:00-05:00,134.59012039471395,138.31810748025853,132.68353375226445,138.16864013671875,44408000,0.0,0.0,GOOGLE,GOOG
2022-01-11 00:00:00-05:00,137.5085337838183,139.7095546917597,136.19878274487746,139.2312774658203,28730000,0.0,0.0,GOOGLE,GOOG
2022-01-12 00:00:00-05:00,140.64015807589763,142.0928995430795,140.18631320047015,140.91964721679688,26108000,0.0,0.0,GOOGLE,GOOG
2022-01-13 00:00:00-05:00,141.02876276853922,142.33404393011836,137.90907496044974,138.08644104003906,31436000,0.0,0.0,GOOGLE,GOOG
2022-01-14 00:00:00-05:00,136.5838694757939,140.2336484368428,136.50367009139453,138.97669982910156,29662000,0.0,0.0,GOOGLE,GOOG
2022-01-18 00:00:00-05:00,135.68313752257072,136.63617983713343,134.9493017820108,135.50677490234375,34872000,0.0,0.0,GOOGLE,GOOG
2022-01-19 00:00:00-05:00,136.0303793886013,137.4611972177534,134.5278306220574,134.6284637451172,28648000,0.0,0.0,GOOGLE,GOOG
2022-01-20 00:00:00-05:00,135.7578653318743,137.12890227773084,132.48422537373727,132.82598876953125,29908000,0.0,0.0,GOOGLE,GOOG
2022-01-21 00:00:00-05:00,132.11458262034927,134.37836419221756,129.61663404867633,129.88067626953125,55652000,0.0,0.0,GOOGLE,GOOG
2022-01-24 00:00:00-05:00,125.52297023951006,130.72910386725636,124.05031186821009,130.33154296875,76622000,0.0,0.0,GOOGLE,GOOG
2022-01-25 00:00:00-05:00,128.27499735076876,128.93161364102292,126.04358446552224,126.47650909423828,46960000,0.0,0.0,GOOGLE,GOOG
2022-01-26 00:00:00-05:00,130.64539407702827,132.51959651517802,126.68275423803644,128.76620483398438,49130000,0.0,0.0,GOOGLE,GOOG
2022-01-27 00:00:00-05:00,130.82973938977935,132.17336419567403,128.46679937611773,128.53904724121094,31950000,0.0,0.0,GOOGLE,GOOG
2022-01-28 00:00:00-05:00,129.19067302053085,132.87482751588715,128.02091747943552,132.8693389892578,34362000,0.0,0.0,GOOGLE,GOOG
2022-01-31 00:00:00-05:00,133.67741708115645,134.98368644603235,131.73197000766598,134.81478881835938,39986000,0.0,0.0,GOOGLE,GOOG
2022-02-01 00:00:00-05:00,137.09749935139652,137.29528394047477,133.8831538953015,137.14682006835938,68644000,0.0,0.0,GOOGLE,GOOG
2022-02-02 00:00:00-05:00,150.7036845748489,150.99910716965758,144.9968790105651,147.46542358398438,123200000,0.0,0.0,GOOGLE,GOOG
2022-02-03 00:00:00-05:00,145.179212364594,149.1343720910172,142.1501844290377,142.57315063476562,71518000,0.0,0.0,GOOGLE,GOOG
2022-02-04 00:00:00-05:00,142.92639369575792,144.35172307352371,140.00747043707253,142.7754364013672,57998000,0.0,0.0,GOOGLE,GOOG
2022-02-07 00:00:00-05:00,143.7289865409024,143.7289865409024,138.39830400886814,138.69822692871094,54974000,0.0,0.0,GOOGLE,GOOG
2022-02-08 00:00:00-05:00,138.52434045716993,139.49431967260577,136.51911265261106,138.89549255371094,54284000,0.0,0.0,GOOGLE,GOOG
2022-02-09 00:00:00-05:00,140.4543422583785,142.0097085643231,139.68064246811812,141.08056640625,40144000,0.0,0.0,GOOGLE,GOOG
2022-02-10 00:00:00-05:00,139.19889087175883,140.9734484510155,137.45869359484468,138.11929321289062,39330000,0.0,0.0,GOOGLE,GOOG
2022-02-11 00:00:00-05:00,138.09938006005996,138.65385805105115,132.9181504029745,133.79747009277344,39958000,0.0,0.0,GOOGLE,GOOG
2022-02-14 00:00:00-05:00,132.77516542033035,135.80767481385527,132.77516542033035,135.03646850585938,34302000,0.0,0.0,GOOGLE,GOOG
2022-02-15 00:00:00-05:00,137.07358211363078,137.60964843169666,135.3309066687984,136.1150665283203,26680000,0.0,0.0,GOOGLE,GOOG
2022-02-16 00:00:00-05:00,136.15291422653178,137.58721346560696,134.43663247770846,137.240478515625,25022000,0.0,0.0,GOOGLE,GOOG
2022-02-17 00:00:00-05:00,135.75087249893465,136.61822682546799,131.99997439556665,132.0602569580078,38950000,0.0,0.0,GOOGLE,GOOG
2022-02-18 00:00:00-05:00,132.984919959572,133.58575399879967,129.72624024100966,129.93199157714844,45620000,0.0,0.0,GOOGLE,GOOG
2022-02-22 00:00:00-05:00,129.36902164807677,131.70305930479284,127.76035128771632,129.34461975097656,44990000,0.0,0.0,GOOGLE,GOOG
2022-02-23 00:00:00-05:00,131.17298611837336,131.5740286454837,127.06686891969255,127.12715148925781,32786000,0.0,0.0,GOOGLE,GOOG
2022-02-24 00:00:00-05:00,124.5021680331408,132.51960530986702,124.5021680331408,132.2117156982422,54456000,0.0,0.0,GOOGLE,GOOG
2022-02-25 00:00:00-05:00,133.069607879294,134.78289467970927,131.2756047745065,133.9738311767578,36406000,0.0,0.0,GOOGLE,GOOG
2022-02-28 00:00:00-05:00,132.5694288271008,135.26116339490252,132.11357705186626,134.56918334960938,38864000,0.0,0.0,GOOGLE,GOOG
2022-03-01 00:00:00-05:00,134.39130553688372,135.7633306405831,132.7373131052674,133.57725524902344,26496000,0.0,0.0,GOOGLE,GOOG
2022-03-02 00:00:00-05:00,134.14173316744186,134.77393236956735,132.5908519204788,134.08543395996094,23520000,0.0,0.0,GOOGLE,GOOG
2022-03-03 00:00:00-05:00,135.51871338193845,135.946666365466,132.5449966008486,133.4158477783203,24604000,0.0,0.0,GOOGLE,GOOG
2022-03-04 00:00:00-05:00,132.4473618386773,133.36802027083928,129.86670554907704,131.43003845214844,30430000,0.0,0.0,GOOGLE,GOOG
2022-03-07 00:00:00-05:00,131.01307695249176,131.25917883811977,125.83882547699304,125.92202758789062,45112000,0.0,0.0,GOOGLE,GOOG
2022-03-08 00:00:00-05:00,125.79398761968977,130.77592772343985,125.22056582723054,126.64540100097656,40428000,0.0,0.0,GOOGLE,GOOG
2022-03-09 00:00:00-05:00,130.7759197846523,133.25244619528777,129.43129167805884,132.93807983398438,37026000,0.0,0.0,GOOGLE,GOOG
2022-03-10 00:00:00-05:00,130.7918764796572,132.79062756683956,130.43965294916046,131.951171875,27102000,0.0,0.0,GOOGLE,GOOG
2022-03-11 00:00:00-05:00,133.00634115976752,133.31223910249224,129.16327780099954,129.4014129638672,31526000,0.0,0.0,GOOGLE,GOOG
2022-03-14 00:00:00-04:00,129.77953889503618,129.9379611837264,124.82251004302125,125.49606323242188,38812000,0.0,0.0,GOOGLE,GOOG
2022-03-15 00:00:00-04:00,126.51734918467436,129.3854612705248,125.26638337315536,128.7313232421875,30920000,0.0,0.0,GOOGLE,GOOG
2022-03-16 00:00:00-04:00,130.2607885936972,132.85138816184894,128.26950263805875,132.79908752441406,35576000,0.0,0.0,GOOGLE,GOOG
2022-03-17 00:00:00-04:00,132.66808060179636,133.59621939679315,131.70755797740026,133.3555908203125,28264000,0.0,0.0,GOOGLE,GOOG
2022-03-18 00:00:00-04:00,132.9425565953223,135.7518760439301,131.78076794149604,135.63380432128906,44566000,0.0,0.0,GOOGLE,GOOG
2022-03-21 00:00:00-04:00,135.67166632345658,136.55496933499083,133.60814776446165,135.60989379882812,26832000,0.0,0.0,GOOGLE,GOOG
2022-03-22 00:00:00-04:00,135.60991764590503,140.54054578335717,135.60991764590503,139.36280822753906,35496000,0.0,0.0,GOOGLE,GOOG
2022-03-23 00:00:00-04:00,138.20150637627583,139.0843077281052,137.33714708144754,137.7760467529297,25154000,0.0,0.0,GOOGLE,GOOG
2022-03-24 00:00:00-04:00,138.69721201374352,141.10748100525953,137.2529541189332,141.06065368652344,26396000,0.0,0.0,GOOGLE,GOOG
2022-03-25 00:00:00-04:00,141.403403920982,141.52197738045402,139.2327752751529,141.16128540039062,24126000,0.0,0.0,GOOGLE,GOOG
2022-03-28 00:00:00-04:00,140.39157678516145,141.48960144139332,139.3065056605493,140.944580078125,35050000,0.0,0.0,GOOGLE,GOOG
2022-03-29 00:00:00-04:00,142.1322690345722,143.27412583152392,141.52545996341837,141.9907684326172,34318000,0.0,0.0,GOOGLE,GOOG
2022-03-30 00:00:00-04:00,141.94544301021685,142.2050001415122,141.08854871095858,141.4258270263672,19884000,0.0,0.0,GOOGLE,GOOG
2022-03-31 00:00:00-04:00,141.53990627777597,141.5947155267523,138.522356849044,138.56520080566406,37524000,0.0,0.0,GOOGLE,GOOG
2022-04-01 00:00:00-04:00,138.99612402003592,139.96360982137884,137.8079264817857,139.64427185058594,25942000,0.0,0.0,GOOGLE,GOOG
2022-04-04 00:00:00-04:00,139.85152501558701,143.1929124115474,139.80369425800453,142.455078125,25942000,0.0,0.0,GOOGLE,GOOG
2022-04-05 00:00:00-04:00,142.35296269605644,142.47401435286852,139.87544790884033,140.08319091796875,21418000,0.0,0.0,GOOGLE,GOOG
2022-04-06 00:00:00-04:00,138.24885208200865,138.85715116656942,135.02752757717073,136.0548095703125,32468000,0.0,0.0,GOOGLE,GOOG
2022-04-07 00:00:00-04:00,135.51872621528315,136.66906661978643,133.74266339149753,135.39767456054688,26234000,0.0,0.0,GOOGLE,GOOG
2022-04-08 00:00:00-04:00,135.09377300030388,135.17996263287105,132.4852329000314,132.8060760498047,25142000,0.0,0.0,GOOGLE,GOOG
2022-04-11 00:00:00-04:00,131.3473642822272,131.6153898754899,128.20376113873866,128.3582000732422,36884000,0.0,0.0,GOOGLE,GOOG
2022-04-12 00:00:00-04:00,131.12466797846432,131.12466797846432,126.33104064844365,127.2531967163086,32710000,0.0,0.0,GOOGLE,GOOG
2022-04-13 00:00:00-04:00,127.53766387363494,129.86323309844258,127.27959670604396,129.42481994628906,27928000,0.0,0.0,GOOGLE,GOOG
2022-04-14 00:00:00-04:00,130.00822369017715,130.00822369017715,126.14372310060227,126.27226257324219,31598000,0.0,0.0,GOOGLE,GOOG
2022-04-18 00:00:00-04:00,126.54128471341241,127.74939916513134,125.72623848269868,127.21533966064453,20808000,0.0,0.0,GOOGLE,GOOG
2022-04-19 00:00:00-04:00,127.2302793384276,129.86223307709335,126.54077748702284,129.53941345214844,26490000,0.0,0.0,GOOGLE,GOOG
2022-04-20 00:00:00-04:00,130.4192182517386,130.92439074544885,127.03947181038677,127.5775146484375,31696000,0.0,0.0,GOOGLE,GOOG
2022-04-21 00:00:00-04:00,128.78315046816914,129.62858119551973,124.07670859496463,124.3636703491211,36446000,0.0,0.0,GOOGLE,GOOG
2022-04-22 00:00:00-04:00,124.54850223814198,124.94905064704274,118.49544807010321,119.20337677001953,56884000,0.0,0.0,GOOGLE,GOOG
2022-04-25 00:00:00-04:00,118.67080642459999,122.83221937115556,118.08294114702065,122.62945556640625,46128000,0.0,0.0,GOOGLE,GOOG
2022-04-26 00:00:00-04:00,121.85278013963156,122.06750164191153,118.08294529869256,118.22144317626953,73054000,0.0,0.0,GOOGLE,GOOG
2022-04-27 00:00:00-04:00,114.05603142600462,116.81851618495187,112.3292969578043,113.88166809082031,91820000,0.0,0.0,GOOGLE,GOOG
2022-04-28 00:00:00-04:00,115.99451256530844,119.2173267053612,113.70281707255184,118.09439849853516,48884000,0.0,0.0,GOOGLE,GOOG
2022-04-29 00:00:00-04:00,116.31284500127212,117.4940639981815,113.4033940424526,113.69732666015625,42676000,0.0,0.0,GOOGLE,GOOG
2022-05-02 00:00:00-04:00,112.99538089148898,116.32381491236696,112.19328824054573,116.16190338134766,35534000,0.0,0.0,GOOGLE,GOOG
2022-05-03 00:00:00-04:00,116.00994682289415,118.01418635116393,115.61538107533558,116.91018676757812,24968000,0.0,0.0,GOOGLE,GOOG
2022-05-04 00:00:00-04:00,116.60878601827247,122.41075149733813,114.70020033153038,121.81939697265625,49916000,0.0,0.0,GOOGLE,GOOG
2022-05-05 00:00:00-04:00,119.76982898497513,120.60181207679797,114.59010423610528,116.08468627929688,45840000,0.0,0.0,GOOGLE,GOOG
2022-05-06 00:00:00-04:00,114.76845601380512,117.1468352199395,113.60367971093866,115.32842254638672,39710000,0.0,0.0,GOOGLE,GOOG
2022-05-09 00:00:00-04:00,112.84094342445081,114.66134780600098,111.5959601189541,112.1046142578125,40802000,0.0,0.0,GOOGLE,GOOG
2022-05-10 00:00:00-04:00,115.09028860402236,115.83010701093993,112.49270279278159,113.98180389404297,39900000,0.0,0.0,GOOGLE,GOOG
2022-05-11 00:00:00-04:00,112.82748625085101,115.94418607674837,112.82748625085101,113.1921615600586,37534000,0.0,0.0,GOOGLE,GOOG
2022-05-12 00:00:00-04:00,110.97520666665027,113.88216439344116,109.42781470720205,112.43640899658203,53836000,0.0,0.0,GOOGLE,GOOG
2022-05-13 00:00:00-04:00,114.11931168053762,117.44924346052596,113.19466975696596,115.63133239746094,35038000,0.0,0.0,GOOGLE,GOOG
2022-05-16 00:00:00-04:00,114.54027796596183,115.75039161219318,113.47813407934586,114.03162384033203,25990000,0.0,0.0,GOOGLE,GOOG
2022-05-17 00:00:00-04:00,116.41847239485114,116.47775912305292,114.45509269235413,116.05229949951172,23054000,0.0,0.0,GOOGLE,GOOG
2022-05-18 00:00:00-04:00,114.58462635332873,114.98318309579479,111.15256392652128,111.49532318115234,35126000,0.0,0.0,GOOGLE,GOOG
2022-05-19 00:00:00-04:00,111.02901521850386,112.60181255661593,109.60268248023327,109.98529815673828,34144000,0.0,0.0,GOOGLE,GOOG
2022-05-20 00:00:00-04:00,111.54663361819895,111.77829961435592,105.41436818384658,108.5146255493164,48962000,0.0,0.0,GOOGLE,GOOG
2022-05-23 00:00:00-04:00,109.19167142132176,111.74242226758814,108.3482247834865,111.0853042602539,37184000,0.0,0.0,GOOGLE,GOOG
2022-05-24 00:00:00-04:00,105.38995924003346,106.0739801788429,101.51649616200835,105.58724212646484,76780000,0.0,0.0,GOOGLE,GOOG
2022-05-25 00:00:00-04:00,104.6062849685526,106.11531800416684,103.48136514824121,105.4228286743164,40258000,0.0,0.0,GOOGLE,GOOG
2022-05-26 00:00:00-04:00,105.29529233882666,108.25705159539172,104.84492151470927,107.40315246582031,37948000,0.0,0.0,GOOGLE,GOOG
2022-05-27 00:00:00-04:00,109.08754339061491,111.91230231037684,108.74428245172315,111.91080474853516,37914000,0.0,0.0,GOOGLE,GOOG
2022-05-31 00:00:00-04:00,112.33926213439878,115.31697028183717,111.67367565423847,113.3510971069336,50012000,0.0,0.0,GOOGLE,GOOG
2022-06-01 00:00:00-04:00,114.44014803749835,116.6785318128768,112.84094193937695,113.48062133789062,36606000,0.0,0.0,GOOGLE,GOOG
2022-06-02 00:00:00-04:00,113.58823393580184,117.4736470011331,112.53854183575937,117.19764709472656,37992000,0.0,0.0,GOOGLE,GOOG
2022-06-03 00:00:00-04:00,115.64328520481222,115.9013523792528,113.1084753451537,114.12728118896484,26136000,0.0,0.0,GOOGLE,GOOG
2022-06-06 00:00:00-04:00,116.28295838077582,118.915915421347,115.74441384424938,116.39854431152344,33542000,0.0,0.0,GOOGLE,GOOG
2022-06-07 00:00:00-04:00,115.06338617573641,117.26590451207755,114.6364365844124,116.72635650634766,31590000,0.0,0.0,GOOGLE,GOOG
2022-06-08 00:00:00-04:00,116.3397503882736,118.1422219258914,116.17883470564405,116.77069091796875,26108000,0.0,0.0,GOOGLE,GOOG
2022-06-09 00:00:00-04:00,115.90732298592225,117.87170609912248,114.36142860478937,114.42071533203125,25798000,0.0,0.0,GOOGLE,GOOG
2022-06-10 00:00:00-04:00,112.03885158121808,112.86983883225176,109.96735849781228,110.7599868774414,41452000,0.0,0.0,GOOGLE,GOOG
2022-06-13 00:00:00-04:00,106.40078329235227,108.39853844130481,105.73569857748709,106.00820922851562,47252000,0.0,0.0,GOOGLE,GOOG
2022-06-14 00:00:00-04:00,106.15020333697301,107.53468038115388,105.41785752048371,106.33004760742188,33706000,0.0,0.0,GOOGLE,GOOG
2022-06-15 00:00:00-04:00,108.1529339029106,111.0210386532561,107.28060028133893,109.36803436279297,39698000,0.0,0.0,GOOGLE,GOOG
2022-06-16 00:00:00-04:00,106.83372350162647,108.25606531080727,104.75824701640175,105.6505126953125,51684000,0.0,0.0,GOOGLE,GOOG
2022-06-17 00:00:00-04:00,105.65050894263936,108.30687974760191,104.66657274002395,106.75650024414062,51376000,0.0,0.0,GOOGLE,GOOG
2022-06-21 00:00:00-04:00,108.53604718938101,112.083193761728,108.20773903479915,111.14110565185547,47416000,0.0,0.0,GOOGLE,GOOG
2022-06-22 00:00:00-04:00,110.15717138024287,112.9370871645517,109.98379628304926,111.08480834960938,30774000,0.0,0.0,GOOGLE,GOOG
2022-06-23 00:00:00-04:00,111.8261106125584,112.3352664256238,110.1013679112633,111.8365707397461,28362000,0.0,0.0,GOOGLE,GOOG
2022-06-24 00:00:00-04:00,112.58686587104499,117.6525021464967,112.54451603583252,117.54887390136719,41164000,0.0,0.0,GOOGLE,GOOG
2022-06-27 00:00:00-04:00,117.84580283514029,118.15119144524698,114.76347065887317,115.41511535644531,36420000,0.0,0.0,GOOGLE,GOOG
2022-06-28 00:00:00-04:00,115.38422667001733,116.88578725320028,111.44401177315457,111.60293579101562,35792000,0.0,0.0,GOOGLE,GOOG
2022-06-29 00:00:00-04:00,111.14907666812196,112.75176440222242,110.47202664013756,111.29803466796875,24716000,0.0,0.0,GOOGLE,GOOG
2022-06-30 00:00:00-04:00,109.60267674032723,110.48746974453034,106.36441583663574,108.56941986083984,43170000,0.0,0.0,GOOGLE,GOOG
2022-07-01 00:00:00-04:00,107.54314330676283,108.85538762409979,106.34498736005415,108.34474182128906,35476000,0.0,0.0,GOOGLE,GOOG
2022-07-05 00:00:00-04:00,106.71365021128989,112.96747611105182,105.34959181651884,112.85388946533203,39342000,0.0,0.0,GOOGLE,GOOG
2022-07-06 00:00:00-04:00,112.89275555794994,115.17199159638265,111.07334704915517,114.15816497802734,37432000,0.0,0.0,GOOGLE,GOOG
2022-07-07 00:00:00-04:00,114.66433788700071,118.75899163325042,114.41873011949815,118.35395812988281,40936000,0.0,0.0,GOOGLE,GOOG
2022-07-08 00:00:00-04:00,116.82649130632498,119.25269361856358,116.47924699180955,118.92239379882812,38238000,0.0,0.0,GOOGLE,GOOG
2022-07-11 00:00:00-04:00,117.57179981633301,117.57179981633301,114.91393131202979,115.25868225097656,31196000,0.0,0.0,GOOGLE,GOOG
2022-07-12 00:00:00-04:00,115.79523524205695,116.55149645869649,113.2793614612062,113.6086654663086,29960000,0.0,0.0,GOOGLE,GOOG
2022-07-13 00:00:00-04:00,111.29754248311998,113.78353350500387,110.79985015928315,110.95130157470703,43722000,0.0,0.0,GOOGLE,GOOG
2022-07-14 00:00:00-04:00,109.81242620090937,110.69173833815985,107.98156166532056,109.96885681152344,37004000,0.0,0.0,GOOGLE,GOOG
2022-07-15 00:00:00-04:00,111.59595810959893,112.73183982540475,110.49943110489808,111.3737564086914,46770000,0.0,0.0,GOOGLE,GOOG
2022-07-18 00:00:00-04:00,112.23314605564603,113.26939050950665,107.97857255160505,108.63618469238281,43164600,0.0,20.0,GOOGLE,GOOG
2022-07-19 00:00:00-04:00,110.44960309317406,113.60815108041503,109.16426172131027,113.39891052246094,36530900,0.0,0.0,GOOGLE,GOOG
2022-07-20 00:00:00-04:00,112.76123505512727,114.98318377628502,112.0737324621881,113.48860168457031,35600400,0.0,0.0,GOOGLE,GOOG
2022-07-21 00:00:00-04:00,113.86722110483029,114.13625012583103,110.70867292263873,113.927001953125,32676200,0.0,0.0,GOOGLE,GOOG
2022-07-22 00:00:00-04:00,110.59907051490777,111.93422681638599,106.11532441295205,107.51026916503906,48901200,0.0,0.0,GOOGLE,GOOG
2022-07-25 00:00:00-04:00,108.01842428405527,109.47314981890939,105.91604504349233,107.12167358398438,34690900,0.0,0.0,GOOGLE,GOOG
2022-07-26 00:00:00-04:00,106.21495799233351,106.81278926472051,103.69409759917966,104.64066314697266,47991000,0.0,0.0,GOOGLE,GOOG
2022-07-27 00:00:00-04:00,108.86535668955095,113.49856248146169,107.61987167031889,112.65162658691406,59858500,0.0,0.0,GOOGLE,GOOG
2022-07-28 00:00:00-04:00,111.96412538101411,113.92700340954364,111.05740862715433,113.80744171142578,32816600,0.0,0.0,GOOGLE,GOOG
2022-07-29 00:00:00-04:00,112.67156144466348,116.28844729503248,112.65162942682441,115.89985656738281,37223400,0.0,0.0,GOOGLE,GOOG
2022-08-01 00:00:00-04:00,114.88354255901899,116.29841173298186,113.92700336343894,114.44512939453125,26034300,0.0,0.0,GOOGLE,GOOG
2022-08-02 00:00:00-04:00,113.58823375436927,115.92974407016645,113.30924632635427,114.71414947509766,20236000,0.0,0.0,GOOGLE,GOOG
2022-08-03 00:00:00-04:00,115.29205351350673,118.19154621587455,115.0628885326311,117.65349578857422,28499000,0.0,0.0,GOOGLE,GOOG
2022-08-04 00:00:00-04:00,117.0556651055272,118.35096493912133,116.4677922349789,117.76309967041016,21602900,0.0,0.0,GOOGLE,GOOG
2022-08-05 00:00:00-04:00,115.81018107651087,117.68338778780269,115.58100849072952,117.04570007324219,19159500,0.0,0.0,GOOGLE,GOOG
2022-08-08 00:00:00-04:00,117.96237919767223,119.71602427287345,116.45783113194356,116.8763198852539,19138300,0.0,0.0,GOOGLE,GOOG
2022-08-09 00:00:00-04:00,116.71689262618324,116.89624277473496,115.29205744653272,116.20873260498047,19086500,0.0,0.0,GOOGLE,GOOG
2022-08-10 00:00:00-04:00,118.35096403535053,120.48323372219026,117.98230534485099,119.26763916015625,30930400,0.0,0.0,GOOGLE,GOOG
2022-08-11 00:00:00-04:00,120.84193281345173,121.05117337671156,118.13175629569915,118.4107437133789,24293700,0.0,0.0,GOOGLE,GOOG
2022-08-12 00:00:00-04:00,119.82562461982901,121.24049377441406,119.02851116837523,121.24049377441406,19096300,0.0,0.0,GOOGLE,GOOG
2022-08-15 00:00:00-04:00,120.69248014875949,121.85825992909446,120.17436171448418,121.63905334472656,19494800,0.0,0.0,GOOGLE,GOOG
2022-08-16 00:00:00-04:00,121.08106398306423,121.98778069373306,120.20424529733806,121.26041412353516,19041200,0.0,0.0,GOOGLE,GOOG
2022-08-17 00:00:00-04:00,119.68612779950573,120.85189992048215,118.94879521540628,119.1181869506836,22847000,0.0,0.0,GOOGLE,GOOG
2022-08-18 00:00:00-04:00,118.99862164827164,120.38360038927006,118.29118706560489,119.73594665527344,17987700,0.0,0.0,GOOGLE,GOOG
2022-08-19 00:00:00-04:00,118.62995262877435,118.7196315015644,116.33826479410028,116.78663635253906,21809500,0.0,0.0,GOOGLE,GOOG
2022-08-22 00:00:00-04:00,114.78390131401044,115.21234848329696,113.43877895522078,113.8273696899414,21456600,0.0,0.0,GOOGLE,GOOG
2022-08-23 00:00:00-04:00,113.07012099937215,114.59459352304536,113.02029855537019,113.44874572753906,15870400,0.0,0.0,GOOGLE,GOOG
2022-08-24 00:00:00-04:00,113.09003413464454,114.36540951475897,112.46231245276111,113.27935028076172,17734600,0.0,0.0,GOOGLE,GOOG
2022-08-25 00:00:00-04:00,113.82736934987244,116.2984150727132,113.69784163929842,116.22866821289062,16956800,0.0,0.0,GOOGLE,GOOG
2022-08-26 00:00:00-04:00,114.30562854836217,114.70418525468516,109.79199228370881,109.94144439697266,37245700,0.0,0.0,GOOGLE,GOOG
2022-08-29 00:00:00-04:00,109.59271349740904,110.54924506087626,108.40701695200379,109.02477264404297,21191200,0.0,0.0,GOOGLE,GOOG
2022-08-30 00:00:00-04:00,109.77206174534813,110.10087160262944,107.41062710194252,108.5465087890625,27513300,0.0,0.0,GOOGLE,GOOG
2022-08-31 00:00:00-04:00,110.25033230488235,110.44960686158903,107.73943032009058,107.82910919189453,28627000,0.0,0.0,GOOGLE,GOOG
2022-09-01 00:00:00-04:00,107.8888871606007,110.05104721072452,106.97221206126298,109.34361267089844,28360900,0.0,0.0,GOOGLE,GOOG
2022-09-02 00:00:00-04:00,110.19054251249287,110.34000222911857,106.87257633295454,107.46044158935547,24160700,0.0,0.0,GOOGLE,GOOG
2022-09-06 00:00:00-04:00,106.91243756837103,107.6397965658172,105.39792352120229,106.42420196533203,25068300,0.0,0.0,GOOGLE,GOOG
2022-09-07 00:00:00-04:00,106.67329787697939,109.58275664245654,106.51387974839608,109.0546646118164,23167000,0.0,0.0,GOOGLE,GOOG
2022-09-08 00:00:00-04:00,107.64975712989907,109.20411992962872,106.77293845345821,107.988525390625,24238300,0.0,0.0,GOOGLE,GOOG
2022-09-09 00:00:00-04:00,108.67604080074555,110.58910397053998,108.6262183591191,110.25033569335938,23197700,0.0,0.0,GOOGLE,GOOG
2022-09-12 00:00:00-04:00,110.58910717718582,111.21683651179683,109.53293828024826,110.45957946777344,22966800,0.0,0.0,GOOGLE,GOOG
2022-09-13 00:00:00-04:00,107.41063285266732,107.90882686849261,103.71402656562675,103.94319915771484,38172900,0.0,0.0,GOOGLE,GOOG
2022-09-14 00:00:00-04:00,104.1922956423202,104.89973022901853,103.28558649102759,104.62074279785156,26395100,0.0,0.0,GOOGLE,GOOG
2022-09-15 00:00:00-04:00,103.65424161729467,104.88976059916816,101.98030948624408,102.53829193115234,34188300,0.0,0.0,GOOGLE,GOOG
2022-09-16 00:00:00-04:00,101.70132904960548,102.75749796133897,100.57541327769782,102.42869567871094,42797200,0.0,0.0,GOOGLE,GOOG
2022-09-19 00:00:00-04:00,101.38248384055446,102.95677878016083,101.18320927177487,102.69771575927734,23036800,0.0,0.0,GOOGLE,GOOG
2022-09-20 00:00:00-04:00,101.7112882381291,102.00024166857025,100.15691779845123,100.7746810913086,26517100,0.0,0.0,GOOGLE,GOOG
2022-09-21 00:00:00-04:00,101.30276093781193,102.50838944373183,98.91142834014147,98.92139434814453,31487300,0.0,0.0,GOOGLE,GOOG
2022-09-22 00:00:00-04:00,98.46305799062655,100.8743150315285,98.4331675680939,99.77828979492188,34298600,0.0,0.0,GOOGLE,GOOG
2022-09-23 00:00:00-04:00,99.27013124753239,99.30002927233596,97.11793717373003,98.38334655761719,31625400,0.0,0.0,GOOGLE,GOOG
2022-09-26 00:00:00-04:00,97.74566756829712,99.51923710610934,97.44675571016832,97.81541442871094,27072700,0.0,0.0,GOOGLE,GOOG
2022-09-27 00:00:00-04:00,99.07085623606467,99.63879707532051,96.52010546352429,97.1478271484375,30072800,0.0,0.0,GOOGLE,GOOG
2022-09-28 00:00:00-04:00,97.29729626907184,100.33627531251146,96.75924580063729,99.68862915039062,32466300,0.0,0.0,GOOGLE,GOOG
2022-09-29 00:00:00-04:00,98.28370978686021,98.28370978686021,95.61338969508783,97.068115234375,31047200,0.0,0.0,GOOGLE,GOOG
2022-09-30 00:00:00-04:00,96.69945671946289,98.54277296628402,95.21483315256677,95.30451202392578,32941500,0.0,0.0,GOOGLE,GOOG
2022-10-03 00:00:00-04:00,96.41050005788857,98.93136035214984,96.17136147684545,98.28370666503906,27982000,0.0,0.0,GOOGLE,GOOG
2022-10-04 00:00:00-04:00,100.07721039844441,101.47214747858575,100.01742195084053,101.27287292480469,28850800,0.0,0.0,GOOGLE,GOOG
2022-10-05 00:00:00-04:00,99.46941747435021,101.56183078784841,98.44313903403386,101.06363677978516,22176900,0.0,0.0,GOOGLE,GOOG
2022-10-06 00:00:00-04:00,100.3163401986461,102.55821311047356,100.22666132921783,101.05366516113281,22324000,0.0,0.0,GOOGLE,GOOG
2022-10-07 00:00:00-04:00,99.48933469215784,100.1668787981794,97.94493793999584,98.32356262207031,27502800,0.0,0.0,GOOGLE,GOOG
2022-10-10 00:00:00-04:00,98.64241247908855,98.74204975920503,96.6596024779728,97.50653076171875,18225100,0.0,0.0,GOOGLE,GOOG
2022-10-11 00:00:00-04:00,97.0780841240967,98.89150999833014,95.96212681616952,96.82898712158203,26507100,0.0,0.0,GOOGLE,GOOG
2022-10-12 00:00:00-04:00,96.94855567667666,98.39331523945789,96.39057322606945,97.20761108398438,21876400,0.0,0.0,GOOGLE,GOOG
2022-10-13 00:00:00-04:00,94.80631370463239,99.41958711524546,94.0390907362861,98.70218658447266,34574500,0.0,0.0,GOOGLE,GOOG
2022-10-14 00:00:00-04:00,99.62883082298053,100.32630696190093,96.02191124286752,96.21121978759766,25410700,0.0,0.0,GOOGLE,GOOG
2022-10-17 00:00:00-04:00,98.5029258631292,100.56544887766599,98.47303543712455,99.60891723632812,28419200,0.0,0.0,GOOGLE,GOOG
2022-10-18 00:00:00-04:00,102.7574975398728,103.09627343207029,99.60891523399145,100.40602111816406,24060700,0.0,0.0,GOOGLE,GOOG
2022-10-19 00:00:00-04:00,99.64877393686338,100.65512042360851,98.56270697749738,99.2701416015625,23811100,0.0,0.0,GOOGLE,GOOG
2022-10-20 00:00:00-04:00,99.63880766233278,101.9504276960254,99.03101032744553,99.60891723632812,25323200,0.0,0.0,GOOGLE,GOOG
2022-10-21 00:00:00-04:00,97.49656563297961,100.94406724861382,97.36703792784301,100.76471710205078,32458700,0.0,0.0,GOOGLE,GOOG
2022-10-24 00:00:00-04:00,101.43230336205211,102.37886893924696,99.61887747177592,102.14969635009766,27176400,0.0,0.0,GOOGLE,GOOG
2022-10-25 00:00:00-04:00,102.5283281002118,104.44139126151721,102.34897795372457,104.10262298583984,40611400,0.0,0.0,GOOGLE,GOOG
2022-10-26 00:00:00-04:00,96.08169441542343,97.9549011045563,94.3479814370857,94.58711242675781,88114100,0.0,0.0,GOOGLE,GOOG
2022-10-27 00:00:00-04:00,94.17858967638885,95.08530639815777,91.46842072319252,91.88690185546875,60710900,0.0,0.0,GOOGLE,GOOG
2022-10-28 00:00:00-04:00,91.93671576202723,96.2012627108873,91.79722205268253,95.94219970703125,43697300,0.0,0.0,GOOGLE,GOOG
2022-10-31 00:00:00-04:00,95.07534163917173,95.68313893053819,93.6405480808209,94.16863250732422,31675000,0.0,0.0,GOOGLE,GOOG
2022-11-01 00:00:00-04:00,95.10523477424425,95.68314165822098,90.0435893405344,90.14322662353516,47161400,0.0,0.0,GOOGLE,GOOG
2022-11-02 00:00:00-04:00,90.61152226374979,90.85065324233337,86.5661820327621,86.6558609008789,57038300,0.0,0.0,GOOGLE,GOOG
2022-11-03 00:00:00-04:00,86.00821530738868,86.2074898746506,83.03897560342638,83.12865447998047,61288000,0.0,0.0,GOOGLE,GOOG
2022-11-04 00:00:00-04:00,85.09154235666125,86.32706142998515,83.40764409253529,86.26728057861328,51124900,0.0,0.0,GOOGLE,GOOG
2022-11-07 00:00:00-05:00,86.96474344125453,88.57889473824162,86.53629629709458,88.17037200927734,34078900,0.0,0.0,GOOGLE,GOOG
2022-11-08 00:00:00-05:00,88.57889556884766,89.99376471795951,87.27362210709543,88.57889556884766,30429000,0.0,0.0,GOOGLE,GOOG
2022-11-09 00:00:00-05:00,88.1305162368981,89.11694583780549,86.96474409237543,87.00460052490234,31769100,0.0,0.0,GOOGLE,GOOG
2022-11-10 00:00:00-05:00,91.91680205985524,94.04907198187722,91.279114285148,93.60070037841797,51620100,0.0,0.0,GOOGLE,GOOG
2022-11-11 00:00:00-05:00,94.34797905804209,96.57988597632273,93.58075606617763,96.061767578125,33090500,0.0,0.0,GOOGLE,GOOG
2022-11-14 00:00:00-05:00,94.74653466032616,96.4403988820202,94.1686353770502,95.35433197021484,30179500,0.0,0.0,GOOGLE,GOOG
2022-11-15 00:00:00-05:00,97.90508437003723,99.77829102289418,96.36067997092304,98.08443450927734,41640800,0.0,0.0,GOOGLE,GOOG
2022-11-16 00:00:00-05:00,97.54639245394533,99.28010554733504,97.28732943020373,98.49295806884766,29105200,0.0,0.0,GOOGLE,GOOG
2022-11-17 00:00:00-05:00,96.61974390728591,98.92139771493929,96.44039376631052,98.00472259521484,26052600,0.0,0.0,GOOGLE,GOOG
2022-11-18 00:00:00-05:00,98.41324317515632,98.54277848528112,96.02191796526337,97.07808685302734,28342300,0.0,0.0,GOOGLE,GOOG
2022-11-21 00:00:00-05:00,96.93859800859744,98.04458939459397,95.01556869438919,95.25469970703125,21647400,0.0,0.0,GOOGLE,GOOG
2022-11-22 00:00:00-05:00,95.60342241579859,96.86883939122015,93.71029135951498,96.69945526123047,23438500,0.0,0.0,GOOGLE,GOOG
2022-11-23 00:00:00-05:00,96.73930817833025,98.40328193133108,96.73930817833025,98.10436248779297,18868100,0.0,0.0,GOOGLE,GOOG
2022-11-25 00:00:00-05:00,97.88515259609355,98.2837093067077,97.04819034545706,97.10797119140625,9701400,0.0,0.0,GOOGLE,GOOG
2022-11-28 00:00:00-05:00,96.68949359761316,97.2275440363187,95.26465843636622,95.70307159423828,26237500,0.0,0.0,GOOGLE,GOOG
2022-11-29 00:00:00-05:00,95.3842265796523,95.77281729148433,93.77007528307819,94.84617614746094,20061700,0.0,0.0,GOOGLE,GOOG
2022-11-30 00:00:00-05:00,94.47751632530994,100.67505132598242,94.07895957765118,100.62522888183594,43647500,0.0,0.0,GOOGLE,GOOG
2022-12-01 00:00:00-05:00,100.65511930758876,101.88067997631784,99.88790383986174,100.62522888183594,28687100,0.0,0.0,GOOGLE,GOOG
2022-12-02 00:00:00-05:00,98.69223081173017,100.40601172316964,98.54277109685852,100.07720947265625,21480700,0.0,0.0,GOOGLE,GOOG
2022-12-05 00:00:00-05:00,99.04096889811133,101.01381288462309,98.64241217702863,99.12068176269531,24405100,0.0,0.0,GOOGLE,GOOG
2022-12-06 00:00:00-05:00,98.94132709072056,99.41958905266468,96.07172491170854,96.62970733642578,24910700,0.0,0.0,GOOGLE,GOOG
2022-12-07 00:00:00-05:00,96.061775697462,96.53007169614035,94.37787745777824,94.59708404541016,31045400,0.0,0.0,GOOGLE,GOOG
2022-12-08 00:00:00-05:00,95.03548717492762,95.23476934121265,93.1124579808419,93.37152099609375,32213300,0.0,0.0,GOOGLE,GOOG
2022-12-09 00:00:00-05:00,93.43129709832616,93.91953267954187,92.41498470833655,92.49469757080078,28225400,0.0,0.0,GOOGLE,GOOG
2022-12-12 00:00:00-05:00,92.37513014885984,93.2220584246516,91.27910487419773,92.97296142578125,29420000,0.0,0.0,GOOGLE,GOOG
2022-12-13 00:00:00-05:00,97.40689540275183,99.17049886129242,94.68675275108303,95.28458404541016,40593700,0.0,0.0,GOOGLE,GOOG
2022-12-14 00:00:00-05:00,94.8561359816481,96.52010974399589,93.26191667810996,94.72660827636719,28733600,0.0,0.0,GOOGLE,GOOG
2022-12-15 00:00:00-05:00,92.79361199755841,93.30177200768405,89.6848862928774,90.53181457519531,40107000,0.0,0.0,GOOGLE,GOOG
2022-12-16 00:00:00-05:00,90.43217684823813,91.00011770315805,89.19665025710515,89.9339828491211,58011800,0.0,0.0,GOOGLE,GOOG
2022-12-19 00:00:00-05:00,89.93398560057557,90.23289744808845,87.8913871009693,88.12055969238281,29493000,0.0,0.0,GOOGLE,GOOG
2022-12-20 00:00:00-05:00,87.79174668968311,88.85788153834193,87.12416855867481,88.69845581054688,23453800,0.0,0.0,GOOGLE,GOOG
2022-12-21 00:00:00-05:00,88.75824520706126,89.89412692329897,88.00098819562373,89.25643920898438,24745600,0.0,0.0,GOOGLE,GOOG
2022-12-22 00:00:00-05:00,87.84157278648655,88.22019750300441,86.00821484971539,87.4430160522461,27658300,0.0,0.0,GOOGLE,GOOG
2022-12-23 00:00:00-05:00,86.79536185521906,89.22655107971215,86.7555054218198,88.90770721435547,23003000,0.0,0.0,GOOGLE,GOOG
2022-12-27 00:00:00-05:00,88.47925145413662,88.61874515655136,86.69571614259202,87.0743408203125,20097300,0.0,0.0,GOOGLE,GOOG
2022-12-28 00:00:00-05:00,86.66583640297101,87.72200530910052,85.62959191314083,85.70929718017578,19523200,0.0,0.0,GOOGLE,GOOG
2022-12-29 00:00:00-05:00,86.30713177944276,88.52907277484294,86.29716577087261,88.1305160522461,23333500,0.0,0.0,GOOGLE,GOOG
2022-12-30 00:00:00-05:00,86.66582340611124,87.98105513791869,86.25730071578191,87.91130828857422,23986300,0.0,0.0,GOOGLE,GOOG
2023-01-03 00:00:00-05:00,89.26639931771285,90.72113252068196,88.20026443734325,88.79810333251953,28131200,0.0,0.0,GOOGLE,GOOG
2023-01-04 00:00:00-05:00,90.02365347405346,90.32257291211343,86.95477663707446,87.76185607910156,34854800,0.0,0.0,GOOGLE,GOOG
2023-01-05 00:00:00-05:00,87.15406609854381,87.25370338563282,85.58973712554938,85.8886489868164,27194400,0.0,0.0,GOOGLE,GOOG
2023-01-06 00:00:00-05:00,86.47651963786872,87.3732704018482,84.55349040027176,87.02452850341797,41381500,0.0,0.0,GOOGLE,GOOG
2023-01-09 00:00:00-05:00,88.04084803091195,89.7247462550852,87.54265400973289,87.70207214355469,29003900,0.0,0.0,GOOGLE,GOOG
2023-01-10 00:00:00-05:00,85.66944256272718,88.34972108150079,85.51998284414289,88.10062408447266,30467800,0.0,0.0,GOOGLE,GOOG
2023-01-11 00:00:00-05:00,88.8578858679864,91.26914310459799,88.68850172532865,91.1894302368164,26862000,0.0,0.0,GOOGLE,GOOG
2023-01-12 00:00:00-05:00,91.14957653320798,91.5381672405778,89.42582196828673,90.80083465576172,30258100,0.0,0.0,GOOGLE,GOOG
2023-01-13 00:00:00-05:00,90.52185251603511,91.85701645147581,89.80445190616697,91.78726959228516,26329200,0.0,0.0,GOOGLE,GOOG
2023-01-17 00:00:00-05:00,91.72748156795588,91.91679773028649,89.7247470582125,90.96026611328125,32602400,0.0,0.0,GOOGLE,GOOG
2023-01-18 00:00:00-05:00,91.80719072227554,92.46481045839508,90.31260870582629,90.79087829589844,29116700,0.0,0.0,GOOGLE,GOOG
2023-01-19 00:00:00-05:00,90.3923194977329,93.27188017522701,90.30264062584763,92.71390533447266,37000400,0.0,0.0,GOOGLE,GOOG
2023-01-20 00:00:00-05:00,94.75649586822666,97.94494198183678,94.67678300497307,97.66594696044922,63191100,0.0,0.0,GOOGLE,GOOG
2023-01-23 00:00:00-05:00,97.59620744614631,99.67866244471271,97.14783585983596,99.4295654296875,40005100,0.0,0.0,GOOGLE,GOOG
2023-01-24 00:00:00-05:00,97.74565600305147,99.2502039303462,96.8489053310931,97.34709930419922,33078500,0.0,0.0,GOOGLE,GOOG
2023-01-25 00:00:00-05:00,95.22481005796136,95.8126829877257,93.42135003627217,94.8760757446289,42330000,0.0,0.0,GOOGLE,GOOG
2023-01-26 00:00:00-05:00,96.1514427043169,97.21757756805295,95.03548539948105,97.16775512695312,30114000,0.0,0.0,GOOGLE,GOOG
2023-01-27 00:00:00-05:00,96.95852091146214,99.95765113848242,96.95852091146214,99.0110855102539,33879800,0.0,0.0,GOOGLE,GOOG
2023-01-30 00:00:00-05:00,97.12790179059655,97.93497360648114,96.05180096819252,96.58985137939453,27226200,0.0,0.0,GOOGLE,GOOG
2023-01-31 00:00:00-05:00,96.52010847216931,98.52284288248825,96.47028603134386,98.48298645019531,29870700,0.0,0.0,GOOGLE,GOOG
2023-02-01 00:00:00-05:00,98.35346443427653,100.82451016647553,97.22754866378031,100.06725311279297,35531100,0.0,0.0,GOOGLE,GOOG
2023-02-02 00:00:00-05:00,105.41785021590076,107.46044099231362,105.22853406910423,107.35083770751953,69883800,0.0,0.0,GOOGLE,GOOG
2023-02-03 00:00:00-05:00,102.55821872611254,107.42058950445697,102.20948444110049,104.40153503417969,65309300,0.0,0.0,GOOGLE,GOOG
2023-02-06 00:00:00-05:00,102.03013393595903,103.98305352700574,101.51200791275724,102.52832794189453,31999600,0.0,0.0,GOOGLE,GOOG
2023-02-07 00:00:00-05:00,102.84717223763629,107.7892558852478,102.74753495639422,107.25120544433594,49010200,0.0,0.0,GOOGLE,GOOG
2023-02-08 00:00:00-05:00,101.68140584887735,102.7674651991219,97.68588754926381,99.0110855102539,94743500,0.0,0.0,GOOGLE,GOOG
2023-02-09 00:00:00-05:00,99.63879824471734,99.66868866789683,93.29180405986752,94.66682434082031,119455000,0.0,0.0,GOOGLE,GOOG
2023-02-10 00:00:00-05:00,95.10522747919919,96.40053486436466,93.90956497122862,94.22840881347656,54980700,0.0,0.0,GOOGLE,GOOG
2023-02-13 00:00:00-05:00,94.39779246763905,94.85613001345358,93.5010417902468,94.26826477050781,50076100,0.0,0.0,GOOGLE,GOOG
2023-02-14 00:00:00-05:00,94.08892331366818,94.50740446777245,91.92676308229196,94.33802032470703,54726100,0.0,0.0,GOOGLE,GOOG
2023-02-15 00:00:00-05:00,94.1486963136537,96.76920151646188,93.8099280557692,96.58985137939453,50169000,0.0,0.0,GOOGLE,GOOG
2023-02-16 00:00:00-05:00,95.02552246808358,97.32717622276208,94.39779318819902,95.1650161743164,42462600,0.0,0.0,GOOGLE,GOOG
2023-02-17 00:00:00-05:00,94.50740269191552,95.2148372777522,92.87332693835303,94.00920867919922,34284100,0.0,0.0,GOOGLE,GOOG
2023-02-21 00:00:00-05:00,92.66408654770441,92.76372383007642,91.38871108893322,91.45845794677734,33629300,0.0,0.0,GOOGLE,GOOG
2023-02-22 00:00:00-05:00,91.36877693627122,91.7772996668387,90.28271766067176,91.31896209716797,30884000,0.0,0.0,GOOGLE,GOOG
2023-02-23 00:00:00-05:00,91.58798498742568,91.6079170048575,89.43579081686464,90.56170654296875,41206400,0.0,0.0,GOOGLE,GOOG
2023-02-24 00:00:00-05:00,89.11694514159397,89.5653167008038,88.26005085355271,88.80805969238281,36585100,0.0,0.0,GOOGLE,GOOG
2023-02-27 00:00:00-05:00,89.54539489746094,89.8343483380739,89.01730285657956,89.54539489746094,27502300,0.0,0.0,GOOGLE,GOOG
2023-02-28 00:00:00-05:00,89.00734406302703,90.90048283015722,88.99737805426645,89.73470306396484,30142000,0.0,0.0,GOOGLE,GOOG
2023-03-01 00:00:00-05:00,89.6549980280425,90.70120089545082,89.34611257037564,90.03362274169922,31111200,0.0,0.0,GOOGLE,GOOG
2023-03-02 00:00:00-05:00,89.33614986921337,91.94668150969538,89.26639541290174,91.66769409179688,32204400,0.0,0.0,GOOGLE,GOOG
2023-03-03 00:00:00-05:00,92.14596493323113,93.39144992442412,92.11606690789932,93.31173706054688,35160100,0.0,0.0,GOOGLE,GOOG
2023-03-06 00:00:00-05:00,93.68039333078706,95.62335442791783,93.66046891625142,94.78638458251953,32639300,0.0,0.0,GOOGLE,GOOG
2023-03-07 00:00:00-05:00,94.63694588244644,95.32444850800572,93.19217856413607,93.52098846435547,27835500,0.0,0.0,GOOGLE,GOOG
2023-03-08 00:00:00-05:00,93.78004108357678,95.61339135052926,93.66047178718708,93.9095687866211,34103300,0.0,0.0,GOOGLE,GOOG
2023-03-09 00:00:00-05:00,93.71029636831206,95.18494638161611,91.56806060387983,91.98654174804688,28813500,0.0,0.0,GOOGLE,GOOG
2023-03-10 00:00:00-05:00,91.8370812734991,92.45484457781508,90.07347783645488,90.30264282226562,35941000,0.0,0.0,GOOGLE,GOOG
2023-03-13 00:00:00-04:00,89.76459425581886,92.23563992279024,89.0970160980626,90.78091430664062,37335600,0.0,0.0,GOOGLE,GOOG
2023-03-14 00:00:00-04:00,92.22567394079233,94.01917544168379,92.10611224195785,93.63058471679688,36050200,0.0,0.0,GOOGLE,GOOG
2023-03-15 00:00:00-04:00,92.88328729040643,96.57988572741318,92.30538044640984,95.76284790039062,50622100,0.0,0.0,GOOGLE,GOOG
2023-03-16 00:00:00-04:00,95.85252039748471,100.82450187867342,95.15505185394973,99.9576416015625,65492000,0.0,0.0,GOOGLE,GOOG
2023-03-17 00:00:00-04:00,99.89785674313038,102.46853184450678,99.73843102424739,101.25294494628906,61028500,0.0,0.0,GOOGLE,GOOG
2023-03-20 00:00:00-04:00,99.75836774281036,101.38247742085163,99.50927074669035,100.8543930053711,32960400,0.0,0.0,GOOGLE,GOOG
2023-03-21 00:00:00-04:00,100.88428861712059,104.72038103429298,100.85439819234283,104.54103088378906,42110300,0.0,0.0,GOOGLE,GOOG
2023-03-22 00:00:00-04:00,103.8933786002966,106.20499857159132,102.95677900280211,102.99663543701172,43427400,0.0,0.0,GOOGLE,GOOG
2023-03-23 00:00:00-04:00,104.68052407511516,105.91605070653395,104.08269277704915,105.21857452392578,40797800,0.0,0.0,GOOGLE,GOOG
2023-03-24 00:00:00-04:00,104.61077914201698,105.10897316654567,103.46493136523353,105.05915832519531,30393300,0.0,0.0,GOOGLE,GOOG
2023-03-27 00:00:00-04:00,104.24212190935401,104.38161563005595,101.56183558673975,102.08992004394531,31120900,0.0,0.0,GOOGLE,GOOG
2023-03-28 00:00:00-04:00,102.06999565728084,102.07995406459273,99.37974332473478,100.66508483886719,32057900,0.0,0.0,GOOGLE,GOOG
2023-03-29 00:00:00-04:00,101.91056555313638,102.11980612528802,100.28645581586184,101.0237808227539,28779600,0.0,0.0,GOOGLE,GOOG
2023-03-30 00:00:00-04:00,100.54552100713474,100.79461801773391,99.41959765405045,100.52558898925781,33086200,0.0,0.0,GOOGLE,GOOG
2023-03-31 00:00:00-04:00,100.93410825723853,103.51474954923273,100.67504524662844,103.35533142089844,36863400,0.0,0.0,GOOGLE,GOOG
2023-04-03 00:00:00-04:00,102.0201694850945,104.15243925490958,101.56183190485585,103.9830551147461,25035400,0.0,0.0,GOOGLE,GOOG
2023-04-04 00:00:00-04:00,103.95316039228291,105.19864537464467,103.66420696415454,104.34175109863281,24420100,0.0,0.0,GOOGLE,GOOG
2023-04-05 00:00:00-04:00,105.3979248868827,105.71676875328583,103.28558712265107,104.09265899658203,28290500,0.0,0.0,GOOGLE,GOOG
2023-04-06 00:00:00-04:00,104.87980673804246,108.77568000362447,103.95316556101758,108.02838897705078,48711500,0.0,0.0,GOOGLE,GOOG
2023-04-10 00:00:00-04:00,106.59359242866749,107.20138211978893,104.74031012584882,106.0555419921875,27067400,0.0,0.0,GOOGLE,GOOG
2023-04-11 00:00:00-04:00,106.16514495942444,106.34449510437418,104.30189665365981,104.96947479248047,26311800,0.0,0.0,GOOGLE,GOOG
2023-04-12 00:00:00-04:00,106.1950343273825,106.36441846208496,103.96311974534717,104.26203918457031,24370300,0.0,0.0,GOOGLE,GOOG
2023-04-13 00:00:00-04:00,105.45770081878455,107.10174251651071,105.45770081878455,107.04196166992188,24843600,0.0,0.0,GOOGLE,GOOG
2023-04-14 00:00:00-04:00,106.50390934187409,108.5465077179774,106.4540869027157,108.47676086425781,26578000,0.0,0.0,GOOGLE,GOOG
2023-04-17 00:00:00-04:00,104.28197622280368,105.77655828721112,104.14247490310183,105.58724212646484,37571200,0.0,0.0,GOOGLE,GOOG
2023-04-18 00:00:00-04:00,106.10536105037748,106.15518349348778,103.69410379985447,104.12255096435547,26596400,0.0,0.0,GOOGLE,GOOG
2023-04-19 00:00:00-04:00,103.20587202176895,104.60081675777899,102.69771200755615,103.80370330810547,20905700,0.0,0.0,GOOGLE,GOOG
2023-04-20 00:00:00-04:00,103.53468571674718,105.86623010018933,103.4948292826066,104.90969848632812,27820800,0.0,0.0,GOOGLE,GOOG
2023-04-21 00:00:00-04:00,105.0890472068993,105.61713164884955,104.40153703055937,105.02926635742188,25800100,0.0,0.0,GOOGLE,GOOG
2023-04-24 00:00:00-04:00,105.10897252104597,106.24485428184863,104.32182505490422,105.58724212646484,23542800,0.0,0.0,GOOGLE,GOOG
2023-04-25 00:00:00-04:00,105.44774323564162,106.30463751867882,103.46492565414268,103.47489166259766,46664100,0.0,0.0,GOOGLE,GOOG
2023-04-26 00:00:00-04:00,104.54103206703503,105.96586727832175,102.25930252717939,103.33540344238281,53347600,0.0,0.0,GOOGLE,GOOG
2023-04-27 00:00:00-04:00,104.07272766283151,107.97857455423448,103.16601850003548,107.20138549804688,50089200,0.0,0.0,GOOGLE,GOOG
2023-04-28 00:00:00-04:00,106.65337392352426,106.96225177525531,104.71041273525408,106.95228576660156,36139800,0.0,0.0,GOOGLE,GOOG
2023-05-01 00:00:00-04:00,106.4540896310021,107.59993734447947,106.43416521593025,106.81278991699219,26681700,0.0,0.0,GOOGLE,GOOG
2023-05-02 00:00:00-04:00,106.75300866281339,106.81278950963804,103.33539755232405,104.93958282470703,30997200,0.0,0.0,GOOGLE,GOOG
2023-05-03 00:00:00-04:00,105.1488280563767,107.1017476916255,104.58088718082902,105.02926635742188,21795400,0.0,0.0,GOOGLE,GOOG
2023-05-04 00:00:00-04:00,105.1089726343614,105.21857592734976,103.59446615227093,104.3118667602539,23419500,0.0,0.0,GOOGLE,GOOG
2023-05-05 00:00:00-04:00,104.44139154407344,105.49756040855702,103.73395696485923,105.18868255615234,26625100,0.0,0.0,GOOGLE,GOOG
2023-05-08 00:00:00-04:00,104.80008844598915,107.57004582481335,104.78016403112034,107.38072967529297,26511400,0.0,0.0,GOOGLE,GOOG
2023-05-09 00:00:00-04:00,107.99849418300555,109.7521391829327,106.80283162959533,106.96224975585938,36360100,0.0,0.0,GOOGLE,GOOG
2023-05-10 00:00:00-04:00,107.58001382066816,112.53206340821097,107.54015738835716,111.34635925292969,63153400,0.0,0.0,GOOGLE,GOOG
2023-05-11 00:00:00-04:00,114.9831840885656,117.49407866465702,113.99676203386942,116.14895629882812,78900000,0.0,0.0,GOOGLE,GOOG
2023-05-12 00:00:00-04:00,116.25855216567884,117.60367444556137,115.69061130964677,117.08555603027344,41073800,0.0,0.0,GOOGLE,GOOG
2023-05-15 00:00:00-04:00,115.69061562796306,118.05205801320747,115.59097834459287,116.08917236328125,36266800,0.0,0.0,GOOGLE,GOOG
2023-05-16 00:00:00-04:00,116.06923500226898,120.31384997460805,116.00945415536636,119.07833099365234,45035600,0.0,0.0,GOOGLE,GOOG
2023-05-17 00:00:00-04:00,119.17797328210969,121.2305301983083,118.4605726817738,120.40352630615234,33323600,0.0,0.0,GOOGLE,GOOG
2023-05-18 00:00:00-04:00,120.51312301465028,122.86459925314621,120.39356132235058,122.38633728027344,35234200,0.0,0.0,GOOGLE,GOOG
2023-05-19 00:00:00-04:00,123.10374444267285,125.51500165661868,121.70879967695764,122.31659698486328,41330300,0.0,0.0,GOOGLE,GOOG
2023-05-22 00:00:00-04:00,122.49594826089861,125.97334039739799,122.29666609148589,124.59832763671875,35253000,0.0,0.0,GOOGLE,GOOG
2023-05-23 00:00:00-04:00,123.71153643510985,124.17983240466921,121.768575294327,122.1173095703125,34046300,0.0,0.0,GOOGLE,GOOG
2023-05-24 00:00:00-04:00,120.68251681712213,121.46966424621482,119.42706581359634,120.46331024169922,34182600,0.0,0.0,GOOGLE,GOOG
2023-05-25 00:00:00-04:00,124.07023343765825,124.86734689781153,121.51948252810746,123.03399658203125,42317000,0.0,0.0,GOOGLE,GOOG
2023-05-26 00:00:00-04:00,122.72511846541347,124.80757351365041,122.00771782873544,124.15991973876953,35635900,0.0,0.0,GOOGLE,GOOG
2023-05-30 00:00:00-04:00,125.1861903664525,125.20612238390397,121.55933857769132,123.22330474853516,35076700,0.0,0.0,GOOGLE,GOOG
2023-05-31 00:00:00-04:00,122.30662394363127,123.61188975842558,122.05752694985605,122.42619323730469,37325800,0.0,0.0,GOOGLE,GOOG
2023-06-01 00:00:00-04:00,122.37637397359454,123.97059325475999,122.1770994141378,123.27312469482422,30772700,0.0,0.0,GOOGLE,GOOG
2023-06-02 00:00:00-04:00,123.54215186861634,125.69435369988244,123.31298687474336,124.21969604492188,26963100,0.0,0.0,GOOGLE,GOOG
2023-06-05 00:00:00-04:00,123.5620868337433,126.96973221268811,123.39269508424852,125.55486297607422,32305500,0.0,0.0,GOOGLE,GOOG
2023-06-06 00:00:00-04:00,125.55485880304526,127.82661471166512,124.90720505794604,126.85015869140625,26638300,0.0,0.0,GOOGLE,GOOG
2023-06-07 00:00:00-04:00,126.51138895956268,128.57390426880946,121.67890855069605,122.05753326416016,52539000,0.0,0.0,GOOGLE,GOOG
2023-06-08 00:00:00-04:00,121.78850852378929,122.78489652329007,120.80207893096076,121.6988296508789,29389200,0.0,0.0,GOOGLE,GOOG
2023-06-09 00:00:00-04:00,121.80843759953775,123.31298566486453,121.46966931562756,121.78851318359375,23762500,0.0,0.0,GOOGLE,GOOG
2023-06-12 00:00:00-04:00,122.34648449378062,123.60193551318817,121.2205687806728,123.19341278076172,28306400,0.0,0.0,GOOGLE,GOOG
2023-06-13 00:00:00-04:00,124.52858400389017,124.7079341600891,122.73508244190093,123.38273620605469,22278300,0.0,0.0,GOOGLE,GOOG
2023-06-14 00:00:00-04:00,122.65536388056533,123.6019370617399,121.01132212533565,123.22330474853516,30592300,0.0,0.0,GOOGLE,GOOG
2023-06-15 00:00:00-04:00,122.69522233192862,125.00684227489894,121.95789731267912,124.63817596435547,35246300,0.0,0.0,GOOGLE,GOOG
2023-06-16 00:00:00-04:00,125.47514162852602,125.65449177329197,122.83471189796403,123.08380889892578,45514000,0.0,0.0,GOOGLE,GOOG
2023-06-20 00:00:00-04:00,122.48598084955104,124.12005661083856,121.6988333935176,122.65536499023438,26097500,0.0,0.0,GOOGLE,GOOG
2023-06-21 00:00:00-04:00,121.95789455442348,122.21695756683378,119.6661990792251,120.11457824707031,30306300,0.0,0.0,GOOGLE,GOOG
2023-06-22 00:00:00-04:00,119.56656118504847,122.79485620853035,118.40078903793518,122.70518493652344,26952200,0.0,0.0,GOOGLE,GOOG
2023-06-23 00:00:00-04:00,120.94157025819977,122.3464809586778,120.6227264087195,121.89810180664062,34885300,0.0,0.0,GOOGLE,GOOG
2023-06-26 00:00:00-04:00,120.32380882386583,121.55932773130915,117.84279739930608,117.91254425048828,33969900,0.0,0.0,GOOGLE,GOOG
2023-06-27 00:00:00-04:00,116.65711050253054,118.64988653051294,115.68064690401077,117.90259552001953,39535900,0.0,0.0,GOOGLE,GOOG
2023-06-28 00:00:00-04:00,116.66706775870843,119.95515121318527,116.42793676622343,119.74591064453125,27091400,0.0,0.0,GOOGLE,GOOG
2023-06-29 00:00:00-04:00,118.80930114376565,119.62633898698562,117.8727016075809,118.66980743408203,24090900,0.0,0.0,GOOGLE,GOOG
2023-06-30 00:00:00-04:00,119.73594273095661,120.6426594492019,119.25768075359582,119.26763916015625,29519700,0.0,0.0,GOOGLE,GOOG
2023-07-03 00:00:00-04:00,118.80930682460853,119.75588001624993,118.39082567554806,119.46692657470703,14467900,0.0,0.0,GOOGLE,GOOG
2023-07-05 00:00:00-04:00,118.80930563505716,122.16713600643209,118.79934722815834,121.31024169921875,27584800,0.0,0.0,GOOGLE,GOOG
2023-07-06 00:00:00-04:00,119.36728487378151,119.86547887141528,117.9723401600396,119.67616271972656,24745200,0.0,0.0,GOOGLE,GOOG
2023-07-07 00:00:00-04:00,119.66620237640888,120.61277557782724,118.96873378743742,119.04844665527344,21692600,0.0,0.0,GOOGLE,GOOG
2023-07-10 00:00:00-04:00,117.87270469949438,117.88266310627797,115.72050294762924,116.02938079833984,35315200,0.0,0.0,GOOGLE,GOOG
2023-07-11 00:00:00-04:00,115.86996773145336,117.28483694393134,114.93336052794712,116.7168960571289,23078800,0.0,0.0,GOOGLE,GOOG
2023-07-12 00:00:00-04:00,118.3708995404575,119.89537199120542,117.98230882171146,118.50042724609375,30404400,0.0,0.0,GOOGLE,GOOG
2023-07-13 00:00:00-04:00,120.49320284562855,124.37911762087124,120.01493325406626,124.09016418457031,44297900,0.0,0.0,GOOGLE,GOOG
2023-07-14 00:00:00-04:00,124.34922429135456,126.32206825609043,123.04395085417015,124.96697998046875,33266800,0.0,0.0,GOOGLE,GOOG
2023-07-17 00:00:00-04:00,125.48511723125685,126.64092345113316,123.75139649868574,124.19977569580078,25716200,0.0,0.0,GOOGLE,GOOG
2023-07-18 00:00:00-04:00,124.14994292055289,124.22965578476325,122.5158672134261,123.31298065185547,26226400,0.0,0.0,GOOGLE,GOOG
2023-07-19 00:00:00-04:00,124.14994261118203,124.72784947251137,121.36006078730566,121.58922576904297,37224000,0.0,0.0,GOOGLE,GOOG
2023-07-20 00:00:00-04:00,120.98142214576052,123.64177612761551,117.79298377070995,118.76943969726562,37906800,0.0,0.0,GOOGLE,GOOG
2023-07-21 00:00:00-04:00,120.18432570988017,120.5529844121068,118.30115296021432,119.58648681640625,72937900,0.0,0.0,GOOGLE,GOOG
2023-07-24 00:00:00-04:00,121.22056924233992,122.55572553012773,120.54302508980719,121.09103393554688,29686100,0.0,0.0,GOOGLE,GOOG
2023-07-25 00:00:00-04:00,120.92164928904083,122.70518473602398,120.58287341328139,121.7685775756836,52509600,0.0,0.0,GOOGLE,GOOG
2023-07-26 00:00:00-04:00,129.600198794557,130.50690035010535,127.85651973620851,128.80308532714844,61682100,0.0,0.0,GOOGLE,GOOG
2023-07-27 00:00:00-04:00,131.19440695995237,132.75874342754594,128.32480463674472,128.93260192871094,44952100,0.0,0.0,GOOGLE,GOOG
2023-07-28 00:00:00-04:00,130.30761859333836,133.256933698894,130.09838563194066,132.1011199951172,36591200,0.0,0.0,GOOGLE,GOOG
2023-07-31 00:00:00-04:00,132.25058951128685,133.04770303958819,131.30402384803728,132.24063110351562,28055500,0.0,0.0,GOOGLE,GOOG
2023-08-01 00:00:00-04:00,130.30762134379327,132.15094522413256,130.20797646238464,131.07484436035156,23166800,0.0,0.0,GOOGLE,GOOG
2023-08-02 00:00:00-04:00,128.98241748710194,129.62010516893426,127.09924486390386,127.91629028320312,26273300,0.0,0.0,GOOGLE,GOOG
2023-08-03 00:00:00-04:00,127.50776861425393,128.92263769475255,126.95975219484545,127.98603057861328,20089500,0.0,0.0,GOOGLE,GOOG
2023-08-04 00:00:00-04:00,128.81303466574116,131.03497556664055,127.44798802133765,127.64726257324219,26130000,0.0,0.0,GOOGLE,GOOG
2023-08-07 00:00:00-04:00,128.6934816156915,131.13462924868435,128.55398789962547,131.05491638183594,22746300,0.0,0.0,GOOGLE,GOOG
2023-08-08 00:00:00-04:00,130.148187885622,131.03497254426583,129.0720870857497,130.9253692626953,23535200,0.0,0.0,GOOGLE,GOOG
2023-08-09 00:00:00-04:00,131.18444155563853,131.56305863932315,128.53404595147833,129.19166564941406,24912900,0.0,0.0,GOOGLE,GOOG
2023-08-10 00:00:00-04:00,130.84569031592892,131.57304935925964,128.982434262809,129.22157287597656,20857800,0.0,0.0,GOOGLE,GOOG
2023-08-11 00:00:00-04:00,128.1952826458814,129.46068444854572,127.7070470566833,129.09202575683594,19569200,0.0,0.0,GOOGLE,GOOG
2023-08-14 00:00:00-04:00,128.92264146281912,130.8954854266769,128.49420192473363,130.8556365966797,24695600,0.0,0.0,GOOGLE,GOOG
2023-08-15 00:00:00-04:00,130.62647297925608,130.9453092335841,128.81303952013488,129.3112335205078,19770700,0.0,0.0,GOOGLE,GOOG
2023-08-16 00:00:00-04:00,128.23513793945312,129.8094328699446,127.4081416421522,128.23513793945312,25216100,0.0,0.0,GOOGLE,GOOG
2023-08-17 00:00:00-04:00,129.33116767322912,131.51325986348394,128.82300005410565,129.4507293701172,33446300,0.0,0.0,GOOGLE,GOOG
2023-08-18 00:00:00-04:00,128.0458137178071,128.78314629564642,125.92351005903534,126.9996109008789,30491300,0.0,0.0,GOOGLE,GOOG
2023-08-21 00:00:00-04:00,126.72062215116084,128.26501894139525,126.10285887396492,127.90631866455078,25248700,0.0,0.0,GOOGLE,GOOG
2023-08-22 00:00:00-04:00,128.04582105287807,129.8094321339003,127.85652009709561,128.61376953125,22067500,0.0,0.0,GOOGLE,GOOG
2023-08-23 00:00:00-04:00,129.70978404287024,132.92812826674933,129.40090619188467,131.89187622070312,27819700,0.0,0.0,GOOGLE,GOOG
2023-08-24 00:00:00-04:00,133.46616965917727,133.7650891001359,129.1020005544088,129.3112335205078,28500700,0.0,0.0,GOOGLE,GOOG
2023-08-25 00:00:00-04:00,129.07208995110042,130.28768448144152,126.79036820697252,129.41087341308594,26762900,0.0,0.0,GOOGLE,GOOG
2023-08-28 00:00:00-04:00,130.83570838696667,132.06126139372614,129.66993622877965,130.5367889404297,20543300,0.0,0.0,GOOGLE,GOOG
2023-08-29 00:00:00-04:00,131.76235276638167,136.07671457100213,131.76235276638167,134.0839385986328,43075600,0.0,0.0,GOOGLE,GOOG
2023-08-30 00:00:00-04:00,134.2931881894262,135.78777035375754,133.58576114570124,135.38922119140625,28315800,0.0,0.0,GOOGLE,GOOG
2023-08-31 00:00:00-04:00,135.5187206402066,137.50153814915828,135.29951407324012,135.6781463623047,30053800,0.0,0.0,GOOGLE,GOOG
2023-09-01 00:00:00-04:00,136.9634995889822,136.9634995889822,134.36292633084724,135.1699981689453,21524600,0.0,0.0,GOOGLE,GOOG
2023-09-05 00:00:00-04:00,134.9507921886889,135.92724816468564,134.09389790666236,135.27960205078125,19403100,0.0,0.0,GOOGLE,GOOG
2023-09-06 00:00:00-04:00,135.5286975357515,136.03684993312544,133.18717969715058,133.97433471679688,18684500,0.0,0.0,GOOGLE,GOOG
2023-09-07 00:00:00-04:00,133.10745735326879,135.09027476905888,132.46976969851147,134.77142333984375,18844300,0.0,0.0,GOOGLE,GOOG
2023-09-08 00:00:00-04:00,134.4226986700277,136.16637753954817,134.36291782708898,135.88739013671875,23558300,0.0,0.0,GOOGLE,GOOG
2023-09-11 00:00:00-04:00,136.0468132447454,136.98342041395486,135.2995222314836,136.42544555664062,20763400,0.0,0.0,GOOGLE,GOOG
2023-09-12 00:00:00-04:00,135.76781030097848,136.37560753045463,134.70168314980262,134.85113525390625,18405500,0.0,0.0,GOOGLE,GOOG
2023-09-13 00:00:00-04:00,134.60205806109118,136.40551799947846,133.66545086125632,136.21621704101562,20749500,0.0,0.0,GOOGLE,GOOG
2023-09-14 00:00:00-04:00,137.1029870586992,138.19900467395846,135.74789884787035,137.60118103027344,24751000,0.0,0.0,GOOGLE,GOOG
2023-09-15 00:00:00-04:00,137.48162395578453,138.0196820366998,135.98704182562636,136.90371704101562,38908400,0.0,0.0,GOOGLE,GOOG
2023-09-18 00:00:00-04:00,136.11657319680083,138.65736578516098,136.11657319680083,137.71080017089844,21861300,0.0,0.0,GOOGLE,GOOG
2023-09-19 00:00:00-04:00,136.9236413807494,137.9100710046555,136.12652791530078,137.54139709472656,20353700,0.0,0.0,GOOGLE,GOOG
2023-09-20 00:00:00-04:00,137.58124746594825,137.58124746594825,133.1373505999044,133.25692749023438,29927500,0.0,0.0,GOOGLE,GOOG
2023-09-21 00:00:00-04:00,130.96524483957415,131.75238469211735,129.6001981063206,129.96885681152344,31488700,0.0,0.0,GOOGLE,GOOG
2023-09-22 00:00:00-04:00,130.28769343802546,131.55311049420865,129.13189487705534,129.779541015625,26397300,0.0,0.0,GOOGLE,GOOG
2023-09-25 00:00:00-04:00,129.36105343327074,130.6962096792964,128.49420075473788,130.6364288330078,20094600,0.0,0.0,GOOGLE,GOOG
2023-09-26 00:00:00-04:00,129.30128398003765,129.88914929190594,126.76049136317812,128.10562133789062,25718700,0.0,0.0,GOOGLE,GOOG
2023-09-27 00:00:00-04:00,128.10561109359506,130.42718172963976,128.10561109359506,130.0684814453125,22746500,0.0,0.0,GOOGLE,GOOG
2023-09-28 00:00:00-04:00,129.37101273802696,132.81852186678947,129.3211902978825,131.83209228515625,22513100,0.0,0.0,GOOGLE,GOOG
2023-09-29 00:00:00-04:00,132.7985861412059,133.5658091277159,129.8891351213798,130.3873291015625,30848100,0.0,0.0,GOOGLE,GOOG
2023-10-02 00:00:00-04:00,130.7360789985593,133.9344760337104,130.69621496363905,133.6853790283203,22288000,0.0,0.0,GOOGLE,GOOG
2023-10-03 00:00:00-04:00,133.45621581921205,133.7750520844503,131.36379486457568,131.95166015625,22989400,0.0,0.0,GOOGLE,GOOG
2023-10-04 00:00:00-04:00,132.31036298398095,135.08033576112487,132.0513075632974,134.75152587890625,26752300,0.0,0.0,GOOGLE,GOOG
2023-10-05 00:00:00-04:00,134.58213806152344,135.00061920828836,132.96797911980192,134.58213806152344,19832600,0.0,0.0,GOOGLE,GOOG
2023-10-06 00:00:00-04:00,133.5259413717916,137.66096041420468,133.5259413717916,137.0830535888672,27583200,0.0,0.0,GOOGLE,GOOG
2023-10-09 00:00:00-04:00,136.44536356994402,138.43813940078024,135.12016581799716,137.92001342773438,19278100,0.0,0.0,GOOGLE,GOOG
2023-10-10 00:00:00-04:00,137.99973822654982,139.21533280483936,136.8339660890769,137.5613250732422,27786600,0.0,0.0,GOOGLE,GOOG
2023-10-11 00:00:00-04:00,138.07945746946,140.60031801375123,138.07945746946,140.04234313964844,25884300,0.0,0.0,GOOGLE,GOOG
2023-10-12 00:00:00-04:00,140.54053705772182,140.7099212012559,137.76060589277833,138.46804809570312,24765500,0.0,0.0,GOOGLE,GOOG
2023-10-13 00:00:00-04:00,138.87656917154035,139.4943248880113,136.1265284648248,136.86386108398438,23420500,0.0,0.0,GOOGLE,GOOG
2023-10-16 00:00:00-04:00,137.67091603281727,139.12564907454743,137.49157350634707,138.59756469726562,28501900,0.0,0.0,GOOGLE,GOOG
2023-10-17 00:00:00-04:00,138.12928790413469,139.3946898512302,136.6845129884962,139.21534729003906,23515800,0.0,0.0,GOOGLE,GOOG
2023-10-18 00:00:00-04:00,138.94630888601665,140.21172595155744,136.88379355285713,137.46170043945312,23375000,0.0,0.0,GOOGLE,GOOG
2023-10-19 00:00:00-04:00,137.9997477176618,139.15556152793368,136.88379794425464,137.25245666503906,26066000,0.0,0.0,GOOGLE,GOOG
2023-10-20 00:00:00-04:00,136.83397661053107,137.3720194831689,134.5921034344683,135.1102294921875,26315200,0.0,0.0,GOOGLE,GOOG
2023-10-23 00:00:00-04:00,134.55222488089632,137.16277170276794,133.46616564165706,136.0069580078125,26317900,0.0,0.0,GOOGLE,GOOG
2023-10-24 00:00:00-04:00,137.33215307409841,138.85662542242744,136.92363036541585,138.30860900878906,44814300,0.0,0.0,GOOGLE,GOOG
2023-10-25 00:00:00-04:00,127.69709597069001,127.84654809652548,124.61825294724147,125.15630340576172,84366200,0.0,0.0,GOOGLE,GOOG
2023-10-26 00:00:00-04:00,122.82474750878784,123.88092397604004,120.83197147482018,121.83832550048828,57061100,0.0,0.0,GOOGLE,GOOG
2023-10-27 00:00:00-04:00,122.43615619505098,122.86460334434449,119.77580202707922,121.72872161865234,44566500,0.0,0.0,GOOGLE,GOOG
2023-10-30 00:00:00-04:00,122.76496724336327,124.94705944350845,122.30662966559456,124.01045227050781,28940100,0.0,0.0,GOOGLE,GOOG
2023-10-31 00:00:00-04:00,124.60828431827505,124.91716977612808,122.24684955767498,123.63182830810547,26292300,0.0,0.0,GOOGLE,GOOG
2023-11-01 00:00:00-04:00,123.62186247192567,126.03311967801518,123.27312818209245,125.9932632446289,30082400,0.0,0.0,GOOGLE,GOOG
2023-11-02 00:00:00-04:00,127.95615168958372,128.5141265655758,126.4715356220548,127.02951049804688,27124600,0.0,0.0,GOOGLE,GOOG
2023-11-03 00:00:00-04:00,127.55759664006862,129.06213705409462,127.39817091040808,128.63369750976562,26380100,0.0,0.0,GOOGLE,GOOG
2023-11-06 00:00:00-05:00,128.5838784193638,129.86921228951778,128.20524610247242,129.779541015625,19052700,0.0,0.0,GOOGLE,GOOG
2023-11-07 00:00:00-05:00,130.2378928143369,131.43355547132703,129.41088888230257,130.4969482421875,29757300,0.0,0.0,GOOGLE,GOOG
2023-11-08 00:00:00-05:00,130.49693213138377,131.7324586731549,130.307615986695,131.36378479003906,26425800,0.0,0.0,GOOGLE,GOOG
2023-11-09 00:00:00-05:00,131.4833655819673,132.07123084598703,129.6001928928534,129.7695770263672,23747800,0.0,0.0,GOOGLE,GOOG
2023-11-10 00:00:00-05:00,129.63008754377262,132.32033215828918,128.94257737706485,132.111083984375,26913300,0.0,0.0,GOOGLE,GOOG
2023-11-13 00:00:00-05:00,131.3040066805253,132.1110785110762,130.77592226785188,131.61288452148438,18324800,0.0,0.0,GOOGLE,GOOG
2023-11-14 00:00:00-05:00,133.70530807658145,135.2098484824034,132.83845538225,133.13735961914062,32395200,0.0,0.0,GOOGLE,GOOG
2023-11-15 00:00:00-05:00,134.38284027794552,134.5422660015874,133.0875480834585,134.1337432861328,23861500,0.0,0.0,GOOGLE,GOOG
2023-11-16 00:00:00-05:00,134.70170405454627,136.72437059690728,133.83485130887016,136.43540954589844,28013200,0.0,0.0,GOOGLE,GOOG
2023-11-17 00:00:00-05:00,135.50876870106666,135.56854954878804,133.16725080748287,134.82125854492188,37240600,0.0,0.0,GOOGLE,GOOG
2023-11-20 00:00:00-05:00,133.20712252737732,136.1663962897221,133.13736806522817,135.75787353515625,27815500,0.0,0.0,GOOGLE,GOOG
2023-11-21 00:00:00-05:00,135.79771375738326,136.68449846875959,135.46891909679343,136.4752655029297,22635300,0.0,0.0,GOOGLE,GOOG
2023-11-22 00:00:00-05:00,136.97345661626224,138.91641013353967,136.97345661626224,137.98977661132812,17813900,0.0,0.0,GOOGLE,GOOG
2023-11-24 00:00:00-05:00,137.53143003219628,137.63107491048424,135.49880526671663,136.19627380371094,12514300,0.0,0.0,GOOGLE,GOOG
2023-11-27 00:00:00-05:00,135.53866503962365,137.92003186771603,135.5087746144586,135.91729736328125,23436500,0.0,0.0,GOOGLE,GOOG
2023-11-28 00:00:00-05:00,135.58848750636932,136.75425969903483,134.93086774527336,136.70443725585938,18730000,0.0,0.0,GOOGLE,GOOG
2023-11-29 00:00:00-05:00,137.073109098943,137.7904944958527,134.3529588201955,134.50242614746094,23967200,0.0,0.0,GOOGLE,GOOG
2023-11-30 00:00:00-05:00,134.5622020587288,135.06039605731448,130.80581505236393,132.05130004882812,38988300,0.0,0.0,GOOGLE,GOOG
2023-12-01 00:00:00-05:00,131.3837127685547,131.63280975050603,130.19800870187865,131.3837127685547,31431200,0.0,0.0,GOOGLE,GOOG
2023-12-04 00:00:00-05:00,129.41088263563404,129.5603347591654,127.43803098480845,128.80308532714844,36669900,0.0,0.0,GOOGLE,GOOG
2023-12-05 00:00:00-05:00,128.4842360834322,131.66271639741683,127.78676748875102,130.51687622070312,27384800,0.0,0.0,GOOGLE,GOOG
2023-12-06 00:00:00-05:00,130.96523836817326,131.3637874782301,129.410875553808,129.5503692626953,23576200,0.0,0.0,GOOGLE,GOOG
2023-12-07 00:00:00-05:00,134.55223672357351,138.05952694634925,134.21346843258232,136.43540954589844,56767100,0.0,0.0,GOOGLE,GOOG
2023-12-08 00:00:00-05:00,133.71527108675093,135.90732172023704,133.54588694545663,134.50242614746094,32233900,0.0,0.0,GOOGLE,GOOG
2023-12-11 00:00:00-05:00,131.90184646110157,132.85837041367114,130.8855264582816,132.8085479736328,31138000,0.0,0.0,GOOGLE,GOOG
2023-12-12 00:00:00-05:00,131.3338939218721,132.51959802096323,130.7858775058627,132.0413360595703,29032800,0.0,0.0,GOOGLE,GOOG
2023-12-13 00:00:00-05:00,132.89824315365036,133.01780485463578,131.09478321330286,132.09117126464844,30104800,0.0,0.0,GOOGLE,GOOG
2023-12-14 00:00:00-05:00,132.89822572093507,133.23699396507317,129.22155186116376,131.4634246826172,38722400,0.0,0.0,GOOGLE,GOOG
2023-12-15 00:00:00-05:00,131.14457683804127,133.02774945143423,130.70616370837544,132.1210479736328,50815200,0.0,0.0,GOOGLE,GOOG
2023-12-18 00:00:00-05:00,132.15096077210853,136.65462411257124,131.95167098584423,135.30950927734375,32258000,0.0,0.0,GOOGLE,GOOG
2023-12-19 00:00:00-05:00,136.34573400445132,136.9734633268152,135.58848457703954,136.1564178466797,25476800,0.0,0.0,GOOGLE,GOOG
2023-12-20 00:00:00-05:00,138.46803076985788,141.1881655405421,137.571287721312,137.84030151367188,49107200,0.0,0.0,GOOGLE,GOOG
2023-12-21 00:00:00-05:00,138.98616251214816,140.18182502770122,138.6772694723545,139.9127960205078,27488300,0.0,0.0,GOOGLE,GOOG
2023-12-22 00:00:00-05:00,140.261542298475,141.47713686854152,140.20176145136915,140.97894287109375,26514600,0.0,0.0,GOOGLE,GOOG
2023-12-26 00:00:00-05:00,141.078574093363,142.16463337081103,140.68002497250987,141.0088348388672,16780300,0.0,0.0,GOOGLE,GOOG
2023-12-27 00:00:00-05:00,141.07857062773616,141.56680621191086,139.38471410020873,139.86297607421875,19628600,0.0,0.0,GOOGLE,GOOG
2023-12-28 00:00:00-05:00,140.27149664668124,140.63019692261247,139.24521825792567,139.72348022460938,16045700,0.0,0.0,GOOGLE,GOOG
2023-12-29 00:00:00-05:00,139.12565921696174,139.8530181890156,138.27872334820412,139.18544006347656,18727200,0.0,0.0,GOOGLE,GOOG
2024-01-02 00:00:00-05:00,138.0495612625078,138.94630438637614,135.9870307924664,137.67092895507812,23711200,0.0,0.0,GOOGLE,GOOG
2024-01-03 00:00:00-05:00,136.75426190549678,139.12567036509972,136.58487775890734,138.41822814941406,24212100,0.0,0.0,GOOGLE,GOOG
2024-01-04 00:00:00-05:00,137.92002048142746,138.65735304986882,135.85750529693797,135.89735412597656,27137700,0.0,0.0,GOOGLE,GOOG
2024-01-05 00:00:00-05:00,136.25606616421598,136.66458891457754,134.66183919892327,135.23974609375,22506000,0.0,0.0,GOOGLE,GOOG
2024-01-08 00:00:00-05:00,135.79772361160872,138.50790038311104,135.76783318574974,138.33851623535156,21404000,0.0,0.0,GOOGLE,GOOG
2024-01-09 00:00:00-05:00,137.99973985902156,140.97894549247778,137.65099797285387,140.44088745117188,24759600,0.0,0.0,GOOGLE,GOOG
2024-01-10 00:00:00-05:00,140.4907073459037,142.48348333662574,140.40103607520302,141.76608276367188,21320200,0.0,0.0,GOOGLE,GOOG
2024-01-11 00:00:00-05:00,142.97172905920294,144.6954761563001,140.1320169897214,141.5668182373047,24008700,0.0,0.0,GOOGLE,GOOG
2024-01-12 00:00:00-05:00,142.15466712346748,142.68275152112463,141.3077464874483,142.13473510742188,18768600,0.0,0.0,GOOGLE,GOOG
2024-01-16 00:00:00-05:00,141.4870909621475,143.82860876024412,140.93907454092556,141.97532653808594,22670500,0.0,0.0,GOOGLE,GOOG
2024-01-17 00:00:00-05:00,140.83945319494103,141.3276735960756,138.39829037456934,140.95901489257812,20968600,0.0,0.0,GOOGLE,GOOG
2024-01-18 00:00:00-05:00,141.5369186712633,143.68912040365055,141.47713782375382,142.9617462158203,25746400,0.0,0.0,GOOGLE,GOOG
2024-01-19 00:00:00-05:00,144.21721204550573,145.9210270994899,143.85851173882352,145.85128784179688,33300700,0.0,0.0,GOOGLE,GOOG
2024-01-22 00:00:00-05:00,146.56868356917025,147.85401742312334,145.31322493579674,145.4626922607422,32200400,0.0,0.0,GOOGLE,GOOG
2024-01-23 00:00:00-05:00,145.36305566912128,146.6483895963913,144.97446492797684,146.50889587402344,21636100,0.0,0.0,GOOGLE,GOOG
2024-01-24 00:00:00-05:00,148.00347709209575,149.30875823368288,147.56507911278618,148.16290283203125,25233500,0.0,0.0,GOOGLE,GOOG
2024-01-25 00:00:00-05:00,149.52795540200455,152.4971874037259,148.99985577128933,151.32144165039062,29149100,0.0,0.0,GOOGLE,GOOG
2024-01-26 00:00:00-05:00,150.55423005590535,151.98901597789123,150.4645435827961,151.64028930664062,26115500,0.0,0.0,GOOGLE,GOOG
2024-01-29 00:00:00-05:00,151.51074591606653,153.2245343687124,150.88301665618076,152.95550537109375,27784300,0.0,0.0,GOOGLE,GOOG
2024-01-30 00:00:00-05:00,152.24808962231998,153.0651198773838,150.6439043322597,150.91293334960938,36331800,0.0,0.0,GOOGLE,GOOG
2024-01-31 00:00:00-05:00,143.10123840478371,143.47987070654617,139.3647834384674,139.59396362304688,71910000,0.0,0.0,GOOGLE,GOOG
2024-02-01 00:00:00-05:00,141.60667053706408,142.5432777745924,140.2814725524416,140.650146484375,40466500,0.0,0.0,GOOGLE,GOOG
2024-02-02 00:00:00-05:00,138.75699680595707,142.1048613208855,136.00697121299544,141.86573791503906,62470600,0.0,0.0,GOOGLE,GOOG
2024-02-05 00:00:00-05:00,142.30414688383104,144.9445691030408,142.2642828482534,143.16102600097656,38505400,0.0,0.0,GOOGLE,GOOG
2024-02-06 00:00:00-05:00,144.12753009117665,144.83497231956045,142.67281200439112,143.57952880859375,29128200,0.0,0.0,GOOGLE,GOOG
2024-02-07 00:00:00-05:00,144.23713126730334,145.09402561403104,143.41012734632514,145.01431274414062,25208900,0.0,0.0,GOOGLE,GOOG
2024-02-08 00:00:00-05:00,145.30326748025513,145.8014614926525,144.5759084791839,145.3829803466797,22563800,0.0,0.0,GOOGLE,GOOG
2024-02-09 00:00:00-05:00,146.15019488835944,148.90023569338922,145.65200085309178,148.46182250976562,26829500,0.0,0.0,GOOGLE,GOOG
2024-02-12 00:00:00-05:00,147.88391612540983,148.80059132909076,146.83770560692685,146.99713134765625,21564100,0.0,0.0,GOOGLE,GOOG
2024-02-13 00:00:00-05:00,144.39654659834972,146.14022559186256,143.17099361993803,144.61575317382812,27837700,0.0,0.0,GOOGLE,GOOG
2024-02-14 00:00:00-05:00,145.5523660312579,145.9907791994086,143.5695483675491,145.41287231445312,22704200,0.0,0.0,GOOGLE,GOOG
2024-02-15 00:00:00-05:00,142.62297693010822,143.00160923320863,139.9526644025084,142.2543182373047,37590700,0.0,0.0,GOOGLE,GOOG
2024-02-16 00:00:00-05:00,142.47353083877866,142.6728054053805,139.6338188527591,140.012451171875,31451100,0.0,0.0,GOOGLE,GOOG
2024-02-20 00:00:00-05:00,139.15555724494791,141.56681447608818,138.9861731026745,140.6102752685547,25144700,0.0,0.0,GOOGLE,GOOG
2024-02-21 00:00:00-05:00,140.93907760734248,142.17460418355395,140.17185460093927,142.0351104736328,23315700,0.0,0.0,GOOGLE,GOOG
2024-02-22 00:00:00-05:00,144.4064965205876,144.47625097399344,142.28420055167445,143.5695343017578,27191900,0.0,0.0,GOOGLE,GOOG
2024-02-23 00:00:00-05:00,143.151071905206,144.15741838056348,142.91193329556273,143.44003295898438,19493800,0.0,0.0,GOOGLE,GOOG
2024-02-26 00:00:00-05:00,141.62659012579664,141.9255095674052,136.89374711196356,137.07310485839844,53641800,0.0,0.0,GOOGLE,GOOG
2024-02-27 00:00:00-05:00,137.5214778925495,138.74703089223482,136.5948291340012,138.3783721923828,33099200,0.0,0.0,GOOGLE,GOOG
2024-02-28 00:00:00-05:00,137.40188883674327,137.5114921166886,134.92089263274784,135.88739013671875,37328600,0.0,0.0,GOOGLE,GOOG
2024-02-29 00:00:00-05:00,136.78413893621683,138.35843374900972,135.90731265980716,137.9598846435547,42133000,0.0,0.0,GOOGLE,GOOG
2024-03-01 00:00:00-05:00,137.92997178231911,138.36838489752787,136.42543150391907,136.64463806152344,31119500,0.0,0.0,GOOGLE,GOOG
2024-03-04 00:00:00-05:00,135.17000103766665,135.17000103766665,131.43354600148837,132.86834716796875,55999400,0.0,0.0,GOOGLE,GOOG
2024-03-05 00:00:00-05:00,131.40365605755701,132.75874436377524,130.1980198718621,132.1907958984375,40194800,0.0,0.0,GOOGLE,GOOG
2024-03-06 00:00:00-05:00,132.63915773615787,133.09750287827276,130.37736805851614,130.9253692626953,35318600,0.0,0.0,GOOGLE,GOOG
2024-03-07 00:00:00-05:00,132.31035434571908,134.4525976438854,131.1346238166757,133.89462280273438,37738200,0.0,0.0,GOOGLE,GOOG
2024-03-08 00:00:00-05:00,133.72523591626486,137.59121089480263,133.51598775330365,134.9208984375,39343100,0.0,0.0,GOOGLE,GOOG
2024-03-11 00:00:00-04:00,135.63831380184791,138.59758760715184,135.63831380184791,137.17274475097656,32437800,0.0,0.0,GOOGLE,GOOG
2024-03-12 00:00:00-04:00,136.53503389985363,138.87655156654463,136.53503389985363,137.99972534179688,27563400,0.0,0.0,GOOGLE,GOOG
2024-03-13 00:00:00-04:00,138.4979249071936,140.58037207166473,138.48796650102636,139.28506469726562,23347200,0.0,0.0,GOOGLE,GOOG
2024-03-14 00:00:00-04:00,140.68002514056542,143.07135027588964,139.95266615248607,142.5831298828125,42753400,0.0,0.0,GOOGLE,GOOG
2024-03-15 00:00:00-04:00,141.98528334139613,142.66281985185842,139.52420388051803,140.6700439453125,49460600,0.0,0.0,GOOGLE,GOOG
2024-03-18 00:00:00-04:00,148.07322469496503,151.6004316065011,146.63842350936574,147.14657592773438,69273700,0.0,0.0,GOOGLE,GOOG
2024-03-19 00:00:00-04:00,147.62483985585152,148.25255391537198,145.55235113001697,146.49891662597656,24070400,0.0,0.0,GOOGLE,GOOG
2024-03-20 00:00:00-04:00,147.46542618481558,148.3223204856581,146.20998275953795,148.2027587890625,21311500,0.0,0.0,GOOGLE,GOOG
2024-03-21 00:00:00-04:00,148.93012002291613,149.82686316822054,146.36939548869663,147.06687927246094,24755600,0.0,0.0,GOOGLE,GOOG
2024-03-22 00:00:00-04:00,148.58138391432624,151.0325052525323,148.44189019287876,150.22543334960938,29175700,0.0,0.0,GOOGLE,GOOG
2024-03-25 00:00:00-04:00,149.3984187966953,149.8368319482388,147.28608110690303,149.5279541015625,19229300,0.0,0.0,GOOGLE,GOOG
2024-03-26 00:00:00-04:00,149.67740663878985,151.71003147002185,149.43826804536724,150.1257781982422,22149100,0.0,0.0,GOOGLE,GOOG
2024-03-27 00:00:00-04:00,150.63392055153534,151.09226569075258,148.3621572785026,150.32504272460938,22879200,0.0,0.0,GOOGLE,GOOG
2024-03-28 00:00:00-04:00,150.3051442537394,150.88303594669563,149.6275924700879,150.3848419189453,24485400,0.0,0.0,GOOGLE,GOOG
2024-04-01 00:00:00-04:00,150.14572460193273,155.17748752690167,150.0660117298206,154.9283905029297,31730800,0.0,0.0,GOOGLE,GOOG
2024-04-02 00:00:00-04:00,152.9455554136123,154.14121795265817,151.60042555488943,154.00172424316406,24586000,0.0,0.0,GOOGLE,GOOG
2024-04-03 00:00:00-04:00,153.04520359621367,154.5198535860717,152.17833569366672,154.3604278564453,24705000,0.0,0.0,GOOGLE,GOOG
2024-04-04 00:00:00-04:00,152.9455714438344,154.21098857209273,149.90658473597423,149.98629760742188,34724700,0.0,0.0,GOOGLE,GOOG
2024-04-05 00:00:00-04:00,149.48809334917573,152.86584812713113,149.05965379855488,151.9491729736328,23449300,0.0,0.0,GOOGLE,GOOG
2024-04-08 00:00:00-04:00,152.22816463496113,154.70917634581278,152.0587804913781,154.2906951904297,20702000,0.0,0.0,GOOGLE,GOOG
2024-04-09 00:00:00-04:00,155.5261951959325,157.98727470773983,154.6294521008992,156.03436279296875,31113000,0.0,0.0,GOOGLE,GOOG
2024-04-10 00:00:00-04:00,155.6457737437859,156.04432285610454,154.12128614016555,155.57601928710938,22838600,0.0,0.0,GOOGLE,GOOG
2024-04-11 00:00:00-04:00,156.34324327992178,159.10322706769728,155.89487172481208,158.83421325683594,27166400,0.0,0.0,GOOGLE,GOOG
2024-04-12 00:00:00-04:00,157.3894585118247,159.64128996632022,156.57241303671086,157.1602783203125,25329200,0.0,0.0,GOOGLE,GOOG
2024-04-15 00:00:00-04:00,158.28619585975292,158.6648281591198,154.031614907997,154.30064392089844,27136500,0.0,0.0,GOOGLE,GOOG
2024-04-16 00:00:00-04:00,153.63306745005346,155.0877854093437,152.87580284316473,153.84230041503906,20779500,0.0,0.0,GOOGLE,GOOG
2024-04-17 00:00:00-04:00,155.05789938771466,156.5126325919776,154.02166253265213,154.908447265625,21763100,0.0,0.0,GOOGLE,GOOG
2024-04-18 00:00:00-04:00,154.7789092868179,156.37313617874938,154.06150870581618,155.4464874267578,19883000,0.0,0.0,GOOGLE,GOOG
2024-04-19 00:00:00-04:00,155.63581141460372,155.79523715255652,151.74990407497378,153.53343200683594,32239100,0.0,0.0,GOOGLE,GOOG
2024-04-22 00:00:00-04:00,153.75262956404245,157.07060342236827,153.50353256450154,155.71551513671875,26446200,0.0,0.0,GOOGLE,GOOG
2024-04-23 00:00:00-04:00,156.3930622954958,158.39579663975618,155.71551057070164,157.6883544921875,21151600,0.0,0.0,GOOGLE,GOOG
2024-04-24 00:00:00-04:00,156.92116100653016,158.99364999529317,156.60230952963957,158.55523681640625,22779100,0.0,0.0,GOOGLE,GOOG
2024-04-25 00:00:00-04:00,150.7833934385234,155.92475901649166,150.32504828236043,155.4365234375,57109700,0.0,0.0,GOOGLE,GOOG
2024-04-26 00:00:00-04:00,173.74017566152074,174.078959145998,169.03722295078387,171.32891845703125,64665300,0.0,0.0,GOOGLE,GOOG
2024-04-29 00:00:00-04:00,168.44935854969052,168.93759415954082,164.61327374203753,165.54986572265625,45610000,0.0,0.0,GOOGLE,GOOG
2024-04-30 00:00:00-04:00,165.01182715214094,167.49283889377236,162.01270456618366,162.19204711914062,33562900,0.0,0.0,GOOGLE,GOOG
2024-05-01 00:00:00-04:00,163.7065558646306,166.51636219465024,162.50091966243357,163.2681427001953,33493200,0.0,0.0,GOOGLE,GOOG
2024-05-02 00:00:00-04:00,164.19478124874115,166.12777651220736,163.2980380787729,166.01817321777344,24294500,0.0,0.0,GOOGLE,GOOG
2024-05-03 00:00:00-04:00,166.95476152926307,167.35332582922283,162.46105737339033,166.63592529296875,34662400,0.0,0.0,GOOGLE,GOOG
2024-05-06 00:00:00-04:00,166.85515585993315,167.53269246182137,165.43031298857602,167.4928436279297,21871300,0.0,0.0,GOOGLE,GOOG
2024-05-07 00:00:00-04:00,167.8913723019788,171.13959159841556,167.78176901755162,170.63143920898438,28039700,0.0,0.0,GOOGLE,GOOG
2024-05-08 00:00:00-04:00,168.38958665601007,169.53542687427006,168.1305312267856,168.76821899414062,19569100,0.0,0.0,GOOGLE,GOOG
2024-05-09 00:00:00-04:00,168.77816664131814,170.07347411221014,167.57253044363202,169.3461151123047,15346700,0.0,0.0,GOOGLE,GOOG
2024-05-10 00:00:00-04:00,167.42307681588042,169.2365102995548,165.58972651856698,168.04083251953125,29799900,0.0,0.0,GOOGLE,GOOG
2024-05-13 00:00:00-04:00,163.6666896221682,168.66856170690536,163.40763421198423,168.52906799316406,31327600,0.0,0.0,GOOGLE,GOOG
2024-05-14 00:00:00-04:00,169.15679818060167,170.63144819115178,168.19030058623227,169.7247314453125,25127100,0.0,0.0,GOOGLE,GOOG
2024-05-15 00:00:00-04:00,170.01370260740424,172.02639557823605,169.89412569954976,171.88690185546875,26948400,0.0,0.0,GOOGLE,GOOG
2024-05-16 00:00:00-04:00,172.66405763593266,174.48744937159597,172.06623400035872,173.55084228515625,27867900,0.0,0.0,GOOGLE,GOOG
2024-05-17 00:00:00-04:00,173.55084282809628,175.63330516232904,173.06262247140117,175.42405700683594,24479300,0.0,0.0,GOOGLE,GOOG
2024-05-20 00:00:00-04:00,175.5536163084611,178.12429935090404,175.44401301272487,176.28097534179688,22554400,0.0,0.0,GOOGLE,GOOG
2024-05-21 00:00:00-04:00,176.2610303253048,177.50651531969976,175.1749710590742,177.20761108398438,16989400,0.0,0.0,GOOGLE,GOOG
2024-05-22 00:00:00-04:00,176.00196004670582,176.5101124081547,174.57713263128701,175.74290466308594,17880000,0.0,0.0,GOOGLE,GOOG
2024-05-23 00:00:00-04:00,176.43044708586282,177.60617773890863,172.3253178004668,172.92315673828125,21024900,0.0,0.0,GOOGLE,GOOG
2024-05-24 00:00:00-04:00,174.3479823214454,175.1351374202391,173.02278434801946,174.3579559326172,16572500,0.0,0.0,GOOGLE,GOOG
2024-05-28 00:00:00-04:00,173.81989422193845,176.62971585206563,173.7401813526077,175.76284790039062,20572200,0.0,0.0,GOOGLE,GOOG
2024-05-29 00:00:00-04:00,174.796329628976,176.20124027818085,174.08890270315405,175.26463317871094,23388700,0.0,0.0,GOOGLE,GOOG
2024-05-30 00:00:00-04:00,174.56717761008156,174.58710962745872,171.16949082182018,171.48834228515625,22958700,0.0,0.0,GOOGLE,GOOG
2024-05-31 00:00:00-04:00,171.23923492299636,172.43489743083498,168.82797789114755,171.87692260742188,37638900,0.0,0.0,GOOGLE,GOOG
2024-06-03 00:00:00-04:00,171.91678057614513,173.89959818960278,170.5417754606809,172.5445098876953,27459100,0.0,0.0,GOOGLE,GOOG
2024-06-04 00:00:00-04:00,172.65412477570507,173.22207327739036,171.26914595674637,173.1622772216797,26879600,0.0,0.0,GOOGLE,GOOG
2024-06-05 00:00:00-04:00,174.5671648059415,176.0119242844858,173.30174785961339,174.7764129638672,22068500,0.0,0.0,GOOGLE,GOOG
2024-06-06 00:00:00-04:00,175.2646404353294,176.51012541626176,175.11518831908717,176.09164428710938,23251000,0.0,0.0,GOOGLE,GOOG
2024-06-07 00:00:00-04:00,176.41049039660777,177.22752061344144,173.67042352155187,173.82984924316406,19661400,0.0,0.0,GOOGLE,GOOG
2024-06-10 00:00:00-04:00,174.53809310697318,176.62293035262113,172.33354172730304,174.57798767089844,23779200,0.2,0.0,GOOGLE,GOOG
2024-06-11 00:00:00-04:00,175.7850144566034,176.4034791591506,173.3410651546964,176.18402099609375,21540600,0.0,0.0,GOOGLE,GOOG
2024-06-12 00:00:00-04:00,177.810006484063,179.96467837839828,175.67528948350602,177.35113525390625,27864700,0.0,0.0,GOOGLE,GOOG
2024-06-13 00:00:00-04:00,175.67528254711183,176.3037322967602,174.44832299786256,174.72763061523438,20913300,0.0,0.0,GOOGLE,GOOG
2024-06-14 00:00:00-04:00,173.78995884712361,176.6229449751787,173.72012432806883,176.35360717773438,18063600,0.0,0.0,GOOGLE,GOOG
2024-06-17 00:00:00-04:00,175.02690047059144,177.9197360095358,174.37849580074237,176.80250549316406,19618500,0.0,0.0,GOOGLE,GOOG
2024-06-18 00:00:00-04:00,176.7027338090892,176.9521166904513,173.67024466902018,174.6577911376953,21869900,0.0,0.0,GOOGLE,GOOG
2024-06-20 00:00:00-04:00,174.9370949155744,176.85235357595167,174.5580432945699,175.86480712890625,20160100,0.0,0.0,GOOGLE,GOOG
2024-06-21 00:00:00-04:00,176.5630868470822,180.40358945734673,176.1740501459251,179.1865997314453,58582700,0.0,0.0,GOOGLE,GOOG
2024-06-24 00:00:00-04:00,179.715285228895,180.44347898846334,178.22895776023654,178.77760314941406,18298000,0.0,0.0,GOOGLE,GOOG
2024-06-25 00:00:00-04:00,179.17661159493576,183.8350820927234,178.97710832976765,183.5757293701172,23235600,0.0,0.0,GOOGLE,GOOG
2024-06-26 00:00:00-04:00,182.17920243340316,184.05455150601273,182.02956355953378,183.42611694335938,19839000,0.0,0.0,GOOGLE,GOOG
2024-06-27 00:00:00-04:00,183.72535675600184,185.59075113718478,183.56576327329066,184.95233154296875,18848900,0.0,0.0,GOOGLE,GOOG
2024-06-28 00:00:00-04:00,183.86501998647395,184.6730180950996,181.51084495311952,181.7003631591797,29156600,0.0,0.0,GOOGLE,GOOG
2024-07-01 00:00:00-04:00,182.5781941243229,183.42610201051411,180.8524688449508,182.53829956054688,16006100,0.0,0.0,GOOGLE,GOOG
2024-07-02 00:00:00-04:00,181.60063235393275,185.111947877425,181.11183638621065,184.7827606201172,17372500,0.0,0.0,GOOGLE,GOOG
2024-07-03 00:00:00-04:00,184.39370608187988,185.63063541524275,183.54579820822966,185.36131286621094,10242100,0.0,0.0,GOOGLE,GOOG
2024-07-05 00:00:00-04:00,185.40122652681802,190.3888846005825,185.34137706531277,190.12953186035156,20967500,0.0,0.0,GOOGLE,GOOG
2024-07-08 00:00:00-04:00,189.43123257522205,189.70057035182427,187.31647058991524,188.56338500976562,21035900,0.0,0.0,GOOGLE,GOOG
2024-07-09 00:00:00-04:00,189.8402227880015,190.88763393734175,188.25415131046745,188.5135040283203,15121400,0.0,0.0,GOOGLE,GOOG
2024-07-10 00:00:00-04:00,188.6830810780451,191.27666912067295,188.56338216630394,190.70806884765625,15952500,0.0,0.0,GOOGLE,GOOG
2024-07-11 00:00:00-04:00,189.38137232601392,190.38887371973013,184.62314253366378,185.1119384765625,25625800,0.0,0.0,GOOGLE,GOOG
2024-07-12 00:00:00-04:00,184.6231442745435,186.64813213816686,184.03460430299506,184.61317443847656,22898400,0.0,0.0,GOOGLE,GOOG
2024-07-15 00:00:00-04:00,184.46353836306906,187.7753505222774,184.46353836306906,186.06956481933594,16474000,0.0,0.0,GOOGLE,GOOG
2024-07-16 00:00:00-04:00,186.8975144333893,188.21424818283919,182.91735801356307,183.46600341796875,18290700,0.0,0.0,GOOGLE,GOOG
2024-07-17 00:00:00-04:00,182.5183493766844,183.09691950366312,179.4559202044025,180.5731658935547,20734100,0.0,0.0,GOOGLE,GOOG
2024-07-18 00:00:00-04:00,181.48091269947318,182.04951300513554,176.03439880682015,177.2513885498047,25315700,0.0,0.0,GOOGLE,GOOG
2024-07-19 00:00:00-04:00,178.43844045927736,179.84494831307,176.69276032578057,177.22145080566406,18881900,0.0,0.0,GOOGLE,GOOG
2024-07-22 00:00:00-04:00,180.1442065321955,182.24899856631816,179.78509459012787,181.22154235839844,24100300,0.0,0.0,GOOGLE,GOOG
2024-07-23 00:00:00-04:00,181.60061549421846,183.15676222347483,181.09186467964565,181.34124755859375,36352700,0.0,0.0,GOOGLE,GOOG
2024-07-24 00:00:00-04:00,173.1714948257791,175.75509806112905,171.39588976494113,172.20388793945312,49585200,0.0,0.0,GOOGLE,GOOG
2024-07-25 00:00:00-04:00,172.09415162233938,172.9919239516059,166.77730649977468,166.86708068847656,44852000,0.0,0.0,GOOGLE,GOOG
2024-07-26 00:00:00-04:00,166.73739219847286,167.67507428919038,163.65502336750666,166.5877685546875,41336900,0.0,0.0,GOOGLE,GOOG
2024-07-29 00:00:00-04:00,168.41325743181997,170.00929881723164,167.57533456289457,169.1115264892578,20293800,0.0,0.0,GOOGLE,GOOG
2024-07-30 00:00:00-04:00,169.81977976349475,170.80732627515368,168.0242198953097,169.86964416503906,18959700,0.0,0.0,GOOGLE,GOOG
2024-07-31 00:00:00-04:00,172.81236235595543,173.81986369028056,169.59032465517112,171.11654663085938,25729100,0.0,0.0,GOOGLE,GOOG
2024-08-01 00:00:00-04:00,169.82975009576955,173.62037311276333,168.46313671318876,170.33848571777344,24531400,0.0,0.0,GOOGLE,GOOG
2024-08-02 00:00:00-04:00,166.02916853058215,168.09405110957144,164.2635332665733,166.24862670898438,29130100,0.0,0.0,GOOGLE,GOOG
2024-08-05 00:00:00-04:00,155.11615967563407,164.02410932064197,154.54755937261288,158.85690307617188,53630700,0.0,0.0,GOOGLE,GOOG
2024-08-06 00:00:00-04:00,158.93671816371597,160.1736628779792,156.02392759895886,157.89927673339844,49004600,0.0,0.0,GOOGLE,GOOG
2024-08-07 00:00:00-04:00,160.8519639234384,162.57768925896593,158.07882740651024,158.54766845703125,25138600,0.0,0.0,GOOGLE,GOOG
2024-08-08 00:00:00-04:00,160.11378318649506,163.2859414220711,159.81453589918704,161.63003540039062,25578800,0.0,0.0,GOOGLE,GOOG
2024-08-09 00:00:00-04:00,159.61502198985195,163.38569012929312,158.66737003691415,163.2659912109375,28602300,0.0,0.0,GOOGLE,GOOG
2024-08-12 00:00:00-04:00,163.94431682299714,164.49294700024495,161.44050288346338,161.88938903808594,15895300,0.0,0.0,GOOGLE,GOOG
2024-08-13 00:00:00-04:00,163.0066273700011,164.32336104553403,162.56771107111587,163.75477600097656,18551700,0.0,0.0,GOOGLE,GOOG
2024-08-14 00:00:00-04:00,161.9991088123198,162.81709194492808,157.32069888325617,159.97412109375,40591100,0.0,0.0,GOOGLE,GOOG
2024-08-15 00:00:00-04:00,160.1038271180178,161.24101257094563,159.21602457337346,160.90185546875,31524300,0.0,0.0,GOOGLE,GOOG
2024-08-16 00:00:00-04:00,161.0714269686932,164.65256172180474,160.7322698813447,162.55775451660156,24208600,0.0,0.0,GOOGLE,GOOG
2024-08-19 00:00:00-04:00,164.87202237680913,166.27854559224733,163.8545358782874,166.2585906982422,22416200,0.0,0.0,GOOGLE,GOOG
2024-08-20 00:00:00-04:00,166.48801110675902,168.2237214990038,166.4082219766287,166.76731872558594,18341500,0.0,0.0,GOOGLE,GOOG
2024-08-21 00:00:00-04:00,164.74232853471239,166.43814433776538,164.26351765512456,165.44061279296875,22902000,0.0,0.0,GOOGLE,GOOG
2024-08-22 00:00:00-04:00,166.84712639815703,167.17631364571102,162.90687970594058,163.3956756591797,22493300,0.0,0.0,GOOGLE,GOOG
2024-08-23 00:00:00-04:00,164.3134092732105,165.7697969111162,163.42560674236745,165.211181640625,13955700,0.0,0.0,GOOGLE,GOOG
2024-08-26 00:00:00-04:00,165.96930557266754,167.13641566956838,164.05404680689762,165.74984741210938,14190400,0.0,0.0,GOOGLE,GOOG
2024-08-27 00:00:00-04:00,165.4306234917133,166.02914849168488,164.05404034557552,164.2734832763672,11821900,0.0,0.0,GOOGLE,GOOG
2024-08-28 00:00:00-04:00,164.63259453776357,165.19122497190503,161.13126439972936,162.44801330566406,16407400,0.0,0.0,GOOGLE,GOOG
2024-08-29 00:00:00-04:00,163.90441474074623,165.56032084961527,159.85443888061718,161.3806610107422,19699800,0.0,0.0,GOOGLE,GOOG
2024-08-30 00:00:00-04:00,162.21858134242328,163.2560227137605,161.2908842753107,162.97671508789062,22123800,0.0,0.0,GOOGLE,GOOG
2024-09-03 00:00:00-04:00,161.3207955706967,161.45047953659505,156.0937250254868,156.9715576171875,38945300,0.0,0.0,GOOGLE,GOOG
2024-09-04 00:00:00-04:00,156.2733005844292,158.60752082271256,155.57503152440304,156.06381225585938,19353800,0.0,0.0,GOOGLE,GOOG
2024-09-05 00:00:00-04:00,155.9141855757843,159.05640389536052,155.59496817105187,156.85186767578125,18688700,0.0,0.0,GOOGLE,GOOG
2024-09-06 00:00:00-04:00,156.91171078806016,157.44040127478374,150.17837304317212,150.54745483398438,37912100,0.0,0.0,GOOGLE,GOOG
2024-09-09 00:00:00-04:00,152.3354019943942,153.2243825181643,147.05146466034253,148.53976440429688,39260500,0.2,0.0,GOOGLE,GOOG
2024-09-10 00:00:00-04:00,150.27776654607942,151.0968351518263,148.17018139774882,148.4898223876953,31118800,0.0,0.0,GOOGLE,GOOG
2024-09-11 00:00:00-04:00,149.7483678165099,151.3265608410383,147.35112146407118,150.98695373535156,29607700,0.0,0.0,GOOGLE,GOOG
2024-09-12 00:00:00-04:00,153.623943613462,154.64278025669208,152.4752509078758,154.51292419433594,29695000,0.0,0.0,GOOGLE,GOOG
2024-09-13 00:00:00-04:00,155.25206445570748,158.19869964127616,155.0323303223496,157.27975463867188,29591200,0.0,0.0,GOOGLE,GOOG
2024-09-16 00:00:00-04:00,157.12991739820077,158.06884377455685,156.42073870376782,157.87905883789062,18379800,0.0,0.0,GOOGLE,GOOG
2024-09-17 00:00:00-04:00,158.83795940795798,160.36620665654814,158.1986926846348,159.1376190185547,20715600,0.0,0.0,GOOGLE,GOOG
2024-09-18 00:00:00-04:00,159.67700574881235,160.31627251867317,158.41845358227067,159.62705993652344,23677300,0.0,0.0,GOOGLE,GOOG
2024-09-19 00:00:00-04:00,163.52260155578028,163.602496564332,161.15530422207948,161.9543914794922,26587700,0.0,0.0,GOOGLE,GOOG
2024-09-20 00:00:00-04:00,163.31283190595235,163.5425643438158,161.87447792027933,163.40272521972656,40896400,0.0,0.0,GOOGLE,GOOG
2024-09-23 00:00:00-04:00,164.16185660339156,165.30055091054933,161.4849167682097,161.6647186279297,24150900,0.0,0.0,GOOGLE,GOOG
2024-09-24 00:00:00-04:00,162.84336059885683,163.03314552379246,160.50604310941137,162.1042022705078,23332100,0.0,0.0,GOOGLE,GOOG
2024-09-25 00:00:00-04:00,161.28514863352729,162.62361092925534,161.11534508030692,161.3051300048828,18869200,0.0,0.0,GOOGLE,GOOG
2024-09-26 00:00:00-04:00,163.4526630547652,163.89216177797897,162.0942193836139,162.543701171875,20319300,0.0,0.0,GOOGLE,GOOG
2024-09-27 00:00:00-04:00,162.6236194767887,165.51031051590132,162.44383284910126,163.76231384277344,21101300,0.0,0.0,GOOGLE,GOOG
2024-09-30 00:00:00-04:00,163.1330385549028,165.9597853581085,163.0730944402025,165.66014099121094,20413900,0.0,0.0,GOOGLE,GOOG
2024-10-01 00:00:00-04:00,167.49803900926474,168.9663574434244,164.39159857770997,166.79884338378906,28338100,0.0,0.0,GOOGLE,GOOG
2024-10-02 00:00:00-04:00,166.22949200998104,167.32823890222443,164.54142416704428,165.67013549804688,17760200,0.0,0.0,GOOGLE,GOOG
2024-10-03 00:00:00-04:00,164.22179840650557,166.4492413884297,163.73235383790225,165.67013549804688,15073100,0.0,0.0,GOOGLE,GOOG
2024-10-04 00:00:00-04:00,167.8676144263969,168.03741799352926,165.29056599793975,166.86875915527344,19047400,0.0,0.0,GOOGLE,GOOG
2024-10-07 00:00:00-04:00,167.52800594767675,168.2871304607625,162.56369407072728,162.79342651367188,22463100,0.0,0.0,GOOGLE,GOOG
2024-10-08 00:00:00-04:00,163.75233474045888,164.54142369438745,162.68355229004484,164.19183349609375,23072700,0.0,0.0,GOOGLE,GOOG
2024-10-09 00:00:00-04:00,163.26288934163853,164.65129754460094,159.5571448589351,161.67471313476562,31181800,0.0,0.0,GOOGLE,GOOG
2024-10-10 00:00:00-04:00,160.6858334406201,162.88332710504665,160.21637027061266,161.8944549560547,14144100,0.0,0.0,GOOGLE,GOOG
2024-10-11 00:00:00-04:00,161.94440120303656,163.7123639633056,161.05542066959453,163.05313110351562,15344300,0.0,0.0,GOOGLE,GOOG
2024-10-14 00:00:00-04:00,163.45266773305087,166.03969909717978,163.21293699316715,164.7711639404297,19016100,0.0,0.0,GOOGLE,GOOG
2024-10-15 00:00:00-04:00,165.6002081913426,167.48804403838992,164.44154766375664,165.27059936523438,20247200,0.0,0.0,GOOGLE,GOOG
2024-10-16 00:00:00-04:00,164.34164834019793,165.61019873881125,163.55255942155696,164.97093200683594,16406000,0.0,0.0,GOOGLE,GOOG
2024-10-17 00:00:00-04:00,165.54026682623436,166.179533539939,162.5736656844729,162.74346923828125,21453400,0.0,0.0,GOOGLE,GOOG
2024-10-18 00:00:00-04:00,163.0031929718876,164.52145724074808,162.89331828319396,163.23292541503906,19757700,0.0,0.0,GOOGLE,GOOG
2024-10-21 00:00:00-04:00,162.76345865438103,164.3116873279236,162.43383459552447,163.88218688964844,20946500,0.0,0.0,GOOGLE,GOOG
2024-10-22 00:00:00-04:00,162.79342721641044,165.5802419476502,162.79342721641044,164.95095825195312,16568100,0.0,0.0,GOOGLE,GOOG
2024-10-23 00:00:00-04:00,164.57138759989343,165.63018698109346,161.74462537741965,162.59365844726562,18280500,0.0,0.0,GOOGLE,GOOG
2024-10-24 00:00:00-04:00,162.64359660721192,163.14302421507978,160.82567279873874,162.53372192382812,22412500,0.0,0.0,GOOGLE,GOOG
2024-10-25 00:00:00-04:00,163.48263605894513,165.4004362996681,163.2329222477887,165.080810546875,19828900,0.0,0.0,GOOGLE,GOOG
2024-10-28 00:00:00-04:00,168.55681917401554,168.55681917401554,163.76231104702376,166.52914428710938,32138600,0.0,0.0,GOOGLE,GOOG
2024-10-29 00:00:00-04:00,167.5379836387061,170.18495914581706,166.89871690047832,169.48574829101562,42169000,0.0,0.0,GOOGLE,GOOG
2024-10-30 00:00:00-04:00,180.47314972890098,181.8116272766613,173.86073320012326,174.26028442382812,68890800,0.0,0.0,GOOGLE,GOOG
2024-10-31 00:00:00-04:00,172.93181542068857,176.61759375547854,170.80424884729752,170.91412353515625,44769000,0.0,0.0,GOOGLE,GOOG
2024-11-01 00:00:00-04:00,169.87531325104803,172.1227374784499,168.68667310994414,171.09390258789062,31796500,0.0,0.0,GOOGLE,GOOG
2024-11-04 00:00:00-05:00,169.7354619545759,170.53454918701203,167.81766174152193,169.0462646484375,21492700,0.0,0.0,GOOGLE,GOOG
2024-11-05 00:00:00-05:00,169.2360421349021,170.33478903527796,168.64672117984685,169.5457000732422,18242100,0.0,0.0,GOOGLE,GOOG
2024-11-06 00:00:00-05:00,173.60104838470335,176.73745331219902,173.30138875645662,176.3079376220703,33695500,0.0,0.0,GOOGLE,GOOG
2024-11-07 00:00:00-05:00,177.20691786224168,180.87271488977294,176.9871684826014,180.5430908203125,25352900,0.0,0.0,GOOGLE,GOOG
2024-11-08 00:00:00-05:00,180.44319843386418,180.69291225137096,177.87614831538193,178.14584350585938,22006200,0.0,0.0,GOOGLE,GOOG
2024-11-11 00:00:00-05:00,178.37557658568522,180.3433226939525,178.26570189593804,180.1435546875,17450400,0.0,0.0,GOOGLE,GOOG
2024-11-12 00:00:00-05:00,179.61415166757834,182.28109325658866,179.18463600062077,181.41207885742188,25134900,0.0,0.0,GOOGLE,GOOG
2024-11-13 00:00:00-05:00,180.25342505699032,180.75285268181247,178.3356095653103,178.67523193359375,23184000,0.0,0.0,GOOGLE,GOOG
2024-11-14 00:00:00-05:00,178.0759037938209,178.6152941368307,174.12044573791286,175.37899780273438,31007500,0.0,0.0,GOOGLE,GOOG
2024-11-15 00:00:00-05:00,173.5311122159291,173.9406465119526,171.02399111342126,172.29254150390625,32504600,0.0,0.0,GOOGLE,GOOG
2024-11-18 00:00:00-05:00,173.2214668063966,175.23915857623498,172.70205783527248,175.0993194580078,20206600,0.0,0.0,GOOGLE,GOOG
2024-11-19 00:00:00-05:00,173.52113492372038,178.66523335503967,173.3613144261031,177.9160919189453,23434900,0.0,0.0,GOOGLE,GOOG
2024-11-20 00:00:00-05:00,177.13697761802752,177.47658472831748,173.58105554247194,175.77853393554688,18997100,0.0,0.0,GOOGLE,GOOG
2024-11-21 00:00:00-05:00,173.70092179220046,173.93066947333787,163.51260129552495,167.4381103515625,59734400,0.0,0.0,GOOGLE,GOOG
2024-11-22 00:00:00-05:00,165.66014438880168,166.26944668285782,163.7123645160949,164.57138061523438,38604600,0.0,0.0,GOOGLE,GOOG
2024-11-25 00:00:00-05:00,165.8998571680873,168.43695792128977,165.4204109377555,167.45806884765625,33135300,0.0,0.0,GOOGLE,GOOG
2024-11-26 00:00:00-05:00,167.43810706347386,169.62560245554164,167.38816125371517,168.9263916015625,20486700,0.0,0.0,GOOGLE,GOOG
2024-11-27 00:00:00-05:00,168.80653770105775,169.28598395476882,167.8276638210122,169.03627014160156,19266500,0.0,0.0,GOOGLE,GOOG
2024-11-29 00:00:00-05:00,168.30710998168675,169.236038050321,166.96864760176737,168.756591796875,14257200,0.0,0.0,GOOGLE,GOOG
2024-12-02 00:00:00-05:00,168.5767985152317,171.88300683066288,168.37703052095557,171.29368591308594,23789100,0.0,0.0,GOOGLE,GOOG
2024-12-03 00:00:00-05:00,171.29368202779142,172.4823069012363,170.65441531581507,171.1438446044922,22248700,0.0,0.0,GOOGLE,GOOG
2024-12-04 00:00:00-05:00,170.95406461457648,174.70976999200622,170.86417130279446,174.17037963867188,31615100,0.0,0.0,GOOGLE,GOOG
2024-12-05 00:00:00-05:00,175.15925501840792,175.858450636237,172.13272486876673,172.44236755371094,21356200,0.0,0.0,GOOGLE,GOOG
2024-12-06 00:00:00-05:00,171.83306973436635,174.8795813358406,171.6632661685559,174.510009765625,21462400,0.0,0.0,GOOGLE,GOOG
2024-12-09 00:00:00-05:00,173.9600067138672,176.25999450683594,173.64999389648438,175.3699951171875,25389600,0.2,0.0,GOOGLE,GOOG
2024-12-10 00:00:00-05:00,182.85000610351562,186.36000061035156,181.0500030517578,185.1699981689453,54813000,0.0,0.0,GOOGLE,GOOG
2024-12-11 00:00:00-05:00,185.30999755859375,195.61000061035156,184.85000610351562,195.39999389648438,67894100,0.0,0.0,GOOGLE,GOOG
2024-12-12 00:00:00-05:00,195.0,195.17999267578125,191.7100067138672,191.9600067138672,34817500,0.0,0.0,GOOGLE,GOOG
2024-12-13 00:00:00-05:00,191.00999450683594,192.72999572753906,189.63999938964844,189.82000732421875,25143500,0.0,0.0,GOOGLE,GOOG
2024-12-16 00:00:00-05:00,192.8699951171875,199.0,192.6199951171875,196.66000366210938,44934900,0.0,0.0,GOOGLE,GOOG
2024-12-17 00:00:00-05:00,197.25,201.4199981689453,194.97999572753906,195.4199981689453,43504000,0.0,0.0,GOOGLE,GOOG
2024-12-18 00:00:00-05:00,195.22000122070312,197.0,187.74000549316406,188.39999389648438,34166100,0.0,0.0,GOOGLE,GOOG
2024-12-19 00:00:00-05:00,191.6300048828125,193.02999877929688,188.3800048828125,188.50999450683594,32265200,0.0,0.0,GOOGLE,GOOG
2024-12-20 00:00:00-05:00,185.77999877929688,192.88999938964844,185.22000122070312,191.41000366210938,63462900,0.0,0.0,GOOGLE,GOOG
2024-12-23 00:00:00-05:00,192.6199951171875,195.10000610351562,190.14999389648438,194.6300048828125,25675000,0.0,0.0,GOOGLE,GOOG
2024-12-24 00:00:00-05:00,194.83999633789062,196.11000061035156,193.77999877929688,196.11000061035156,10403300,0.0,0.0,GOOGLE,GOOG
2024-12-26 00:00:00-05:00,195.14999389648438,196.75,194.3800048828125,195.60000610351562,12046600,0.0,0.0,GOOGLE,GOOG
2024-12-27 00:00:00-05:00,194.9499969482422,195.32000732421875,190.64999389648438,192.75999450683594,18891400,0.0,0.0,GOOGLE,GOOG
2024-12-30 00:00:00-05:00,189.8000030517578,192.5500030517578,189.1199951171875,191.24000549316406,14264700,0.0,0.0,GOOGLE,GOOG
2024-12-31 00:00:00-05:00,191.0800018310547,191.9600067138672,188.50999450683594,189.3000030517578,17466900,0.0,0.0,GOOGLE,GOOG
2025-01-02 00:00:00-05:00,190.64999389648438,192.0,187.5,189.42999267578125,20370800,0.0,0.0,GOOGLE,GOOG
2025-01-03 00:00:00-05:00,191.3699951171875,193.2100067138672,189.97999572753906,191.7899932861328,18596200,0.0,0.0,GOOGLE,GOOG
2025-01-06 00:00:00-05:00,193.97999572753906,198.22000122070312,193.85000610351562,196.8699951171875,29563600,0.0,0.0,GOOGLE,GOOG
2025-01-07 00:00:00-05:00,197.11000061035156,201.0,194.60000610351562,195.49000549316406,26487200,0.0,0.0,GOOGLE,GOOG
2025-01-08 00:00:00-05:00,192.57000732421875,196.2899932861328,192.3800048828125,193.9499969482422,24864800,0.0,0.0,GOOGLE,GOOG
2025-01-10 00:00:00-05:00,194.3000030517578,196.52000427246094,190.30999755859375,192.0399932861328,26665200,0.0,0.0,GOOGLE,GOOG
2025-01-13 00:00:00-05:00,190.07000732421875,191.17999267578125,187.36000061035156,191.00999450683594,21823700,0.0,0.0,GOOGLE,GOOG
2025-01-14 00:00:00-05:00,191.24000549316406,191.97999572753906,188.30999755859375,189.66000366210938,17174900,0.0,0.0,GOOGLE,GOOG
2025-01-15 00:00:00-05:00,193.08999633789062,196.36000061035156,191.86000061035156,195.5500030517578,21776000,0.0,0.0,GOOGLE,GOOG
2025-01-16 00:00:00-05:00,194.13999938964844,195.47999572753906,192.80999755859375,192.91000366210938,17815400,0.0,0.0,GOOGLE,GOOG
2025-01-17 00:00:00-05:00,196.52999877929688,197.22999572753906,193.75,196.0,27629800,0.0,0.0,GOOGLE,GOOG
2018-01-18 00:00:00-05:00,83.20057458329485,84.00663350506284,83.07086378970672,83.47852325439453,24159700,0.0,0.0,MICROSOFT,MSFT
2018-01-19 00:00:00-05:00,83.51559796050424,83.95105872437125,83.0708771875361,83.3858871459961,36875000,0.0,0.0,MICROSOFT,MSFT
2018-01-22 00:00:00-05:00,83.38590461666227,84.88685344449806,83.14501002408625,84.8775863647461,23601600,0.0,0.0,MICROSOFT,MSFT
2018-01-23 00:00:00-05:00,85.14624786376953,85.51685317936118,84.8127037866079,85.14624786376953,23412800,0.0,0.0,MICROSOFT,MSFT
2018-01-24 00:00:00-05:00,85.74851431033818,86.56384067003121,84.84979836423506,85.07215881347656,33277500,0.0,0.0,MICROSOFT,MSFT
2018-01-25 00:00:00-05:00,85.67436565772228,86.38777512114207,85.17404949808503,85.5446548461914,26383200,0.0,0.0,MICROSOFT,MSFT
2018-01-26 00:00:00-05:00,86.27658478354287,87.14749908447266,85.77626870324298,87.14749908447266,29172200,0.0,0.0,MICROSOFT,MSFT
2018-01-29 00:00:00-05:00,88.14815020147998,88.43536600484677,86.8325078566721,87.01780700683594,31569900,0.0,0.0,MICROSOFT,MSFT
2018-01-30 00:00:00-05:00,86.44338807892804,86.77693225311212,85.33157180874426,85.9245376586914,38635100,0.0,0.0,MICROSOFT,MSFT
2018-01-31 00:00:00-05:00,86.86029794788483,88.38904060550944,86.63793756437681,88.02770233154297,48756300,0.0,0.0,MICROSOFT,MSFT
2018-02-01 00:00:00-05:00,87.8238814928214,89.00981313137157,86.70280526985724,87.33283233642578,47227900,0.0,0.0,MICROSOFT,MSFT
2018-02-02 00:00:00-05:00,86.758381201497,87.0641311464185,84.77565070140886,85.03507232666016,47867800,0.0,0.0,MICROSOFT,MSFT
2018-02-05 00:00:00-05:00,83.90473040402867,86.38777710401337,81.53286743164062,81.53286743164062,51031500,0.0,0.0,MICROSOFT,MSFT
2018-02-06 00:00:00-05:00,80.50443542736794,84.7571190571447,78.98495993085177,84.6181411743164,67998600,0.0,0.0,MICROSOFT,MSFT
2018-02-07 00:00:00-05:00,83.8398775459731,85.02580906822604,82.64467894562803,83.02455139160156,41107600,0.0,0.0,MICROSOFT,MSFT
2018-02-08 00:00:00-05:00,83.11722134949589,83.27472637214038,78.53099911980927,78.76262664794922,55628700,0.0,0.0,MICROSOFT,MSFT
2018-02-09 00:00:00-05:00,79.95780987059692,82.39452844432475,77.66932921009595,81.69964599609375,63499100,0.0,0.0,MICROSOFT,MSFT
2018-02-12 00:00:00-05:00,82.21845766881349,83.18202847461946,81.46798717539158,82.57979583740234,35720300,0.0,0.0,MICROSOFT,MSFT
2018-02-13 00:00:00-05:00,82.3945256024347,83.38589091163577,81.3475719612796,83.22838592529297,26407700,0.0,0.0,MICROSOFT,MSFT
2018-02-14 00:00:00-05:00,82.39059967150519,84.69913351223678,82.29751488955714,84.53157806396484,34960900,0.42,0.0,MICROSOFT,MSFT
2018-02-15 00:00:00-05:00,84.90393070075795,86.30953445055925,84.35472547448036,86.2536849975586,27823900,0.0,0.0,MICROSOFT,MSFT
2018-02-16 00:00:00-05:00,86.05819017943324,87.03559813292131,85.45313555308816,85.6393051147461,30596900,0.0,0.0,MICROSOFT,MSFT
2018-02-20 00:00:00-05:00,85.15525766125414,86.62601420266675,84.71775139123447,86.30952453613281,30911700,0.0,0.0,MICROSOFT,MSFT
2018-02-21 00:00:00-05:00,86.55157110013101,86.90529618197257,85.16458129882812,85.16458129882812,26922500,0.0,0.0,MICROSOFT,MSFT
2018-02-22 00:00:00-05:00,85.68586082324715,86.31884734771577,85.04356368906029,85.38798522949219,24392800,0.0,0.0,MICROSOFT,MSFT
2018-02-23 00:00:00-05:00,87.12868146998179,87.56618774473314,85.97441458261956,87.55687713623047,26329200,0.0,0.0,MICROSOFT,MSFT
2018-02-26 00:00:00-05:00,87.87337694379423,88.8507778129382,87.73374621908404,88.8228530883789,30199800,0.0,0.0,MICROSOFT,MSFT
2018-02-27 00:00:00-05:00,89.12073861997864,89.21382341289063,87.68721008300781,87.68721008300781,25869100,0.0,0.0,MICROSOFT,MSFT
2018-02-28 00:00:00-05:00,88.28295603796356,89.09280860223157,87.15661377620413,87.28693389892578,31167300,0.0,0.0,MICROSOFT,MSFT
2018-03-01 00:00:00-05:00,87.49173190951761,88.03163366356613,85.49037685703749,86.43054962158203,37135600,0.0,0.0,MICROSOFT,MSFT
2018-03-02 00:00:00-05:00,85.24834616115703,86.70979925988259,84.57812436522187,86.61671447753906,32830400,0.0,0.0,MICROSOFT,MSFT
2018-03-05 00:00:00-05:00,85.95578548791735,87.7523492609574,85.88132193246066,87.16590881347656,23901600,0.0,0.0,MICROSOFT,MSFT
2018-03-06 00:00:00-05:00,87.81751039932944,87.95714110814997,86.5143093887721,86.86803436279297,22175800,0.0,0.0,MICROSOFT,MSFT
2018-03-07 00:00:00-05:00,86.7191116882829,87.4451829484763,86.03957926928092,87.37071228027344,26716100,0.0,0.0,MICROSOFT,MSFT
2018-03-08 00:00:00-05:00,87.75234957827716,88.52496667197553,87.28691862090409,87.90129089355469,25887800,0.0,0.0,MICROSOFT,MSFT
2018-03-09 00:00:00-05:00,88.7018550527156,89.86543273925781,88.43190417720805,89.86543273925781,36937300,0.0,0.0,MICROSOFT,MSFT
2018-03-12 00:00:00-04:00,89.82816871582314,90.48907977849764,89.399973116143,90.07949829101562,26073700,0.0,0.0,MICROSOFT,MSFT
2018-03-13 00:00:00-04:00,90.29361191572222,90.51701680202953,87.47310125713517,87.88268280029297,35387800,0.0,0.0,MICROSOFT,MSFT
2018-03-14 00:00:00-04:00,88.54358776735297,88.81353857449308,87.03558891081916,87.36138916015625,32132000,0.0,0.0,MICROSOFT,MSFT
2018-03-15 00:00:00-04:00,87.06350983441172,88.04091764170354,86.41190936415883,87.66857147216797,27611000,0.0,0.0,MICROSOFT,MSFT
2018-03-16 00:00:00-04:00,88.1340257277045,88.78562637036228,87.42656852859436,88.05955505371094,49081300,0.0,0.0,MICROSOFT,MSFT
2018-03-19 00:00:00-04:00,87.25898164534969,87.4079229397103,85.74167949408795,86.4677505493164,33344100,0.0,0.0,MICROSOFT,MSFT
2018-03-20 00:00:00-04:00,86.61672904969896,87.28694385647556,86.57018309973961,86.69119262695312,23075200,0.0,0.0,MICROSOFT,MSFT
2018-03-21 00:00:00-04:00,86.5049979968257,87.54756589773339,85.8347762820931,86.08611297607422,24457100,0.0,0.0,MICROSOFT,MSFT
2018-03-22 00:00:00-04:00,84.95977169883614,85.40658858411814,83.46109041112045,83.58209991455078,38604700,0.0,0.0,MICROSOFT,MSFT
2018-03-23 00:00:00-04:00,83.31215713997295,84.20578389505471,81.05947258433476,81.15255737304688,44068900,0.0,0.0,MICROSOFT,MSFT
2018-03-26 00:00:00-04:00,84.34541077136608,87.5010325472025,84.14993059343709,87.2962417602539,56396800,0.0,0.0,MICROSOFT,MSFT
2018-03-27 00:00:00-04:00,88.37606610029557,88.56223571334796,82.39062142595142,83.28424835205078,56569000,0.0,0.0,MICROSOFT,MSFT
2018-03-28 00:00:00-04:00,83.61002589433163,84.92254474426056,82.7257098209411,83.20975494384766,52501100,0.0,0.0,MICROSOFT,MSFT
2018-03-29 00:00:00-04:00,83.94514912498452,85.90926883323877,82.28821563125298,84.95978546142578,45867500,0.0,0.0,MICROSOFT,MSFT
2018-04-02 00:00:00-04:00,84.21511092434946,84.59676076305557,81.45975945014396,82.3999252319336,48515400,0.0,0.0,MICROSOFT,MSFT
2018-04-03 00:00:00-04:00,83.3866427459082,83.82414914331626,81.81348325784487,83.50765228271484,37213800,0.0,0.0,MICROSOFT,MSFT
2018-04-04 00:00:00-04:00,81.77622993395744,86.34676602301053,81.66453103282464,85.94649505615234,35560000,0.0,0.0,MICROSOFT,MSFT
2018-04-05 00:00:00-04:00,86.04888328122517,86.63532376905637,85.08078597454991,85.99302673339844,29771900,0.0,0.0,MICROSOFT,MSFT
2018-04-06 00:00:00-04:00,85.16456500254286,86.06750230653236,83.29353743855631,83.99168395996094,38026000,0.0,0.0,MICROSOFT,MSFT
2018-04-09 00:00:00-04:00,84.74566039731512,86.7283935044123,84.35470013990081,84.49432373046875,31533900,0.0,0.0,MICROSOFT,MSFT
2018-04-10 00:00:00-04:00,86.00235274445234,86.83081948280658,85.30420613784497,86.4584732055664,26812000,0.0,0.0,MICROSOFT,MSFT
2018-04-11 00:00:00-04:00,85.64862579477166,86.84012817408303,85.15527000664252,85.50899505615234,24872100,0.0,0.0,MICROSOFT,MSFT
2018-04-12 00:00:00-04:00,86.03957653472897,87.64997094934297,86.03957653472897,87.11006927490234,26758900,0.0,0.0,MICROSOFT,MSFT
2018-04-13 00:00:00-04:00,87.54758306129025,87.66859257720793,86.04889451700693,86.64464569091797,23346100,0.0,0.0,MICROSOFT,MSFT
2018-04-16 00:00:00-04:00,87.56618646231111,88.11539872531102,86.96112475293991,87.65927124023438,20288100,0.0,0.0,MICROSOFT,MSFT
2018-04-17 00:00:00-04:00,88.43191045296939,89.86543911675261,88.32020443044463,89.42793273925781,26771000,0.0,0.0,MICROSOFT,MSFT
2018-04-18 00:00:00-04:00,89.56754807875761,90.0329791063114,88.91594037903398,89.7723388671875,21043300,0.0,0.0,MICROSOFT,MSFT
2018-04-19 00:00:00-04:00,89.77233509552005,90.3587756089103,88.74838119639071,89.46514892578125,23552500,0.0,0.0,MICROSOFT,MSFT
2018-04-20 00:00:00-04:00,89.27898024687985,89.46514981115654,87.54757631183479,88.43189239501953,31154400,0.0,0.0,MICROSOFT,MSFT
2018-04-23 00:00:00-04:00,89.12074136334861,89.63271839299621,88.08748379581596,88.75770568847656,22331800,0.0,0.0,MICROSOFT,MSFT
2018-04-24 00:00:00-04:00,89.58616220320673,89.80026360074315,86.02096592927334,86.68187713623047,34524800,0.0,0.0,MICROSOFT,MSFT
2018-04-25 00:00:00-04:00,86.84943793826262,86.84943793826262,84.03823038140025,85.9278793334961,33729300,0.0,0.0,MICROSOFT,MSFT
2018-04-26 00:00:00-04:00,87.08216120339078,88.57153929535627,86.66326895439381,87.74307250976562,42529000,0.0,0.0,MICROSOFT,MSFT
2018-04-27 00:00:00-04:00,90.85213131069928,91.13139275617091,87.41725530211431,89.19519805908203,48272800,0.0,0.0,MICROSOFT,MSFT
2018-04-30 00:00:00-04:00,89.66993376923428,89.73509382196389,86.70979247025082,87.05420684814453,41523600,0.0,0.0,MICROSOFT,MSFT
2018-05-01 00:00:00-04:00,86.76564851766268,88.70184323456029,86.37468817153345,88.43189239501953,31408900,0.0,0.0,MICROSOFT,MSFT
2018-05-02 00:00:00-04:00,88.42260163387178,88.59015712009634,86.74705387354146,87.04492950439453,27471000,0.0,0.0,MICROSOFT,MSFT
2018-05-03 00:00:00-04:00,86.5329502636026,88.36674995518213,86.05820854755912,87.56620788574219,31142500,0.0,0.0,MICROSOFT,MSFT
2018-05-04 00:00:00-04:00,86.86805110321284,88.77632125370789,86.4957048419072,88.58084106445312,22531300,0.0,0.0,MICROSOFT,MSFT
2018-05-07 00:00:00-04:00,88.59014263239227,90.02367109078725,88.52498257073404,89.56755065917969,24242000,0.0,0.0,MICROSOFT,MSFT
2018-05-08 00:00:00-04:00,89.22311789917823,89.51168993754611,88.48773609481039,89.18588256835938,23484600,0.0,0.0,MICROSOFT,MSFT
2018-05-09 00:00:00-04:00,89.37207563965852,90.26570243772643,88.4784488415906,90.23777770996094,27327400,0.0,0.0,MICROSOFT,MSFT
2018-05-10 00:00:00-04:00,90.72183191824315,91.17795242157568,90.34018209763457,91.1407241821289,22388100,0.0,0.0,MICROSOFT,MSFT
2018-05-11 00:00:00-04:00,91.03831283533519,91.10347289583552,90.33085567710734,90.94522094726562,16778300,0.0,0.0,MICROSOFT,MSFT
2018-05-14 00:00:00-04:00,91.15002310994605,91.8667909667885,90.58219661106587,91.2524185180664,19454100,0.0,0.0,MICROSOFT,MSFT
2018-05-15 00:00:00-04:00,90.51704390236601,91.0848704474161,89.67926645049576,90.59151458740234,24594000,0.0,0.0,MICROSOFT,MSFT
2018-05-16 00:00:00-04:00,91.02153036510883,91.05892708372508,90.3297089024449,90.82520294189453,17384700,0.42,0.0,MICROSOFT,MSFT
2018-05-17 00:00:00-04:00,90.4606072799037,91.1898255694345,89.59115305791794,89.91836547851562,17246700,0.0,0.0,MICROSOFT,MSFT
2018-05-18 00:00:00-04:00,89.75944221527524,90.61954554457662,89.75944221527524,90.08665466308594,17865800,0.0,0.0,MICROSOFT,MSFT
2018-05-21 00:00:00-04:00,90.68497408702686,91.6292216906547,90.49799761209049,91.24591064453125,19422500,0.0,0.0,MICROSOFT,MSFT
2018-05-22 00:00:00-04:00,91.32070172010349,91.77879906470815,90.87194820611666,91.15242004394531,15441200,0.0,0.0,MICROSOFT,MSFT
2018-05-23 00:00:00-04:00,90.41384771258696,92.30234280511128,90.04923861572536,92.23690032958984,21251200,0.0,0.0,MICROSOFT,MSFT
2018-05-24 00:00:00-04:00,92.30236820961913,92.49869569021894,90.50736085484097,91.90970611572266,26649300,0.0,0.0,MICROSOFT,MSFT
2018-05-25 00:00:00-04:00,91.90035226476337,92.53608233236974,91.48899541728393,91.9564437866211,18363900,0.0,0.0,MICROSOFT,MSFT
2018-05-29 00:00:00-04:00,91.47027359392571,92.44256684660215,90.89999326944755,91.62921142578125,28671000,0.0,0.0,MICROSOFT,MSFT
2018-05-30 00:00:00-04:00,91.90970038240494,92.78850564020067,91.53574737565445,92.5080337524414,22158500,0.0,0.0,MICROSOFT,MSFT
2018-05-31 00:00:00-04:00,92.82589732293634,93.48032218188241,92.19016726023331,92.40518951416016,34140900,0.0,0.0,MICROSOFT,MSFT
2018-06-01 00:00:00-04:00,92.81653741181196,94.29367581698891,92.71369821064805,94.22823333740234,28655600,0.0,0.0,MICROSOFT,MSFT
2018-06-04 00:00:00-04:00,94.667637546667,95.22857411469346,94.28432649335339,95.05094146728516,27281600,0.0,0.0,MICROSOFT,MSFT
2018-06-05 00:00:00-04:00,95.35946907956311,95.66798672078525,94.92006646316118,95.53710174560547,23514400,0.0,0.0,MICROSOFT,MSFT
2018-06-06 00:00:00-04:00,95.80824497196085,95.92042804384168,95.26600301554396,95.81758880615234,21122900,0.0,0.0,MICROSOFT,MSFT
2018-06-07 00:00:00-04:00,95.96714134432946,96.00453806578345,93.84492198116101,94.31237030029297,28232200,0.0,0.0,MICROSOFT,MSFT
2018-06-08 00:00:00-04:00,94.50870472677121,95.31271646574577,93.99451581732197,95.0135498046875,22165100,0.0,0.0,MICROSOFT,MSFT
2018-06-11 00:00:00-04:00,94.433901500251,94.97613607258991,94.11603296765759,94.47129821777344,23490900,0.0,0.0,MICROSOFT,MSFT
2018-06-12 00:00:00-04:00,94.51807375496651,94.84528623855097,94.19086127138203,94.71440124511719,18325200,0.0,0.0,MICROSOFT,MSFT
2018-06-13 00:00:00-04:00,95.09771807079404,95.36883903986731,94.01323419450095,94.28435516357422,29492900,0.0,0.0,MICROSOFT,MSFT
2018-06-14 00:00:00-04:00,95.03226727024649,95.38752550936793,94.4245828845491,94.8172378540039,25691800,0.0,0.0,MICROSOFT,MSFT
2018-06-15 00:00:00-04:00,94.90137582843012,94.92007062597732,93.55512215874394,93.61121368408203,65738600,0.0,0.0,MICROSOFT,MSFT
2018-06-18 00:00:00-04:00,93.49902510939414,94.52741009844799,92.94743232293771,94.29368591308594,23586000,0.0,0.0,MICROSOFT,MSFT
2018-06-19 00:00:00-04:00,93.16246171185708,94.424570886273,93.02222577410063,94.29368591308594,28653100,0.0,0.0,MICROSOFT,MSFT
2018-06-20 00:00:00-04:00,94.77045916758543,95.84558441821999,94.53673504654415,95.23790740966797,26180800,0.0,0.0,MICROSOFT,MSFT
2018-06-21 00:00:00-04:00,95.43427100910864,95.78952924005408,94.31239052301804,94.55546569824219,23198200,0.0,0.0,MICROSOFT,MSFT
2018-06-22 00:00:00-04:00,93.87298583984375,94.20954210686214,93.14376038533152,93.87298583984375,38923100,0.0,0.0,MICROSOFT,MSFT
2018-06-25 00:00:00-04:00,93.48968151329224,93.59252073357258,90.965462965512,91.9844970703125,35433300,0.0,0.0,MICROSOFT,MSFT
2018-06-26 00:00:00-04:00,92.38648725024225,93.56445903382475,92.32104476963741,92.62956237792969,26897200,0.0,0.0,MICROSOFT,MSFT
2018-06-27 00:00:00-04:00,93.09700155298576,93.50835119090459,91.05892675820134,91.18981170654297,31298400,0.0,0.0,MICROSOFT,MSFT
2018-06-28 00:00:00-04:00,91.04026398531961,92.6576388749579,90.92808091432126,92.2088851928711,26650700,0.0,0.0,MICROSOFT,MSFT
2018-06-29 00:00:00-04:00,92.48933696667213,93.40553893198394,91.92840033591007,92.19017028808594,28053200,0.0,0.0,MICROSOFT,MSFT
2018-07-02 00:00:00-04:00,91.71336726956977,93.54576399411897,91.61987902363586,93.4990234375,19564500,0.0,0.0,MICROSOFT,MSFT
2018-07-03 00:00:00-04:00,93.93841922837417,94.0786480207598,92.49867752075306,92.60151672363281,14670300,0.0,0.0,MICROSOFT,MSFT
2018-07-05 00:00:00-04:00,93.0222446250282,93.41489962416081,92.58284192627133,93.26531982421875,18977400,0.0,0.0,MICROSOFT,MSFT
2018-07-06 00:00:00-04:00,93.38684992704458,94.82659199596651,93.1811714696704,94.57417297363281,19234600,0.0,0.0,MICROSOFT,MSFT
2018-07-09 00:00:00-04:00,95.03226938750899,95.59320608961276,94.65830920854076,95.21924591064453,18212000,0.0,0.0,MICROSOFT,MSFT
2018-07-10 00:00:00-04:00,95.35947424418231,95.83627361255827,95.22858926191387,95.47166442871094,19293100,0.0,0.0,MICROSOFT,MSFT
2018-07-11 00:00:00-04:00,94.56480851500812,95.67733080699198,94.51806082402135,95.34077453613281,19644600,0.0,0.0,MICROSOFT,MSFT
2018-07-12 00:00:00-04:00,96.07933211502481,97.61256928735699,96.04194252325446,97.40689086914062,24335900,0.0,0.0,MICROSOFT,MSFT
2018-07-13 00:00:00-04:00,97.57517386225874,98.725092840951,97.3133967875091,98.566162109375,24635200,0.0,0.0,MICROSOFT,MSFT
2018-07-16 00:00:00-04:00,98.53812214477719,98.93077708095339,97.7154084125645,98.08002471923828,21786900,0.0,0.0,MICROSOFT,MSFT
2018-07-17 00:00:00-04:00,97.79955644910939,99.56651085995196,97.52843551666574,99.05231475830078,25901700,0.0,0.0,MICROSOFT,MSFT
2018-07-18 00:00:00-04:00,99.04298237962911,99.14582161185231,97.90240699147904,98.2763671875,29493900,0.0,0.0,MICROSOFT,MSFT
2018-07-19 00:00:00-04:00,98.09872753058421,98.45398576861912,97.12643394298148,97.60323333740234,40171600,0.0,0.0,MICROSOFT,MSFT
2018-07-20 00:00:00-04:00,101.04364661409835,101.15582966379392,99.17385303707668,99.35147857666016,56004000,0.0,0.0,MICROSOFT,MSFT
2018-07-23 00:00:00-04:00,99.37954268548519,101.09974954675408,99.22060479265495,100.9408187866211,29707000,0.0,0.0,MICROSOFT,MSFT
2018-07-24 00:00:00-04:00,101.50173034208265,101.73545450766106,100.27701799691435,100.6509780883789,26316600,0.0,0.0,MICROSOFT,MSFT
2018-07-25 00:00:00-04:00,100.93145994972336,103.91378309148618,100.59489652351266,103.61461639404297,30702100,0.0,0.0,MICROSOFT,MSFT
2018-07-26 00:00:00-04:00,103.53047066964538,103.77354583722997,102.37120062321335,102.48339080810547,31372100,0.0,0.0,MICROSOFT,MSFT
2018-07-27 00:00:00-04:00,103.0069195027876,103.0069195027876,99.22993594910935,100.669677734375,37005300,0.0,0.0,MICROSOFT,MSFT
2018-07-30 00:00:00-04:00,100.21158256049647,100.52944402433417,97.93978322606443,98.51007080078125,34668300,0.0,0.0,MICROSOFT,MSFT
2018-07-31 00:00:00-04:00,99.55716263853051,99.77219205042833,98.51942657401288,99.17385864257812,27655200,0.0,0.0,MICROSOFT,MSFT
2018-08-01 00:00:00-04:00,99.1270851765967,99.5197400360362,98.55679768101764,99.36080932617188,23628700,0.0,0.0,MICROSOFT,MSFT
2018-08-02 00:00:00-04:00,98.53813188088806,101.0529996200487,98.01458478156071,100.56685638427734,26104300,0.0,0.0,MICROSOFT,MSFT
2018-08-03 00:00:00-04:00,100.78186763272448,101.0155918089296,99.86566572361427,101.00624084472656,18659600,0.0,0.0,MICROSOFT,MSFT
2018-08-06 00:00:00-04:00,101.08101871876056,101.36148340737624,100.55747179449418,101.09036254882812,20265900,0.0,0.0,MICROSOFT,MSFT
2018-08-07 00:00:00-04:00,101.49239823917796,101.99724338656884,101.12778904373401,101.79156494140625,16080200,0.0,0.0,MICROSOFT,MSFT
2018-08-08 00:00:00-04:00,102.2122671473306,102.60492208492006,101.67937626554594,102.36184692382812,15487500,0.0,0.0,MICROSOFT,MSFT
2018-08-09 00:00:00-04:00,102.56753283842447,102.9882407016946,102.46469361402713,102.53013610839844,13677200,0.0,0.0,MICROSOFT,MSFT
2018-08-10 00:00:00-04:00,102.29641780629967,102.54884396538719,101.32412416753124,101.90376281738281,18183700,0.0,0.0,MICROSOFT,MSFT
2018-08-13 00:00:00-04:00,102.12812660421918,102.44599523197344,101.06234480019589,101.1651840209961,18472500,0.0,0.0,MICROSOFT,MSFT
2018-08-14 00:00:00-04:00,101.4923950633211,102.60492454587136,101.00625186217363,102.42729187011719,16788300,0.0,0.0,MICROSOFT,MSFT
2018-08-15 00:00:00-04:00,101.81725207439828,102.28649925883575,100.24996819681171,101.0383071899414,29982800,0.42,0.0,MICROSOFT,MSFT
2018-08-16 00:00:00-04:00,101.63894863397515,102.16450321836292,100.70045421320029,101.01953887939453,21384300,0.0,0.0,MICROSOFT,MSFT
2018-08-17 00:00:00-04:00,100.75676402456574,101.26355188326096,100.1279744658704,100.9632339477539,18061500,0.0,0.0,MICROSOFT,MSFT
2018-08-20 00:00:00-04:00,100.89755674933244,101.2635690716036,99.93090845409604,100.29692077636719,17914200,0.0,0.0,MICROSOFT,MSFT
2018-08-21 00:00:00-04:00,100.34384236030056,100.74739533052472,99.33965341022821,99.46166229248047,22881900,0.0,0.0,MICROSOFT,MSFT
2018-08-22 00:00:00-04:00,99.3396497743645,100.73800469250466,99.27395544022758,100.47522735595703,18000600,0.0,0.0,MICROSOFT,MSFT
2018-08-23 00:00:00-04:00,100.55966381641733,101.52631178190894,100.29688656290232,100.94444274902344,18167700,0.0,0.0,MICROSOFT,MSFT
2018-08-24 00:00:00-04:00,101.04769164395707,101.8829510980103,100.94445668580269,101.73279571533203,17234000,0.0,0.0,MICROSOFT,MSFT
2018-08-27 00:00:00-04:00,102.5493038464217,102.8965494330322,101.83605309143437,102.8590087890625,19662300,0.0,0.0,MICROSOFT,MSFT
2018-08-28 00:00:00-04:00,103.17807563597852,103.70363020368323,103.03730004530219,103.4783935546875,19151500,0.0,0.0,MICROSOFT,MSFT
2018-08-29 00:00:00-04:00,103.65673634270101,105.13955968129619,103.48780701096047,105.13017272949219,20818000,0.0,0.0,MICROSOFT,MSFT
2018-08-30 00:00:00-04:00,104.80169103946687,105.68387826124474,104.58584128955034,105.06446838378906,22798700,0.0,0.0,MICROSOFT,MSFT
2018-08-31 00:00:00-04:00,104.82044567771653,105.8434011744246,104.66089618214617,105.42108154296875,23222700,0.0,0.0,MICROSOFT,MSFT
2018-09-04 00:00:00-04:00,104.0320971678056,105.07382646813912,103.44084830551239,104.83920288085938,22634600,0.0,0.0,MICROSOFT,MSFT
2018-09-05 00:00:00-04:00,104.1822785693781,104.56705759893094,101.45125608194728,101.81726837158203,32872400,0.0,0.0,MICROSOFT,MSFT
2018-09-06 00:00:00-04:00,101.59203481793608,102.28651877859448,100.89755085727766,102.05189514160156,23477600,0.0,0.0,MICROSOFT,MSFT
2018-09-07 00:00:00-04:00,101.57326303545099,102.0331233362895,100.63476853406517,101.55448913574219,22498600,0.0,0.0,MICROSOFT,MSFT
2018-09-10 00:00:00-04:00,102.14574655292907,102.89654508027131,101.69527316464006,102.65253448486328,20727900,0.0,0.0,MICROSOFT,MSFT
2018-09-11 00:00:00-04:00,102.20206597064521,104.72661163993598,102.19267901956577,104.39813995361328,24301800,0.0,0.0,MICROSOFT,MSFT
2018-09-12 00:00:00-04:00,104.57642560872907,104.97059151692454,103.71301252597411,104.83920288085938,18891100,0.0,0.0,MICROSOFT,MSFT
2018-09-13 00:00:00-04:00,105.22398929868118,106.73496577785066,105.22398929868118,105.96540069580078,26055600,0.0,0.0,MICROSOFT,MSFT
2018-09-14 00:00:00-04:00,106.38773829419408,106.73498384076747,105.52432506287875,106.39712524414062,19122300,0.0,0.0,MICROSOFT,MSFT
2018-09-17 00:00:00-04:00,106.69744433431308,106.70682412421435,104.97999764324382,105.2427749633789,20736500,0.0,0.0,MICROSOFT,MSFT
2018-09-18 00:00:00-04:00,105.28968712197302,106.70680848502575,104.8485936163318,106.2469482421875,22170900,0.0,0.0,MICROSOFT,MSFT
2018-09-19 00:00:00-04:00,106.0968073019751,106.35019766940819,104.21043133056918,104.829833984375,21728400,0.0,0.0,MICROSOFT,MSFT
2018-09-20 00:00:00-04:00,105.37416480408727,106.80068050101075,105.04569315023814,106.58482360839844,23714500,0.0,0.0,MICROSOFT,MSFT
2018-09-21 00:00:00-04:00,106.98838076487182,108.19903961695492,106.5285204313372,107.23239135742188,71229700,0.0,0.0,MICROSOFT,MSFT
2018-09-24 00:00:00-04:00,106.07803417580607,107.83302150132229,105.31785590781722,107.6171646118164,27334500,0.0,0.0,MICROSOFT,MSFT
2018-09-25 00:00:00-04:00,107.7391691035362,108.0207131512808,106.75374703606848,107.41069030761719,22668000,0.0,0.0,MICROSOFT,MSFT
2018-09-26 00:00:00-04:00,107.42946478474516,107.98317309372251,106.74436066060666,106.9696044921875,19352000,0.0,0.0,MICROSOFT,MSFT
2018-09-27 00:00:00-04:00,107.72039970532667,107.84240857524428,107.17607116607336,107.37316131591797,19091300,0.0,0.0,MICROSOFT,MSFT
2018-09-28 00:00:00-04:00,107.16669538873587,107.5233207415245,106.68806116146138,107.33562469482422,21647800,0.0,0.0,MICROSOFT,MSFT
2018-10-01 00:00:00-04:00,107.69225321802594,108.565053465153,107.67348647686151,108.49935913085938,18883100,0.0,0.0,MICROSOFT,MSFT
2018-10-02 00:00:00-04:00,108.20842545711005,108.71520621776287,107.40131956400333,108.0676498413086,20787200,0.0,0.0,MICROSOFT,MSFT
2018-10-03 00:00:00-04:00,108.32102650297242,109.0342842819271,107.86116623239705,108.0864028930664,16648000,0.0,0.0,MICROSOFT,MSFT
2018-10-04 00:00:00-04:00,107.56086596557664,107.70164158667228,104.7641489256576,105.8528060913086,34821700,0.0,0.0,MICROSOFT,MSFT
2018-10-05 00:00:00-04:00,105.70263041743547,106.20941829447533,103.83502841215234,105.23338317871094,29068900,0.0,0.0,MICROSOFT,MSFT
2018-10-08 00:00:00-04:00,104.79228215224819,105.1395204779122,102.61496839493803,104.03209686279297,29640600,0.0,0.0,MICROSOFT,MSFT
2018-10-09 00:00:00-04:00,104.30426095298719,106.12494227392587,103.9851763124873,105.35537719726562,26198600,0.0,0.0,MICROSOFT,MSFT
2018-10-10 00:00:00-04:00,104.39813957647908,104.64215018264264,99.28334675896426,99.6305923461914,61376300,0.0,0.0,MICROSOFT,MSFT
2018-10-11 00:00:00-04:00,98.8704037362786,102.23021609071297,97.79113352452902,99.39596557617188,63904300,0.0,0.0,MICROSOFT,MSFT
2018-10-12 00:00:00-04:00,102.30527885048089,104.39811739988443,100.5315249673869,102.8308334350586,47742100,0.0,0.0,MICROSOFT,MSFT
2018-10-15 00:00:00-04:00,102.21145031185635,102.7463919473929,100.37199459512647,100.98201751708984,32068100,0.0,0.0,MICROSOFT,MSFT
2018-10-16 00:00:00-04:00,102.8027111830668,104.55769886484218,102.24899558201935,104.17291259765625,31610200,0.0,0.0,MICROSOFT,MSFT
2018-10-17 00:00:00-04:00,104.81107483470824,104.93307655228583,102.812083959747,103.9007339477539,26548200,0.0,0.0,MICROSOFT,MSFT
2018-10-18 00:00:00-04:00,103.32824228416263,103.7317952027025,101.1978629347557,101.82665252685547,32506200,0.0,0.0,MICROSOFT,MSFT
2018-10-19 00:00:00-04:00,102.23020463073708,104.0414992748456,101.55448745529735,101.97681427001953,32785500,0.0,0.0,MICROSOFT,MSFT
2018-10-22 00:00:00-04:00,102.59621500212738,103.7411793992325,101.58263925779059,102.88714599609375,26545600,0.0,0.0,MICROSOFT,MSFT
2018-10-23 00:00:00-04:00,101.14154328336615,102.26774091452373,98.64515178056732,101.45124816894531,43770400,0.0,0.0,MICROSOFT,MSFT
2018-10-24 00:00:00-04:00,101.74219955868864,101.81727368242183,95.34165973087842,96.02676391601562,63897800,0.0,0.0,MICROSOFT,MSFT
2018-10-25 00:00:00-04:00,99.99659634301818,102.549295483473,99.62119709408081,101.63896179199219,61646800,0.0,0.0,MICROSOFT,MSFT
2018-10-26 00:00:00-04:00,99.18947814484709,102.06126879628253,98.31667804252828,100.38136291503906,55523100,0.0,0.0,MICROSOFT,MSFT
2018-10-29 00:00:00-04:00,101.46066658627194,102.01437504421186,95.3792175402638,97.46267700195312,55162000,0.0,0.0,MICROSOFT,MSFT
2018-10-30 00:00:00-04:00,97.28434991743008,97.96005998882356,93.9526913519829,97.35004425048828,65350900,0.0,0.0,MICROSOFT,MSFT
2018-10-31 00:00:00-04:00,98.95486763503709,101.48880005576879,98.90794004348291,100.2406005859375,51062400,0.0,0.0,MICROSOFT,MSFT
2018-11-01 00:00:00-04:00,100.46583782682497,100.71922818817771,99.03932219506635,99.40533447265625,33384200,0.0,0.0,MICROSOFT,MSFT
2018-11-02 00:00:00-04:00,99.93091033833666,100.7192423826633,98.52316840762846,99.6305923461914,37680200,0.0,0.0,MICROSOFT,MSFT
2018-11-05 00:00:00-05:00,99.82766171254791,101.11339458436387,99.3865681555926,100.89754486083984,27922100,0.0,0.0,MICROSOFT,MSFT
2018-11-06 00:00:00-05:00,100.77554313652901,102.14574433302684,99.74320055397807,101.09463500976562,24340200,0.0,0.0,MICROSOFT,MSFT
2018-11-07 00:00:00-05:00,102.70884188526936,105.33662222791838,102.6713012454986,105.07384490966797,37901700,0.0,0.0,MICROSOFT,MSFT
2018-11-08 00:00:00-05:00,104.92368998009633,105.30846900921429,104.08843043185895,104.87676239013672,25644100,0.0,0.0,MICROSOFT,MSFT
2018-11-09 00:00:00-05:00,104.03210514846148,104.59520036910106,102.07065524520237,102.8308334350586,32039200,0.0,0.0,MICROSOFT,MSFT
2018-11-12 00:00:00-05:00,102.69007771735967,103.1968656620764,99.57427592254783,100.29692077636719,33621800,0.0,0.0,MICROSOFT,MSFT
2018-11-13 00:00:00-05:00,100.93507676801889,102.05188024822095,100.081043417132,100.36259460449219,35374600,0.0,0.0,MICROSOFT,MSFT
2018-11-14 00:00:00-05:00,101.88953711170385,102.04034839106204,98.46808711088764,98.93936157226562,39495100,0.46,0.0,MICROSOFT,MSFT
2018-11-15 00:00:00-05:00,98.95821541485736,101.60678293907645,97.94026798148988,101.11665344238281,38505200,0.0,0.0,MICROSOFT,MSFT
2018-11-16 00:00:00-05:00,100.92814304008299,102.624726831204,100.6642304853138,102.0686264038086,33502100,0.0,0.0,MICROSOFT,MSFT
2018-11-19 00:00:00-05:00,102.04977211226888,102.3231121719299,97.60094708872754,98.6094741821289,44773900,0.0,0.0,MICROSOFT,MSFT
2018-11-20 00:00:00-05:00,95.95148658777494,97.05426714032757,93.64223733115581,95.86665344238281,64052500,0.0,0.0,MICROSOFT,MSFT
2018-11-21 00:00:00-05:00,97.64808054340537,98.43039798398185,96.36621325484684,97.18623352050781,28130600,0.0,0.0,MICROSOFT,MSFT
2018-11-23 00:00:00-05:00,96.30022591759845,97.84600564313702,96.13999431959117,97.14852142333984,13823100,0.0,0.0,MICROSOFT,MSFT
2018-11-26 00:00:00-05:00,98.76969002404407,100.50397637151087,98.5717556381534,100.3531723022461,32336200,0.0,0.0,MICROSOFT,MSFT
2018-11-27 00:00:00-05:00,100.16466011216227,101.16376675303843,99.30694442382507,100.98468017578125,29124500,0.0,0.0,MICROSOFT,MSFT
2018-11-28 00:00:00-05:00,101.69159463549748,104.93396497376416,101.6633193206298,104.73603057861328,46788500,0.0,0.0,MICROSOFT,MSFT
2018-11-29 00:00:00-05:00,103.9913922683171,104.73600655033925,102.76607617059449,103.85943603515625,28123200,0.0,0.0,MICROSOFT,MSFT
2018-11-30 00:00:00-05:00,104.34016236680212,104.59465460171587,103.07715026814958,104.51924896240234,33665600,0.0,0.0,MICROSOFT,MSFT
2018-12-03 00:00:00-05:00,106.5080219931309,106.90389079149463,104.36843922867027,105.65029907226562,34732800,0.0,0.0,MICROSOFT,MSFT
2018-12-04 00:00:00-05:00,105.50890725731928,106.16868849263908,101.99319732634805,102.28538513183594,45197000,0.0,0.0,MICROSOFT,MSFT
2018-12-06 00:00:00-05:00,99.74052353641422,102.96403902354257,98.96763373205461,102.91691589355469,49107400,0.0,0.0,MICROSOFT,MSFT
2018-12-07 00:00:00-05:00,102.15344535529705,103.16197237250883,98.3078513777047,98.7979736328125,45044900,0.0,0.0,MICROSOFT,MSFT
2018-12-10 00:00:00-05:00,98.77912373529124,101.77642940777379,97.92140081810128,101.40882873535156,40801500,0.0,0.0,MICROSOFT,MSFT
2018-12-11 00:00:00-05:00,103.49185443829595,104.57577973549095,101.26743883854716,102.35136413574219,42381900,0.0,0.0,MICROSOFT,MSFT
2018-12-12 00:00:00-05:00,104.5192435747071,104.87740955636748,102.77552960416172,102.813232421875,36183000,0.0,0.0,MICROSOFT,MSFT
2018-12-13 00:00:00-05:00,103.28451564105214,104.50040464917768,102.38908982412919,103.16197967529297,31333400,0.0,0.0,MICROSOFT,MSFT
2018-12-14 00:00:00-05:00,102.03090548818483,102.98288176998248,99.43889634183371,99.93844604492188,47043100,0.0,0.0,MICROSOFT,MSFT
2018-12-17 00:00:00-05:00,99.35409409743765,99.72168763420747,95.86665846328437,96.97886657714844,56957300,0.0,0.0,MICROSOFT,MSFT
2018-12-18 00:00:00-05:00,97.78945661643218,98.505795854305,96.63011820765219,97.99681854248047,49319200,0.0,0.0,MICROSOFT,MSFT
2018-12-19 00:00:00-05:00,97.69519970608036,100.73962877512315,95.52733425351718,97.73290252685547,68198200,0.0,0.0,MICROSOFT,MSFT
2018-12-20 00:00:00-05:00,97.12966486968328,98.31727127979808,93.10497712884025,95.67813873291016,70334200,0.0,0.0,MICROSOFT,MSFT
2018-12-21 00:00:00-05:00,95.79124665753457,97.08254130051387,91.86081928413941,92.58658599853516,111242100,0.0,0.0,MICROSOFT,MSFT
2018-12-24 00:00:00-05:00,92.06816562691284,92.3415056375528,88.58073799806809,88.72211456298828,43935200,0.0,0.0,MICROSOFT,MSFT
2018-12-26 00:00:00-05:00,89.67410876268016,94.90525844198832,88.56190068631726,94.78272247314453,51634800,0.0,0.0,MICROSOFT,MSFT
2018-12-27 00:00:00-05:00,93.59511412963722,95.37653107971414,90.86172072128775,95.36710357666016,49498500,0.0,0.0,MICROSOFT,MSFT
2018-12-28 00:00:00-05:00,96.22482805030256,96.52645064656431,93.80247730493373,94.62249755859375,38196300,0.0,0.0,MICROSOFT,MSFT
2018-12-31 00:00:00-05:00,95.47079809898092,96.51702816318043,94.66963281145236,95.73471069335938,33173800,0.0,0.0,MICROSOFT,MSFT
2019-01-02 00:00:00-05:00,93.83073788618363,95.90434241328335,93.25578253082767,95.31053924560547,35329300,0.0,0.0,MICROSOFT,MSFT
2019-01-03 00:00:00-05:00,94.34913929536417,94.43397243198723,91.61574616756452,91.80426025390625,42579100,0.0,0.0,MICROSOFT,MSFT
2019-01-04 00:00:00-05:00,93.99098794722157,96.62070053460594,93.2463733701992,96.07402038574219,44060600,0.0,0.0,MICROSOFT,MSFT
2019-01-07 00:00:00-05:00,95.80067201050299,97.3370241670401,95.17859346034524,96.19654083251953,35656100,0.0,0.0,MICROSOFT,MSFT
2019-01-08 00:00:00-05:00,97.12024507479435,97.9968158895826,95.86665324022275,96.89403533935547,31514400,0.0,0.0,MICROSOFT,MSFT
2019-01-09 00:00:00-05:00,97.89312262065175,98.85451926869298,97.30873975391175,98.2795639038086,32280800,0.0,0.0,MICROSOFT,MSFT
2019-01-10 00:00:00-05:00,97.28989006850098,97.78943979107831,96.4981453226398,97.64805603027344,30067600,0.0,0.0,MICROSOFT,MSFT
2019-01-11 00:00:00-05:00,97.26162885609784,97.49726609457772,95.8006751010915,96.89403533935547,28314200,0.0,0.0,MICROSOFT,MSFT
2019-01-14 00:00:00-05:00,96.04574999281743,96.9600237253131,95.44251917384518,96.1871337890625,28437100,0.0,0.0,MICROSOFT,MSFT
2019-01-15 00:00:00-05:00,96.62067135063764,99.01474596360408,96.02686105444207,98.97704315185547,31587600,0.0,0.0,MICROSOFT,MSFT
2019-01-16 00:00:00-05:00,99.21271201317109,100.15526103463858,98.92994443029949,99.32581329345703,29853900,0.0,0.0,MICROSOFT,MSFT
2019-01-17 00:00:00-05:00,98.96763517748947,100.50398730621879,98.74142545344262,100.0232925415039,28393000,0.0,0.0,MICROSOFT,MSFT
2019-01-18 00:00:00-05:00,101.28631252307756,101.70103637540291,99.82536591879352,101.5219497680664,37427600,0.0,0.0,MICROSOFT,MSFT
2019-01-22 00:00:00-05:00,100.6170933017627,100.94698397273334,98.83567648744389,99.60856628417969,32371300,0.0,0.0,MICROSOFT,MSFT
2019-01-23 00:00:00-05:00,100.02329867171487,100.89044199293771,99.28810443911856,100.57939910888672,25874300,0.0,0.0,MICROSOFT,MSFT
2019-01-24 00:00:00-05:00,100.72077959539894,100.85273587078477,99.28810118967027,100.09869384765625,23164800,0.0,0.0,MICROSOFT,MSFT
2019-01-25 00:00:00-05:00,101.07894047565581,101.68217118713818,100.09868877172761,101.0129623413086,31225600,0.0,0.0,MICROSOFT,MSFT
2019-01-28 00:00:00-05:00,100.15525308868152,100.36261500752555,98.64717621219457,99.04304504394531,29476700,0.0,0.0,MICROSOFT,MSFT
2019-01-29 00:00:00-05:00,98.85451791407941,98.93935104746356,96.30021146805773,97.0259780883789,31490500,0.0,0.0,MICROSOFT,MSFT
2019-01-30 00:00:00-05:00,98.60948282533535,100.26836395263672,98.33614274171583,100.26836395263672,49471900,0.0,0.0,MICROSOFT,MSFT
2019-01-31 00:00:00-05:00,97.83659372427024,99.17501164199456,97.25221072772032,98.4303970336914,55636400,0.0,0.0,MICROSOFT,MSFT
2019-02-01 00:00:00-05:00,97.81771667911063,98.11933201784545,96.46987156109131,96.87516784667969,35535700,0.0,0.0,MICROSOFT,MSFT
2019-02-04 00:00:00-05:00,96.96000470573918,99.72167317849618,96.86574406601348,99.66511535644531,31315100,0.0,0.0,MICROSOFT,MSFT
2019-02-05 00:00:00-05:00,99.9667214439048,101.10720460635285,99.87246800398975,101.0600814819336,27325400,0.0,0.0,MICROSOFT,MSFT
2019-02-06 00:00:00-05:00,100.85271951257069,100.85271951257069,99.46717165467622,99.93844604492188,20609800,0.0,0.0,MICROSOFT,MSFT
2019-02-07 00:00:00-05:00,99.1467237435853,99.52373756080569,98.29842827268419,99.22212219238281,29760700,0.0,0.0,MICROSOFT,MSFT
2019-02-08 00:00:00-05:00,98.3926674248219,99.70280966513256,98.27013867114357,99.59912872314453,21461100,0.0,0.0,MICROSOFT,MSFT
2019-02-11 00:00:00-05:00,100.09868082286228,100.45685397322796,98.93934981267006,99.20326232910156,18914100,0.0,0.0,MICROSOFT,MSFT
2019-02-12 00:00:00-05:00,100.04213468590694,100.98468353894249,99.42005618226355,100.7490463256836,25056600,0.0,0.0,MICROSOFT,MSFT
2019-02-13 00:00:00-05:00,101.32400605722938,101.58791859685259,100.57939156839116,100.67364501953125,18394900,0.0,0.0,MICROSOFT,MSFT
2019-02-14 00:00:00-05:00,100.20236109397737,101.1260620863572,99.58971012398266,100.75846862792969,21784700,0.0,0.0,MICROSOFT,MSFT
2019-02-15 00:00:00-05:00,101.71044431467449,102.07803777086416,101.19203959898309,102.00263214111328,26606900,0.0,0.0,MICROSOFT,MSFT
2019-02-19 00:00:00-05:00,101.59733940393393,102.4173594760751,101.58791190211798,101.95550537109375,18038500,0.0,0.0,MICROSOFT,MSFT
2019-02-20 00:00:00-05:00,102.09748177536208,102.17320943567992,100.61136074511377,101.4254150390625,21607700,0.46,0.0,MICROSOFT,MSFT
2019-02-21 00:00:00-05:00,101.18877885013755,103.63094190896915,101.16038278090728,103.56468200683594,29063200,0.0,0.0,MICROSOFT,MSFT
2019-02-22 00:00:00-05:00,104.17048956254114,105.25904407293375,103.95277432738996,105.04133605957031,27763200,0.0,0.0,MICROSOFT,MSFT
2019-02-25 00:00:00-05:00,105.7891503603984,106.18670985034443,105.31586318995146,105.62822723388672,23750600,0.0,0.0,MICROSOFT,MSFT
2019-02-26 00:00:00-05:00,105.31584081345667,107.19005356600995,105.23064538554739,106.35707092285156,21536700,0.0,0.0,MICROSOFT,MSFT
2019-02-27 00:00:00-05:00,105.72287164692706,106.35707460932956,104.95614165631795,106.1772232055664,21487100,0.0,0.0,MICROSOFT,MSFT
2019-02-28 00:00:00-05:00,106.05416838613714,106.84928720383115,105.76073271129114,106.0447006225586,29083900,0.0,0.0,MICROSOFT,MSFT
2019-03-01 00:00:00-05:00,106.85874973718226,106.98180177052993,105.70392817790315,106.51798248291016,23501200,0.0,0.0,MICROSOFT,MSFT
2019-03-04 00:00:00-05:00,106.98181183943467,107.19952708085003,104.88042320269473,106.26242065429688,26608000,0.0,0.0,MICROSOFT,MSFT
2019-03-05 00:00:00-05:00,106.2529719975941,106.38549183036022,105.28746932718542,105.73235321044922,19538300,0.0,0.0,MICROSOFT,MSFT
2019-03-06 00:00:00-05:00,105.8932469481518,106.64104135222192,105.47675203404002,105.77965545654297,17687000,0.0,0.0,MICROSOFT,MSFT
2019-03-07 00:00:00-05:00,105.44837448754136,105.59036207154428,104.00011701864628,104.4923324584961,25339000,0.0,0.0,MICROSOFT,MSFT
2019-03-08 00:00:00-05:00,103.3280526701496,104.7952384824201,102.98728534897182,104.60592651367188,22818400,0.0,0.0,MICROSOFT,MSFT
2019-03-11 00:00:00-04:00,105.06027110792006,106.91555572049135,105.05081056536682,106.80197143554688,26491600,0.0,0.0,MICROSOFT,MSFT
2019-03-12 00:00:00-04:00,106.79250426831841,107.89999438344867,106.6315883825552,107.54976654052734,26132700,0.0,0.0,MICROSOFT,MSFT
2019-03-13 00:00:00-04:00,108.03252399775788,108.85604625185503,107.70122443178391,108.38275909423828,35513800,0.0,0.0,MICROSOFT,MSFT
2019-03-14 00:00:00-04:00,108.42063215625478,109.04536750212174,108.22185239976122,108.46795654296875,30763400,0.0,0.0,MICROSOFT,MSFT
2019-03-15 00:00:00-04:00,109.17787583311416,110.98583620491509,108.4679451111211,109.7174301147461,54681100,0.0,0.0,MICROSOFT,MSFT
2019-03-18 00:00:00-04:00,109.96350642422725,111.32657537673076,109.84992215937658,111.28871154785156,31207600,0.0,0.0,MICROSOFT,MSFT
2019-03-19 00:00:00-04:00,111.78095157225233,112.11225834268467,110.73972132431958,111.36446380615234,37588700,0.0,0.0,MICROSOFT,MSFT
2019-03-20 00:00:00-04:00,111.11834962082439,112.40569116687867,110.47467884779726,111.24140167236328,28113300,0.0,0.0,MICROSOFT,MSFT
2019-03-21 00:00:00-04:00,110.88169943563474,114.3650927247558,110.83436783767706,113.79714965820312,29854400,0.0,0.0,MICROSOFT,MSFT
2019-03-22 00:00:00-04:00,113.11561260223421,113.20080081053928,110.78704102532157,110.7965087890625,33624500,0.0,0.0,MICROSOFT,MSFT
2019-03-25 00:00:00-04:00,110.33267173790865,111.7052084780749,110.10549598228313,111.37390899658203,27067100,0.0,0.0,MICROSOFT,MSFT
2019-03-26 00:00:00-04:00,112.28264733833778,112.36783555984461,110.60720676414839,111.61058044433594,26097700,0.0,0.0,MICROSOFT,MSFT
2019-03-27 00:00:00-04:00,111.58216924062664,111.89454047425757,109.34825344788942,110.5314712524414,22733400,0.0,0.0,MICROSOFT,MSFT
2019-03-28 00:00:00-04:00,111.16568489384048,111.29820471427179,109.92566768582093,110.68292999267578,18334800,0.0,0.0,MICROSOFT,MSFT
2019-03-29 00:00:00-04:00,111.7620138363111,111.99865738277757,110.71131591225696,111.63896179199219,25399800,0.0,0.0,MICROSOFT,MSFT
2019-04-01 00:00:00-04:00,112.59499497957994,112.74645031370456,111.79040837695935,112.6612548828125,22789100,0.0,0.0,MICROSOFT,MSFT
2019-04-02 00:00:00-04:00,112.69913767532418,113.09670438338867,112.18798666934615,112.82219696044922,18142300,0.0,0.0,MICROSOFT,MSFT
2019-04-03 00:00:00-04:00,113.45638498755211,113.99593199647461,112.7843181674408,113.56050872802734,22860700,0.0,0.0,MICROSOFT,MSFT
2019-04-04 00:00:00-04:00,113.68357147727464,113.80663075766917,112.05546253306896,112.98310852050781,20112800,0.0,0.0,MICROSOFT,MSFT
2019-04-05 00:00:00-04:00,113.0114998592496,113.80662598971213,112.99257155171432,113.48478698730469,15826200,0.0,0.0,MICROSOFT,MSFT
2019-04-08 00:00:00-04:00,113.40904491741648,113.60782461935186,112.30155491158185,113.52263641357422,15116200,0.0,0.0,MICROSOFT,MSFT
2019-04-09 00:00:00-04:00,112.29209683519218,113.15348283967529,112.24477245738458,112.9073715209961,17612000,0.0,0.0,MICROSOFT,MSFT
2019-04-10 00:00:00-04:00,113.36173346741869,113.92020880484085,113.15348597828218,113.76876068115234,16477200,0.0,0.0,MICROSOFT,MSFT
2019-04-11 00:00:00-04:00,114.10006299358555,114.39349870533897,113.5131843482902,113.90128326416016,14209100,0.0,0.0,MICROSOFT,MSFT
2019-04-12 00:00:00-04:00,114.19471584658072,114.5165548438227,113.93914397911978,114.48815155029297,19745100,0.0,0.0,MICROSOFT,MSFT
2019-04-15 00:00:00-04:00,114.47869333127917,115.08450028002028,114.12845825518666,114.58281707763672,15792600,0.0,0.0,MICROSOFT,MSFT
2019-04-16 00:00:00-04:00,115.14130181433144,115.15076957980563,113.68357646823802,114.31777954101562,14071800,0.0,0.0,MICROSOFT,MSFT
2019-04-17 00:00:00-04:00,114.76266006463176,115.34007093495902,114.10006097825051,115.26434326171875,19300900,0.0,0.0,MICROSOFT,MSFT
2019-04-18 00:00:00-04:00,115.6619192641769,116.92085762984235,114.81946869134835,116.77887725830078,27991000,0.0,0.0,MICROSOFT,MSFT
2019-04-22 00:00:00-04:00,116.0689466160803,117.37521658794076,116.02161501099859,117.14804077148438,15648700,0.0,0.0,MICROSOFT,MSFT
2019-04-23 00:00:00-04:00,117.46988304184275,118.87081634867738,117.21431112828374,118.73829650878906,24025500,0.0,0.0,MICROSOFT,MSFT
2019-04-24 00:00:00-04:00,119.06956448246534,119.1263566211073,117.86741125476686,118.33123779296875,31257000,0.0,0.0,MICROSOFT,MSFT
2019-04-25 00:00:00-04:00,123.1114394030501,124.35144930678933,121.94715716931627,122.25005340576172,38033900,0.0,0.0,MICROSOFT,MSFT
2019-04-26 00:00:00-04:00,122.77067196585989,123.54686974982312,122.12700843693288,122.95052337646484,23654900,0.0,0.0,MICROSOFT,MSFT
2019-04-29 00:00:00-04:00,122.95998941105947,123.22502904581795,122.4393851279404,122.83694458007812,16324200,0.0,0.0,MICROSOFT,MSFT
2019-04-30 00:00:00-04:00,122.87478744839477,123.71723785968062,122.47722804073376,123.62258911132812,24166500,0.0,0.0,MICROSOFT,MSFT
2019-05-01 00:00:00-04:00,123.55635138173191,123.66993568420617,120.87754418094461,121.04792785644531,26821700,0.0,0.0,MICROSOFT,MSFT
2019-05-02 00:00:00-04:00,121.14258073418229,121.16150904238313,118.81400162709993,119.4671401977539,27350200,0.0,0.0,MICROSOFT,MSFT
2019-05-03 00:00:00-04:00,120.5556719017537,122.51507267973149,120.45154817823781,122.01338958740234,24911100,0.0,0.0,MICROSOFT,MSFT
2019-05-06 00:00:00-04:00,119.63753165622704,121.69159626485786,119.37249199340876,121.30349731445312,24239800,0.0,0.0,MICROSOFT,MSFT
2019-05-07 00:00:00-04:00,119.70378514393703,120.38531979560857,117.5834607334613,118.81400299072266,36017700,0.0,0.0,MICROSOFT,MSFT
2019-05-08 00:00:00-04:00,118.7382750041655,119.61858933644162,118.08513646744146,118.80453491210938,28419000,0.0,0.0,MICROSOFT,MSFT
2019-05-09 00:00:00-04:00,117.64970531663671,119.06956658202438,116.96817075376458,118.79505920410156,27235800,0.0,0.0,MICROSOFT,MSFT
2019-05-10 00:00:00-04:00,118.23659340248687,121.09524446881002,117.20482371144101,120.33798217773438,30915100,0.0,0.0,MICROSOFT,MSFT
2019-05-13 00:00:00-04:00,117.47934728384557,118.84241670670916,116.4665129826315,116.75994873046875,33944900,0.0,0.0,MICROSOFT,MSFT
2019-05-14 00:00:00-04:00,117.25214588651184,119.15475478229729,117.09122278788821,118.06620025634766,25266300,0.0,0.0,MICROSOFT,MSFT
2019-05-15 00:00:00-04:00,118.05671138603171,120.38439992331489,117.52466270007939,119.72884368896484,24722700,0.46,0.0,MICROSOFT,MSFT
2019-05-16 00:00:00-04:00,120.42242002124135,122.92113049584461,120.14689645472318,122.49358367919922,30112200,0.0,0.0,MICROSOFT,MSFT
2019-05-17 00:00:00-04:00,121.90452314610046,123.94719983396861,121.53399325344223,121.676513671875,25770500,0.0,0.0,MICROSOFT,MSFT
2019-05-20 00:00:00-04:00,120.20387282833684,121.22045606146688,119.4818187224735,119.91885375976562,23706900,0.0,0.0,MICROSOFT,MSFT
2019-05-21 00:00:00-04:00,121.06844345458957,121.16344980772996,120.26087858011599,120.56490325927734,15293300,0.0,0.0,MICROSOFT,MSFT
2019-05-22 00:00:00-04:00,120.2988929750605,121.83802212371815,120.20387936518279,121.29647064208984,15396500,0.0,0.0,MICROSOFT,MSFT
2019-05-23 00:00:00-04:00,119.89984248714526,119.98535327764975,118.51272945629914,119.88084411621094,23603800,0.0,0.0,MICROSOFT,MSFT
2019-05-24 00:00:00-04:00,120.57440875425706,121.05894334061941,119.68133306810486,119.93785095214844,14123400,0.0,0.0,MICROSOFT,MSFT
2019-05-28 00:00:00-04:00,120.64091061315588,121.60998700777526,119.75733776136171,119.86184692382812,23128400,0.0,0.0,MICROSOFT,MSFT
2019-05-29 00:00:00-04:00,119.12080353185888,119.13030634355859,117.84770220791602,118.70277404785156,22763100,0.0,0.0,MICROSOFT,MSFT
2019-05-30 00:00:00-04:00,119.00677789414567,119.48181691643755,118.55073724339657,119.45331573486328,16829600,0.0,0.0,MICROSOFT,MSFT
2019-05-31 00:00:00-04:00,118.02818388102148,118.3987136921063,117.16360948947732,117.5056381225586,26646800,0.0,0.0,MICROSOFT,MSFT
2019-06-03 00:00:00-04:00,117.66717621155017,118.16122090361536,113.06880149237054,113.85736083984375,37983600,0.0,0.0,MICROSOFT,MSFT
2019-06-04 00:00:00-04:00,115.22547565507973,117.12563193500789,114.62692903636992,117.01162719726562,29382600,0.0,0.0,MICROSOFT,MSFT
2019-06-05 00:00:00-04:00,118.71226640129802,119.58634384099976,118.00921057348086,119.54833984375,24926100,0.0,0.0,MICROSOFT,MSFT
2019-06-06 00:00:00-04:00,120.12786741234844,121.58148562613803,119.32979810469685,121.43897247314453,21459000,0.0,0.0,MICROSOFT,MSFT
2019-06-07 00:00:00-04:00,122.74059876924531,125.64783559466895,121.85701854947496,124.84026336669922,33885600,0.0,0.0,MICROSOFT,MSFT
2019-06-10 00:00:00-04:00,125.7903271028369,127.3864657536452,125.41030168442754,125.98035430908203,26477100,0.0,0.0,MICROSOFT,MSFT
2019-06-11 00:00:00-04:00,127.19644001282809,127.53846865317095,124.72623155512532,125.50530242919922,23913700,0.0,0.0,MICROSOFT,MSFT
2019-06-12 00:00:00-04:00,124.84025557451625,125.38180704590272,124.18471386810697,124.92577362060547,17092500,0.0,0.0,MICROSOFT,MSFT
2019-06-13 00:00:00-04:00,125.3913178602064,126.36040169175126,124.99228675240391,125.71435546875,17200800,0.0,0.0,MICROSOFT,MSFT
2019-06-14 00:00:00-04:00,125.65735054057446,127.11096917751475,125.06830663455911,125.8378677368164,17821700,0.0,0.0,MICROSOFT,MSFT
2019-06-17 00:00:00-04:00,126.00884667561904,127.05392375165628,125.91383307914319,126.21786499023438,14517800,0.0,0.0,MICROSOFT,MSFT
2019-06-18 00:00:00-04:00,127.49102046547384,128.48860566649444,126.90197650738642,128.41259765625,25934500,0.0,0.0,MICROSOFT,MSFT
2019-06-19 00:00:00-04:00,128.26053575002982,129.1441013710617,127.12994055981788,128.9160919189453,23744400,0.0,0.0,MICROSOFT,MSFT
2019-06-20 00:00:00-04:00,130.58825936458547,130.78778218617649,128.9446279656516,130.11322021484375,33042600,0.0,0.0,MICROSOFT,MSFT
2019-06-21 00:00:00-04:00,129.7616418282942,130.85422561874483,129.64763711890132,130.13217163085938,36727900,0.0,0.0,MICROSOFT,MSFT
2019-06-24 00:00:00-04:00,130.16074964976107,131.49085370137783,130.16074964976107,130.9018096923828,20628800,0.0,0.0,MICROSOFT,MSFT
2019-06-25 00:00:00-04:00,130.39822639867856,130.7212494911593,126.10386909125886,126.7689208984375,33327400,0.0,0.0,MICROSOFT,MSFT
2019-06-26 00:00:00-04:00,127.64300309318139,128.9636111194714,126.93044449272904,127.24395751953125,23657700,0.0,0.0,MICROSOFT,MSFT
2019-06-27 00:00:00-04:00,127.44346922113648,127.98502066895541,126.8449154097662,127.45296478271484,16557500,0.0,0.0,MICROSOFT,MSFT
2019-06-28 00:00:00-04:00,127.85200145910484,127.88050263890484,126.51238802034635,127.27245330810547,30043000,0.0,0.0,MICROSOFT,MSFT
2019-07-01 00:00:00-04:00,129.80914072703476,129.87563863778965,128.23200802351937,128.90655517578125,22613500,0.0,0.0,MICROSOFT,MSFT
2019-07-02 00:00:00-04:00,129.32463065433086,129.77116853601524,128.58357087133166,129.7616729736328,15237800,0.0,0.0,MICROSOFT,MSFT
2019-07-03 00:00:00-04:00,129.97067756408046,130.86375323291094,129.48612849007569,130.5977325439453,13629300,0.0,0.0,MICROSOFT,MSFT
2019-07-05 00:00:00-04:00,129.15362948493672,130.47423756887667,128.94461112658283,130.21771240234375,18141100,0.0,0.0,MICROSOFT,MSFT
2019-07-08 00:00:00-04:00,129.5906248416915,130.25569099539555,128.61204572609006,130.1226806640625,16779700,0.0,0.0,MICROSOFT,MSFT
2019-07-09 00:00:00-04:00,129.21061701257614,130.13219389662027,129.02060429873052,129.6476593017578,19953100,0.0,0.0,MICROSOFT,MSFT
2019-07-10 00:00:00-04:00,130.28418920098838,131.6617992791553,130.1796800503943,130.96824645996094,24204400,0.0,0.0,MICROSOFT,MSFT
2019-07-11 00:00:00-04:00,131.30078623580434,132.26986992535143,130.98725873339083,131.4907989501953,22327900,0.0,0.0,MICROSOFT,MSFT
2019-07-12 00:00:00-04:00,131.91834326634051,132.18436396103104,131.12026668522833,131.96583557128906,18936800,0.0,0.0,MICROSOFT,MSFT
2019-07-15 00:00:00-04:00,132.47888583750694,132.57388494444464,131.54781340609009,131.96583557128906,16651500,0.0,0.0,MICROSOFT,MSFT
2019-07-16 00:00:00-04:00,132.02286108793476,132.1083646388969,129.70466817046238,130.23670959472656,22726100,0.0,0.0,MICROSOFT,MSFT
2019-07-17 00:00:00-04:00,130.82576798182419,131.04428191323078,129.4196562755335,129.4671630859375,20211000,0.0,0.0,MICROSOFT,MSFT
2019-07-18 00:00:00-04:00,128.7830863694148,129.79966237439066,127.94701302174049,129.60964965820312,30381800,0.0,0.0,MICROSOFT,MSFT
2019-07-19 00:00:00-04:00,133.21995436926912,133.64748662136756,129.63815581858532,129.79966735839844,48992400,0.0,0.0,MICROSOFT,MSFT
2019-07-22 00:00:00-04:00,130.5502180128266,132.24135564841822,130.4742100351884,131.519287109375,25074900,0.0,0.0,MICROSOFT,MSFT
2019-07-23 00:00:00-04:00,132.78293320835832,133.00146164736236,131.1393018677079,132.33639526367188,18034600,0.0,0.0,MICROSOFT,MSFT
2019-07-24 00:00:00-04:00,131.965827894698,133.7139824257388,131.9183355925121,133.69497680664062,20738300,0.0,0.0,MICROSOFT,MSFT
2019-07-25 00:00:00-04:00,133.4195073484778,133.59052900483178,132.36493420532165,133.19149780273438,18356900,0.0,0.0,MICROSOFT,MSFT
2019-07-26 00:00:00-04:00,133.36246539233426,134.60706545038903,133.29596746023836,134.28404235839844,19037600,0.0,0.0,MICROSOFT,MSFT
2019-07-29 00:00:00-04:00,134.4360704014112,134.4455659648361,132.41239911956578,133.98953247070312,16605900,0.0,0.0,MICROSOFT,MSFT
2019-07-30 00:00:00-04:00,133.1439373138598,134.17002334724836,132.82091425623022,133.3434600830078,16846500,0.0,0.0,MICROSOFT,MSFT
2019-07-31 00:00:00-04:00,133.32447833923416,133.47649433370967,128.33656768472093,129.4671630859375,38598800,0.0,0.0,MICROSOFT,MSFT
2019-08-01 00:00:00-04:00,130.1607202776335,133.90403090295518,130.09420784153843,131.1678009033203,40557500,0.0,0.0,MICROSOFT,MSFT
2019-08-02 00:00:00-04:00,131.19628437148103,131.41481277738404,128.50756154690822,130.06568908691406,30791600,0.0,0.0,MICROSOFT,MSFT
2019-08-05 00:00:00-04:00,126.64539903525628,127.2439383112947,124.25119843998361,125.60981750488281,42749600,0.0,0.0,MICROSOFT,MSFT
2019-08-06 00:00:00-04:00,127.12044976701189,128.90658669610247,126.55990718014414,127.96601867675781,32696700,0.0,0.0,MICROSOFT,MSFT
2019-08-07 00:00:00-04:00,127.11095903975027,128.8781051139015,125.24881384155242,128.52658081054688,33414500,0.0,0.0,MICROSOFT,MSFT
2019-08-08 00:00:00-04:00,129.78064215481103,132.05132767222696,129.14407722788255,131.95631408691406,27496500,0.0,0.0,MICROSOFT,MSFT
2019-08-09 00:00:00-04:00,131.69037670995576,132.42194118771454,129.64771380752887,130.83531188964844,23466700,0.0,0.0,MICROSOFT,MSFT
2019-08-12 00:00:00-04:00,130.2272063913782,130.97776167863137,128.48856180528975,129.01109313964844,20484300,0.0,0.0,MICROSOFT,MSFT
2019-08-13 00:00:00-04:00,129.2581148500338,131.8708293510571,128.2605300502351,131.68081665039062,25154600,0.0,0.0,MICROSOFT,MSFT
2019-08-14 00:00:00-04:00,129.9840599300535,130.51787304160467,127.41983701284416,127.71533966064453,32527300,0.46,0.0,MICROSOFT,MSFT
2019-08-15 00:00:00-04:00,128.10617519766632,128.28729348144725,126.06623816382242,127.42936706542969,28074400,0.0,0.0,MICROSOFT,MSFT
2019-08-16 00:00:00-04:00,128.57324886595762,130.07937254091865,128.42072669867474,129.76480102539062,24449100,0.0,0.0,MICROSOFT,MSFT
2019-08-19 00:00:00-04:00,131.40437362295242,132.07163990114665,130.4892551947761,131.9381866455078,24355700,0.0,0.0,MICROSOFT,MSFT
2019-08-20 00:00:00-04:00,131.74754070692438,132.22416155312575,130.8228951016686,130.84194946289062,21170800,0.0,0.0,MICROSOFT,MSFT
2019-08-21 00:00:00-04:00,132.07163109746418,132.96768055930175,131.54734529050464,132.30039978027344,14970300,0.0,0.0,MICROSOFT,MSFT
2019-08-22 00:00:00-04:00,132.17656529960516,132.69130968126413,129.91737142287363,131.33770751953125,18697000,0.0,0.0,MICROSOFT,MSFT
2019-08-23 00:00:00-04:00,130.77524534626008,131.88100932916916,126.59051441080868,127.15292358398438,38508600,0.0,0.0,MICROSOFT,MSFT
2019-08-26 00:00:00-04:00,128.67810934665607,129.22144958176557,127.63906478247331,129.11659240722656,20312600,0.0,0.0,MICROSOFT,MSFT
2019-08-27 00:00:00-04:00,130.01268318210114,130.3272548054051,128.36357850113143,129.39308166503906,23102100,0.0,0.0,MICROSOFT,MSFT
2019-08-28 00:00:00-04:00,128.57325338987627,129.41209624881841,127.30544010219316,129.22145080566406,17393300,0.0,0.0,MICROSOFT,MSFT
2019-08-29 00:00:00-04:00,130.83242751301614,131.96678749957786,130.50832881551696,131.6617431640625,20168700,0.0,0.0,MICROSOFT,MSFT
2019-08-30 00:00:00-04:00,132.64358538534708,132.67218147458644,129.89825900116304,131.41390991210938,23940100,0.0,0.0,MICROSOFT,MSFT
2019-09-03 00:00:00-04:00,130.22237095472542,130.78478016072393,129.35491737206007,129.67901611328125,18869300,0.0,0.0,MICROSOFT,MSFT
2019-09-04 00:00:00-04:00,130.88008487391306,131.2518485453146,130.09841971873806,131.1946563720703,17995900,0.0,0.0,MICROSOFT,MSFT
2019-09-05 00:00:00-04:00,132.60543073093456,133.81605155503712,132.27179037501833,133.50148010253906,26101800,0.0,0.0,MICROSOFT,MSFT
2019-09-06 00:00:00-04:00,133.48245520512532,133.62543566462008,131.73802087270732,132.595947265625,20824500,0.0,0.0,MICROSOFT,MSFT
2019-09-09 00:00:00-04:00,133.06303163551658,133.21555382845025,130.07939441732992,131.08982849121094,25773900,0.0,0.0,MICROSOFT,MSFT
2019-09-10 00:00:00-04:00,130.40349843654968,130.48928671904682,128.2205662797834,129.7171630859375,28903400,0.0,0.0,MICROSOFT,MSFT
2019-09-11 00:00:00-04:00,129.55507642188107,129.89824399843394,128.77341128544433,129.7552490234375,24726100,0.0,0.0,MICROSOFT,MSFT
2019-09-12 00:00:00-04:00,131.4044000596428,131.94774037215828,130.47021253691173,131.08982849121094,27010000,0.0,0.0,MICROSOFT,MSFT
2019-09-13 00:00:00-04:00,131.33763769112574,131.60454419827528,130.18422340208244,130.89915466308594,23363100,0.0,0.0,MICROSOFT,MSFT
2019-09-16 00:00:00-04:00,129.47885388561392,130.30816971526124,129.31680450196546,129.95547485351562,16731400,0.0,0.0,MICROSOFT,MSFT
2019-09-17 00:00:00-04:00,130.55597917245598,131.08979215443935,130.05074773024364,130.9658660888672,17814200,0.0,0.0,MICROSOFT,MSFT
2019-09-18 00:00:00-04:00,130.93729630632254,132.18604075687566,130.1461038543373,132.04306030273438,23982100,0.0,0.0,MICROSOFT,MSFT
2019-09-19 00:00:00-04:00,133.73980054813092,135.71300311366934,133.52055905091834,134.4738006591797,35772100,0.0,0.0,MICROSOFT,MSFT
2019-09-20 00:00:00-04:00,134.41662606433817,135.0267002575941,131.78568383316883,132.9200439453125,39167300,0.0,0.0,MICROSOFT,MSFT
2019-09-23 00:00:00-04:00,132.7198367233309,133.10114212737344,131.96678218648202,132.63404846191406,17139300,0.0,0.0,MICROSOFT,MSFT
2019-09-24 00:00:00-04:00,133.79701628354803,134.11158781511847,130.47973897520154,130.95635986328125,29773200,0.0,0.0,MICROSOFT,MSFT
2019-09-25 00:00:00-04:00,131.07078026216078,133.41576207624607,129.66951330227798,132.84381103515625,21382000,0.0,0.0,MICROSOFT,MSFT
2019-09-26 00:00:00-04:00,132.9200348918742,133.62542449349948,131.9667931207567,133.01535034179688,17456600,0.0,0.0,MICROSOFT,MSFT
2019-09-27 00:00:00-04:00,133.59686782506915,133.7970550560127,130.26052064168573,131.29002380371094,22477700,0.0,0.0,MICROSOFT,MSFT
2019-09-30 00:00:00-04:00,131.595032437778,132.71032359019307,131.33765308096974,132.52920532226562,17280900,0.0,0.0,MICROSOFT,MSFT
2019-10-01 00:00:00-04:00,133.12978197517242,133.69219126752472,130.59415474973895,130.660888671875,21466600,0.0,0.0,MICROSOFT,MSFT
2019-10-02 00:00:00-04:00,129.8792429407841,129.9936273442843,127.33408814565826,128.3540496826172,30521700,0.0,0.0,MICROSOFT,MSFT
2019-10-03 00:00:00-04:00,128.64002312985585,130.35586188086185,126.99091831001262,129.9078369140625,24132900,0.0,0.0,MICROSOFT,MSFT
2019-10-04 00:00:00-04:00,130.35580664775927,131.78566924352992,130.041235131252,131.6617431640625,22897700,0.0,0.0,MICROSOFT,MSFT
2019-10-07 00:00:00-04:00,130.72758026128446,131.7189453363115,130.61319589944324,130.70851135253906,15303700,0.0,0.0,MICROSOFT,MSFT
2019-10-08 00:00:00-04:00,130.67036817344695,131.31856551888535,129.2786289533683,129.3262939453125,25550500,0.0,0.0,MICROSOFT,MSFT
2019-10-09 00:00:00-04:00,131.03258059529887,132.21459072469844,130.56548703252312,131.77610778808594,19749900,0.0,0.0,MICROSOFT,MSFT
2019-10-10 00:00:00-04:00,132.014469154819,133.1392875570215,131.785685874311,132.595947265625,17654600,0.0,0.0,MICROSOFT,MSFT
2019-10-11 00:00:00-04:00,133.5682018040933,134.43565510853733,132.97719669550193,133.14877319335938,25446000,0.0,0.0,MICROSOFT,MSFT
2019-10-14 00:00:00-04:00,133.15830979791122,133.73024598075665,132.9962604855061,133.0248565673828,13304300,0.0,0.0,MICROSOFT,MSFT
2019-10-15 00:00:00-04:00,133.51105021980408,135.16015453570904,133.2727397590247,134.95045471191406,19695700,0.0,0.0,MICROSOFT,MSFT
2019-10-16 00:00:00-04:00,134.2069180690024,134.39757808151683,133.00583853487203,133.84469604492188,20751600,0.0,0.0,MICROSOFT,MSFT
2019-10-17 00:00:00-04:00,134.35945059821856,134.8074754805274,132.51970060750537,133.1583709716797,21460600,0.0,0.0,MICROSOFT,MSFT
2019-10-18 00:00:00-04:00,133.22506426163343,133.45384752227076,130.17469351304456,130.98495483398438,32273500,0.0,0.0,MICROSOFT,MSFT
2019-10-21 00:00:00-04:00,131.97631378021512,132.02397877547853,130.60364337038945,131.95724487304688,20078200,0.0,0.0,MICROSOFT,MSFT
2019-10-22 00:00:00-04:00,132.47197938060344,133.46334419276712,129.88868837990344,129.99354553222656,27431000,0.0,0.0,MICROSOFT,MSFT
2019-10-23 00:00:00-04:00,130.479754091942,131.02309440373767,129.26913282327467,130.8229217529297,29844600,0.0,0.0,MICROSOFT,MSFT
2019-10-24 00:00:00-04:00,132.8723967501127,133.85423480918533,132.1860613725624,133.3966827392578,37029300,0.0,0.0,MICROSOFT,MSFT
2019-10-25 00:00:00-04:00,132.82469856263688,134.5405365778884,132.691245302857,134.1497039794922,25959700,0.0,0.0,MICROSOFT,MSFT
2019-10-28 00:00:00-04:00,137.648063800642,138.858684552109,136.79967946582906,137.44789123535156,35280100,0.0,0.0,MICROSOFT,MSFT
2019-10-29 00:00:00-04:00,137.34310273772414,137.7434626137238,135.97995917735867,136.15155029296875,20589500,0.0,0.0,MICROSOFT,MSFT
2019-10-30 00:00:00-04:00,136.80931248055572,138.22010673871637,136.11343526365428,137.8483428955078,18496600,0.0,0.0,MICROSOFT,MSFT
2019-10-31 00:00:00-04:00,138.12476468805932,138.15336078540815,136.3040834604672,136.6663055419922,24605100,0.0,0.0,MICROSOFT,MSFT
2019-11-01 00:00:00-04:00,137.51471386798102,137.6672361101176,136.28503783589323,136.99996948242188,33128400,0.0,0.0,MICROSOFT,MSFT
2019-11-04 00:00:00-05:00,138.0580137221356,138.22006308514236,137.4193434519387,137.79110717773438,16912000,0.0,0.0,MICROSOFT,MSFT
2019-11-05 00:00:00-05:00,138.1914244285345,138.2390894136349,137.18099074377628,137.7052764892578,18250200,0.0,0.0,MICROSOFT,MSFT
2019-11-06 00:00:00-05:00,137.6195077442453,137.76250273492258,136.50421663447403,137.32400512695312,16575800,0.0,0.0,MICROSOFT,MSFT
2019-11-07 00:00:00-05:00,137.11430386574133,138.10568353260678,137.04758449997485,137.51466369628906,17786700,0.0,0.0,MICROSOFT,MSFT
2019-11-08 00:00:00-05:00,137.2477484016639,139.16377370228574,137.03803404492604,139.1351776123047,16732700,0.0,0.0,MICROSOFT,MSFT
2019-11-11 00:00:00-05:00,138.54416742510568,139.5736703717908,137.96268931295901,139.27816772460938,14362600,0.0,0.0,MICROSOFT,MSFT
2019-11-12 00:00:00-05:00,139.4402138891118,140.66990399660273,139.23049952264537,140.1932830810547,18641600,0.0,0.0,MICROSOFT,MSFT
2019-11-13 00:00:00-05:00,139.8787178009549,140.56505311373206,139.44022013905743,140.42205810546875,16919200,0.0,0.0,MICROSOFT,MSFT
2019-11-14 00:00:00-05:00,140.14559792877338,141.4706033016606,140.12652902220492,141.136962890625,19729800,0.0,0.0,MICROSOFT,MSFT
2019-11-15 00:00:00-05:00,141.96629251418054,142.97674102759015,141.33716398849992,142.95767211914062,23485700,0.0,0.0,MICROSOFT,MSFT
2019-11-18 00:00:00-05:00,143.05301419643726,143.51056622065704,142.01396950526708,143.3103790283203,21534000,0.0,0.0,MICROSOFT,MSFT
2019-11-19 00:00:00-05:00,143.8251259400095,144.25408183647718,143.17691395919906,143.3580322265625,23935700,0.0,0.0,MICROSOFT,MSFT
2019-11-20 00:00:00-05:00,143.76930643105737,144.2762424841906,141.9998173420401,143.1093292236328,25696800,0.51,0.0,MICROSOFT,MSFT
2019-11-21 00:00:00-05:00,142.8989127663157,143.28151568278403,142.0380817451776,142.97543334960938,18576100,0.0,0.0,MICROSOFT,MSFT
2019-11-22 00:00:00-05:00,143.5397661851097,143.7597537332092,142.3441594750777,143.0806427001953,15901800,0.0,0.0,MICROSOFT,MSFT
2019-11-25 00:00:00-05:00,143.47280382855067,144.76406490093095,143.3962832484651,144.64927673339844,22420900,0.0,0.0,MICROSOFT,MSFT
2019-11-26 00:00:00-05:00,144.77366140247776,145.7875338061279,144.73540840008866,145.4145050048828,24620100,0.0,0.0,MICROSOFT,MSFT
2019-11-27 00:00:00-05:00,145.7014236135984,145.86402438120362,144.92667277008735,145.69186401367188,15184400,0.0,0.0,MICROSOFT,MSFT
2019-11-29 00:00:00-05:00,145.48145640057842,145.67275058952237,144.69713125265372,144.79278564453125,11977300,0.0,0.0,MICROSOFT,MSFT
2019-12-02 00:00:00-05:00,145.20404058166622,145.22317437546727,141.86591600639764,143.04238891601562,27418400,0.0,0.0,MICROSOFT,MSFT
2019-12-03 00:00:00-05:00,141.07206996423488,142.92763981549896,140.26861094786744,142.8128662109375,24066000,0.0,0.0,MICROSOFT,MSFT
2019-12-04 00:00:00-05:00,143.6066894759497,143.64494246280293,142.70759103943428,143.32931518554688,17574700,0.0,0.0,MICROSOFT,MSFT
2019-12-05 00:00:00-05:00,143.5206261763575,143.7788813010876,142.97542253468367,143.4058380126953,17869100,0.0,0.0,MICROSOFT,MSFT
2019-12-06 00:00:00-05:00,144.41975897275177,145.26145633533474,143.73108820666758,145.1466827392578,16403500,0.0,0.0,MICROSOFT,MSFT
2019-12-09 00:00:00-05:00,144.4962615101327,145.5866543210267,144.34322033794876,144.7736358642578,16687400,0.0,0.0,MICROSOFT,MSFT
2019-12-10 00:00:00-05:00,144.70664593152895,145.28054291501272,144.19970992053445,144.55361938476562,16476100,0.0,0.0,MICROSOFT,MSFT
2019-12-11 00:00:00-05:00,144.94580525384234,145.26144721805406,143.78846597987646,145.09884643554688,18856600,0.0,0.0,MICROSOFT,MSFT
2019-12-12 00:00:00-05:00,145.05103049310748,146.76314783225894,144.44845450997263,146.5718536376953,24612100,0.0,0.0,MICROSOFT,MSFT
2019-12-13 00:00:00-05:00,146.34225790977595,148.15001462957497,146.17965715236429,147.80567932128906,23845400,0.0,0.0,MICROSOFT,MSFT
2019-12-16 00:00:00-05:00,148.36045438781548,149.11607144946717,148.08308003715604,148.76217651367188,24144200,0.0,0.0,MICROSOFT,MSFT
2019-12-17 00:00:00-05:00,148.685694607632,148.93439022272162,147.7292089368273,147.95877075195312,25425600,0.0,0.0,MICROSOFT,MSFT
2019-12-18 00:00:00-05:00,147.58570253599459,148.71434832081735,147.47091436166016,147.65264892578125,24129200,0.0,0.0,MICROSOFT,MSFT
2019-12-19 00:00:00-05:00,147.29876013892152,148.9917434816104,147.05963877505963,148.93435668945312,24958900,0.0,0.0,MICROSOFT,MSFT
2019-12-20 00:00:00-05:00,150.5029922361693,151.5933850714681,149.48910539386532,150.5603790283203,53477500,0.0,0.0,MICROSOFT,MSFT
2019-12-23 00:00:00-05:00,151.23947552852047,151.23947552852047,150.42647164836467,150.5603790283203,17718200,0.0,0.0,MICROSOFT,MSFT
2019-12-24 00:00:00-05:00,150.62731702941406,150.8473191801497,150.28298170088112,150.53167724609375,8989200,0.0,0.0,MICROSOFT,MSFT
2019-12-26 00:00:00-05:00,150.70381893995093,151.82290497032002,150.55077779183026,151.76551818847656,14520600,0.0,0.0,MICROSOFT,MSFT
2019-12-27 00:00:00-05:00,152.51162208248954,152.60727647795665,151.33514891126455,152.04295349121094,18412800,0.0,0.0,MICROSOFT,MSFT
2019-12-30 00:00:00-05:00,152.07161698567018,152.10031037970538,149.9099506696276,150.73252868652344,16348400,0.0,0.0,MICROSOFT,MSFT
2019-12-31 00:00:00-05:00,149.94825916609403,150.9047448143657,149.642176753137,150.83778381347656,18369400,0.0,0.0,MICROSOFT,MSFT
2020-01-02 00:00:00-05:00,151.87076176619155,153.7359055138177,151.44034622363324,153.6306915283203,22622100,0.0,0.0,MICROSOFT,MSFT
2020-01-03 00:00:00-05:00,151.43077845265967,152.9898397602438,151.1820829031878,151.71771240234375,21116200,0.0,0.0,MICROSOFT,MSFT
2020-01-06 00:00:00-05:00,150.24468963367391,152.17679372991023,149.6994860907794,152.10983276367188,20813700,0.0,0.0,MICROSOFT,MSFT
2020-01-07 00:00:00-05:00,152.38728202382745,152.72204320327285,150.47431095907328,150.72299194335938,21634100,0.0,0.0,MICROSOFT,MSFT
2020-01-08 00:00:00-05:00,152.01423732746466,153.80287518185904,151.07688560046918,153.12376403808594,27746500,0.0,0.0,MICROSOFT,MSFT
2020-01-09 00:00:00-05:00,154.79759130008847,155.16106041694903,154.0228404729352,155.03671264648438,21385000,0.0,0.0,MICROSOFT,MSFT
2020-01-10 00:00:00-05:00,155.73496009896448,156.11754842169302,154.16631002927403,154.31935119628906,20725900,0.0,0.0,MICROSOFT,MSFT
2020-01-13 00:00:00-05:00,154.72112540644508,156.2036811970937,154.24288254461098,156.17498779296875,21626500,0.0,0.0,MICROSOFT,MSFT
2020-01-14 00:00:00-05:00,156.28014803246054,156.4810163870329,154.68281917493167,155.07498168945312,23477400,0.0,0.0,MICROSOFT,MSFT
2020-01-15 00:00:00-05:00,155.54365516506283,156.8062229317491,155.49584256965358,156.07928466796875,21417900,0.0,0.0,MICROSOFT,MSFT
2020-01-16 00:00:00-05:00,157.19839770552304,159.0061547160705,156.89231534012578,158.93919372558594,23865400,0.0,0.0,MICROSOFT,MSFT
2020-01-17 00:00:00-05:00,160.13480312697885,160.18263032167818,158.23139169850742,159.8287353515625,34371700,0.0,0.0,MICROSOFT,MSFT
2020-01-21 00:00:00-05:00,159.42698214672976,160.87128446568866,159.1878607927097,159.25482177734375,29517200,0.0,0.0,MICROSOFT,MSFT
2020-01-22 00:00:00-05:00,160.11567707577672,160.2017718683246,158.47052074324816,158.48965454101562,24138800,0.0,0.0,MICROSOFT,MSFT
2020-01-23 00:00:00-05:00,158.95831961529043,159.54177632484775,158.07835475075984,159.4652557373047,19680800,0.0,0.0,MICROSOFT,MSFT
2020-01-24 00:00:00-05:00,160.22088838357953,160.24002218102603,157.294044951145,157.85836791992188,24918100,0.0,0.0,MICROSOFT,MSFT
2020-01-27 00:00:00-05:00,154.137641989823,156.2706152945866,153.22898362776536,155.21847534179688,32078100,0.0,0.0,MICROSOFT,MSFT
2020-01-28 00:00:00-05:00,156.65318294390897,158.54702001342997,155.97408646002853,158.2600860595703,24899900,0.0,0.0,MICROSOFT,MSFT
2020-01-29 00:00:00-05:00,160.53653478419454,161.4069401568321,158.48009664382474,160.7278289794922,34754500,0.0,0.0,MICROSOFT,MSFT
2020-01-30 00:00:00-05:00,166.4762914821117,166.4762914821117,163.35813964952982,165.2615509033203,51597500,0.0,0.0,MICROSOFT,MSFT
2020-01-31 00:00:00-05:00,164.71636141485757,164.89808138591687,162.20080007747276,162.822509765625,36142700,0.0,0.0,MICROSOFT,MSFT
2020-02-03 00:00:00-05:00,163.0138020914527,166.90670473167702,162.9851086966194,166.79193115234375,30107000,0.0,0.0,MICROSOFT,MSFT
2020-02-04 00:00:00-05:00,169.43184279183268,172.77954207948474,168.6379580665265,172.28216552734375,36433300,0.0,0.0,MICROSOFT,MSFT
2020-02-05 00:00:00-05:00,176.0220056507787,176.18460641616042,170.64656241415017,172.07171630859375,39186300,0.0,0.0,MICROSOFT,MSFT
2020-02-06 00:00:00-05:00,173.09516487611435,175.82115411774748,172.22475965498276,175.63941955566406,27751400,0.0,0.0,MICROSOFT,MSFT
2020-02-07 00:00:00-05:00,174.89333851711444,177.5523664162411,174.53942904060133,175.88807678222656,33529100,0.0,0.0,MICROSOFT,MSFT
2020-02-10 00:00:00-05:00,175.59162894397937,180.62273796718162,175.27598694326343,180.48883056640625,35844300,0.0,0.0,MICROSOFT,MSFT
2020-02-11 00:00:00-05:00,182.3539196931645,182.4017468779354,175.5150555203492,176.41415405273438,53159900,0.0,0.0,MICROSOFT,MSFT
2020-02-12 00:00:00-05:00,177.50456194246922,177.76281708651973,173.9368754938677,176.67242431640625,47062900,0.0,0.0,MICROSOFT,MSFT
2020-02-13 00:00:00-05:00,175.11338231267257,178.12630606163927,174.91251391849596,175.71597290039062,35295800,0.0,0.0,MICROSOFT,MSFT
2020-02-14 00:00:00-05:00,175.27595121896604,177.34196320539263,174.70205413557784,177.28457641601562,23149500,0.0,0.0,MICROSOFT,MSFT
2020-02-18 00:00:00-05:00,177.53324681279804,179.53229769622274,177.42803284025948,179.08274841308594,27792200,0.0,0.0,MICROSOFT,MSFT
2020-02-19 00:00:00-05:00,180.36798364167998,180.48307072885922,178.84302119785332,179.61988830566406,29997500,0.51,0.0,MICROSOFT,MSFT
2020-02-20 00:00:00-05:00,179.30337848098907,179.59111082446526,173.69266363924064,176.87686157226562,36862400,0.0,0.0,MICROSOFT,MSFT
2020-02-21 00:00:00-05:00,175.6779481474371,175.99445218818678,170.00009073763545,171.2852783203125,48572600,0.0,0.0,MICROSOFT,MSFT
2020-02-24 00:00:00-05:00,160.9079172205631,167.41060217348766,156.55360297771097,163.90029907226562,68311100,0.0,0.0,MICROSOFT,MSFT
2020-02-25 00:00:00-05:00,167.0748471906727,167.68866924636083,160.7927531714861,161.19558715820312,68073300,0.0,0.0,MICROSOFT,MSFT
2020-02-26 00:00:00-05:00,162.76855509768666,166.173341856373,161.32990785835108,163.20973205566406,56206100,0.0,0.0,MICROSOFT,MSFT
2020-02-27 00:00:00-05:00,156.63992276849788,160.19816884328267,151.51832733269637,151.71014404296875,93174900,0.0,0.0,MICROSOFT,MSFT
2020-02-28 00:00:00-05:00,146.17612184427716,157.0139315893412,145.7828881730677,155.38345336914062,97012700,0.0,0.0,MICROSOFT,MSFT
2020-03-02 00:00:00-05:00,158.54849995689602,165.8472368709453,155.6712057406034,165.72254943847656,71030800,0.0,0.0,MICROSOFT,MSFT
2020-03-03 00:00:00-05:00,166.69121657809265,167.842131121707,155.62321870756466,157.78118896484375,71677000,0.0,0.0,MICROSOFT,MSFT
2020-03-04 00:00:00-05:00,161.59846350990733,163.7180623695865,158.84584168134361,163.57420349121094,49814400,0.0,0.0,MICROSOFT,MSFT
2020-03-05 00:00:00-05:00,159.25825077620962,163.8810962503905,158.91297485673198,159.46925354003906,47817300,0.0,0.0,MICROSOFT,MSFT
2020-03-06 00:00:00-05:00,155.95892704269238,156.438476044775,149.61928864977335,154.9614715576172,72821100,0.0,0.0,MICROSOFT,MSFT
2020-03-09 00:00:00-04:00,144.82379724835255,151.29770871475242,143.86469925333037,144.45933532714844,70419300,0.0,0.0,MICROSOFT,MSFT
2020-03-10 00:00:00-04:00,151.69092309332476,154.44352930550963,146.33915520627133,154.33802795410156,65354400,0.0,0.0,MICROSOFT,MSFT
2020-03-11 00:00:00-04:00,150.70308033661266,151.24975861166106,144.96766349653458,147.3462371826172,56371600,0.0,0.0,MICROSOFT,MSFT
2020-03-12 00:00:00-04:00,139.35692254539663,147.19275033694996,132.911783729502,133.3721466064453,93226400,0.0,0.0,MICROSOFT,MSFT
2020-03-13 00:00:00-04:00,141.46693109277732,155.2875344494844,134.97383463237028,152.33351135253906,92727400,0.0,0.0,MICROSOFT,MSFT
2020-03-16 00:00:00-04:00,134.27371284247627,143.24128451832524,129.47822309810212,129.88104248046875,87905900,0.0,0.0,MICROSOFT,MSFT
2020-03-17 00:00:00-04:00,134.27373081486115,141.4669663942287,129.47824042861612,140.57501220703125,81059800,0.0,0.0,MICROSOFT,MSFT
2020-03-18 00:00:00-04:00,132.35550436929574,140.0282872312839,129.4973968509133,134.65733337402344,81593200,0.0,0.0,MICROSOFT,MSFT
2020-03-19 00:00:00-04:00,136.93042256551502,144.0085556992658,133.31461908681857,136.8728790283203,85922700,0.0,0.0,MICROSOFT,MSFT
2020-03-20 00:00:00-04:00,140.02829235994076,141.0833058959737,130.30304031156192,131.7321014404297,84866200,0.0,0.0,MICROSOFT,MSFT
2020-03-23 00:00:00-04:00,131.4060063254147,134.8204073585906,127.09966584811548,130.4181365966797,78975200,0.0,0.0,MICROSOFT,MSFT
2020-03-24 00:00:00-04:00,137.8703270343081,143.48105576226914,135.49176827257247,142.2725830078125,82516700,0.0,0.0,MICROSOFT,MSFT
2020-03-25 00:00:00-04:00,142.81925438802406,148.01756261605746,138.53208612696505,140.91064453125,75638200,0.0,0.0,MICROSOFT,MSFT
2020-03-26 00:00:00-04:00,142.3301112969966,150.25226869328162,142.3013395330363,149.72476196289062,64568100,0.0,0.0,MICROSOFT,MSFT
2020-03-27 00:00:00-04:00,145.54313459465183,148.5547020002184,143.09743154767483,143.5769805908203,57042300,0.0,0.0,MICROSOFT,MSFT
2020-03-30 00:00:00-04:00,146.20485894673268,154.031099863267,143.8742438744202,153.6762237548828,63420300,0.0,0.0,MICROSOFT,MSFT
2020-03-31 00:00:00-04:00,152.88017071501486,158.04012113173897,150.15633670251987,151.25930786132812,77927200,0.0,0.0,MICROSOFT,MSFT
2020-04-01 00:00:00-04:00,146.7419785024719,151.29769352133948,144.65115210792916,145.8883819580078,57969900,0.0,0.0,MICROSOFT,MSFT
2020-04-02 00:00:00-04:00,145.64860372211677,149.1205333426893,144.20995691120478,148.90953063964844,49630700,0.0,0.0,MICROSOFT,MSFT
2020-04-03 00:00:00-04:00,148.7560986615867,150.9428408280249,145.96512010045493,147.5380401611328,41243300,0.0,0.0,MICROSOFT,MSFT
2020-04-06 00:00:00-04:00,153.76257002104106,159.68978754304143,151.1346367173165,158.51010131835938,67111700,0.0,0.0,MICROSOFT,MSFT
2020-04-07 00:00:00-04:00,162.65340576060566,163.04663940325247,156.58231443137095,156.80291748046875,62769000,0.0,0.0,MICROSOFT,MSFT
2020-04-08 00:00:00-04:00,158.8937609633465,159.8528589455974,156.8125200980229,158.3758544921875,48318200,0.0,0.0,MICROSOFT,MSFT
2020-04-09 00:00:00-04:00,159.55552232574263,160.5242059064898,156.64945694882897,158.3854217529297,51385100,0.0,0.0,MICROSOFT,MSFT
2020-04-13 00:00:00-04:00,157.627737765851,158.79783831558805,155.66158424311766,158.7402801513672,41905300,0.0,0.0,MICROSOFT,MSFT
2020-04-14 00:00:00-04:00,162.08754908265863,166.64326421959726,161.1284511590926,166.59530639648438,52874300,0.0,0.0,MICROSOFT,MSFT
2020-04-15 00:00:00-04:00,164.19755254197594,166.47062444718213,162.31772891076224,164.84974670410156,40940800,0.0,0.0,MICROSOFT,MSFT
2020-04-16 00:00:00-04:00,167.17077183840905,170.02887956718482,165.82802595791472,169.79869079589844,50479600,0.0,0.0,MICROSOFT,MSFT
2020-04-17 00:00:00-04:00,172.15810428775376,172.637653324767,168.67657359594156,171.294921875,52765600,0.0,0.0,MICROSOFT,MSFT
2020-04-20 00:00:00-04:00,169.40546416650326,171.43874700027857,167.83254421997154,167.89967346191406,36669600,0.0,0.0,MICROSOFT,MSFT
2020-04-21 00:00:00-04:00,166.40351093973842,166.56655585135704,159.3157769669429,160.95584106445312,56203700,0.0,0.0,MICROSOFT,MSFT
2020-04-22 00:00:00-04:00,164.37980035829773,166.8830466433347,163.83312212587572,166.4226837158203,34620200,0.0,0.0,MICROSOFT,MSFT
2020-04-23 00:00:00-04:00,166.9885451708801,167.89968529923357,163.9194346484231,164.4085693359375,32790800,0.0,0.0,MICROSOFT,MSFT
2020-04-24 00:00:00-04:00,165.02240881458042,167.42015394936084,163.72763522260394,167.4105682373047,34277600,0.0,0.0,MICROSOFT,MSFT
2020-04-27 00:00:00-04:00,169.3671175710986,169.6644356187905,166.21169149229402,166.93101501464844,33194400,0.0,0.0,MICROSOFT,MSFT
2020-04-28 00:00:00-04:00,168.40802659155023,168.48475619330787,162.46162148474752,162.86444091796875,34392700,0.0,0.0,MICROSOFT,MSFT
2020-04-29 00:00:00-04:00,166.13496541413994,170.4125345222979,164.84977753928888,170.17276000976562,51286600,0.0,0.0,MICROSOFT,MSFT
2020-04-30 00:00:00-04:00,172.6376554136259,173.02128879400826,169.02185153308696,171.87997436523438,53875900,0.0,0.0,MICROSOFT,MSFT
2020-05-01 00:00:00-04:00,168.60941963686815,171.33325425569686,166.8926261404798,167.4297332763672,39370500,0.0,0.0,MICROSOFT,MSFT
2020-05-04 00:00:00-04:00,167.35297320284022,171.6784988265817,166.69119340771564,171.52503967285156,30372900,0.0,0.0,MICROSOFT,MSFT
2020-05-05 00:00:00-04:00,173.2323039921872,176.13837022970736,172.54175215013524,173.3665771484375,36839200,0.0,0.0,MICROSOFT,MSFT
2020-05-06 00:00:00-04:00,174.6325536144371,176.6658365518357,174.20096247098382,175.07373046875,32139300,0.0,0.0,MICROSOFT,MSFT
2020-05-07 00:00:00-04:00,176.63705599286882,177.00151787281814,175.11209386572145,176.0903778076172,28316000,0.0,0.0,MICROSOFT,MSFT
2020-05-08 00:00:00-04:00,177.41395304482242,177.43313910351554,175.8602188882011,177.126220703125,30877800,0.0,0.0,MICROSOFT,MSFT
2020-05-11 00:00:00-04:00,175.65880137772058,179.8404694462074,175.37108367148565,179.1019744873047,30892700,0.0,0.0,MICROSOFT,MSFT
2020-05-12 00:00:00-04:00,179.15947495994158,179.38964906959737,174.84353478784024,175.04493713378906,32038200,0.0,0.0,MICROSOFT,MSFT
2020-05-13 00:00:00-04:00,175.08331937444046,176.52196618173303,169.31913180036474,172.39784240722656,44711500,0.0,0.0,MICROSOFT,MSFT
2020-05-14 00:00:00-04:00,170.27827221414205,173.29944004506697,168.49434914201782,173.14598083496094,41873900,0.0,0.0,MICROSOFT,MSFT
2020-05-15 00:00:00-04:00,171.73608827946217,179.40887240192436,169.76034870947603,175.66839599609375,46610400,0.0,0.0,MICROSOFT,MSFT
2020-05-18 00:00:00-04:00,178.15245583483838,178.5840470135599,176.43567683159512,177.34681701660156,35264500,0.0,0.0,MICROSOFT,MSFT
2020-05-19 00:00:00-04:00,177.46188711907186,178.96767787940664,175.98488276026077,176.11915588378906,26799100,0.0,0.0,MICROSOFT,MSFT
2020-05-20 00:00:00-04:00,177.74454787681842,178.74479597512035,176.9078134425219,178.5620574951172,31261300,0.51,0.0,MICROSOFT,MSFT
2020-05-21 00:00:00-04:00,178.31204533773447,179.5334966153252,176.28271126609624,176.4173583984375,29119500,0.0,0.0,MICROSOFT,MSFT
2020-05-22 00:00:00-04:00,176.18648894671776,177.40793984867838,175.5613302081153,176.49424743652344,20826900,0.0,0.0,MICROSOFT,MSFT
2020-05-26 00:00:00-04:00,179.21606154922932,179.3699481367588,174.17640054881664,174.62843322753906,36073600,0.0,0.0,MICROSOFT,MSFT
2020-05-27 00:00:00-04:00,173.31081908067463,175.0323942878647,169.84845852269032,174.85926818847656,39517100,0.0,0.0,MICROSOFT,MSFT
2020-05-28 00:00:00-04:00,173.83013314407276,177.10975425812288,173.48389571944392,174.4648895263672,33810200,0.0,0.0,MICROSOFT,MSFT
2020-05-29 00:00:00-04:00,175.7440623635767,177.22519498595545,173.51276569765972,176.2441864013672,42130400,0.0,0.0,MICROSOFT,MSFT
2020-06-01 00:00:00-04:00,175.56133446511552,176.00375473201476,174.52263669583186,175.8402557373047,22622400,0.0,0.0,MICROSOFT,MSFT
2020-06-02 00:00:00-04:00,177.20597283257285,177.92729972334317,174.41684805843425,177.8407440185547,30794600,0.0,0.0,MICROSOFT,MSFT
2020-06-03 00:00:00-04:00,177.75416495802034,178.8313416105647,176.56156603882394,178.2735137939453,27311000,0.0,0.0,MICROSOFT,MSFT
2020-06-04 00:00:00-04:00,177.2540957766279,178.735214132111,175.33055705886838,175.92684936523438,28761800,0.0,0.0,MICROSOFT,MSFT
2020-06-05 00:00:00-04:00,175.63824812357984,180.5528882457452,175.0515684531105,180.04315185546875,39893600,0.0,0.0,MICROSOFT,MSFT
2020-06-08 00:00:00-04:00,178.83134926833495,181.3415672128971,177.38869561457355,181.15882873535156,33211600,0.0,0.0,MICROSOFT,MSFT
2020-06-09 00:00:00-04:00,180.81257504281183,183.40934845142567,180.1008606876798,182.54376220703125,29783900,0.0,0.0,MICROSOFT,MSFT
2020-06-10 00:00:00-04:00,183.82294259447818,190.93041603596888,183.7075203170215,189.31463623046875,43872300,0.0,0.0,MICROSOFT,MSFT
2020-06-11 00:00:00-04:00,185.74644795334137,188.27589039348896,178.95636129713398,179.14871215820312,52854700,0.0,0.0,MICROSOFT,MSFT
2020-06-12 00:00:00-04:00,183.25545668735822,184.39035172548105,178.10037431984992,180.56251525878906,43373600,0.0,0.0,MICROSOFT,MSFT
2020-06-15 00:00:00-04:00,177.52337541676206,183.52482100554008,176.97515988309763,181.71669006347656,32770200,0.0,0.0,MICROSOFT,MSFT
2020-06-16 00:00:00-04:00,185.51563661343135,188.1027977777646,184.14031387798872,186.16964721679688,42556700,0.0,0.0,MICROSOFT,MSFT
2020-06-17 00:00:00-04:00,187.57383229338137,188.81452268961127,186.28506518098612,186.8140411376953,25687800,0.0,0.0,MICROSOFT,MSFT
2020-06-18 00:00:00-04:00,186.5832179130964,188.97802841585846,186.5832179130964,188.8145294189453,23061600,0.0,0.0,MICROSOFT,MSFT
2020-06-19 00:00:00-04:00,190.99772765109896,191.6709631057665,186.93906075597613,187.68923950195312,44441100,0.0,0.0,MICROSOFT,MSFT
2020-06-22 00:00:00-04:00,188.30475380477742,193.08474710559045,187.76616549067413,192.9020233154297,32818900,0.0,0.0,MICROSOFT,MSFT
2020-06-23 00:00:00-04:00,194.3639072863425,196.1527983385174,193.7291361798282,194.1907958984375,30917400,0.0,0.0,MICROSOFT,MSFT
2020-06-24 00:00:00-04:00,193.89269005812218,195.47960347817718,189.04536473518021,190.27642822265625,36740600,0.0,0.0,MICROSOFT,MSFT
2020-06-25 00:00:00-04:00,190.23797480633073,192.94054425279188,187.9970505252583,192.6808624267578,27803900,0.0,0.0,MICROSOFT,MSFT
2020-06-26 00:00:00-04:00,192.0941362330326,192.24802280953335,187.42956495187772,188.82412719726562,54675800,0.0,0.0,MICROSOFT,MSFT
2020-06-29 00:00:00-04:00,188.29516042272184,190.9400255488383,186.15041935684664,190.8534698486328,26701600,0.0,0.0,MICROSOFT,MSFT
2020-06-30 00:00:00-04:00,190.3148644807514,196.58558812606262,190.18021740064793,195.7296142578125,34310300,0.0,0.0,MICROSOFT,MSFT
2020-07-01 00:00:00-04:00,195.37375767067505,198.4610426747149,194.05613881254956,196.87411499023438,32061200,0.0,0.0,MICROSOFT,MSFT
2020-07-02 00:00:00-04:00,197.8166686007271,200.0672195294794,197.16267263327305,198.37449645996094,29315800,0.0,0.0,MICROSOFT,MSFT
2020-07-06 00:00:00-04:00,200.84625648941181,203.05832850401393,200.13454202415102,202.64476013183594,31897600,0.0,0.0,MICROSOFT,MSFT
2020-07-07 00:00:00-04:00,202.40432620501662,206.46299342310564,200.03838217956888,200.28843688964844,33600700,0.0,0.0,MICROSOFT,MSFT
2020-07-08 00:00:00-04:00,202.03885130081824,205.1068825454956,200.71160518480016,204.69332885742188,33600000,0.0,0.0,MICROSOFT,MSFT
2020-07-09 00:00:00-04:00,208.05953942018644,208.107630816804,203.38534037237588,206.1263885498047,33121700,0.0,0.0,MICROSOFT,MSFT
2020-07-10 00:00:00-04:00,205.45312930862335,205.8955495924322,203.01024202753055,205.501220703125,26177600,0.0,0.0,MICROSOFT,MSFT
2020-07-13 00:00:00-04:00,206.28023179011376,207.54977404220514,198.60531850611693,199.15353393554688,38135600,0.0,0.0,MICROSOFT,MSFT
2020-07-14 00:00:00-04:00,198.24949939551328,200.86551291895032,194.30623961631412,200.38462829589844,37591800,0.0,0.0,MICROSOFT,MSFT
2020-07-15 00:00:00-04:00,201.54831883962288,203.25065415938593,197.19150623726756,200.08642578125,32179400,0.0,0.0,MICROSOFT,MSFT
2020-07-16 00:00:00-04:00,197.54736125912407,197.8358949154313,194.57549835265152,196.1239471435547,29940700,0.0,0.0,MICROSOFT,MSFT
2020-07-17 00:00:00-04:00,196.65289684056245,197.20109750654618,193.69064673670803,195.12368774414062,31635300,0.0,0.0,MICROSOFT,MSFT
2020-07-20 00:00:00-04:00,197.16267837314777,204.18359619664398,195.24875245602826,203.51036071777344,36884800,0.0,0.0,MICROSOFT,MSFT
2020-07-21 00:00:00-04:00,205.49157661809892,205.76087077527703,200.0768122265082,200.769287109375,37990400,0.0,0.0,MICROSOFT,MSFT
2020-07-22 00:00:00-04:00,201.2021181194624,204.18360857505223,200.42308739843912,203.65463256835938,49605700,0.0,0.0,MICROSOFT,MSFT
2020-07-23 00:00:00-04:00,199.26894227579513,202.85633691145156,194.42161779115173,194.7967071533203,67457000,0.0,0.0,MICROSOFT,MSFT
2020-07-24 00:00:00-04:00,192.757764458385,195.10448344938112,189.9590128088561,193.6041259765625,39827000,0.0,0.0,MICROSOFT,MSFT
2020-07-27 00:00:00-04:00,193.7676254274318,196.17204822305146,193.1809456782833,196.056640625,30160900,0.0,0.0,MICROSOFT,MSFT
2020-07-28 00:00:00-04:00,195.82579433067215,196.87411905954158,194.02729092651714,194.2965850830078,23251400,0.0,0.0,MICROSOFT,MSFT
2020-07-29 00:00:00-04:00,194.7582636072119,196.82606152348546,194.28699141458654,196.2586212158203,19632600,0.0,0.0,MICROSOFT,MSFT
2020-07-30 00:00:00-04:00,193.3155814017881,196.64330881246136,191.94025868776347,196.10470581054688,25079600,0.0,0.0,MICROSOFT,MSFT
2020-07-31 00:00:00-04:00,196.58559200888473,197.2588420981307,191.40165730936522,197.17227172851562,51044000,0.0,0.0,MICROSOFT,MSFT
2020-08-03 00:00:00-04:00,203.43341919519767,209.31944182662525,202.3947067292811,208.26148986816406,78983000,0.0,0.0,MICROSOFT,MSFT
2020-08-04 00:00:00-04:00,205.98207311954965,206.55914041255602,202.26964404563358,205.13571166992188,49280100,0.0,0.0,MICROSOFT,MSFT
2020-08-05 00:00:00-04:00,206.68417729233335,206.78036007416856,203.48149904835552,204.7991180419922,28806400,0.0,0.0,MICROSOFT,MSFT
2020-08-06 00:00:00-04:00,204.222062103876,208.09799068623536,203.4622709165128,208.07876586914062,32656800,0.0,0.0,MICROSOFT,MSFT
2020-08-07 00:00:00-04:00,206.63607671682885,207.4535715663049,202.86592930061678,204.35667419433594,27820400,0.0,0.0,MICROSOFT,MSFT
2020-08-10 00:00:00-04:00,203.577685808849,203.77966379903768,198.4610812707926,200.28843688964844,36716500,0.0,0.0,MICROSOFT,MSFT
2020-08-11 00:00:00-04:00,199.24006938293064,199.71132680023146,195.37375389728706,195.60458374023438,36446500,0.0,0.0,MICROSOFT,MSFT
2020-08-12 00:00:00-04:00,197.4415661820562,202.24079913080573,196.92221734076486,201.19247436523438,28013100,0.0,0.0,MICROSOFT,MSFT
2020-08-13 00:00:00-04:00,201.43292107662808,203.26990356536436,200.1922307290899,200.72120666503906,22588900,0.0,0.0,MICROSOFT,MSFT
2020-08-14 00:00:00-04:00,200.77894237021138,201.57721260488051,199.57673081355918,200.91358947753906,17958900,0.0,0.0,MICROSOFT,MSFT
2020-08-17 00:00:00-04:00,201.58681823597468,203.1160276511878,200.9328075875325,202.24081420898438,20184800,0.0,0.0,MICROSOFT,MSFT
2020-08-18 00:00:00-04:00,202.48128184197174,204.24132135497982,201.2117540455572,203.4045867919922,21336200,0.0,0.0,MICROSOFT,MSFT
2020-08-19 00:00:00-04:00,203.8962535351083,204.4843514871358,201.73667759255162,202.17051696777344,27627600,0.51,0.0,MICROSOFT,MSFT
2020-08-20 00:00:00-04:00,202.01630757608652,207.2802687816684,201.40893818726215,206.87535095214844,26981500,0.0,0.0,MICROSOFT,MSFT
2020-08-21 00:00:00-04:00,206.18115811891934,208.48534235465704,205.20742840546725,205.37132263183594,36249300,0.0,0.0,MICROSOFT,MSFT
2020-08-24 00:00:00-04:00,207.07773697018487,207.78153615886876,204.80247461665041,206.01724243164062,25460100,0.0,0.0,MICROSOFT,MSFT
2020-08-25 00:00:00-04:00,205.44845635635173,208.8324213145621,205.44845635635173,208.69744873046875,23043700,0.0,0.0,MICROSOFT,MSFT
2020-08-26 00:00:00-04:00,210.05681936498092,214.11564713618048,209.55548633266298,213.2093963623047,39600800,0.0,0.0,MICROSOFT,MSFT
2020-08-27 00:00:00-04:00,214.88691815915237,222.85032956588208,211.52222469224859,218.44442749023438,57602200,0.0,0.0,MICROSOFT,MSFT
2020-08-28 00:00:00-04:00,219.98695094513303,222.35862854027232,218.44440944820323,220.6907501220703,26292900,0.0,0.0,MICROSOFT,MSFT
2020-08-31 00:00:00-04:00,218.84933297177182,220.48828979193414,216.25591781761236,217.43211364746094,28774200,0.0,0.0,MICROSOFT,MSFT
2020-09-01 00:00:00-04:00,217.41283478650192,219.28317951867777,216.37161149093265,219.10964965820312,25725500,0.0,0.0,MICROSOFT,MSFT
2020-09-02 00:00:00-04:00,219.7845381534679,224.49895782127382,219.18680450536155,223.3323974609375,34080800,0.0,0.0,MICROSOFT,MSFT
2020-09-03 00:00:00-04:00,221.03785766038192,221.0764149514486,207.2416734909171,209.49765014648438,58400300,0.0,0.0,MICROSOFT,MSFT
2020-09-04 00:00:00-04:00,207.37661464858363,210.51955563146427,197.82244006797342,206.55712890625,59664100,0.0,0.0,MICROSOFT,MSFT
2020-09-08 00:00:00-04:00,199.08543389517138,202.4886849296786,194.93982627623788,195.38331604003906,52924300,0.0,0.0,MICROSOFT,MSFT
2020-09-09 00:00:00-04:00,200.14593540419557,207.1259670765149,199.27824191210232,203.70343017578125,45679000,0.0,0.0,MICROSOFT,MSFT
2020-09-10 00:00:00-04:00,205.73767670547446,207.02957399012482,196.78124891745142,197.99600219726562,35461500,0.0,0.0,MICROSOFT,MSFT
2020-09-11 00:00:00-04:00,199.76027783808615,201.13893993522794,194.0142857217039,196.7041015625,33620100,0.0,0.0,MICROSOFT,MSFT
2020-09-14 00:00:00-04:00,196.90655771890258,201.68845557175635,196.70409151241378,198.0345458984375,30375800,0.0,0.0,MICROSOFT,MSFT
2020-09-15 00:00:00-04:00,200.93646439910464,202.24763279285517,199.49995908117953,201.28353881835938,21823900,0.0,0.0,MICROSOFT,MSFT
2020-09-16 00:00:00-04:00,203.05748086437782,203.08640250854387,197.29220265639853,197.68748474121094,26328100,0.0,0.0,MICROSOFT,MSFT
2020-09-17 00:00:00-04:00,192.86701902215202,196.9933404087499,192.7802540876502,195.62432861328125,34011300,0.0,0.0,MICROSOFT,MSFT
2020-09-18 00:00:00-04:00,195.51827918558178,196.3377503137061,189.20346012212667,193.19480895996094,55225300,0.0,0.0,MICROSOFT,MSFT
2020-09-21 00:00:00-04:00,190.10969928136743,195.4315023103077,189.32878549072709,195.26759338378906,39839700,0.0,0.0,MICROSOFT,MSFT
2020-09-22 00:00:00-04:00,197.6971341816679,200.62798848954972,194.8241378770632,199.97239685058594,33517100,0.0,0.0,MICROSOFT,MSFT
2020-09-23 00:00:00-04:00,200.43515987801385,200.62799046902302,192.8477439286989,193.38763427734375,30803800,0.0,0.0,MICROSOFT,MSFT
2020-09-24 00:00:00-04:00,192.67423127873147,198.188851265991,192.04756122373246,195.89430236816406,31202500,0.0,0.0,MICROSOFT,MSFT
2020-09-25 00:00:00-04:00,196.24131662974466,201.53418273500452,195.26757237406537,200.35800170898438,29437300,0.0,0.0,MICROSOFT,MSFT
2020-09-28 00:00:00-04:00,203.30815863008624,204.9374799336095,200.58940633904342,201.91986083984375,32004900,0.0,0.0,MICROSOFT,MSFT
2020-09-29 00:00:00-04:00,201.8330828554069,202.52723170564533,199.3842758807027,199.818115234375,24221900,0.0,0.0,MICROSOFT,MSFT
2020-09-30 00:00:00-04:00,200.27124277856865,204.3686422842486,199.12396856323315,202.77789306640625,33829100,0.0,0.0,MICROSOFT,MSFT
2020-10-01 00:00:00-04:00,205.82442122424567,206.3064681958329,203.73233913286577,204.83140563964844,27158400,0.0,0.0,MICROSOFT,MSFT
2020-10-02 00:00:00-04:00,200.53158337667475,203.41423018364176,198.15990529278514,198.7865753173828,33154800,0.0,0.0,MICROSOFT,MSFT
2020-10-05 00:00:00-04:00,199.77960017201795,202.85506300638565,199.5482122693978,202.82614135742188,21331600,0.0,0.0,MICROSOFT,MSFT
2020-10-06 00:00:00-04:00,201.3221341427664,202.63328797753456,197.46575779794253,198.51661682128906,28554300,0.0,0.0,MICROSOFT,MSFT
2020-10-07 00:00:00-04:00,199.62529301395486,202.56578253428492,199.2975045981558,202.29583740234375,25681100,0.0,0.0,MICROSOFT,MSFT
2020-10-08 00:00:00-04:00,202.9514272556685,203.60701884023692,200.84007370485483,203.0189208984375,19925800,0.0,0.0,MICROSOFT,MSFT
2020-10-09 00:00:00-04:00,203.6455892966095,208.10934961416748,203.6455892966095,208.06114196777344,26458000,0.0,0.0,MICROSOFT,MSFT
2020-10-12 00:00:00-04:00,210.9341380480613,215.82210211245444,209.02523588185895,213.45042419433594,40461400,0.0,0.0,MICROSOFT,MSFT
2020-10-13 00:00:00-04:00,214.72304437890966,217.12364404253205,212.51526059782,214.85801696777344,28950800,0.0,0.0,MICROSOFT,MSFT
2020-10-14 00:00:00-04:00,214.99298562740353,216.16918161353826,211.26194614485817,212.92982482910156,23421700,0.0,0.0,MICROSOFT,MSFT
2020-10-15 00:00:00-04:00,209.30484009872765,212.4477816454482,208.2539663238093,211.77291870117188,22733100,0.0,0.0,MICROSOFT,MSFT
2020-10-16 00:00:00-04:00,212.2453154067109,214.3084762425893,211.44513022979606,211.77291870117188,26057900,0.0,0.0,MICROSOFT,MSFT
2020-10-19 00:00:00-04:00,212.50564033396168,214.31814212495993,206.04621218066634,206.52825927734375,27625800,0.0,0.0,MICROSOFT,MSFT
2020-10-20 00:00:00-04:00,208.05148117162432,209.56510105124036,205.4387800463612,206.94276428222656,22753500,0.0,0.0,MICROSOFT,MSFT
2020-10-21 00:00:00-04:00,205.46773184937774,209.13129240659373,205.46773184937774,207.08741760253906,22724900,0.0,0.0,MICROSOFT,MSFT
2020-10-22 00:00:00-04:00,206.24862708435433,208.30215205889513,204.09870153414894,207.17416381835938,22351500,0.0,0.0,MICROSOFT,MSFT
2020-10-23 00:00:00-04:00,207.30913929382186,208.51425683829643,205.5062881547783,208.46604919433594,18879600,0.0,0.0,MICROSOFT,MSFT
2020-10-26 00:00:00-04:00,206.17150366073267,208.57208825773816,200.62796327160885,202.536865234375,37111600,0.0,0.0,MICROSOFT,MSFT
2020-10-27 00:00:00-04:00,203.99266364488963,206.96207518807358,202.77791039532232,205.5930633544922,36700300,0.0,0.0,MICROSOFT,MSFT
2020-10-28 00:00:00-04:00,200.21339154467412,201.34137971615297,194.84339582006606,195.40255737304688,51195600,0.0,0.0,MICROSOFT,MSFT
2020-10-29 00:00:00-04:00,196.74266851840792,199.91453128750675,196.06779095353392,197.36932373046875,31432600,0.0,0.0,MICROSOFT,MSFT
2020-10-30 00:00:00-04:00,196.19313469048407,196.95476249977563,192.45244515449698,195.2001190185547,36953700,0.0,0.0,MICROSOFT,MSFT
2020-11-02 00:00:00-05:00,196.95475576256942,197.90921411353048,192.9344855687932,195.0651397705078,30842200,0.0,0.0,MICROSOFT,MSFT
2020-11-03 00:00:00-05:00,196.56913664576007,200.6472503868297,195.82678010299537,199.01792907714844,27512000,0.0,0.0,MICROSOFT,MSFT
2020-11-04 00:00:00-05:00,206.33540221803406,210.48100936461512,204.79284593203417,208.62030029296875,42311800,0.0,0.0,MICROSOFT,MSFT
2020-11-05 00:00:00-05:00,214.06740458917818,216.07272168059436,213.209361600578,215.27252197265625,36080100,0.0,0.0,MICROSOFT,MSFT
2020-11-06 00:00:00-05:00,214.27953476739742,216.3041381237886,210.2014211213662,215.68711853027344,25231900,0.0,0.0,MICROSOFT,MSFT
2020-11-09 00:00:00-05:00,216.38131123910648,219.92917094269802,210.05685544685338,210.5485382080078,44395000,0.0,0.0,MICROSOFT,MSFT
2020-11-10 00:00:00-05:00,206.7981650692821,208.72635308857613,202.18979688004202,203.4334716796875,44045100,0.0,0.0,MICROSOFT,MSFT
2020-11-11 00:00:00-05:00,204.76391696027014,210.21104198673288,204.58073675288674,208.77455139160156,29440800,0.0,0.0,MICROSOFT,MSFT
2020-11-12 00:00:00-05:00,209.41091871663315,211.24269190902993,206.75965952658416,207.7044677734375,21593900,0.0,0.0,MICROSOFT,MSFT
2020-11-13 00:00:00-05:00,208.59136896377584,209.61330620366115,206.470365202196,208.73597717285156,18621100,0.0,0.0,MICROSOFT,MSFT
2020-11-16 00:00:00-05:00,207.1548827291727,209.92184264157314,206.81745863998765,209.43014526367188,24953300,0.0,0.0,MICROSOFT,MSFT
2020-11-17 00:00:00-05:00,208.3407266646829,209.86398229304498,206.39325259664108,206.75961303710938,24154100,0.0,0.0,MICROSOFT,MSFT
2020-11-18 00:00:00-05:00,206.51793786998968,207.98720141723928,203.8887356272991,204.0337371826172,28372800,0.56,0.0,MICROSOFT,MSFT
2020-11-19 00:00:00-05:00,204.3237185160169,205.91863232371279,202.92211060992148,205.32899475097656,24792700,0.0,0.0,MICROSOFT,MSFT
2020-11-20 00:00:00-05:00,205.11636725260652,206.16997748993987,202.9898102852173,203.36679077148438,22843100,0.0,0.0,MICROSOFT,MSFT
2020-11-23 00:00:00-05:00,203.90805539880736,205.20331992335645,201.21119778429573,203.09609985351562,25683500,0.0,0.0,MICROSOFT,MSFT
2020-11-24 00:00:00-05:00,202.59345394433416,207.0978971610704,201.88782696599156,206.72091674804688,33979700,0.0,0.0,MICROSOFT,MSFT
2020-11-25 00:00:00-05:00,207.9292024726005,208.10318663614433,205.36767062429115,206.7305908203125,21012900,0.0,0.0,MICROSOFT,MSFT
2020-11-27 00:00:00-05:00,207.67790693961095,209.0505028865832,206.8949338805957,208.0452117919922,14512200,0.0,0.0,MICROSOFT,MSFT
2020-11-30 00:00:00-05:00,206.95294755926244,207.5909043155833,203.80176301542886,206.9239501953125,33064800,0.0,0.0,MICROSOFT,MSFT
2020-12-01 00:00:00-05:00,207.34926048777533,210.06546996316615,206.22799460850555,208.99252319335938,30904500,0.0,0.0,MICROSOFT,MSFT
2020-12-02 00:00:00-05:00,207.7068933239214,208.27719443910698,205.6963259904366,208.18052673339844,23724500,0.0,0.0,MICROSOFT,MSFT
2020-12-03 00:00:00-05:00,207.4459007954762,209.1568188778966,206.51794097551675,207.0882568359375,25120900,0.0,0.0,MICROSOFT,MSFT
2020-12-04 00:00:00-05:00,207.06892820790594,208.19020873101994,206.06363713565835,207.20425415039062,24666000,0.0,0.0,MICROSOFT,MSFT
2020-12-07 00:00:00-05:00,207.21392790154573,208.34486936605546,205.88000488540277,207.1365966796875,24620000,0.0,0.0,MICROSOFT,MSFT
2020-12-08 00:00:00-05:00,206.82725433224886,209.70777183812575,205.78330512387154,208.7991485595703,23284100,0.0,0.0,MICROSOFT,MSFT
2020-12-09 00:00:00-05:00,207.97760504989142,208.04526066381965,204.1594655664031,204.72976684570312,32440600,0.0,0.0,MICROSOFT,MSFT
2020-12-10 00:00:00-05:00,204.70070417714638,205.9669714355135,203.3377692160893,203.492431640625,26733300,0.0,0.0,MICROSOFT,MSFT
2020-12-11 00:00:00-05:00,203.03814003171212,206.19898542914171,202.12951663463764,206.14097595214844,30979400,0.0,0.0,MICROSOFT,MSFT
2020-12-14 00:00:00-05:00,205.98633519997117,208.99251825885295,205.77367802543245,207.0496063232422,28798400,0.0,0.0,MICROSOFT,MSFT
2020-12-15 00:00:00-05:00,207.9872252372061,208.22887977432458,205.15504114190023,206.98194885253906,27000600,0.0,0.0,MICROSOFT,MSFT
2020-12-16 00:00:00-05:00,207.58122808827997,212.7623014724509,207.5522307264751,211.9600067138672,35023300,0.0,0.0,MICROSOFT,MSFT
2020-12-17 00:00:00-05:00,212.53028151913213,213.51623594670784,210.64537948804565,212.09530639648438,32515800,0.0,0.0,MICROSOFT,MSFT
2020-12-18 00:00:00-05:00,211.2930450439453,212.35633084417685,208.80884421892665,211.2930450439453,63354900,0.0,0.0,MICROSOFT,MSFT
2020-12-21 00:00:00-05:00,210.2877965628142,216.52248112753944,210.02680551375937,215.1595458984375,37181900,0.0,0.0,MICROSOFT,MSFT
2020-12-22 00:00:00-05:00,215.2561896407251,218.09804924885032,214.44423396680983,216.46446228027344,22612200,0.0,0.0,MICROSOFT,MSFT
2020-12-23 00:00:00-05:00,215.6621347451206,216.0971098794544,213.42924960604347,213.64190673828125,18699600,0.0,0.0,MICROSOFT,MSFT
2020-12-24 00:00:00-05:00,214.02855947593753,216.14545529230062,213.81590233232166,215.3141632080078,10550600,0.0,0.0,MICROSOFT,MSFT
2020-12-28 00:00:00-05:00,216.95743950119683,218.48469793886068,215.57518263480662,217.45042419433594,17933500,0.0,0.0,MICROSOFT,MSFT
2020-12-29 00:00:00-05:00,218.75534867121627,219.5963017323082,216.11648528165648,216.66744995117188,17403200,0.0,0.0,MICROSOFT,MSFT
2020-12-30 00:00:00-05:00,217.7113581445812,218.098014176712,214.0768799390687,214.2798614501953,20272300,0.0,0.0,MICROSOFT,MSFT
2020-12-31 00:00:00-05:00,214.29921206835382,215.55581844414547,212.3466395382597,214.99517822265625,20942100,0.0,0.0,MICROSOFT,MSFT
2021-01-04 00:00:00-05:00,215.1015393465035,215.55585106457548,207.6392459234173,210.42311096191406,37130100,0.0,0.0,MICROSOFT,MSFT
2021-01-05 00:00:00-05:00,210.00744836448115,211.22539664066463,208.4995264505607,210.62608337402344,23823000,0.0,0.0,MICROSOFT,MSFT
2021-01-06 00:00:00-05:00,205.08734164074573,209.26313852832968,204.8650236280352,205.1646728515625,35930700,0.0,0.0,MICROSOFT,MSFT
2021-01-07 00:00:00-05:00,206.89492496523326,212.01800367998104,206.575953982006,211.0030517578125,27694500,0.0,0.0,MICROSOFT,MSFT
2021-01-08 00:00:00-05:00,211.38002718967644,213.21661032646932,209.78511331377024,212.2886505126953,22956200,0.0,0.0,MICROSOFT,MSFT
2021-01-11 00:00:00-05:00,211.1770637407067,211.60237807720935,209.49514288710685,210.2297821044922,23031300,0.0,0.0,MICROSOFT,MSFT
2021-01-12 00:00:00-05:00,209.27281598324308,209.85279273562114,206.19897754413532,207.75521850585938,23249300,0.0,0.0,MICROSOFT,MSFT
2021-01-13 00:00:00-05:00,206.87561765603482,209.52414190980605,206.7886108142089,209.1181640625,20087100,0.0,0.0,MICROSOFT,MSFT
2021-01-14 00:00:00-05:00,208.70253783184393,210.20079898261122,205.63835992642115,205.9090118408203,29480800,0.0,0.0,MICROSOFT,MSFT
2021-01-15 00:00:00-05:00,206.39234429644068,207.34928697728904,204.95207771440985,205.55137634277344,31746500,0.0,0.0,MICROSOFT,MSFT
2021-01-19 00:00:00-05:00,206.61459324724566,209.73676519314427,205.53198582934345,209.2147979736328,30480900,0.0,0.0,MICROSOFT,MSFT
2021-01-20 00:00:00-05:00,210.4327462249754,218.2526826980892,210.03642928519847,216.85108947753906,37777300,0.0,0.0,MICROSOFT,MSFT
2021-01-21 00:00:00-05:00,217.1990767410522,218.74567154827727,214.99518872788025,217.46006774902344,30709400,0.0,0.0,MICROSOFT,MSFT
2021-01-22 00:00:00-05:00,219.499647100157,222.38984062351855,218.26237707162616,218.40736389160156,30172700,0.0,0.0,MICROSOFT,MSFT
2021-01-25 00:00:00-05:00,221.47152668079622,222.1094981445592,216.73510405462633,221.8678436279297,33152100,0.0,0.0,MICROSOFT,MSFT
2021-01-26 00:00:00-05:00,224.12007490638044,226.3626212451951,222.39949585566396,224.5743865966797,49169600,0.0,0.0,MICROSOFT,MSFT
2021-01-27 00:00:00-05:00,230.05510919174017,232.4136597299159,222.45749028980077,225.12535095214844,69870600,0.0,0.0,MICROSOFT,MSFT
2021-01-28 00:00:00-05:00,227.74490640736087,234.54023092621532,227.242260831807,230.95407104492188,49111200,0.0,0.0,MICROSOFT,MSFT
2021-01-29 00:00:00-05:00,228.11220551383425,230.07443903202116,223.6270982223468,224.21673583984375,42503100,0.0,0.0,MICROSOFT,MSFT
2021-02-01 00:00:00-05:00,227.21326579072962,234.40490737058428,224.67105527139003,231.65003967285156,33314200,0.0,0.0,MICROSOFT,MSFT
2021-02-02 00:00:00-05:00,233.2449796061858,234.22125869930616,230.72210546016683,231.5147247314453,25916300,0.0,0.0,MICROSOFT,MSFT
2021-02-03 00:00:00-05:00,231.57269079805403,236.90841175640315,231.27302681630164,234.88818359375,27158100,0.0,0.0,MICROSOFT,MSFT
2021-02-04 00:00:00-05:00,234.55953921895343,235.12017945708584,232.34597562792882,233.9312286376953,25296100,0.0,0.0,MICROSOFT,MSFT
2021-02-05 00:00:00-05:00,234.14392656577385,235.15887864347258,232.3943499529736,234.11492919921875,18054800,0.0,0.0,MICROSOFT,MSFT
2021-02-08 00:00:00-05:00,235.033193520338,235.54549995170504,232.77131062531117,234.3759002685547,22211900,0.0,0.0,MICROSOFT,MSFT
2021-02-09 00:00:00-05:00,233.7959240147495,236.58944983996628,233.32229056737458,235.63250732421875,23565000,0.0,0.0,MICROSOFT,MSFT
2021-02-10 00:00:00-05:00,236.82140776243898,237.7106945441063,232.8486072299984,234.7141876220703,22186700,0.0,0.0,MICROSOFT,MSFT
2021-02-11 00:00:00-05:00,236.60877344800525,236.96641741931037,234.06656316698633,236.32846069335938,15751100,0.0,0.0,MICROSOFT,MSFT
2021-02-12 00:00:00-05:00,235.78714002879056,237.11141682156133,234.62720128831197,236.811767578125,16561100,0.0,0.0,MICROSOFT,MSFT
2021-02-16 00:00:00-05:00,236.85043847353833,237.9137243129833,234.81087363563725,235.56483459472656,26728500,0.0,0.0,MICROSOFT,MSFT
2021-02-17 00:00:00-05:00,233.80153508693996,236.69837034914275,233.43336948837552,236.591796875,21653500,0.56,0.0,MICROSOFT,MSFT
2021-02-18 00:00:00-05:00,234.2665890993644,236.33021770870812,233.35587295828074,236.194580078125,16925600,0.0,0.0,MICROSOFT,MSFT
2021-02-19 00:00:00-05:00,236.15580363672976,236.26237710355275,232.69702230897636,233.46241760253906,25262600,0.0,0.0,MICROSOFT,MSFT
2021-02-22 00:00:00-05:00,230.02301481272858,230.51712008989588,225.15941222646893,227.20367431640625,36446900,0.0,0.0,MICROSOFT,MSFT
2021-02-23 00:00:00-05:00,223.15389959487229,227.51369875344432,221.60374286957952,226.00230407714844,30228700,0.0,0.0,MICROSOFT,MSFT
2021-02-24 00:00:00-05:00,222.84388523977242,227.87218981813064,221.8653577611873,227.24244689941406,26339700,0.0,0.0,MICROSOFT,MSFT
2021-02-25 00:00:00-05:00,224.84940799262813,227.28120209153397,220.78026450791478,221.85568237304688,39542200,0.0,0.0,MICROSOFT,MSFT
2021-02-26 00:00:00-05:00,224.31655199628887,228.03691109763838,222.3885462387898,225.14007568359375,37819200,0.0,0.0,MICROSOFT,MSFT
2021-03-01 00:00:00-05:00,228.5503921842853,230.07148501585124,225.8860700360508,229.55799865722656,25324000,0.0,0.0,MICROSOFT,MSFT
2021-03-02 00:00:00-05:00,229.62578876137655,229.90676189507832,226.17670532047936,226.5836181640625,22812500,0.0,0.0,MICROSOFT,MSFT
2021-03-03 00:00:00-05:00,224.92693583938353,226.3026932136092,220.1795890634735,220.47024536132812,34029500,0.0,0.0,MICROSOFT,MSFT
2021-03-04 00:00:00-05:00,219.67574404615988,225.2465983182945,217.2729997334422,219.66604614257812,44727800,0.0,0.0,MICROSOFT,MSFT
2021-03-05 00:00:00-05:00,222.3691858927378,226.00235263888283,219.4045241932264,224.38438415527344,41872800,0.0,0.0,MICROSOFT,MSFT
2021-03-08 00:00:00-05:00,224.1615232921991,226.09921208523954,220.05363251232438,220.30552673339844,35267400,0.0,0.0,MICROSOFT,MSFT
2021-03-09 00:00:00-05:00,225.62447544755597,228.04658630633378,224.45216728721525,226.49642944335938,33080500,0.0,0.0,MICROSOFT,MSFT
2021-03-10 00:00:00-05:00,229.61611139585753,229.61611139585753,224.8106369058342,225.17880249023438,29746800,0.0,0.0,MICROSOFT,MSFT
2021-03-11 00:00:00-05:00,227.63967496434546,231.7185013988533,227.00991726685575,229.7420654296875,29907600,0.0,0.0,MICROSOFT,MSFT
2021-03-12 00:00:00-05:00,226.7192804378488,228.47290127957882,225.96358296280175,228.4050750732422,22653700,0.0,0.0,MICROSOFT,MSFT
2021-03-15 00:00:00-04:00,227.6396897800304,227.86251985566741,224.587821009087,227.49435424804688,26034900,0.0,0.0,MICROSOFT,MSFT
2021-03-16 00:00:00-04:00,228.9185760570906,232.58080706489775,228.589172476861,230.3040313720703,28092200,0.0,0.0,MICROSOFT,MSFT
2021-03-17 00:00:00-04:00,228.79259055790016,231.11782590064755,225.96356679010717,229.6548614501953,29562100,0.0,0.0,MICROSOFT,MSFT
2021-03-18 00:00:00-04:00,225.3144388483078,226.89365986372928,223.15392009504285,223.53176879882812,34833000,0.0,0.0,MICROSOFT,MSFT
2021-03-19 00:00:00-04:00,223.82243328816043,225.22725468550234,222.2044649440889,223.17330932617188,46430700,0.0,0.0,MICROSOFT,MSFT
2021-03-22 00:00:00-04:00,223.0957826256277,229.51921032583812,222.96982813508149,228.6375732421875,30127000,0.0,0.0,MICROSOFT,MSFT
2021-03-23 00:00:00-04:00,230.09084710839232,233.53993058565143,229.68393426051932,230.17803955078125,31638400,0.0,0.0,MICROSOFT,MSFT
2021-03-24 00:00:00-04:00,230.43963716275442,230.58495790353862,227.9884621122495,228.1240997314453,25620100,0.0,0.0,MICROSOFT,MSFT
2021-03-25 00:00:00-04:00,227.9690581070153,229.55796210746274,224.3552731443214,225.1012725830078,34061900,0.0,0.0,MICROSOFT,MSFT
2021-03-26 00:00:00-04:00,224.335954023894,229.33519534995582,224.335954023894,229.1123504638672,25479900,0.0,0.0,MICROSOFT,MSFT
2021-03-29 00:00:00-04:00,229.21888070657533,229.42234452431325,224.65563210696564,227.91094970703125,25227500,0.0,0.0,MICROSOFT,MSFT
2021-03-30 00:00:00-04:00,226.25422309039234,226.56426038282933,223.89993838243998,224.62657165527344,24792000,0.0,0.0,MICROSOFT,MSFT
2021-03-31 00:00:00-04:00,225.65355809441428,231.65070743774095,225.14975485513676,228.42445373535156,43623500,0.0,0.0,MICROSOFT,MSFT
2021-04-01 00:00:00-04:00,231.04033261287987,235.27417804510776,230.63341972592048,234.79945373535156,30338000,0.0,0.0,MICROSOFT,MSFT
2021-04-05 00:00:00-04:00,235.19666834415327,242.1723600621035,235.13854004373582,241.31008911132812,36910600,0.0,0.0,MICROSOFT,MSFT
2021-04-06 00:00:00-04:00,239.8955605084312,241.62978546551966,239.18830824157982,240.1377716064453,22931900,0.0,0.0,MICROSOFT,MSFT
2021-04-07 00:00:00-04:00,240.08931563698812,243.11210527362968,239.48863687160204,242.11419677734375,22719800,0.0,0.0,MICROSOFT,MSFT
2021-04-08 00:00:00-04:00,244.89479161288705,246.22210364779394,244.14877732061328,245.35983276367188,23625200,0.0,0.0,MICROSOFT,MSFT
2021-04-09 00:00:00-04:00,244.99169334497128,248.01449810640668,244.575097324092,247.8788604736328,24326800,0.0,0.0,MICROSOFT,MSFT
2021-04-12 00:00:00-04:00,246.77435565661955,249.64214149266803,246.6871484280586,247.9369659423828,27148700,0.0,0.0,MICROSOFT,MSFT
2021-04-13 00:00:00-04:00,249.24489438734588,251.11475679262878,248.82826886707707,250.43655395507812,23837500,0.0,0.0,MICROSOFT,MSFT
2021-04-14 00:00:00-04:00,249.45806798327598,250.7659842762827,247.21034186818977,247.62693786621094,23070900,0.0,0.0,MICROSOFT,MSFT
2021-04-15 00:00:00-04:00,249.89408325728724,251.83177247803175,249.70033207528743,251.41517639160156,25627500,0.0,0.0,MICROSOFT,MSFT
2021-04-16 00:00:00-04:00,251.38612455941364,252.8684557032784,249.57438977988923,252.61654663085938,24878600,0.0,0.0,MICROSOFT,MSFT
2021-04-19 00:00:00-04:00,252.08365410791401,253.3334717979983,249.78749736187194,250.67881774902344,23209300,0.0,0.0,MICROSOFT,MSFT
2021-04-20 00:00:00-04:00,249.78743601557323,252.09329010173295,248.8379579898661,250.21372985839844,19722900,0.0,0.0,MICROSOFT,MSFT
2021-04-21 00:00:00-04:00,250.87252139725413,252.55830085654424,249.23517232161626,252.46141052246094,24030400,0.0,0.0,MICROSOFT,MSFT
2021-04-22 00:00:00-04:00,252.10301126206576,253.62410417600708,247.67539972149405,249.15774536132812,25606200,0.0,0.0,MICROSOFT,MSFT
2021-04-23 00:00:00-04:00,249.84562206864393,253.36253230164414,249.25461155440712,253.01373291015625,21462600,0.0,0.0,MICROSOFT,MSFT
2021-04-26 00:00:00-04:00,253.5078028472354,254.26350021785237,252.06423430296525,253.40121459960938,19763300,0.0,0.0,MICROSOFT,MSFT
2021-04-27 00:00:00-04:00,253.4302420547571,254.9900965251815,252.01573786157752,253.80810546875,31014200,0.0,0.0,MICROSOFT,MSFT
2021-04-28 00:00:00-04:00,248.1016765154935,248.54736625555358,245.06920340585762,246.62904357910156,46903100,0.0,0.0,MICROSOFT,MSFT
2021-04-29 00:00:00-04:00,247.50097054402,248.12103030258325,241.24222988253615,244.6428680419922,40589000,0.0,0.0,MICROSOFT,MSFT
2021-04-30 00:00:00-04:00,241.95919805109713,245.19513469574392,241.8235604307644,244.3231658935547,30945100,0.0,0.0,MICROSOFT,MSFT
2021-05-03 00:00:00-04:00,245.5051362549246,246.42555015369652,243.29617246465313,244.01312255859375,19626600,0.0,0.0,MICROSOFT,MSFT
2021-05-04 00:00:00-04:00,243.1508482453127,243.38337619272684,238.10316308103467,240.06991577148438,32756100,0.0,0.0,MICROSOFT,MSFT
2021-05-05 00:00:00-04:00,241.30036464917603,241.72665851651166,238.1613185049612,238.7910614013672,21901300,0.0,0.0,MICROSOFT,MSFT
2021-05-06 00:00:00-04:00,238.77174538236267,242.07550897028878,237.06658423217266,241.94955444335938,26491100,0.0,0.0,MICROSOFT,MSFT
2021-05-07 00:00:00-04:00,244.29411297681904,246.37713733610255,243.34464959083732,244.59446716308594,27032900,0.0,0.0,MICROSOFT,MSFT
2021-05-10 00:00:00-04:00,243.0539964272736,243.88720322499447,239.4208298296639,239.4789581298828,29299900,0.0,0.0,MICROSOFT,MSFT
2021-05-11 00:00:00-04:00,236.93089650835728,238.9170304475789,235.01258877188485,238.5585479736328,33641600,0.0,0.0,MICROSOFT,MSFT
2021-05-12 00:00:00-04:00,234.6250373433991,236.76618988785472,230.65278432971047,231.55380249023438,36684400,0.0,0.0,MICROSOFT,MSFT
2021-05-13 00:00:00-04:00,234.26657748754116,237.94818914238866,233.89841188703875,235.458251953125,29624300,0.0,0.0,MICROSOFT,MSFT
2021-05-14 00:00:00-04:00,237.92877906996122,241.41660959346646,237.84158663313644,240.418701171875,23901100,0.0,0.0,MICROSOFT,MSFT
2021-05-17 00:00:00-04:00,238.8685866288401,238.90733389963685,235.93298931819714,237.541259765625,24970200,0.0,0.0,MICROSOFT,MSFT
2021-05-18 00:00:00-04:00,238.59733006985658,238.7329677033565,235.3323141764629,235.5067138671875,20168000,0.0,0.0,MICROSOFT,MSFT
2021-05-19 00:00:00-04:00,232.38950687886384,236.19614450679748,231.7000473250756,236.08932495117188,25739800,0.56,0.0,MICROSOFT,MSFT
2021-05-20 00:00:00-04:00,236.9050278438202,240.77963319534337,236.80791377558805,239.35214233398438,21800700,0.0,0.0,MICROSOFT,MSFT
2021-05-21 00:00:00-04:00,240.41066748681885,241.14868413370397,237.66250491031673,238.08006286621094,21863100,0.0,0.0,MICROSOFT,MSFT
2021-05-24 00:00:00-04:00,240.62427776044936,243.89683248314228,240.35237612653503,243.52781677246094,21411500,0.0,0.0,MICROSOFT,MSFT
2021-05-25 00:00:00-04:00,244.48920035043204,245.44085609856307,243.56667586272647,244.44064331054688,17704300,0.0,0.0,MICROSOFT,MSFT
2021-05-26 00:00:00-04:00,244.1590383314005,245.62538102314704,243.49870995917945,244.21731567382812,17771600,0.0,0.0,MICROSOFT,MSFT
2021-05-27 00:00:00-04:00,243.90653872186056,244.20757161623504,242.04206401885574,242.10032653808594,24426200,0.0,0.0,MICROSOFT,MSFT
2021-05-28 00:00:00-04:00,243.7414599547223,244.79022976769062,242.3431002040979,242.45962524414062,18270200,0.0,0.0,MICROSOFT,MSFT
2021-06-01 00:00:00-04:00,243.96481914949945,244.02308167300643,239.8183115062777,240.24557495117188,23213300,0.0,0.0,MICROSOFT,MSFT
2021-06-02 00:00:00-04:00,240.95449809459618,242.06153059915206,238.73071278562242,240.14849853515625,19406700,0.0,0.0,MICROSOFT,MSFT
2021-06-03 00:00:00-04:00,238.12862636115537,239.2162329897314,235.97282406699287,238.60446166992188,25307700,0.0,0.0,MICROSOFT,MSFT
2021-06-04 00:00:00-04:00,240.59516069530085,244.3726673509658,240.35239030658838,243.53753662109375,25281100,0.0,0.0,MICROSOFT,MSFT
2021-06-07 00:00:00-04:00,242.75098562173304,246.74213177790864,242.5859035200822,246.47023010253906,23079200,0.0,0.0,MICROSOFT,MSFT
2021-06-08 00:00:00-04:00,247.78118050982368,248.60660578316927,245.20780542191213,245.26608276367188,22455000,0.0,0.0,MICROSOFT,MSFT
2021-06-09 00:00:00-04:00,246.47020040098926,248.14046181556878,245.8875603743513,246.25656127929688,17937600,0.0,0.0,MICROSOFT,MSFT
2021-06-10 00:00:00-04:00,246.9363225034259,250.0146492596862,246.33425667995448,249.80101013183594,24563600,0.0,0.0,MICROSOFT,MSFT
2021-06-11 00:00:00-04:00,250.52932016494623,251.01486094103865,249.18922288132202,250.43223571777344,18999700,0.0,0.0,MICROSOFT,MSFT
2021-06-14 00:00:00-04:00,250.4419021360454,252.43263690633452,249.37370660504322,252.37437438964844,19150500,0.0,0.0,MICROSOFT,MSFT
2021-06-15 00:00:00-04:00,252.25783935866542,252.47147848149697,250.2282825092941,250.88861083984375,18038900,0.0,0.0,MICROSOFT,MSFT
2021-06-16 00:00:00-04:00,251.89852456234698,253.04439357166657,247.06254304495928,249.93695068359375,27220000,0.0,0.0,MICROSOFT,MSFT
2021-06-17 00:00:00-04:00,248.66482290215413,254.18055817926674,248.60656038856197,253.35513305664062,27565500,0.0,0.0,MICROSOFT,MSFT
2021-06-18 00:00:00-04:00,252.12190149919124,254.71467257964775,251.26734501415245,251.92767333984375,37202200,0.0,0.0,MICROSOFT,MSFT
2021-06-21 00:00:00-04:00,252.3064345176939,255.89941874343043,250.4613853601471,255.03517150878906,26696100,0.0,0.0,MICROSOFT,MSFT
2021-06-22 00:00:00-04:00,255.12249237414275,258.1037192183966,254.81173923104998,257.8318176269531,24694100,0.0,0.0,MICROSOFT,MSFT
2021-06-23 00:00:00-04:00,258.29793468319946,259.11363951114214,256.7830500548699,257.5987548828125,19518700,0.0,0.0,MICROSOFT,MSFT
2021-06-24 00:00:00-04:00,258.4630806261076,260.1042108908412,257.7930319554148,258.9777526855469,21446900,0.0,0.0,MICROSOFT,MSFT
2021-06-25 00:00:00-04:00,258.53104806250064,259.52154056084777,257.1035570188217,257.35601806640625,25611100,0.0,0.0,MICROSOFT,MSFT
2021-06-28 00:00:00-04:00,258.49217027494785,261.1237926733281,258.22026865779105,260.9490051269531,19590000,0.0,0.0,MICROSOFT,MSFT
2021-06-29 00:00:00-04:00,261.09467865762656,263.79428404733454,260.2304315312195,263.551513671875,19937800,0.0,0.0,MICROSOFT,MSFT
2021-06-30 00:00:00-04:00,262.8619991937764,263.51260706847046,261.80352413408576,263.06591796875,21656500,0.0,0.0,MICROSOFT,MSFT
2021-07-01 00:00:00-04:00,261.81328559722436,263.9788081482054,261.80359493344747,263.7457580566406,16725300,0.0,0.0,MICROSOFT,MSFT
2021-07-02 00:00:00-04:00,264.9304477031559,269.9606424903839,264.61969452744466,269.6207580566406,26458000,0.0,0.0,MICROSOFT,MSFT
2021-07-06 00:00:00-04:00,269.9898191361214,271.2910649387276,266.36767405826635,269.6305236816406,31565600,0.0,0.0,MICROSOFT,MSFT
2021-07-07 00:00:00-04:00,271.32013639460183,272.5728396945456,269.13520325135335,271.8348083496094,23260000,0.0,0.0,MICROSOFT,MSFT
2021-07-08 00:00:00-04:00,268.89254047775546,270.66963674085525,266.92124563859437,269.39752197265625,24618600,0.0,0.0,MICROSOFT,MSFT
2021-07-09 00:00:00-04:00,267.7466025874497,270.0092095294072,267.35817589963136,269.90240478515625,23916700,0.0,0.0,MICROSOFT,MSFT
2021-07-12 00:00:00-04:00,271.08714057563935,271.6794861214872,268.5817334745255,269.30035400390625,18931700,0.0,0.0,MICROSOFT,MSFT
2021-07-13 00:00:00-04:00,269.49449869817454,274.6703791411843,269.36828300997513,272.8544616699219,26120100,0.0,0.0,MICROSOFT,MSFT
2021-07-14 00:00:00-04:00,274.18483338403666,275.4569476201697,272.43686912019115,274.3402099609375,23113700,0.0,0.0,MICROSOFT,MSFT
2021-07-15 00:00:00-04:00,273.84493469338156,274.34019565423466,271.7376751706806,272.9029846191406,22604200,0.0,0.0,MICROSOFT,MSFT
2021-07-16 00:00:00-04:00,273.91296873929,275.8842630199159,271.3784305870248,272.6311340332031,26186800,0.0,0.0,MICROSOFT,MSFT
2021-07-19 00:00:00-04:00,270.8638501832913,272.2622104019645,266.51342251192193,268.9993896484375,32935600,0.0,0.0,MICROSOFT,MSFT
2021-07-20 00:00:00-04:00,269.9898196150602,272.84480192743007,268.2710158290657,271.2425231933594,26259700,0.0,0.0,MICROSOFT,MSFT
2021-07-21 00:00:00-04:00,270.83465558976826,273.3788846709411,269.27122841968077,273.2623596191406,24364300,0.0,0.0,MICROSOFT,MSFT
2021-07-22 00:00:00-04:00,275.63175973985386,278.13716651764275,275.22392211978416,277.8652648925781,23384100,0.0,0.0,MICROSOFT,MSFT
2021-07-23 00:00:00-04:00,279.05970748692397,281.6039364720042,278.2148712582203,281.293212890625,22768100,0.0,0.0,MICROSOFT,MSFT
2021-07-26 00:00:00-04:00,280.64252834001474,281.3125768857484,278.3507904302988,280.6910705566406,23176100,0.0,0.0,MICROSOFT,MSFT
2021-07-27 00:00:00-04:00,281.06010266417087,281.2057589576156,274.7675137069204,278.2536926269531,33604100,0.0,0.0,MICROSOFT,MSFT
2021-07-28 00:00:00-04:00,280.63284787349374,281.75930602859256,275.6220635153192,277.9429626464844,33566900,0.0,0.0,MICROSOFT,MSFT
2021-07-29 00:00:00-04:00,277.962414061992,280.27359323078736,277.80703743504944,278.21490478515625,18168300,0.0,0.0,MICROSOFT,MSFT
2021-07-30 00:00:00-04:00,276.9232975334924,278.37019934492844,275.6997254789583,276.6708068847656,20944800,0.0,0.0,MICROSOFT,MSFT
2021-08-02 00:00:00-04:00,278.0789405701117,278.4770876221492,275.5347112651971,276.58349609375,16267400,0.0,0.0,MICROSOFT,MSFT
2021-08-03 00:00:00-04:00,277.166104223552,278.9237594277011,275.78715540709163,278.8169250488281,17879000,0.0,0.0,MICROSOFT,MSFT
2021-08-04 00:00:00-04:00,277.94295691568954,279.27333387120336,276.41835180000385,278.2245788574219,16191300,0.0,0.0,MICROSOFT,MSFT
2021-08-05 00:00:00-04:00,278.58385183074364,281.2543258250797,277.8264094832069,281.1474914550781,13900200,0.0,0.0,MICROSOFT,MSFT
2021-08-06 00:00:00-04:00,280.1667846198164,281.1281459985609,279.3025077008983,281.08929443359375,16589300,0.0,0.0,MICROSOFT,MSFT
2021-08-09 00:00:00-04:00,281.3708615963786,283.11879642354194,279.4869611358521,279.9919128417969,16117600,0.0,0.0,MICROSOFT,MSFT
2021-08-10 00:00:00-04:00,280.4483853338919,280.8853839563881,276.9525148941696,278.1566467285156,18616600,0.0,0.0,MICROSOFT,MSFT
2021-08-11 00:00:00-04:00,278.9043470586535,280.3124272782178,277.59338092924185,278.6518859863281,13955900,0.0,0.0,MICROSOFT,MSFT
2021-08-12 00:00:00-04:00,278.34113618759375,281.5845453203221,278.05951421319276,281.4291687011719,14561300,0.0,0.0,MICROSOFT,MSFT
2021-08-13 00:00:00-04:00,281.1087158115078,284.4297983301095,280.9338985986401,284.3812561035156,18249000,0.0,0.0,MICROSOFT,MSFT
2021-08-16 00:00:00-04:00,284.71136854309515,286.29423602511383,281.6330273520765,286.0805969238281,22507600,0.0,0.0,MICROSOFT,MSFT
2021-08-17 00:00:00-04:00,283.9345342513374,284.9444376749565,282.6623902210043,284.60455322265625,20075300,0.0,0.0,MICROSOFT,MSFT
2021-08-18 00:00:00-04:00,284.1375869460863,286.84236068170605,282.41546304613627,282.863037109375,21813000,0.56,0.0,MICROSOFT,MSFT
2021-08-19 00:00:00-04:00,280.87821622750863,289.4206332656918,280.8295810756036,288.73956298828125,29850500,0.0,0.0,MICROSOFT,MSFT
2021-08-20 00:00:00-04:00,291.6097772971676,297.5641694161929,289.9946922302763,296.12420654296875,40817600,0.0,0.0,MICROSOFT,MSFT
2021-08-23 00:00:00-04:00,295.04423068003865,297.1360469872275,293.6821198073429,296.4063415527344,22830200,0.0,0.0,MICROSOFT,MSFT
2021-08-24 00:00:00-04:00,296.7663566340116,297.37931401539,293.8280864584724,294.4313049316406,18175800,0.0,0.0,MICROSOFT,MSFT
2021-08-25 00:00:00-04:00,296.0658116603276,296.34797274703504,292.2908270867301,293.8377990722656,20006100,0.0,0.0,MICROSOFT,MSFT
2021-08-26 00:00:00-04:00,292.8454075366568,294.24644449964364,290.8606299155867,290.996826171875,17666100,0.0,0.0,MICROSOFT,MSFT
2021-08-27 00:00:00-04:00,290.89951436759395,292.7286475335242,288.7979590083417,291.6097717285156,22605700,0.0,0.0,MICROSOFT,MSFT
2021-08-30 00:00:00-04:00,292.97180553108166,295.98792667890143,292.9134314830154,295.3749694824219,16348100,0.0,0.0,MICROSOFT,MSFT
2021-08-31 00:00:00-04:00,296.182581069819,296.26040325094897,293.34158154404304,293.7113037109375,26285300,0.0,0.0,MICROSOFT,MSFT
2021-09-01 00:00:00-04:00,294.67449464241,296.93172380625083,293.3318319554394,293.6626281738281,18983800,0.0,0.0,MICROSOFT,MSFT
2021-09-02 00:00:00-04:00,294.02267360341693,295.1512586182633,292.0573145057397,293.0010681152344,16285600,0.0,0.0,MICROSOFT,MSFT
2021-09-03 00:00:00-04:00,292.8453986734941,294.41184857005715,292.1351709970571,292.9913635253906,14747900,0.0,0.0,MICROSOFT,MSFT
2021-09-07 00:00:00-04:00,292.8648081603791,292.94263033034684,290.13084792905835,292.0572509765625,17180400,0.0,0.0,MICROSOFT,MSFT
2021-09-08 00:00:00-04:00,291.66809901400006,292.4756265566167,289.42060885659953,292.0864562988281,15046800,0.0,0.0,MICROSOFT,MSFT
2021-09-09 00:00:00-04:00,292.6799783157929,293.9642669456135,288.9633383530343,289.2065734863281,19927000,0.0,0.0,MICROSOFT,MSFT
2021-09-10 00:00:00-04:00,290.34494231543204,291.8043531923054,287.38719462460057,287.708251953125,19633400,0.0,0.0,MICROSOFT,MSFT
2021-09-13 00:00:00-04:00,289.4984576305718,290.4616889949505,286.12235263113655,288.95361328125,23652900,0.0,0.0,MICROSOFT,MSFT
2021-09-14 00:00:00-04:00,291.4540999234357,293.2345979475772,290.03361488236317,291.6778869628906,21853400,0.0,0.0,MICROSOFT,MSFT
2021-09-15 00:00:00-04:00,295.0539619371222,297.05821710322084,293.65292516387797,296.5717468261719,28356300,0.0,0.0,MICROSOFT,MSFT
2021-09-16 00:00:00-04:00,295.540513250382,297.04855964601927,292.6216907877568,296.96099853515625,19550800,0.0,0.0,MICROSOFT,MSFT
2021-09-17 00:00:00-04:00,295.93930746992044,296.2603647515708,291.4248495645059,291.7556457519531,41372500,0.0,0.0,MICROSOFT,MSFT
2021-09-20 00:00:00-04:00,288.3114019589334,290.63674365642424,281.68568052531714,286.3363342285156,38278700,0.0,0.0,MICROSOFT,MSFT
2021-09-21 00:00:00-04:00,287.68877674981024,289.48872260021335,286.1126179018401,286.8228454589844,22364100,0.0,0.0,MICROSOFT,MSFT
2021-09-22 00:00:00-04:00,288.7006635483579,292.0962166071544,286.54073431381653,290.5005798339844,26626300,0.0,0.0,MICROSOFT,MSFT
2021-09-23 00:00:00-04:00,290.763322008009,292.7578384831166,289.47903321153564,291.4541015625,18604600,0.0,0.0,MICROSOFT,MSFT
2021-09-24 00:00:00-04:00,290.1600976113839,291.6875918496594,288.89525696494013,291.2497863769531,14999000,0.0,0.0,MICROSOFT,MSFT
2021-09-27 00:00:00-04:00,288.1266244627126,288.4476817750714,285.0132028720979,286.2099304199219,23571700,0.0,0.0,MICROSOFT,MSFT
2021-09-28 00:00:00-04:00,281.9581799222653,282.91167241932607,275.09896042499,275.8481140136719,43186200,0.0,0.0,MICROSOFT,MSFT
2021-09-29 00:00:00-04:00,277.3854263588314,279.01022085770444,275.35198366201263,276.315185546875,26353700,0.0,0.0,MICROSOFT,MSFT
2021-09-30 00:00:00-04:00,277.97889750798606,280.04152717801196,273.9995733442482,274.2914733886719,32343600,0.0,0.0,MICROSOFT,MSFT
2021-10-01 00:00:00-04:00,274.485994128893,282.1333225956817,273.67846650467294,281.2771301269531,30086300,0.0,0.0,MICROSOFT,MSFT
2021-10-04 00:00:00-04:00,279.6230805767337,279.96361567403414,272.666562268108,275.44915771484375,31350700,0.0,0.0,MICROSOFT,MSFT
2021-10-05 00:00:00-04:00,276.3637182428957,282.5418959336187,276.3637182428957,280.9462890625,24993000,0.0,0.0,MICROSOFT,MSFT
2021-10-06 00:00:00-04:00,278.04697749177325,285.68456752500765,277.7842942055807,285.1786193847656,28002600,0.0,0.0,MICROSOFT,MSFT
2021-10-07 00:00:00-04:00,287.1925477546362,288.61306215435525,285.96666300857214,286.8714904785156,20430500,0.0,0.0,MICROSOFT,MSFT
2021-10-08 00:00:00-04:00,288.20441411114354,288.61306215435525,285.8109889774336,286.8714904785156,17685700,0.0,0.0,MICROSOFT,MSFT
2021-10-11 00:00:00-04:00,284.99373041185953,289.90706782029025,284.82831747054786,286.2682800292969,19298600,0.0,0.0,MICROSOFT,MSFT
2021-10-12 00:00:00-04:00,287.3482286577459,287.44552864100757,284.4391462164748,284.9548034667969,17974100,0.0,0.0,MICROSOFT,MSFT
2021-10-13 00:00:00-04:00,286.9298814494443,289.23574564382915,285.54829289898174,288.2919921875,23416300,0.0,0.0,MICROSOFT,MSFT
2021-10-14 00:00:00-04:00,291.11349137966283,295.06362706372664,289.7708288649425,294.5577087402344,27262900,0.0,0.0,MICROSOFT,MSFT
2021-10-15 00:00:00-04:00,294.1588165309369,296.2117363511589,292.38805775917484,295.97821044921875,25384800,0.0,0.0,MICROSOFT,MSFT
2021-10-18 00:00:00-04:00,295.3556046092264,299.8700338521771,294.49941207389287,298.9749450683594,22729300,0.0,0.0,MICROSOFT,MSFT
2021-10-19 00:00:00-04:00,300.0062745019476,300.9305503633277,298.9068467466331,299.8895263671875,17682100,0.0,0.0,MICROSOFT,MSFT
2021-10-20 00:00:00-04:00,300.8429560161433,301.3197171027858,297.8268342037108,299.0916748046875,16537100,0.0,0.0,MICROSOFT,MSFT
2021-10-21 00:00:00-04:00,298.8581903560351,302.6039880779175,298.07008111880555,302.3510437011719,16918100,0.0,0.0,MICROSOFT,MSFT
2021-10-22 00:00:00-04:00,302.0008096141944,302.67214112204863,299.47115766927385,300.79437255859375,17449300,0.0,0.0,MICROSOFT,MSFT
2021-10-25 00:00:00-04:00,300.98887316221607,301.0277990977704,298.1673515162017,299.79217529296875,17554500,0.0,0.0,MICROSOFT,MSFT
2021-10-26 00:00:00-04:00,302.5845288044777,303.9466397160432,300.24947728582384,301.7185974121094,28107300,0.0,0.0,MICROSOFT,MSFT
2021-10-27 00:00:00-04:00,307.4492048120639,317.2759100181489,307.4492048120639,314.4252014160156,52588700,0.0,0.0,MICROSOFT,MSFT
2021-10-28 00:00:00-04:00,315.55379489137164,316.0791911010308,312.6641602759302,315.5732727050781,26297900,0.0,0.0,MICROSOFT,MSFT
2021-10-29 00:00:00-04:00,315.359289736392,323.0163286806342,315.1355026750669,322.6466064453125,34766000,0.0,0.0,MICROSOFT,MSFT
2021-11-01 00:00:00-04:00,322.39357019445515,322.52005721813174,317.53860629412543,320.4574279785156,27073200,0.0,0.0,MICROSOFT,MSFT
2021-11-02 00:00:00-04:00,321.37193212651346,324.42697914880324,321.07032298632356,324.1156311035156,26487100,0.0,0.0,MICROSOFT,MSFT
2021-11-03 00:00:00-04:00,324.8648276969841,325.8377681990366,321.70277106531336,324.9621276855469,21500100,0.0,0.0,MICROSOFT,MSFT
2021-11-04 00:00:00-04:00,323.88219353403036,327.4334205987042,320.593649728482,327.33612060546875,23992200,0.0,0.0,MICROSOFT,MSFT
2021-11-05 00:00:00-04:00,329.35014712015965,329.6225693129886,325.3708234465766,326.9664306640625,22570100,0.0,0.0,MICROSOFT,MSFT
2021-11-08 00:00:00-05:00,328.17285555134873,328.51339070286974,325.39025966156356,327.8712463378906,20897000,0.0,0.0,MICROSOFT,MSFT
2021-11-09 00:00:00-05:00,327.9879904815941,329.5544402828725,325.4778168051175,326.8594055175781,21307400,0.0,0.0,MICROSOFT,MSFT
2021-11-10 00:00:00-05:00,325.51669840233706,325.5750724548764,320.99253117981675,321.84869384765625,25500900,0.0,0.0,MICROSOFT,MSFT
2021-11-11 00:00:00-05:00,322.28653817483524,324.738337527152,321.5665717116808,323.4346008300781,16849800,0.0,0.0,MICROSOFT,MSFT
2021-11-12 00:00:00-05:00,324.88432929689867,328.1047602191406,324.75784227168475,327.6085510253906,23831000,0.0,0.0,MICROSOFT,MSFT
2021-11-15 00:00:00-05:00,328.40638969016095,328.73718594248044,324.9913585657759,326.9761657714844,16723000,0.0,0.0,MICROSOFT,MSFT
2021-11-16 00:00:00-05:00,326.59664993589905,331.4516430729866,326.43126668335293,330.3230285644531,20886800,0.0,0.0,MICROSOFT,MSFT
2021-11-17 00:00:00-05:00,330.37182914545576,333.53967135053256,329.45558932799054,330.5472717285156,19053400,0.62,0.0,MICROSOFT,MSFT
2021-11-18 00:00:00-05:00,329.63097002170895,333.79304557491,328.5977686761909,332.6428527832031,22463500,0.0,0.0,MICROSOFT,MSFT
2021-11-19 00:00:00-05:00,333.97825024801534,336.3760543767451,333.54937084338275,334.43634033203125,21963400,0.0,0.0,MICROSOFT,MSFT
2021-11-22 00:00:00-05:00,335.9081154886686,340.8304710046399,330.9662762746876,331.23919677734375,31031100,0.0,0.0,MICROSOFT,MSFT
2021-11-23 00:00:00-05:00,328.5295979613131,330.86895142342803,325.12783225855804,329.1436767578125,30427600,0.0,0.0,MICROSOFT,MSFT
2021-11-24 00:00:00-05:00,327.77905946554597,329.6115390495707,325.46897628108786,329.36785888671875,21661300,0.0,0.0,MICROSOFT,MSFT
2021-11-26 00:00:00-05:00,325.89784460520497,329.38733132965183,319.8253244459486,321.34588623046875,24217200,0.0,0.0,MICROSOFT,MSFT
2021-11-29 00:00:00-05:00,326.4729588687291,330.4595630260722,326.2780028271593,328.1202392578125,28563500,0.0,0.0,MICROSOFT,MSFT
2021-11-30 00:00:00-05:00,326.8433187860478,329.24112313353976,320.67332072918714,322.2328796386719,42885600,0.0,0.0,MICROSOFT,MSFT
2021-12-01 00:00:00-05:00,326.6581359348588,330.70322067992856,321.0632489270515,321.73577880859375,33337600,0.0,0.0,MICROSOFT,MSFT
2021-12-02 00:00:00-05:00,321.95019634057,325.05955737688157,319.5133948855366,321.1606750488281,30766000,0.0,0.0,MICROSOFT,MSFT
2021-12-03 00:00:00-05:00,323.59748495707225,324.2895580055808,309.99039360562415,314.8445129394531,41779300,0.0,0.0,MICROSOFT,MSFT
2021-12-06 00:00:00-05:00,315.76075763824963,319.17227981787397,311.1600751090259,317.9441223144531,30032600,0.0,0.0,MICROSOFT,MSFT
2021-12-07 00:00:00-05:00,323.2563478589764,327.31115930058763,321.75526983487015,326.45343017578125,31021900,0.0,0.0,MICROSOFT,MSFT
2021-12-08 00:00:00-05:00,326.83353764022866,327.01873692011065,322.4375385432032,326.50213623046875,24761000,0.0,0.0,MICROSOFT,MSFT
2021-12-09 00:00:00-05:00,325.95632498751337,327.98373078188104,323.7242064464456,324.679443359375,22214200,0.0,0.0,MICROSOFT,MSFT
2021-12-10 00:00:00-05:00,326.51188323468114,334.32913092258076,326.32668396031227,333.8807678222656,38095700,0.0,0.0,MICROSOFT,MSFT
2021-12-13 00:00:00-05:00,332.0678010684715,335.09919754949823,330.508242186491,330.8201599121094,28899400,0.0,0.0,MICROSOFT,MSFT
2021-12-14 00:00:00-05:00,324.7964057833749,326.1805221503476,315.91668547821047,320.0397644042969,44438700,0.0,0.0,MICROSOFT,MSFT
2021-12-15 00:00:00-05:00,320.30292576159496,326.7166040409797,316.2968383277808,326.19024658203125,35381100,0.0,0.0,MICROSOFT,MSFT
2021-12-16 00:00:00-05:00,327.2234650346146,328.24693957714373,314.854257457037,316.6867370605469,35034800,0.0,0.0,MICROSOFT,MSFT
2021-12-17 00:00:00-05:00,312.76836484947194,316.70624457817166,309.23012415414564,315.6145324707031,47750300,0.0,0.0,MICROSOFT,MSFT
2021-12-20 00:00:00-05:00,311.9593213948863,314.639803090111,309.5420333036139,311.8228759765625,28326500,0.0,0.0,MICROSOFT,MSFT
2021-12-21 00:00:00-05:00,315.1174443405108,319.4452063660024,311.71564907625043,319.0163269042969,24740600,0.0,0.0,MICROSOFT,MSFT
2021-12-22 00:00:00-05:00,320.00076175693624,325.17652577417107,317.5152361201352,324.77691650390625,24831500,0.0,0.0,MICROSOFT,MSFT
2021-12-23 00:00:00-05:00,324.338317997192,327.8863156788129,324.3188342914887,326.2292785644531,19617800,0.0,0.0,MICROSOFT,MSFT
2021-12-27 00:00:00-05:00,326.97974351136725,333.8223007290445,326.9505030850571,333.7930603027344,19947000,0.0,0.0,MICROSOFT,MSFT
2021-12-28 00:00:00-05:00,334.4753456356352,335.11866475826764,331.71689960987686,332.6233825683594,15661500,0.0,0.0,MICROSOFT,MSFT
2021-12-29 00:00:00-05:00,332.6721024435411,335.59626401115304,331.09305995640824,333.3056945800781,15042000,0.0,0.0,MICROSOFT,MSFT
2021-12-30 00:00:00-05:00,333.26671018042197,334.4558704532569,330.2548272200859,330.7421875,15994500,0.0,0.0,MICROSOFT,MSFT
2021-12-31 00:00:00-05:00,329.9526640734258,330.78115274698564,327.3599038316659,327.8180236816406,18000800,0.0,0.0,MICROSOFT,MSFT
2022-01-03 00:00:00-05:00,326.87255803377127,329.45556166565535,321.44335717139757,326.2877197265625,28865100,0.0,0.0,MICROSOFT,MSFT
2022-01-04 00:00:00-05:00,326.365629860419,326.72630140776477,317.8758232083439,320.6927795410156,32674300,0.0,0.0,MICROSOFT,MSFT
2022-01-05 00:00:00-05:00,317.6224114863503,317.82712421089127,307.99219782288543,308.382080078125,40054300,0.0,0.0,MICROSOFT,MSFT
2022-01-06 00:00:00-05:00,305.233694846678,310.6434110479018,303.61565537319757,305.94525146484375,39646100,0.0,0.0,MICROSOFT,MSFT
2022-01-07 00:00:00-05:00,306.2084928374693,308.4990923634826,302.25112929300127,306.1012878417969,32720000,0.0,0.0,MICROSOFT,MSFT
2022-01-10 00:00:00-05:00,301.66627606546274,306.7640756318793,296.9876289739429,306.325439453125,44289500,0.0,0.0,MICROSOFT,MSFT
2022-01-11 00:00:00-05:00,305.45795812071515,308.6062867421379,302.05619261480143,307.01751708984375,29386800,0.0,0.0,MICROSOFT,MSFT
2022-01-12 00:00:00-05:00,311.58896744194254,315.23441320295166,309.06441474809145,310.2243347167969,34372200,0.0,0.0,MICROSOFT,MSFT
2022-01-13 00:00:00-05:00,312.3686704631875,312.7683094257435,296.31502311946934,297.09478759765625,45366000,0.0,0.0,MICROSOFT,MSFT
2022-01-14 00:00:00-05:00,296.5587679546553,302.9626899843131,296.0714076129057,302.3583679199219,39846400,0.0,0.0,MICROSOFT,MSFT
2022-01-18 00:00:00-05:00,296.38329232994903,301.9684221862575,294.112176732755,294.9991760253906,42333200,0.0,0.0,MICROSOFT,MSFT
2022-01-19 00:00:00-05:00,298.5471817056459,305.9745479382387,295.04793831177057,295.6619873046875,45933900,0.0,0.0,MICROSOFT,MSFT
2022-01-20 00:00:00-05:00,301.256840040859,303.7716055751713,293.5273144368202,293.9756774902344,35380700,0.0,0.0,MICROSOFT,MSFT
2022-01-21 00:00:00-05:00,295.0382133050915,296.42230005178664,288.1371740388165,288.54656982421875,57984400,0.0,0.0,MICROSOFT,MSFT
2022-01-24 00:00:00-05:00,284.8133615808606,289.59921338833715,269.0716006266445,288.8779296875,85731500,0.0,0.0,MICROSOFT,MSFT
2022-01-25 00:00:00-05:00,284.1506075344545,287.53289002679446,277.96115401986725,281.19720458984375,72848600,0.0,0.0,MICROSOFT,MSFT
2022-01-26 00:00:00-05:00,300.2041664546708,300.70128344362456,285.6223556577579,289.2093200683594,90428900,0.0,0.0,MICROSOFT,MSFT
2022-01-27 00:00:00-05:00,295.00894264093967,299.5316307918449,290.398503458779,292.2602233886719,53481300,0.0,0.0,MICROSOFT,MSFT
2022-01-28 00:00:00-05:00,292.64034188757194,300.6817858879267,287.00645867474344,300.46734619140625,49743700,0.0,0.0,MICROSOFT,MSFT
2022-01-31 00:00:00-05:00,301.1399402050038,304.4832247121305,298.6251444080618,303.1186218261719,46444500,0.0,0.0,MICROSOFT,MSFT
2022-02-01 00:00:00-05:00,302.5629641135355,302.7774037922161,297.4164415713082,300.9546813964844,40950400,0.0,0.0,MICROSOFT,MSFT
2022-02-02 00:00:00-05:00,301.80272213433227,307.1539283194446,301.07168173762904,305.535888671875,36636000,0.0,0.0,MICROSOFT,MSFT
2022-02-03 00:00:00-05:00,301.66623944086155,303.362273346169,292.3771542221462,293.6345520019531,43730000,0.0,0.0,MICROSOFT,MSFT
2022-02-04 00:00:00-05:00,292.62083445060097,300.99368001825854,292.3869110481771,298.20599365234375,35096500,0.0,0.0,MICROSOFT,MSFT
2022-02-07 00:00:00-05:00,298.4302055756614,300.0579722455786,292.318688654962,293.3421630859375,28533300,0.0,0.0,MICROSOFT,MSFT
2022-02-08 00:00:00-05:00,293.6345479157845,297.83559085233486,292.36742317591916,296.8608703613281,32421200,0.0,0.0,MICROSOFT,MSFT
2022-02-09 00:00:00-05:00,302.0366514726128,304.0445734219584,299.61936355089756,303.3427734375,31284700,0.0,0.0,MICROSOFT,MSFT
2022-02-10 00:00:00-05:00,296.35400136188343,301.3055679493219,293.0984387666677,294.7359619140625,45386200,0.0,0.0,MICROSOFT,MSFT
2022-02-11 00:00:00-05:00,295.52554040869245,296.5977390154296,286.7822954571139,287.5815734863281,39175600,0.0,0.0,MICROSOFT,MSFT
2022-02-14 00:00:00-05:00,286.3436549956421,289.25808976653775,283.98484784230527,287.5425720214844,36359500,0.0,0.0,MICROSOFT,MSFT
2022-02-15 00:00:00-05:00,292.425904480475,293.1959122523696,289.51146998047835,292.874267578125,27058300,0.0,0.0,MICROSOFT,MSFT
2022-02-16 00:00:00-05:00,291.4287541078805,293.87059443094495,286.8478592772018,292.532470703125,29982100,0.62,0.0,MICROSOFT,MSFT
2022-02-17 00:00:00-05:00,289.46545969099697,289.8952259052709,283.253433188046,283.9664611816406,32461600,0.0,0.0,MICROSOFT,MSFT
2022-02-18 00:00:00-05:00,286.2325126638836,287.0236665492463,279.64932064724337,281.23162841796875,34264000,0.0,0.0,MICROSOFT,MSFT
2022-02-22 00:00:00-05:00,278.3697358583344,284.75759709047884,277.88136790068825,281.0264587402344,41736100,0.0,0.0,MICROSOFT,MSFT
2022-02-23 00:00:00-05:00,283.4293068501427,284.9139649692923,273.5838189483352,273.7498474121094,37811200,0.0,0.0,MICROSOFT,MSFT
2022-02-24 00:00:00-05:00,266.17037359774605,288.29344108652936,265.20338455523887,287.7366943359375,56989700,0.0,0.0,MICROSOFT,MSFT
2022-02-25 00:00:00-05:00,288.2738711995005,290.7059342491932,284.8650423630225,290.39337158203125,32546700,0.0,0.0,MICROSOFT,MSFT
2022-02-28 00:00:00-05:00,287.4632007751888,292.1808528562022,286.1836788618156,291.8389892578125,34627500,0.0,0.0,MICROSOFT,MSFT
2022-03-01 00:00:00-05:00,289.5045672983534,292.9915222475187,285.35343897057174,288.08831787109375,31217800,0.0,0.0,MICROSOFT,MSFT
2022-03-02 00:00:00-05:00,288.4887987304695,294.45667259874045,286.86744281856204,293.2064514160156,31873000,0.0,0.0,MICROSOFT,MSFT
2022-03-03 00:00:00-05:00,295.84364980680374,296.0780569626088,287.20927533807935,289.0357971191406,27314500,0.0,0.0,MICROSOFT,MSFT
2022-03-04 00:00:00-05:00,287.44363162174074,288.7817551065831,280.48927641365003,283.1166687011719,32356500,0.0,0.0,MICROSOFT,MSFT
2022-03-07 00:00:00-05:00,281.81761195584653,282.9506291925248,272.05025281994557,272.4214172363281,43157200,0.0,0.0,MICROSOFT,MSFT
2022-03-08 00:00:00-05:00,271.3372651346265,277.3539628320421,263.7187358011951,269.4326477050781,48159500,0.0,0.0,MICROSOFT,MSFT
2022-03-09 00:00:00-05:00,276.8460484065981,282.8627456170692,274.2479271242844,281.788330078125,35204500,0.0,0.0,MICROSOFT,MSFT
2022-03-10 00:00:00-05:00,276.4357958767806,279.932527245234,274.0525577910819,278.9460144042969,30628000,0.0,0.0,MICROSOFT,MSFT
2022-03-11 00:00:00-05:00,281.2609372225898,282.7748961601966,272.92937894239424,273.55450439453125,27209300,0.0,0.0,MICROSOFT,MSFT
2022-03-14 00:00:00-04:00,273.8181756969653,278.76045763541293,269.4033395620521,270.0089111328125,30660700,0.0,0.0,MICROSOFT,MSFT
2022-03-15 00:00:00-04:00,273.8279339194195,281.1241527748077,272.2456264243549,280.4697265625,34245100,0.0,0.0,MICROSOFT,MSFT
2022-03-16 00:00:00-04:00,282.38418612747995,287.7171871966468,276.6117014641629,287.5413818359375,37826300,0.0,0.0,MICROSOFT,MSFT
2022-03-17 00:00:00-04:00,286.4669268253734,288.7329318263678,282.63810836228123,288.3520202636719,30816600,0.0,0.0,MICROSOFT,MSFT
2022-03-18 00:00:00-04:00,288.4985140123534,293.9975425847352,285.9199464145615,293.4407958984375,43390600,0.0,0.0,MICROSOFT,MSFT
2022-03-21 00:00:00-04:00,291.9366399088193,293.15755991953046,288.03944296544944,292.2003479003906,28351200,0.0,0.0,MICROSOFT,MSFT
2022-03-22 00:00:00-04:00,292.82542347385197,297.9044622950432,291.81938664594713,296.986328125,27599700,0.0,0.0,MICROSOFT,MSFT
2022-03-23 00:00:00-04:00,293.51899504521293,296.1757186114103,290.79389279350517,292.522705078125,25715400,0.0,0.0,MICROSOFT,MSFT
2022-03-24 00:00:00-04:00,292.1808189681649,297.1231007033061,291.3798883008595,297.0254211425781,24484500,0.0,0.0,MICROSOFT,MSFT
2022-03-25 00:00:00-04:00,298.1291626569943,298.3928706662837,292.32734799167207,296.6152038574219,22566500,0.0,0.0,MICROSOFT,MSFT
2022-03-28 00:00:00-04:00,297.25005982529126,303.5695430664441,297.25005982529126,303.4718933105469,29578200,0.0,0.0,MICROSOFT,MSFT
2022-03-29 00:00:00-04:00,306.60719218630373,308.4727614675404,301.86023986801433,308.0722961425781,30393400,0.0,0.0,MICROSOFT,MSFT
2022-03-30 00:00:00-04:00,306.46063883881243,308.59969265817347,304.3313321084251,306.55828857421875,28163600,0.0,0.0,MICROSOFT,MSFT
2022-03-31 00:00:00-04:00,306.5974014251346,307.8085742434031,300.7272387749314,301.137451171875,33422100,0.0,0.0,MICROSOFT,MSFT
2022-04-01 00:00:00-04:00,302.17282500075515,302.9151539322343,298.43193906959664,302.2216796875,27110500,0.0,0.0,MICROSOFT,MSFT
2022-04-04 00:00:00-04:00,302.87607102658353,307.77927515123645,302.5049065671156,307.6425476074219,24289600,0.0,0.0,MICROSOFT,MSFT
2022-04-05 00:00:00-04:00,305.9820887152526,307.5448723417732,302.6611921386578,303.647705078125,23156700,0.0,0.0,MICROSOFT,MSFT
2022-04-06 00:00:00-04:00,298.09010166302943,299.85799167231846,289.80736855645114,292.532470703125,40110400,0.0,0.0,MICROSOFT,MSFT
2022-04-07 00:00:00-04:00,289.758499121147,296.5858740762518,289.4557133522516,294.3589172363281,31411200,0.0,0.0,MICROSOFT,MSFT
2022-04-08 00:00:00-04:00,293.45058514528654,294.114758514282,289.3873595463898,290.0613098144531,24361900,0.0,0.0,MICROSOFT,MSFT
2022-04-11 00:00:00-04:00,285.0018343052239,285.80273525157804,278.3697878554464,278.6237487792969,34569300,0.0,0.0,MICROSOFT,MSFT
2022-04-12 00:00:00-04:00,282.5110953632232,283.97619928160407,273.9646558393346,275.4981384277344,30966700,0.0,0.0,MICROSOFT,MSFT
2022-04-13 00:00:00-04:00,276.1526389656906,281.86652193943553,274.7558835337126,280.9288635253906,21907200,0.0,0.0,MICROSOFT,MSFT
2022-04-14 00:00:00-04:00,281.38782437800955,281.6027074549684,272.82186179775454,273.3199768066406,28221600,0.0,0.0,MICROSOFT,MSFT
2022-04-18 00:00:00-04:00,272.42142695023347,275.8888276440718,271.8646803058073,273.99395751953125,20778000,0.0,0.0,MICROSOFT,MSFT
2022-04-19 00:00:00-04:00,272.8805798560502,279.5126273776436,271.93314449582255,278.662841796875,22297700,0.0,0.0,MICROSOFT,MSFT
2022-04-20 00:00:00-04:00,282.6674060462636,282.96044474494096,278.73116096907495,279.6981201171875,22906700,0.0,0.0,MICROSOFT,MSFT
2022-04-21 00:00:00-04:00,281.8664179722613,286.47661236829964,273.54463927592286,274.2771911621094,29454600,0.0,0.0,MICROSOFT,MSFT
2022-04-22 00:00:00-04:00,275.1269927943867,276.61165060997706,267.0200958152391,267.65496826171875,29405800,0.0,0.0,MICROSOFT,MSFT
2022-04-25 00:00:00-04:00,266.93221943989084,274.5702731546205,264.4708253695772,274.1893615722656,35678900,0.0,0.0,MICROSOFT,MSFT
2022-04-26 00:00:00-04:00,271.0442930649702,271.88427188176473,263.7187716307818,263.93365478515625,46518400,0.0,0.0,MICROSOFT,MSFT
2022-04-27 00:00:00-04:00,275.53728581973996,284.2009310765478,272.6656790296599,276.6312255859375,63477700,0.0,0.0,MICROSOFT,MSFT
2022-04-28 00:00:00-04:00,278.5553489961394,284.21065891974973,274.9121128968321,282.8920593261719,33646600,0.0,0.0,MICROSOFT,MSFT
2022-04-29 00:00:00-04:00,281.8958128477305,283.1362868654888,270.0675520892039,271.0638122558594,37073900,0.0,0.0,MICROSOFT,MSFT
2022-05-02 00:00:00-04:00,271.24936642596634,278.31117896291823,269.79403921596037,277.85211181640625,35151100,0.0,0.0,MICROSOFT,MSFT
2022-05-03 00:00:00-04:00,277.3540092554618,277.5200675285578,273.6326466342185,275.2247314453125,25978600,0.0,0.0,MICROSOFT,MSFT
2022-05-04 00:00:00-04:00,276.01576437773656,284.112912454021,270.2921069340389,283.2338562011719,33599300,0.0,0.0,MICROSOFT,MSFT
2022-05-05 00:00:00-04:00,278.89723724006825,279.6883911046849,267.9577808832732,270.89776611328125,43260400,0.0,0.0,MICROSOFT,MSFT
2022-05-06 00:00:00-04:00,268.4167793179081,272.75348892117427,264.9591260271714,268.3386535644531,37780300,0.0,0.0,MICROSOFT,MSFT
2022-05-09 00:00:00-04:00,263.7772665423057,266.0237469488618,257.1940768192163,258.42474365234375,47726000,0.0,0.0,MICROSOFT,MSFT
2022-05-10 00:00:00-04:00,265.3694008610631,267.3814745957865,258.9034134409699,263.2303466796875,39336400,0.0,0.0,MICROSOFT,MSFT
2022-05-11 00:00:00-04:00,259.4992475355475,265.0471015930842,253.26766626482927,254.48858642578125,48975900,0.0,0.0,MICROSOFT,MSFT
2022-05-12 00:00:00-04:00,251.69513538017614,253.83418988656118,244.20357106177636,249.40957641601562,51033800,0.0,0.0,MICROSOFT,MSFT
2022-05-13 00:00:00-04:00,251.36301930069266,256.92064960797495,249.40954727163364,255.04530334472656,34925100,0.0,0.0,MICROSOFT,MSFT
2022-05-16 00:00:00-04:00,253.91232188510395,259.6360112393335,249.8295719210436,255.41650390625,32550900,0.0,0.0,MICROSOFT,MSFT
2022-05-17 00:00:00-04:00,259.9192582812611,262.0876138576455,256.3541770797721,260.6127624511719,28828800,0.0,0.0,MICROSOFT,MSFT
2022-05-18 00:00:00-04:00,257.4798766012705,258.06728913926753,247.46459889192343,248.74710083007812,31356000,0.62,0.0,MICROSOFT,MSFT
2022-05-19 00:00:00-04:00,248.57088624180696,252.26177682297725,246.59329478297516,247.82684326171875,32692300,0.0,0.0,MICROSOFT,MSFT
2022-05-20 00:00:00-04:00,251.84076675260135,253.11349891147856,241.2674604629305,247.25900268554688,39199300,0.0,0.0,MICROSOFT,MSFT
2022-05-23 00:00:00-04:00,250.12751404871221,256.01136450516975,248.11073893484485,255.17919921875,33175400,0.0,0.0,MICROSOFT,MSFT
2022-05-24 00:00:00-04:00,252.47715229414266,255.84492252938776,248.1792798135891,254.1708221435547,29043900,0.0,0.0,MICROSOFT,MSFT
2022-05-25 00:00:00-04:00,252.72187577614946,259.02667817864454,251.7330652545858,257.0099182128906,28547900,0.0,0.0,MICROSOFT,MSFT
2022-05-26 00:00:00-04:00,256.7652158897939,261.5036257600117,255.94285019764496,260.31903076171875,25002100,0.0,0.0,MICROSOFT,MSFT
2022-05-27 00:00:00-04:00,262.8448420311824,267.60282038984076,261.9441389092218,267.5049133300781,26910800,0.0,0.0,MICROSOFT,MSFT
2022-05-31 00:00:00-04:00,266.80987767863127,269.0028528487479,263.28543195733954,266.1637268066406,37827700,0.0,0.0,MICROSOFT,MSFT
2022-06-01 00:00:00-04:00,269.4237974006691,271.86152485226245,264.37209783823954,266.7021484375,25292200,0.0,0.0,MICROSOFT,MSFT
2022-06-02 00:00:00-04:00,258.89947693179,268.88537143818104,256.1092895413846,268.81683349609375,44008200,0.0,0.0,MICROSOFT,MSFT
2022-06-03 00:00:00-04:00,264.636460617641,267.7105694939504,262.77634569587696,264.3525390625,28059000,0.0,0.0,MICROSOFT,MSFT
2022-06-06 00:00:00-04:00,266.34971573756184,268.4252141639937,261.611306341339,263.10919189453125,22400300,0.0,0.0,MICROSOFT,MSFT
2022-06-07 00:00:00-04:00,261.0434971660239,267.3972687467386,260.35817754202344,266.7804870605469,22860700,0.0,0.0,MICROSOFT,MSFT
2022-06-08 00:00:00-04:00,266.0070773823765,267.2700099708886,263.9511482533452,264.734375,17372300,0.0,0.0,MICROSOFT,MSFT
2022-06-09 00:00:00-04:00,262.1595327811504,266.98604925881506,259.075654478326,259.2322998046875,26439700,0.0,0.0,MICROSOFT,MSFT
2022-06-10 00:00:00-04:00,255.11068319081443,255.11068319081443,247.22965628404373,247.6800079345703,31422800,0.0,0.0,MICROSOFT,MSFT
2022-06-13 00:00:00-04:00,239.96535788758084,243.79329402149392,236.46049713735425,237.1751708984375,46135800,0.0,0.0,MICROSOFT,MSFT
2022-06-14 00:00:00-04:00,238.74161674348503,240.58216215513482,236.44093497892277,239.3583984375,28651500,0.0,0.0,MICROSOFT,MSFT
2022-06-15 00:00:00-04:00,243.0982146588426,249.94150680394728,241.24788449957697,246.47579956054688,33111700,0.0,0.0,MICROSOFT,MSFT
2022-06-16 00:00:00-04:00,240.81710376437903,242.22688189014661,237.91923978454233,239.82830810546875,33169200,0.0,0.0,MICROSOFT,MSFT
2022-06-17 00:00:00-04:00,239.56397755695406,245.24224408024898,238.90804201012048,242.45205688476562,43084800,0.0,0.0,MICROSOFT,MSFT
2022-06-21 00:00:00-04:00,245.00727671939478,249.40304129416464,244.27301850164946,248.41424560546875,29928300,0.0,0.0,MICROSOFT,MSFT
2022-06-22 00:00:00-04:00,246.60302260838063,251.7722132247675,245.11492205307957,247.81700134277344,25939900,0.0,0.0,MICROSOFT,MSFT
2022-06-23 00:00:00-04:00,250.20581826365253,253.926047664145,248.30653476255785,253.42674255371094,25861400,0.0,0.0,MICROSOFT,MSFT
2022-06-24 00:00:00-04:00,256.3148490769033,262.35535965816274,256.22674167848834,262.08123779296875,33923200,0.0,0.0,MICROSOFT,MSFT
2022-06-27 00:00:00-04:00,262.580493533295,262.668600925161,257.7539771798243,259.3302001953125,24615100,0.0,0.0,MICROSOFT,MSFT
2022-06-28 00:00:00-04:00,258.4393071868514,261.30780194280726,250.94008013519854,251.0967254638672,27295500,0.0,0.0,MICROSOFT,MSFT
2022-06-29 00:00:00-04:00,252.18336106497506,256.4714326847275,250.3917697024554,254.79733276367188,20069800,0.0,0.0,MICROSOFT,MSFT
2022-06-30 00:00:00-04:00,251.65476044172237,254.08271842769943,247.59187085039693,251.4393768310547,31730900,0.0,0.0,MICROSOFT,MSFT
2022-07-01 00:00:00-04:00,251.00862027317996,254.317652035355,249.26596711884596,254.1316375732422,22837700,0.0,0.0,MICROSOFT,MSFT
2022-07-05 00:00:00-04:00,250.78348231971302,257.46034506862827,249.39328837606578,257.33306884765625,22941000,0.0,0.0,MICROSOFT,MSFT
2022-07-06 00:00:00-04:00,258.2141389786212,262.36513586069475,256.89246821602336,260.62249755859375,23824400,0.0,0.0,MICROSOFT,MSFT
2022-07-07 00:00:00-04:00,259.55538571449324,263.4126913580876,259.4574786412816,262.76654052734375,20859900,0.0,0.0,MICROSOFT,MSFT
2022-07-08 00:00:00-04:00,259.23232699457765,262.47285096364976,257.76381051758267,262.0420837402344,19658800,0.0,0.0,MICROSOFT,MSFT
2022-07-11 00:00:00-04:00,260.07421719413753,260.93575149220965,256.67704846885334,258.9581604003906,19455200,0.0,0.0,MICROSOFT,MSFT
2022-07-12 00:00:00-04:00,260.2994652506677,260.35820352406733,246.74994083544664,248.34573364257812,35868500,0.0,0.0,MICROSOFT,MSFT
2022-07-13 00:00:00-04:00,244.93876800231624,248.22824560715893,242.9024233004115,247.41566467285156,29497400,0.0,0.0,MICROSOFT,MSFT
2022-07-14 00:00:00-04:00,245.3107778168034,249.78485003382096,240.77795239516902,248.74710083007812,25102800,0.0,0.0,MICROSOFT,MSFT
2022-07-15 00:00:00-04:00,250.35266939452197,254.90506411959618,249.42261202406303,251.33168029785156,29774100,0.0,0.0,MICROSOFT,MSFT
2022-07-18 00:00:00-04:00,254.2980729574768,255.36519121832876,247.98345584671802,248.91351318359375,20975000,0.0,0.0,MICROSOFT,MSFT
2022-07-19 00:00:00-04:00,252.17361939367356,254.2687171015095,248.35548278462542,254.08270263671875,25012600,0.0,0.0,MICROSOFT,MSFT
2022-07-20 00:00:00-04:00,254.44491628080533,259.3106014451574,253.4757050910402,256.7651672363281,22788300,0.0,0.0,MICROSOFT,MSFT
2022-07-21 00:00:00-04:00,254.33728671126292,259.3302489958565,251.63520667740252,259.2812805175781,22404700,0.0,0.0,MICROSOFT,MSFT
2022-07-22 00:00:00-04:00,259.6728105562889,259.76091794152586,253.6323307555288,254.89523315429688,21881300,0.0,0.0,MICROSOFT,MSFT
2022-07-25 00:00:00-04:00,255.52186688402224,256.0113723761372,251.41980846993513,253.39739990234375,21056000,0.0,0.0,MICROSOFT,MSFT
2022-07-26 00:00:00-04:00,254.40574137131446,254.42534070932976,244.33174138551718,246.61282348632812,39348000,0.0,0.0,MICROSOFT,MSFT
2022-07-27 00:00:00-04:00,255.67847616643652,264.3818670526716,253.4169635019874,263.099365234375,45994000,0.0,0.0,MICROSOFT,MSFT
2022-07-28 00:00:00-04:00,264.08821223368335,272.00840748799504,262.2476668083171,270.6084289550781,33459300,0.0,0.0,MICROSOFT,MSFT
2022-07-29 00:00:00-04:00,271.871332111681,276.08106692604906,270.8237833042732,274.8475036621094,32152800,0.0,0.0,MICROSOFT,MSFT
2022-08-01 00:00:00-04:00,271.98885123698966,275.37622103162886,270.05039864390653,272.17486572265625,21539600,0.0,0.0,MICROSOFT,MSFT
2022-08-02 00:00:00-04:00,270.20698339711424,272.05732816787753,266.66296904737686,269.0517578125,22754200,0.0,0.0,MICROSOFT,MSFT
2022-08-03 00:00:00-04:00,270.9511148885961,277.54963997857817,270.8042393255942,276.541259765625,23518900,0.0,0.0,MICROSOFT,MSFT
2022-08-04 00:00:00-04:00,275.8852654718878,277.8432873130709,274.28950276803903,277.6964416503906,18098700,0.0,0.0,MICROSOFT,MSFT
2022-08-05 00:00:00-04:00,273.2908942181647,277.69644338839964,272.8307578875251,276.97198486328125,16774600,0.0,0.0,MICROSOFT,MSFT
2022-08-08 00:00:00-04:00,278.08806276041804,279.91883842819703,273.4573598490417,274.4363708496094,18739200,0.0,0.0,MICROSOFT,MSFT
2022-08-09 00:00:00-04:00,273.7706434744483,277.138413742607,271.78322251262296,276.3747863769531,23405200,0.0,0.0,MICROSOFT,MSFT
2022-08-10 00:00:00-04:00,282.12160899696113,283.727171478026,280.91741472837924,283.0908203125,24687800,0.0,0.0,MICROSOFT,MSFT
2022-08-11 00:00:00-04:00,284.7453564145497,285.0977860349163,280.49645224354316,280.9957275390625,20065900,0.0,0.0,MICROSOFT,MSFT
2022-08-12 00:00:00-04:00,282.4251410897665,285.78314208984375,280.91745558638644,285.78314208984375,22619700,0.0,0.0,MICROSOFT,MSFT
2022-08-15 00:00:00-04:00,284.8921448459277,288.0053920417959,284.0208108866918,287.310302734375,18085700,0.0,0.0,MICROSOFT,MSFT
2022-08-16 00:00:00-04:00,285.8613951070731,287.86838546238494,284.3243706362281,286.5662841796875,18102900,0.0,0.0,MICROSOFT,MSFT
2022-08-17 00:00:00-04:00,284.26074503036756,287.8024922351744,283.99586175307365,285.8108825683594,18253400,0.62,0.0,MICROSOFT,MSFT
2022-08-18 00:00:00-04:00,284.7021671501855,286.38964111867284,283.6131429906463,284.68255615234375,17186200,0.0,0.0,MICROSOFT,MSFT
2022-08-19 00:00:00-04:00,283.43661174699906,283.77999889191807,280.15977801470655,280.7386169433594,20570000,0.0,0.0,MICROSOFT,MSFT
2022-08-22 00:00:00-04:00,276.74553820164914,277.11835676666374,271.9774606144584,272.4974365234375,25061100,0.0,0.0,MICROSOFT,MSFT
2022-08-23 00:00:00-04:00,271.21221923828125,273.58643762124234,270.19187839396074,271.21221923828125,17527400,0.0,0.0,MICROSOFT,MSFT
2022-08-24 00:00:00-04:00,270.20170534254487,271.98729437780435,269.9073606997729,270.57452392578125,18137000,0.0,0.0,MICROSOFT,MSFT
2022-08-25 00:00:00-04:00,272.0853857878454,273.74342851137396,269.32852822894,273.57666015625,16583400,0.0,0.0,MICROSOFT,MSFT
2022-08-26 00:00:00-04:00,273.8022681646015,275.0384497194847,262.91220567990086,263.0201110839844,27549300,0.0,0.0,MICROSOFT,MSFT
2022-08-29 00:00:00-04:00,260.82250375792574,262.34317965664627,258.8603258548237,260.2142333984375,20338500,0.0,0.0,MICROSOFT,MSFT
2022-08-30 00:00:00-04:00,261.62702008142634,261.99980875611,255.73066553661042,257.9969787597656,22767100,0.0,0.0,MICROSOFT,MSFT
2022-08-31 00:00:00-04:00,260.37118048207236,262.0586245366668,256.3879322638469,256.5252990722656,24791800,0.0,0.0,MICROSOFT,MSFT
2022-09-01 00:00:00-04:00,253.97450570006126,255.95632465023138,250.57994612921527,255.47557067871094,23263400,0.0,0.0,MICROSOFT,MSFT
2022-09-02 00:00:00-04:00,256.750992201136,259.7334810753539,249.65770825854173,251.21763610839844,22855400,0.0,0.0,MICROSOFT,MSFT
2022-09-06 00:00:00-04:00,251.35500938776303,252.9541592798568,247.175560739785,248.46078491210938,21328200,0.0,0.0,MICROSOFT,MSFT
2022-09-07 00:00:00-04:00,249.88336788765054,253.93525531975658,248.4313603443134,253.20925903320312,24126700,0.0,0.0,MICROSOFT,MSFT
2022-09-08 00:00:00-04:00,252.64022403977734,255.50498699514992,249.97164593908045,253.631103515625,20319900,0.0,0.0,MICROSOFT,MSFT
2022-09-09 00:00:00-04:00,255.57369702249932,260.2142589984414,255.36767670573366,259.45880126953125,22084700,0.0,0.0,MICROSOFT,MSFT
2022-09-12 00:00:00-04:00,260.7538486673385,262.3922805681885,260.1455782417831,261.6073913574219,18747700,0.0,0.0,MICROSOFT,MSFT
2022-09-13 00:00:00-04:00,253.94507535967452,255.47557181765183,246.8321800482627,247.22462463378906,33353300,0.0,0.0,MICROSOFT,MSFT
2022-09-14 00:00:00-04:00,248.73548047785985,249.42223974931642,245.13488582515313,247.45025634765625,23913000,0.0,0.0,MICROSOFT,MSFT
2022-09-15 00:00:00-04:00,245.04660414201646,246.64576903500318,239.40534238233946,240.7396240234375,31530900,0.0,0.0,MICROSOFT,MSFT
2022-09-16 00:00:00-04:00,239.6407913596488,240.66113229279696,237.48239857523066,240.11172485351562,39791800,0.0,0.0,MICROSOFT,MSFT
2022-09-19 00:00:00-04:00,237.88463868375473,240.50414438140064,236.29527937670042,239.8958740234375,26826900,0.0,0.0,MICROSOFT,MSFT
2022-09-20 00:00:00-04:00,237.49223235332934,238.9049880034,235.10817818901293,237.8650360107422,26660300,0.0,0.0,MICROSOFT,MSFT
2022-09-21 00:00:00-04:00,239.6505984421626,242.97648933436415,234.3821406793013,234.4311981201172,28625600,0.0,0.0,MICROSOFT,MSFT
2022-09-22 00:00:00-04:00,233.37163368170988,239.2483621316913,233.07731896036304,236.42282104492188,31061200,0.0,0.0,MICROSOFT,MSFT
2022-09-23 00:00:00-04:00,235.01004414767513,236.56998697978776,230.75212163137076,233.42068481445312,34176000,0.0,0.0,MICROSOFT,MSFT
2022-09-26 00:00:00-04:00,232.56713462377124,236.88391994203184,232.41996230164452,232.95956420898438,27694200,0.0,0.0,MICROSOFT,MSFT
2022-09-27 00:00:00-04:00,235.44173471645922,237.2273238873884,230.06537117241018,231.9392547607422,27018700,0.0,0.0,MICROSOFT,MSFT
2022-09-28 00:00:00-04:00,232.3316601019056,237.74727502362418,230.290993392704,236.5111083984375,29029700,0.0,0.0,MICROSOFT,MSFT
2022-09-29 00:00:00-04:00,234.37234957979894,235.41230151998565,229.97707507080545,233.00863647460938,27484200,0.0,0.0,MICROSOFT,MSFT
2022-09-30 00:00:00-04:00,233.78368980669143,235.99114004331733,228.32883739497714,228.49562072753906,35694800,0.0,0.0,MICROSOFT,MSFT
2022-10-03 00:00:00-04:00,230.9581716153552,237.04092059335576,230.22235484454313,236.1873779296875,28880400,0.0,0.0,MICROSOFT,MSFT
2022-10-04 00:00:00-04:00,240.4551107861374,245.6254542522616,240.3471903922256,244.17344665527344,34888400,0.0,0.0,MICROSOFT,MSFT
2022-10-05 00:00:00-04:00,241.33807854586993,245.84127327729118,239.48382101115357,244.48736572265625,20347100,0.0,0.0,MICROSOFT,MSFT
2022-10-06 00:00:00-04:00,243.24139621855934,245.60582437562348,241.4263904937324,242.12295532226562,20239900,0.0,0.0,MICROSOFT,MSFT
2022-10-07 00:00:00-04:00,236.34432868826758,236.75639923261386,228.76051508396571,229.81028747558594,37769600,0.0,0.0,MICROSOFT,MSFT
2022-10-10 00:00:00-04:00,228.64279885880444,230.124237888126,222.44230907337158,224.91465759277344,29743600,0.0,0.0,MICROSOFT,MSFT
2022-10-11 00:00:00-04:00,223.31547616565618,224.72824673845577,219.87185912212996,221.14727783203125,30474000,0.0,0.0,MICROSOFT,MSFT
2022-10-12 00:00:00-04:00,221.1374630685029,223.5509486876991,219.72470742947053,221.48085021972656,21903900,0.0,0.0,MICROSOFT,MSFT
2022-10-13 00:00:00-04:00,215.69241768837264,231.63511357251895,214.9860324269644,229.81028747558594,42551800,0.0,0.0,MICROSOFT,MSFT
2022-10-14 00:00:00-04:00,231.0856670549966,232.75353011885522,224.02183014829646,224.2376708984375,30198600,0.0,0.0,MICROSOFT,MSFT
2022-10-17 00:00:00-04:00,231.36043200869605,234.4410510941552,230.69328365560816,233.0380859375,28142300,0.0,0.0,MICROSOFT,MSFT
2022-10-18 00:00:00-04:00,238.64006704630611,239.31700580556577,230.91888730052224,233.9897003173828,26329600,0.0,0.0,MICROSOFT,MSFT
2022-10-19 00:00:00-04:00,232.55734204359175,235.0787480901715,229.8593471535569,232.0079345703125,19985700,0.0,0.0,MICROSOFT,MSFT
2022-10-20 00:00:00-04:00,231.31136992407428,236.7465966838985,230.42838079535574,231.68417358398438,21811000,0.0,0.0,MICROSOFT,MSFT
2022-10-21 00:00:00-04:00,230.3008184573906,238.4046075468616,230.06535172732117,237.54124450683594,26299700,0.0,0.0,MICROSOFT,MSFT
2022-10-24 00:00:00-04:00,239.1502433527389,243.15308817044743,236.73677285558932,242.57424926757812,24911200,0.0,0.0,MICROSOFT,MSFT
2022-10-25 00:00:00-04:00,242.58408784991528,246.29260348657712,241.1811376089014,245.9197998046875,34775500,0.0,0.0,MICROSOFT,MSFT
2022-10-26 00:00:00-04:00,226.7983690323727,233.79353921632074,225.70935951536484,226.94554138183594,82543200,0.0,0.0,MICROSOFT,MSFT
2022-10-27 00:00:00-04:00,226.67077896987985,229.27067360699243,221.51025660626811,222.4619140625,40424600,0.0,0.0,MICROSOFT,MSFT
2022-10-28 00:00:00-04:00,221.96159222574866,232.1256753900891,221.77518291087358,231.4094696044922,40647700,0.0,0.0,MICROSOFT,MSFT
2022-10-31 00:00:00-04:00,229.33938418028634,230.47745113685133,226.778741013131,227.74021911621094,28357300,0.0,0.0,MICROSOFT,MSFT
2022-11-01 00:00:00-04:00,230.1634819826668,231.2819228273095,223.03096086653287,223.85507202148438,30592300,0.0,0.0,MICROSOFT,MSFT
2022-11-02 00:00:00-04:00,225.12070805858113,226.92590838234673,215.87883570294528,215.93771362304688,38407000,0.0,0.0,MICROSOFT,MSFT
2022-11-03 00:00:00-04:00,215.9278589801878,216.24181462345317,209.93340501992972,210.19830322265625,36633900,0.0,0.0,MICROSOFT,MSFT
2022-11-04 00:00:00-04:00,213.43591468412285,217.39950765239473,209.39381782928885,217.2032928466797,36789100,0.0,0.0,MICROSOFT,MSFT
2022-11-07 00:00:00-05:00,217.79193724429376,224.09052638668862,217.09535751618367,223.56072998046875,33498000,0.0,0.0,MICROSOFT,MSFT
2022-11-08 00:00:00-05:00,224.37507150980804,227.26928132637116,221.56915611834017,224.54185485839844,28192500,0.0,0.0,MICROSOFT,MSFT
2022-11-09 00:00:00-05:00,223.0701973172933,224.30637901705902,220.08769339529874,220.2642822265625,27852900,0.0,0.0,MICROSOFT,MSFT
2022-11-10 00:00:00-05:00,230.97776976542943,238.72838163553394,230.55590869268073,238.38499450683594,46268000,0.0,0.0,MICROSOFT,MSFT
2022-11-11 00:00:00-05:00,238.39482299238406,243.30026802310758,237.3548560708773,242.43690490722656,34620200,0.0,0.0,MICROSOFT,MSFT
2022-11-14 00:00:00-05:00,237.41373722789717,239.29742634898736,234.68631095119292,236.9820556640625,31123300,0.0,0.0,MICROSOFT,MSFT
2022-11-15 00:00:00-05:00,241.01434026213994,242.3289959998098,235.49080410535458,237.3941192626953,31390100,0.0,0.0,MICROSOFT,MSFT
2022-11-16 00:00:00-05:00,238.86989389331643,239.8635959906748,236.5381648360028,237.82701110839844,24093300,0.68,0.0,MICROSOFT,MSFT
2022-11-17 00:00:00-05:00,233.94076232565072,239.32244397281602,233.79319025622567,237.7777862548828,23123500,0.0,0.0,MICROSOFT,MSFT
2022-11-18 00:00:00-05:00,239.57825993462248,239.80455714259514,235.1705986265433,237.3252410888672,27613500,0.0,0.0,MICROSOFT,MSFT
2022-11-21 00:00:00-05:00,237.53183084108053,240.71952276036882,237.29571552200488,238.14183044433594,26394700,0.0,0.0,MICROSOFT,MSFT
2022-11-22 00:00:00-05:00,239.65694805051498,241.3491778193643,236.8234592616191,241.07369995117188,19665700,0.0,0.0,MICROSOFT,MSFT
2022-11-23 00:00:00-05:00,241.15242971797383,244.27124477545462,240.32599604602203,243.58255004882812,19508500,0.0,0.0,MICROSOFT,MSFT
2022-11-25 00:00:00-05:00,243.3169017902186,244.68445808926964,242.7462647356796,243.49400329589844,9200800,0.0,0.0,MICROSOFT,MSFT
2022-11-28 00:00:00-05:00,242.10676227453544,242.66755117430998,236.9120150388511,237.85650634765625,24778200,0.0,0.0,MICROSOFT,MSFT
2022-11-29 00:00:00-05:00,237.50233137128112,238.86988772585056,234.36384996253275,236.44961547851562,17956300,0.0,0.0,MICROSOFT,MSFT
2022-11-30 00:00:00-05:00,236.68571974219154,251.20739666317635,235.98717692730537,251.0204620361328,47594200,0.0,0.0,MICROSOFT,MSFT
2022-12-01 00:00:00-05:00,249.77097615420297,251.98464735267424,246.86861025202438,250.57774353027344,26041500,0.0,0.0,MICROSOFT,MSFT
2022-12-02 00:00:00-05:00,245.78636793576652,251.92560615006704,245.65846213549597,250.90240478515625,21528500,0.0,0.0,MICROSOFT,MSFT
2022-12-05 00:00:00-05:00,247.9410056269265,249.72179372232623,244.0547858859714,246.1602325439453,23435300,0.0,0.0,MICROSOFT,MSFT
2022-12-06 00:00:00-05:00,246.77024117489478,247.7934426203342,239.84390134643746,241.16226196289062,22463700,0.0,0.0,MICROSOFT,MSFT
2022-12-07 00:00:00-05:00,240.87692627469752,242.18545362268668,238.2992341374474,240.42434692382812,20481500,0.0,0.0,MICROSOFT,MSFT
2022-12-08 00:00:00-05:00,240.8867626796098,244.72380153717523,239.13550410285853,243.40542602539062,22611800,0.0,0.0,MICROSOFT,MSFT
2022-12-09 00:00:00-05:00,240.7490215249227,244.30073433851274,240.21774707912041,241.4573974609375,20609700,0.0,0.0,MICROSOFT,MSFT
2022-12-12 00:00:00-05:00,243.45462444248952,248.46243677684973,243.17914657423827,248.43292236328125,30665100,0.0,0.0,MICROSOFT,MSFT
2022-12-13 00:00:00-05:00,257.46470027714764,259.65870503412447,248.98388542548332,252.771728515625,42196900,0.0,0.0,MICROSOFT,MSFT
2022-12-14 00:00:00-05:00,252.97838179252008,258.35021618242786,250.20390632883763,253.06692504882812,35410900,0.0,0.0,MICROSOFT,MSFT
2022-12-15 00:00:00-05:00,249.62339914055133,250.09564478340477,243.34640679576722,244.98944091796875,35560400,0.0,0.0,MICROSOFT,MSFT
2022-12-16 00:00:00-05:00,244.53688867238014,245.80605359181683,239.57825663325374,240.7392120361328,86102000,0.0,0.0,MICROSOFT,MSFT
2022-12-19 00:00:00-05:00,240.90647213192395,241.25082700986405,234.85577651180688,236.5676727294922,29696400,0.0,0.0,MICROSOFT,MSFT
2022-12-20 00:00:00-05:00,235.53461567582775,238.9879524437575,234.5704430654071,237.8958740234375,25150800,0.0,0.0,MICROSOFT,MSFT
2022-12-21 00:00:00-05:00,237.78763330683194,241.65417163215534,236.23314246223012,240.48338317871094,23690600,0.0,0.0,MICROSOFT,MSFT
2022-12-22 00:00:00-05:00,237.36458564281799,238.08280979613724,230.09390594886284,234.3441619873047,28651700,0.0,0.0,MICROSOFT,MSFT
2022-12-23 00:00:00-05:00,232.29773494288432,235.0131661856755,230.16277387315782,234.87542724609375,21207000,0.0,0.0,MICROSOFT,MSFT
2022-12-27 00:00:00-05:00,234.8459294285658,235.07221162835242,232.02227346137494,233.134033203125,16688600,0.0,0.0,MICROSOFT,MSFT
2022-12-28 00:00:00-05:00,233.0651514363268,235.8494597947178,230.38906760820606,230.74325561523438,17457100,0.0,0.0,MICROSOFT,MSFT
2022-12-29 00:00:00-05:00,231.84516434854868,238.01393247358996,231.84516434854868,237.11862182617188,19770700,0.0,0.0,MICROSOFT,MSFT
2022-12-30 00:00:00-05:00,234.36385526299418,236.08559966982293,232.83887864303333,235.94786071777344,21938500,0.0,0.0,MICROSOFT,MSFT
2023-01-03 00:00:00-05:00,239.15520429761872,241.78209237051,233.56690642131554,235.7117156982422,25740000,0.0,0.0,MICROSOFT,MSFT
2023-01-04 00:00:00-05:00,228.52957274245693,229.11004291520683,222.31162417160007,225.4009246826172,50623400,0.0,0.0,MICROSOFT,MSFT
2023-01-05 00:00:00-05:00,223.53161093552876,223.87596581760184,218.17944312939204,218.72056579589844,39585600,0.0,0.0,MICROSOFT,MSFT
2023-01-06 00:00:00-05:00,219.39941748911133,222.11484882127704,215.80835679526612,221.29824829101562,43613600,0.0,0.0,MICROSOFT,MSFT
2023-01-09 00:00:00-05:00,222.79368536979769,227.5063533806517,222.7543378240805,223.45286560058594,27369800,0.0,0.0,MICROSOFT,MSFT
2023-01-10 00:00:00-05:00,224.08254092830623,227.57522499630332,223.65949099112012,225.1549530029297,27033900,0.0,0.0,MICROSOFT,MSFT
2023-01-11 00:00:00-05:00,227.55556523215847,232.14032807576052,227.37847873354642,231.96324157714844,28669300,0.0,0.0,MICROSOFT,MSFT
2023-01-12 00:00:00-05:00,231.46144119222973,236.0265222554612,229.78889272308874,234.65896606445312,27269500,0.0,0.0,MICROSOFT,MSFT
2023-01-13 00:00:00-05:00,233.17336543655554,235.50509428694716,231.1269476008542,235.3673553466797,21333300,0.0,0.0,MICROSOFT,MSFT
2023-01-17 00:00:00-05:00,234.12769193140784,237.02022452941694,233.26189577624385,236.46926879882812,29831300,0.0,0.0,MICROSOFT,MSFT
2023-01-18 00:00:00-05:00,237.6695866357853,238.46650586867912,231.71726771845104,232.00257873535156,30028700,0.0,0.0,MICROSOFT,MSFT
2023-01-19 00:00:00-05:00,230.0053621493848,231.71727332949797,226.95540907287057,228.1852264404297,28623000,0.0,0.0,MICROSOFT,MSFT
2023-01-20 00:00:00-05:00,231.06792738702072,236.85299311880186,230.72357251730264,236.3413848876953,35389800,0.0,0.0,MICROSOFT,MSFT
2023-01-23 00:00:00-05:00,237.20718471225808,241.2114623364872,235.78058452677067,238.6632843017578,31934000,0.0,0.0,MICROSOFT,MSFT
2023-01-24 00:00:00-05:00,238.58456791948572,240.01115305507722,236.55783131151753,238.13198852539062,40234400,0.0,0.0,MICROSOFT,MSFT
2023-01-25 00:00:00-05:00,230.69406818600342,239.37166716301243,227.17186927109466,236.72509765625,66526600,0.0,0.0,MICROSOFT,MSFT
2023-01-26 00:00:00-05:00,239.71598774705066,244.30075035222444,238.0926348778509,243.99575805664062,33454500,0.0,0.0,MICROSOFT,MSFT
2023-01-27 00:00:00-05:00,244.96978350702662,245.79621716500495,242.8446555187233,244.15318298339844,26498900,0.0,0.0,MICROSOFT,MSFT
2023-01-30 00:00:00-05:00,240.56210845799185,241.63452060404668,238.2894083814615,238.7911834716797,25867400,0.0,0.0,MICROSOFT,MSFT
2023-01-31 00:00:00-05:00,239.519249182612,243.94659210655092,239.0273221910632,243.80885314941406,26541100,0.0,0.0,MICROSOFT,MSFT
2023-02-01 00:00:00-05:00,243.99573152355342,251.0597942867026,241.50658272150406,248.66903686523438,31259900,0.0,0.0,MICROSOFT,MSFT
2023-02-02 00:00:00-05:00,254.64108421117447,260.41630204077023,253.09642631786974,260.3277587890625,39940400,0.0,0.0,MICROSOFT,MSFT
2023-02-03 00:00:00-05:00,255.34942306481736,259.93418536512996,252.9488173964162,254.1786346435547,29077300,0.0,0.0,MICROSOFT,MSFT
2023-02-06 00:00:00-05:00,253.28334080672707,254.129440716698,250.666285929055,252.6241455078125,22518000,0.0,0.0,MICROSOFT,MSFT
2023-02-07 00:00:00-05:00,256.3234082373286,264.430353274804,255.8806620537984,263.2398986816406,50841400,0.0,0.0,MICROSOFT,MSFT
2023-02-08 00:00:00-05:00,268.7889065089116,272.2914241084485,261.91174710026456,262.4233703613281,54686000,0.0,0.0,MICROSOFT,MSFT
2023-02-09 00:00:00-05:00,269.3791495380561,269.5562660350843,258.5567580952953,259.363525390625,42375100,0.0,0.0,MICROSOFT,MSFT
2023-02-10 00:00:00-05:00,257.30730144649624,259.8259649519676,256.45135338348246,258.8519592285156,25818500,0.0,0.0,MICROSOFT,MSFT
2023-02-13 00:00:00-05:00,263.31863435875414,270.16624811152997,262.83652560016196,266.939208984375,44630900,0.0,0.0,MICROSOFT,MSFT
2023-02-14 00:00:00-05:00,268.26740904139825,270.53026060431904,264.9321304938372,267.7754821777344,37047900,0.0,0.0,MICROSOFT,MSFT
2023-02-15 00:00:00-05:00,264.6488747898258,267.02590497768625,262.5381396478936,265.63519287109375,28922400,0.68,0.0,MICROSOFT,MSFT
2023-02-16 00:00:00-05:00,260.4076728209646,263.0904590395369,258.31668343443744,258.5632629394531,29603600,0.0,0.0,MICROSOFT,MSFT
2023-02-17 00:00:00-05:00,255.84107105146936,256.53147567397895,252.49743818375117,254.5292510986328,30000100,0.0,0.0,MICROSOFT,MSFT
2023-02-21 00:00:00-05:00,250.99823082473256,251.9944217573943,248.14777206151032,249.21299743652344,28397400,0.0,0.0,MICROSOFT,MSFT
2023-02-22 00:00:00-05:00,250.61356544983659,250.8601449778206,246.91487253007625,248.06886291503906,22491100,0.0,0.0,MICROSOFT,MSFT
2023-02-23 00:00:00-05:00,252.0634712378697,253.32595730208965,247.05297308611262,251.28428649902344,29219100,0.0,0.0,MICROSOFT,MSFT
2023-02-24 00:00:00-05:00,246.54007672843568,247.56584092140017,244.70552447657911,245.81019592285156,24990900,0.0,0.0,MICROSOFT,MSFT
2023-02-27 00:00:00-05:00,249.00588520460076,249.36096033836793,245.97788127913898,246.7373504638672,21190000,0.0,0.0,MICROSOFT,MSFT
2023-02-28 00:00:00-05:00,245.6622592388617,248.04914726252943,245.32689964295895,246.00746154785156,22491000,0.0,0.0,MICROSOFT,MSFT
2023-03-01 00:00:00-05:00,247.32914810553203,247.49682039467623,242.42714541400443,242.9005889892578,27565300,0.0,0.0,MICROSOFT,MSFT
2023-03-02 00:00:00-05:00,243.17675362806392,247.96038783673535,242.24961211812996,247.6743621826172,24808200,0.0,0.0,MICROSOFT,MSFT
2023-03-03 00:00:00-05:00,248.7395875481217,252.12265172674685,247.95052998356692,251.7971649169922,30760100,0.0,0.0,MICROSOFT,MSFT
2023-03-06 00:00:00-05:00,252.92156263851766,256.56107911582933,252.47772246933792,253.3555450439453,24109800,0.0,0.0,MICROSOFT,MSFT
2023-03-07 00:00:00-05:00,252.79330730594418,254.1643038604429,249.92313318291028,250.6727294921875,21473200,0.0,0.0,MICROSOFT,MSFT
2023-03-08 00:00:00-05:00,250.56424163422204,251.05740068054592,247.3784384089754,250.22889709472656,17340200,0.0,0.0,MICROSOFT,MSFT
2023-03-09 00:00:00-05:00,252.31991130747735,256.00873148264196,248.13791701716175,248.8677978515625,26653400,0.0,0.0,MICROSOFT,MSFT
2023-03-10 00:00:00-05:00,247.64476514837403,249.33136077212063,244.212382169328,245.18882751464844,28333900,0.0,0.0,MICROSOFT,MSFT
2023-03-13 00:00:00-04:00,244.0151089187801,254.38132250393278,242.36795938303734,250.44590759277344,33339700,0.0,0.0,MICROSOFT,MSFT
2023-03-14 00:00:00-04:00,253.2371599508845,257.4980611612143,252.35933748625902,257.2218933105469,33620300,0.0,0.0,MICROSOFT,MSFT
2023-03-15 00:00:00-04:00,256.42302986650344,262.83409850139134,255.6635455488037,261.8083190917969,46028000,0.0,0.0,MICROSOFT,MSFT
2023-03-16 00:00:00-04:00,261.58142474678226,272.77614162435196,259.67783796593795,272.42108154296875,54768800,0.0,0.0,MICROSOFT,MSFT
2023-03-17 00:00:00-04:00,274.4528971827675,279.4535073114165,272.53943756981755,275.60687255859375,69527400,0.0,0.0,MICROSOFT,MSFT
2023-03-20 00:00:00-04:00,273.19038178773764,273.6835408081574,266.15792934054593,268.50537109375,43466600,0.0,0.0,MICROSOFT,MSFT
2023-03-21 00:00:00-04:00,271.1191356636067,271.2374890246291,265.83245477095994,270.0341796875,34558700,0.0,0.0,MICROSOFT,MSFT
2023-03-22 00:00:00-04:00,269.65934324244984,277.1948274357684,268.456034042471,268.5645446777344,34873300,0.0,0.0,MICROSOFT,MSFT
2023-03-23 00:00:00-04:00,274.13731294177774,277.214621246823,271.4348104097911,273.86114501953125,36610900,0.0,0.0,MICROSOFT,MSFT
2023-03-24 00:00:00-04:00,273.44686655888034,276.790499930171,271.5136911846488,276.7313232421875,28172000,0.0,0.0,MICROSOFT,MSFT
2023-03-27 00:00:00-04:00,276.66225903833964,277.60911609580637,271.7503834964028,272.5986328125,26840200,0.0,0.0,MICROSOFT,MSFT
2023-03-28 00:00:00-04:00,272.0166912251704,272.36190859794345,268.32784087331277,271.46435546875,21878600,0.0,0.0,MICROSOFT,MSFT
2023-03-29 00:00:00-04:00,275.1432775701319,277.29347381680907,274.60081467718567,276.6720886230469,25087000,0.0,0.0,MICROSOFT,MSFT
2023-03-30 00:00:00-04:00,280.3411953822254,280.56802927390424,277.6288206944652,280.16363525390625,25053400,0.0,0.0,MICROSOFT,MSFT
2023-03-31 00:00:00-04:00,279.84804837782394,285.31222903893445,279.12802532101676,284.3554992675781,32766000,0.0,0.0,MICROSOFT,MSFT
2023-04-03 00:00:00-04:00,282.5998329031126,284.325889466506,280.0650184260436,283.3001403808594,24883300,0.0,0.0,MICROSOFT,MSFT
2023-04-04 00:00:00-04:00,283.30015793950093,286.47610341698794,281.7615041156291,283.2508239746094,25824300,0.0,0.0,MICROSOFT,MSFT
2023-04-05 00:00:00-04:00,281.9390571115694,283.2212587025445,279.04915207495935,280.44970703125,22064800,0.0,0.0,MICROSOFT,MSFT
2023-04-06 00:00:00-04:00,279.3351286127617,288.0837649660351,278.1712805290201,287.6103515625,29770300,0.0,0.0,MICROSOFT,MSFT
2023-04-10 00:00:00-04:00,285.2530428972823,285.63772139570335,280.8146115464859,285.43060302734375,23103000,0.0,0.0,MICROSOFT,MSFT
2023-04-11 00:00:00-04:00,281.84041999626015,282.06728401372465,277.78666672359924,278.9603576660156,27276600,0.0,0.0,MICROSOFT,MSFT
2023-04-12 00:00:00-04:00,280.8935598048498,283.0831873442445,278.10226253028486,279.611328125,27403400,0.0,0.0,MICROSOFT,MSFT
2023-04-13 00:00:00-04:00,279.7099323499356,285.93359684104695,279.2956956247164,285.8744201660156,24222700,0.0,0.0,MICROSOFT,MSFT
2023-04-14 00:00:00-04:00,283.0732862312766,284.5330478116191,279.80857582595036,282.2250671386719,20987900,0.0,0.0,MICROSOFT,MSFT
2023-04-17 00:00:00-04:00,285.9632076307391,287.61037214853826,282.24479912414546,284.8486633300781,23836200,0.0,0.0,MICROSOFT,MSFT
2023-04-18 00:00:00-04:00,287.58079067185605,287.7681935286541,283.0831823087849,284.424560546875,20161800,0.0,0.0,MICROSOFT,MSFT
2023-04-19 00:00:00-04:00,282.077114711904,285.0952458067938,280.646971471538,284.50347900390625,17150300,0.0,0.0,MICROSOFT,MSFT
2023-04-20 00:00:00-04:00,281.34721552018016,285.0754964359553,281.1795282125759,282.1954345703125,23244400,0.0,0.0,MICROSOFT,MSFT
2023-04-21 00:00:00-04:00,281.11054215817984,282.35328254409745,279.18720974896235,281.85028076171875,21676400,0.0,0.0,MICROSOFT,MSFT
2023-04-24 00:00:00-04:00,278.2304544386979,281.0513397068863,274.90656743425353,277.9148254394531,26611000,0.0,0.0,MICROSOFT,MSFT
2023-04-25 00:00:00-04:00,275.6857706528608,277.7471717867815,271.6023994354019,271.6517333984375,45772200,0.0,0.0,MICROSOFT,MSFT
2023-04-26 00:00:00-04:00,292.6405857688407,295.47131383656125,288.7249017953635,291.3287658691406,64599200,0.0,0.0,MICROSOFT,MSFT
2023-04-27 00:00:00-04:00,291.9205980142474,301.0243258099498,291.21044770829826,300.65936279296875,46462600,0.0,0.0,MICROSOFT,MSFT
2023-04-28 00:00:00-04:00,299.8505878659069,304.7032562666543,299.16015312675654,303.0561218261719,36446700,0.0,0.0,MICROSOFT,MSFT
2023-05-01 00:00:00-04:00,302.77007618260353,304.3777795431425,300.97496997022023,301.3793640136719,21294100,0.0,0.0,MICROSOFT,MSFT
2023-05-02 00:00:00-04:00,303.5492991043437,304.9498540934286,299.75196801132864,301.2314453125,26404400,0.0,0.0,MICROSOFT,MSFT
2023-05-03 00:00:00-04:00,302.42485692101525,304.38762034639154,299.9294732832105,300.2352294921875,22360800,0.0,0.0,MICROSOFT,MSFT
2023-05-04 00:00:00-04:00,302.05007617512933,303.5492991043437,299.24893609691674,301.2314453125,22519900,0.0,0.0,MICROSOFT,MSFT
2023-05-05 00:00:00-04:00,301.5372081436392,307.7016970333839,300.10703468120107,306.3997497558594,28181200,0.0,0.0,MICROSOFT,MSFT
2023-05-08 00:00:00-04:00,305.8868245520847,305.95587404024616,301.90209116443197,304.42706298828125,21318600,0.0,0.0,MICROSOFT,MSFT
2023-05-09 00:00:00-04:00,303.7859701846244,305.798067506066,302.1190902129459,302.7996520996094,21340800,0.0,0.0,MICROSOFT,MSFT
2023-05-10 00:00:00-04:00,304.39750145489603,308.71757975112604,303.4605172760594,308.0370178222656,30078000,0.0,0.0,MICROSOFT,MSFT
2023-05-11 00:00:00-04:00,305.8572532341509,306.8632868746228,302.0697952876188,305.8670959472656,31680200,0.0,0.0,MICROSOFT,MSFT
2023-05-12 00:00:00-04:00,306.30107566169744,306.39971349226784,302.40513720450423,304.7427062988281,19758100,0.0,0.0,MICROSOFT,MSFT
2023-05-15 00:00:00-04:00,304.8709226074943,305.6599650264564,303.3815726841616,305.2259826660156,16336500,0.0,0.0,MICROSOFT,MSFT
2023-05-16 00:00:00-04:00,305.59095164265494,309.4178710368507,305.59095164265494,307.4748229980469,26730300,0.0,0.0,MICROSOFT,MSFT
2023-05-17 00:00:00-04:00,308.69063785690577,310.805957105948,307.15848464072695,310.38092041015625,24315000,0.68,0.0,MICROSOFT,MSFT
2023-05-18 00:00:00-04:00,310.9047830696657,315.3628112808559,310.1041213959973,314.8487854003906,27276000,0.0,0.0,MICROSOFT,MSFT
2023-05-19 00:00:00-04:00,313.08933355752697,315.07617651189463,312.72360290073794,314.6708984375,27529500,0.0,0.0,MICROSOFT,MSFT
2023-05-22 00:00:00-04:00,314.9279294182539,318.8719323650163,314.3447331800345,317.4781799316406,24115700,0.0,0.0,MICROSOFT,MSFT
2023-05-23 00:00:00-04:00,316.34141515317293,319.00041331686316,311.6165094129582,311.62640380859375,30797200,0.0,0.0,MICROSOFT,MSFT
2023-05-24 00:00:00-04:00,311.1025282287602,312.85211688528767,309.0069373671883,310.232666015625,23384900,0.0,0.0,MICROSOFT,MSFT
2023-05-25 00:00:00-04:00,319.5144097615483,323.1322291686583,316.31176281610414,322.1635437011719,43301700,0.0,0.0,MICROSOFT,MSFT
2023-05-26 00:00:00-04:00,320.2854006128314,329.5572934697722,320.147029910554,329.0531921386719,36630600,0.0,0.0,MICROSOFT,MSFT
2023-05-30 00:00:00-04:00,331.36620250707483,331.8703038143698,326.71046750825445,327.39251708984375,29503100,0.0,0.0,MICROSOFT,MSFT
2023-05-31 00:00:00-04:00,328.4601155465043,332.068040510102,323.557261568481,324.6050720214844,45950600,0.0,0.0,MICROSOFT,MSFT
2023-06-01 00:00:00-04:00,322.1734171605526,329.6858277758173,320.97737171957544,328.74676513671875,26773900,0.0,0.0,MICROSOFT,MSFT
2023-06-02 00:00:00-04:00,330.397501425564,333.6100425762987,328.7170832188442,331.53424072265625,25864000,0.0,0.0,MICROSOFT,MSFT
2023-06-05 00:00:00-04:00,331.3564124106928,334.65791351432074,330.8028691218119,332.068115234375,21307100,0.0,0.0,MICROSOFT,MSFT
2023-06-06 00:00:00-04:00,331.4650830529389,331.50463047248496,328.34153072317616,329.8341064453125,20396200,0.0,0.0,MICROSOFT,MSFT
2023-06-07 00:00:00-04:00,327.8275038389442,330.634767301922,318.78296979875273,319.65283203125,40717100,0.0,0.0,MICROSOFT,MSFT
2023-06-08 00:00:00-04:00,320.20634568769077,322.87523818509703,319.62314950969096,321.5111389160156,23277700,0.0,0.0,MICROSOFT,MSFT
2023-06-09 00:00:00-04:00,321.2442268411128,326.186597937057,320.6709250669525,323.02349853515625,22514900,0.0,0.0,MICROSOFT,MSFT
2023-06-12 00:00:00-04:00,324.792877202814,328.2723260983216,321.41231193783307,328.02520751953125,24260300,0.0,0.0,MICROSOFT,MSFT
2023-06-13 00:00:00-04:00,330.61502141703147,333.0961017213649,326.58205928874565,330.4371032714844,22951300,0.0,0.0,MICROSOFT,MSFT
2023-06-14 00:00:00-04:00,330.4864815075517,335.13232261049444,328.97411709163043,333.451904296875,26003800,0.0,0.0,MICROSOFT,MSFT
2023-06-15 00:00:00-04:00,333.5902989724616,345.80782615776803,333.31352739056973,344.087890625,38899100,0.0,0.0,MICROSOFT,MSFT
2023-06-16 00:00:00-04:00,347.2707727110499,347.4190378119498,338.0087740294845,338.3843688964844,46533600,0.0,0.0,MICROSOFT,MSFT
2023-06-20 00:00:00-04:00,335.3992349135641,338.13729804930796,331.98898628249947,334.15374755859375,26375400,0.0,0.0,MICROSOFT,MSFT
2023-06-21 00:00:00-04:00,332.4930949848668,333.83743571716536,328.2426675673344,329.7154846191406,25117800,0.0,0.0,MICROSOFT,MSFT
2023-06-22 00:00:00-04:00,330.26898861080747,336.1998336982732,329.4979799560705,335.7945556640625,23556800,0.0,0.0,MICROSOFT,MSFT
2023-06-23 00:00:00-04:00,330.5062337501413,334.06474706177283,329.6067487340244,331.15863037109375,23084700,0.0,0.0,MICROSOFT,MSFT
2023-06-26 00:00:00-04:00,329.8736360460797,332.236073875563,324.70390473147376,324.8126525878906,21520600,0.0,0.0,MICROSOFT,MSFT
2023-06-27 00:00:00-04:00,328.03501946580997,332.2755820484037,325.50452803558795,330.71380615234375,24354100,0.0,0.0,MICROSOFT,MSFT
2023-06-28 00:00:00-04:00,330.8028086437021,334.084550517697,329.96259946623746,331.9790954589844,20259500,0.0,0.0,MICROSOFT,MSFT
2023-06-29 00:00:00-04:00,330.8521853371422,332.2360431601396,328.7862779146249,331.1882629394531,16997000,0.0,0.0,MICROSOFT,MSFT
2023-06-30 00:00:00-04:00,333.85716922002916,338.77978171619543,333.3135204630606,336.6150207519531,26823800,0.0,0.0,MICROSOFT,MSFT
2023-07-03 00:00:00-04:00,335.28060262151536,336.9708852401349,332.6908047635794,334.09442138671875,12508700,0.0,0.0,MICROSOFT,MSFT
2023-07-05 00:00:00-04:00,331.22783466788746,337.7122233709409,330.8719984154976,334.2525634765625,18172400,0.0,0.0,MICROSOFT,MSFT
2023-07-06 00:00:00-04:00,333.4123346002001,339.0367551947082,331.6330931118371,337.3365783691406,28161200,0.0,0.0,MICROSOFT,MSFT
2023-07-07 00:00:00-04:00,335.40908439573553,337.8506169608955,333.1158169325409,333.3332824707031,21185300,0.0,0.0,MICROSOFT,MSFT
2023-07-10 00:00:00-04:00,330.74349462758727,331.3662382401782,323.81428038681094,328.0054016113281,32791400,0.0,0.0,MICROSOFT,MSFT
2023-07-11 00:00:00-04:00,327.2442787108393,329.02352027231524,323.23107571915307,328.6380310058594,26698200,0.0,0.0,MICROSOFT,MSFT
2023-07-12 00:00:00-04:00,332.7204469994857,337.71223002191914,331.8011731635339,333.31353759765625,29995300,0.0,0.0,MICROSOFT,MSFT
2023-07-13 00:00:00-04:00,335.64632549278923,339.7781407604892,335.1125409329444,338.7106018066406,20567200,0.0,0.0,MICROSOFT,MSFT
2023-07-14 00:00:00-04:00,343.583754215455,347.37949164129134,340.3415599455214,341.2608337402344,28302200,0.0,0.0,MICROSOFT,MSFT
2023-07-17 00:00:00-04:00,341.69576692889177,342.990665765801,338.2558958910491,341.7452087402344,20363900,0.0,0.0,MICROSOFT,MSFT
2023-07-18 00:00:00-04:00,341.84402665294436,362.55257365392396,338.2262375492029,355.3465881347656,64872700,0.0,0.0,MICROSOFT,MSFT
2023-07-19 00:00:00-04:00,357.5805944318739,358.28240277063935,348.377900689894,350.9874572753906,39732900,0.0,0.0,MICROSOFT,MSFT
2023-07-20 00:00:00-04:00,349.4948289793815,353.8441094118476,341.38932849981944,342.8720397949219,33778400,0.0,0.0,MICROSOFT,MSFT
2023-07-21 00:00:00-04:00,345.1257968698056,346.2625362851219,335.91320912576265,339.80780029296875,69368900,0.0,0.0,MICROSOFT,MSFT
2023-07-24 00:00:00-04:00,341.8638462386976,342.9215209904844,338.36463873391983,341.1323547363281,26678100,0.0,0.0,MICROSOFT,MSFT
2023-07-25 00:00:00-04:00,343.1093019955314,347.83423813906484,341.09283612999536,346.9347229003906,41637700,0.0,0.0,MICROSOFT,MSFT
2023-07-26 00:00:00-04:00,337.504667075425,340.6974499210077,329.2706592716007,333.876953125,58383700,0.0,0.0,MICROSOFT,MSFT
2023-07-27 00:00:00-04:00,336.5557213978174,337.3959003723981,325.25743786483986,326.908203125,39635300,0.0,0.0,MICROSOFT,MSFT
2023-07-28 00:00:00-04:00,329.8242508926847,336.09117467563357,329.3300137158038,334.4700622558594,28484900,0.0,0.0,MICROSOFT,MSFT
2023-07-31 00:00:00-04:00,333.036783653551,333.80779242227305,329.5177872955062,332.0483093261719,25446000,0.0,0.0,MICROSOFT,MSFT
2023-08-01 00:00:00-04:00,331.32670053812484,334.6380954513858,329.85388349527227,332.46343994140625,18311900,0.0,0.0,MICROSOFT,MSFT
2023-08-02 00:00:00-04:00,329.7846942423864,329.7846942423864,322.59846658551965,323.725341796875,27761300,0.0,0.0,MICROSOFT,MSFT
2023-08-03 00:00:00-04:00,322.24262287118034,326.07790799446406,322.1932112223528,322.89501953125,18253700,0.0,0.0,MICROSOFT,MSFT
2023-08-04 00:00:00-04:00,328.05482548758084,331.277261063739,323.46829067572776,324.0020751953125,23727700,0.0,0.0,MICROSOFT,MSFT
2023-08-07 00:00:00-04:00,324.5852708301054,327.2936805067541,323.7450617202006,326.3052062988281,17741500,0.0,0.0,MICROSOFT,MSFT
2023-08-08 00:00:00-04:00,323.1915685107464,324.9609460627409,319.27721848901996,322.29205322265625,22327600,0.0,0.0,MICROSOFT,MSFT
2023-08-09 00:00:00-04:00,322.70720411911464,323.3398119813317,317.3496601701691,318.5160827636719,22373300,0.0,0.0,MICROSOFT,MSFT
2023-08-10 00:00:00-04:00,322.26238986909726,324.4765928787493,317.4781777368132,319.2080078125,20113700,0.0,0.0,MICROSOFT,MSFT
2023-08-11 00:00:00-04:00,316.56879440875014,318.69400815708644,315.5308782764169,317.3101501464844,24342600,0.0,0.0,MICROSOFT,MSFT
2023-08-14 00:00:00-04:00,317.685755554102,320.3249649242418,316.3908265264189,320.3052062988281,18836100,0.0,0.0,MICROSOFT,MSFT
2023-08-15 00:00:00-04:00,319.27720479224416,321.3431124974694,317.20140269076705,318.15032958984375,16966300,0.0,0.0,MICROSOFT,MSFT
2023-08-16 00:00:00-04:00,317.77393688756257,321.35981544543756,316.7833697149334,317.3777160644531,20698900,0.68,0.0,MICROSOFT,MSFT
2023-08-17 00:00:00-04:00,317.5163787813706,318.8338196904496,313.22720641667973,313.8908996582031,21257200,0.0,0.0,MICROSOFT,MSFT
2023-08-18 00:00:00-04:00,311.5234408357638,315.3767614049802,308.61117111318896,313.49468994140625,24744800,0.0,0.0,MICROSOFT,MSFT
2023-08-21 00:00:00-04:00,314.9309977770275,319.72533901894826,314.04940875807927,318.84375,24040000,0.0,0.0,MICROSOFT,MSFT
2023-08-22 00:00:00-04:00,322.4295757132843,323.00409130288494,318.42767635532056,319.4182434082031,16102000,0.0,0.0,MICROSOFT,MSFT
2023-08-23 00:00:00-04:00,320.76543972560916,326.0946954631443,320.4088198566661,323.9154357910156,21166400,0.0,0.0,MICROSOFT,MSFT
2023-08-24 00:00:00-04:00,329.71022886708454,329.8390074126154,316.9418058479945,316.95172119140625,23281400,0.0,0.0,MICROSOFT,MSFT
2023-08-25 00:00:00-04:00,318.4376140983813,322.29090448568866,315.7927865800753,319.9333801269531,21684100,0.0,0.0,MICROSOFT,MSFT
2023-08-28 00:00:00-04:00,322.58810964281827,323.07347788476693,318.6852725573036,320.6466064453125,14808500,0.0,0.0,MICROSOFT,MSFT
2023-08-29 00:00:00-04:00,318.8437619677204,325.87679484238714,318.8437619677204,325.3121643066406,19284600,0.0,0.0,MICROSOFT,MSFT
2023-08-30 00:00:00-04:00,325.5697048989506,326.6989356833555,323.37064470857354,325.6885681152344,15222100,0.0,0.0,MICROSOFT,MSFT
2023-08-31 00:00:00-04:00,326.0947235827168,327.7885849745621,323.6975377366628,324.6683044433594,26411000,0.0,0.0,MICROSOFT,MSFT
2023-09-01 00:00:00-04:00,328.184811445848,328.8583898761106,323.69754330969545,325.559814453125,14931200,0.0,0.0,MICROSOFT,MSFT
2023-09-05 00:00:00-04:00,325.89661773179773,331.69144205655795,325.5598285021328,330.4036865234375,18553900,0.0,0.0,MICROSOFT,MSFT
2023-09-06 00:00:00-04:00,330.2352432347013,331.3050423323038,327.06541662823025,329.7399597167969,17535800,0.0,0.0,MICROSOFT,MSFT
2023-09-07 00:00:00-04:00,328.1649609757256,329.93805420021084,325.926269806624,326.7979736328125,18381000,0.0,0.0,MICROSOFT,MSFT
2023-09-08 00:00:00-04:00,326.9762886066254,332.989038125567,326.35222650031665,331.1168518066406,19530100,0.0,0.0,MICROSOFT,MSFT
2023-09-11 00:00:00-04:00,334.05884921795905,335.2277414058345,332.26592513119544,334.75225830078125,16583300,0.0,0.0,MICROSOFT,MSFT
2023-09-12 00:00:00-04:00,332.6521950804941,333.6130462158052,328.353138213859,328.640380859375,17565500,0.0,0.0,MICROSOFT,MSFT
2023-09-13 00:00:00-04:00,328.18482039423475,333.6725712097717,328.0461567040876,332.8900146484375,16544400,0.0,0.0,MICROSOFT,MSFT
2023-09-14 00:00:00-04:00,335.9508335027836,337.6446948177022,333.3951836281645,335.5050964355469,20267000,0.0,0.0,MICROSOFT,MSFT
2023-09-15 00:00:00-04:00,333.74188374525704,334.217336610677,326.540441514089,327.1050720214844,37666900,0.0,0.0,MICROSOFT,MSFT
2023-09-18 00:00:00-04:00,324.7078998866131,327.28338052420895,323.2814807713204,325.9560241699219,16834200,0.0,0.0,MICROSOFT,MSFT
2023-09-19 00:00:00-04:00,323.09324841698384,326.28287533384974,321.44890358608217,325.5498352050781,16505900,0.0,0.0,MICROSOFT,MSFT
2023-09-20 00:00:00-04:00,326.401747426873,326.48097948715775,317.4866442743729,317.7441711425781,21436500,0.0,0.0,MICROSOFT,MSFT
2023-09-21 00:00:00-04:00,316.24845742778143,322.2810073516276,312.02863196954377,316.5158996582031,35529500,0.0,0.0,MICROSOFT,MSFT
2023-09-22 00:00:00-04:00,318.28902559051323,318.41780414936176,313.1677804184283,314.0196838378906,21447900,0.0,0.0,MICROSOFT,MSFT
2023-09-25 00:00:00-04:00,313.6035964941443,314.6734257609183,312.0285986238931,314.5446472167969,17836000,0.0,0.0,MICROSOFT,MSFT
2023-09-26 00:00:00-04:00,312.157403521801,312.900328819341,307.09559010844697,309.19561767578125,26297600,0.0,0.0,MICROSOFT,MSFT
2023-09-27 00:00:00-04:00,309.35407912600334,311.335213235628,306.7687136232028,309.8394775390625,19410100,0.0,0.0,MICROSOFT,MSFT
2023-09-28 00:00:00-04:00,308.05643070863107,312.5040972255242,306.53097924919433,310.68145751953125,19683600,0.0,0.0,MICROSOFT,MSFT
2023-09-29 00:00:00-04:00,314.7527102170629,316.45648691507375,312.0088501090386,312.7715759277344,24140300,0.0,0.0,MICROSOFT,MSFT
2023-10-02 00:00:00-04:00,313.2965460861367,318.853642968879,312.2069162826865,318.76446533203125,20570000,0.0,0.0,MICROSOFT,MSFT
2023-10-03 00:00:00-04:00,317.8036293011886,318.3583746883624,308.2743786386628,310.433837890625,21033500,0.0,0.0,MICROSOFT,MSFT
2023-10-04 00:00:00-04:00,311.0678050853206,317.02112341032625,311.03808927960966,315.9512939453125,20720100,0.0,0.0,MICROSOFT,MSFT
2023-10-05 00:00:00-04:00,316.08003092831916,316.961650097937,311.9295526417263,316.34747314453125,16965600,0.0,0.0,MICROSOFT,MSFT
2023-10-06 00:00:00-04:00,313.5639790506904,326.08476073214564,313.316337294931,324.1729736328125,25645500,0.0,0.0,MICROSOFT,MSFT
2023-10-09 00:00:00-04:00,321.6866495869274,327.1842846242437,320.13145206281695,326.7088317871094,19891200,0.0,0.0,MICROSOFT,MSFT
2023-10-10 00:00:00-04:00,327.8380622233817,327.97675612056497,324.5791183960633,325.2923278808594,20557100,0.0,0.0,MICROSOFT,MSFT
2023-10-11 00:00:00-04:00,328.08569389943113,329.68052251947216,326.03524314467325,329.2843017578125,20063200,0.0,0.0,MICROSOFT,MSFT
2023-10-12 00:00:00-04:00,327.4517324419268,330.48286496946685,325.61917749077486,328.0361633300781,19313100,0.0,0.0,MICROSOFT,MSFT
2023-10-13 00:00:00-04:00,329.2447114865088,330.6810157045469,323.28147794480293,324.6385803222656,21072400,0.0,0.0,MICROSOFT,MSFT
2023-10-16 00:00:00-04:00,327.927229992207,332.96924318914955,327.4814929300995,329.50225830078125,22158000,0.0,0.0,MICROSOFT,MSFT
2023-10-17 00:00:00-04:00,326.4810019480552,330.31449173060963,324.32157295768366,328.9277038574219,18338500,0.0,0.0,MICROSOFT,MSFT
2023-10-18 00:00:00-04:00,329.3536175679104,332.4243813643055,325.20313935133987,326.9960632324219,23153600,0.0,0.0,MICROSOFT,MSFT
2023-10-19 00:00:00-04:00,329.0168595486858,333.7022528617968,327.7885660057624,328.1947021484375,25052100,0.0,0.0,MICROSOFT,MSFT
2023-10-20 00:00:00-04:00,328.5909446738055,328.78907020079464,322.3800993659699,323.5885925292969,25012600,0.0,0.0,MICROSOFT,MSFT
2023-10-23 00:00:00-04:00,322.3999028221572,329.59143025678,321.33010356372546,326.2135925292969,24374700,0.0,0.0,MICROSOFT,MSFT
2023-10-24 00:00:00-04:00,328.17486567114935,328.70978036544676,324.5097855665259,327.4121398925781,31153600,0.0,0.0,MICROSOFT,MSFT
2023-10-25 00:00:00-04:00,341.76545521871486,342.93434738928164,334.43526461185274,337.4565124511719,55053800,0.0,0.0,MICROSOFT,MSFT
2023-10-26 00:00:00-04:00,337.3277257655851,338.40744026763304,323.8560072767667,324.79705810546875,37828500,0.0,0.0,MICROSOFT,MSFT
2023-10-27 00:00:00-04:00,327.3130603032623,333.54373545929195,325.3022104179872,326.69891357421875,29856500,0.0,0.0,MICROSOFT,MSFT
2023-10-30 00:00:00-04:00,330.26496832575384,336.24800185463835,328.69985543651904,334.128173828125,22828100,0.0,0.0,MICROSOFT,MSFT
2023-10-31 00:00:00-04:00,335.6536945653536,335.80227359622387,331.53293147418856,334.920654296875,20265300,0.0,0.0,MICROSOFT,MSFT
2023-11-01 00:00:00-04:00,336.5847522408284,344.1427829023987,336.4460583576379,342.8055114746094,28158800,0.0,0.0,MICROSOFT,MSFT
2023-11-02 00:00:00-04:00,343.96453332419264,345.53953149183053,341.51783121302196,345.03436279296875,24348100,0.0,0.0,MICROSOFT,MSFT
2023-11-03 00:00:00-04:00,346.3319954972326,351.04710477759244,344.0536729275239,349.4720764160156,23624000,0.0,0.0,MICROSOFT,MSFT
2023-11-06 00:00:00-05:00,350.1159671496507,354.1673831180291,350.01690438987146,353.1669006347656,23828300,0.0,0.0,MICROSOFT,MSFT
2023-11-07 00:00:00-05:00,356.0098351683549,359.040968292871,354.25654215859316,357.1291809082031,25833900,0.0,0.0,MICROSOFT,MSFT
2023-11-08 00:00:00-05:00,358.2682750707736,360.4376192782834,357.14892949350883,359.7739562988281,26767800,0.0,0.0,MICROSOFT,MSFT
2023-11-09 00:00:00-05:00,358.8824265984055,361.3489590848818,356.9607241219027,357.2876281738281,24847300,0.0,0.0,MICROSOFT,MSFT
2023-11-10 00:00:00-05:00,358.0800611921268,366.6088589253313,357.66403997374977,366.18292236328125,28042100,0.0,0.0,MICROSOFT,MSFT
2023-11-13 00:00:00-05:00,364.7466121416856,364.99425391218455,362.44848925632533,363.22113037109375,19986500,0.0,0.0,MICROSOFT,MSFT
2023-11-14 00:00:00-05:00,367.510322951988,368.44145847858766,363.88484360517197,366.77728271484375,27683900,0.0,0.0,MICROSOFT,MSFT
2023-11-15 00:00:00-05:00,368.5241827385077,370.36045722030286,364.38512112593236,366.9261474609375,26860100,0.75,0.0,MICROSOFT,MSFT
2023-11-16 00:00:00-05:00,368.20657857407457,373.55658638591603,367.43236925654054,373.3779296875,27182300,0.0,0.0,MICROSOFT,MSFT
2023-11-17 00:00:00-05:00,370.836899022974,371.59126768484566,364.2759756899048,367.1048278808594,40157000,0.0,0.0,MICROSOFT,MSFT
2023-11-20 00:00:00-05:00,368.46465493528996,376.0578674563183,368.24628665339475,374.63848876953125,52465100,0.0,0.0,MICROSOFT,MSFT
2023-11-21 00:00:00-05:00,372.88164166541463,373.42754723095845,368.3653953944815,370.3009338378906,28423100,0.0,0.0,MICROSOFT,MSFT
2023-11-22 00:00:00-05:00,375.1943517807251,376.97107425610585,372.18684271222065,375.04547119140625,23345300,0.0,0.0,MICROSOFT,MSFT
2023-11-24 00:00:00-05:00,374.5292762251577,375.1645404012978,372.35555924327747,374.6285400390625,10176600,0.0,0.0,MICROSOFT,MSFT
2023-11-27 00:00:00-05:00,373.983370569386,377.81473568926896,373.40768891461767,375.7997741699219,22179200,0.0,0.0,MICROSOFT,MSFT
2023-11-28 00:00:00-05:00,375.5417478559064,380.15722772173007,375.35315568518746,379.8594665527344,20453100,0.0,0.0,MICROSOFT,MSFT
2023-11-29 00:00:00-05:00,380.911615402655,381.44758553357894,374.63851727370974,376.0380554199219,28963400,0.0,0.0,MICROSOFT,MSFT
2023-11-30 00:00:00-05:00,375.68066879643345,377.2687989413678,372.6830954875288,376.0975646972656,30554400,0.0,0.0,MICROSOFT,MSFT
2023-12-01 00:00:00-05:00,373.9635240768432,375.35312657616646,368.55396436143957,371.730224609375,33020400,0.0,0.0,MICROSOFT,MSFT
2023-12-04 00:00:00-05:00,366.3604043806309,366.7772700166467,360.20641104069097,366.4001159667969,32063300,0.0,0.0,MICROSOFT,MSFT
2023-12-05 00:00:00-05:00,363.7300817378277,370.3108459279077,362.90622534848177,369.7550048828125,23065000,0.0,0.0,MICROSOFT,MSFT
2023-12-06 00:00:00-05:00,370.76746068896693,371.4026946281754,365.2983481911379,366.0626220703125,21182100,0.0,0.0,MICROSOFT,MSFT
2023-12-07 00:00:00-05:00,365.49687341238314,368.69297460847696,363.60104649475284,368.1966857910156,23118900,0.0,0.0,MICROSOFT,MSFT
2023-12-08 00:00:00-05:00,366.4596372467687,371.6805744716675,365.4968358282561,371.4523010253906,20144800,0.0,0.0,MICROSOFT,MSFT
2023-12-11 00:00:00-05:00,365.74499115999953,368.8418283086429,363.3826517145165,368.5440368652344,27708800,0.0,0.0,MICROSOFT,MSFT
2023-12-12 00:00:00-05:00,368.0973986711949,371.6409078734443,367.7102788783657,371.6011962890625,24838300,0.0,0.0,MICROSOFT,MSFT
2023-12-13 00:00:00-05:00,373.22902508797654,374.8370262739431,368.0179925924657,371.5912780761719,30955500,0.0,0.0,MICROSOFT,MSFT
2023-12-14 00:00:00-05:00,370.5391871791712,370.98585927074276,361.4273309560846,363.2139587402344,43277500,0.0,0.0,MICROSOFT,MSFT
2023-12-15 00:00:00-05:00,364.12709609407943,369.63588961946664,363.56131959614595,367.9783020019531,78478200,0.0,0.0,MICROSOFT,MSFT
2023-12-18 00:00:00-05:00,366.7078030867766,370.23144141816454,365.9434989554768,369.884033203125,21802900,0.0,0.0,MICROSOFT,MSFT
2023-12-19 00:00:00-05:00,368.73265069542646,370.4895324707031,367.09490367915254,370.4895324707031,20603700,0.0,0.0,MICROSOFT,MSFT
2023-12-20 00:00:00-05:00,372.2165740209788,373.23892766598055,367.7797512470062,367.86907958984375,26316700,0.0,0.0,MICROSOFT,MSFT
2023-12-21 00:00:00-05:00,369.79471907338814,371.6309937454321,367.2934343528452,370.7674560546875,17708000,0.0,0.0,MICROSOFT,MSFT
2023-12-22 00:00:00-05:00,370.9063993312227,372.3952657674826,369.943597824132,371.7997131347656,17091100,0.0,0.0,MICROSOFT,MSFT
2023-12-26 00:00:00-05:00,372.21659261542385,374.1421955445061,370.7277262449622,371.8791198730469,12673100,0.0,0.0,MICROSOFT,MSFT
2023-12-27 00:00:00-05:00,370.916333723745,372.2761602183441,370.042860570438,371.29351806640625,14905400,0.0,0.0,MICROSOFT,MSFT
2023-12-28 00:00:00-05:00,372.58383518172906,373.6657410910667,371.38282481133604,372.4945068359375,14327000,0.0,0.0,MICROSOFT,MSFT
2023-12-29 00:00:00-05:00,373.2091897803934,374.36058346889905,370.7079050515424,373.2489013671875,18723000,0.0,0.0,MICROSOFT,MSFT
2024-01-02 00:00:00-05:00,371.08504585690326,373.1099126361841,364.0476743294386,368.11724853515625,25258600,0.0,0.0,MICROSOFT,MSFT
2024-01-03 00:00:00-05:00,366.27107889368324,370.4895337976216,365.7747900814552,367.8492736816406,23083500,0.0,0.0,MICROSOFT,MSFT
2024-01-04 00:00:00-05:00,367.9187319779621,370.3306881427504,364.4447105700396,365.208984375,20901500,0.0,0.0,MICROSOFT,MSFT
2024-01-05 00:00:00-05:00,366.23136215621287,369.2984233377166,363.7796942466461,365.0204162597656,20987000,0.0,0.0,MICROSOFT,MSFT
2024-01-08 00:00:00-05:00,366.5588972016775,372.41512930069973,366.2710715059576,371.9089050292969,23134000,0.0,0.0,MICROSOFT,MSFT
2024-01-09 00:00:00-05:00,369.2487904298809,373.19922976065686,368.43486955500396,373.000732421875,20830000,0.0,0.0,MICROSOFT,MSFT
2024-01-10 00:00:00-05:00,373.5764338531353,381.3185574608793,373.5268170885799,379.9289245605469,25514200,0.0,0.0,MICROSOFT,MSFT
2024-01-11 00:00:00-05:00,383.1349423924486,387.780198154709,377.5566612901961,381.7751159667969,27850800,0.0,0.0,MICROSOFT,MSFT
2024-01-12 00:00:00-05:00,382.6287168305684,385.79504169441134,381.79495530873476,385.58660888671875,21645700,0.0,0.0,MICROSOFT,MSFT
2024-01-16 00:00:00-05:00,390.73811320122354,391.10536207750914,384.74293583850687,387.3732604980469,27202300,0.0,0.0,MICROSOFT,MSFT
2024-01-17 00:00:00-05:00,385.1002622072083,387.2144270180735,381.95377793571856,386.5791931152344,22234100,0.0,0.0,MICROSOFT,MSFT
2024-01-18 00:00:00-05:00,388.81249742822837,391.0656376681701,387.2243672151433,390.946533203125,23392100,0.0,0.0,MICROSOFT,MSFT
2024-01-19 00:00:00-05:00,392.82250266388587,395.7109069824219,390.5792676975653,395.7109069824219,29272000,0.0,0.0,MICROSOFT,MSFT
2024-01-22 00:00:00-05:00,397.0509131472322,397.6464658141932,390.6686459266767,393.5669860839844,27016900,0.0,0.0,MICROSOFT,MSFT
2024-01-23 00:00:00-05:00,392.81259552044173,396.415657149676,391.0060969711238,395.939208984375,20525900,0.0,0.0,MICROSOFT,MSFT
2024-01-24 00:00:00-05:00,398.5596032745269,402.61924187375655,397.47769736538817,399.572021484375,24867000,0.0,0.0,MICROSOFT,MSFT
2024-01-25 00:00:00-05:00,401.318993103645,403.9890293414655,399.54227067121064,401.8648986816406,21021200,0.0,0.0,MICROSOFT,MSFT
2024-01-26 00:00:00-05:00,401.3685908061273,403.15524862311014,399.4429878794264,400.9318542480469,17803300,0.0,0.0,MICROSOFT,MSFT
2024-01-29 00:00:00-05:00,403.0460564049105,406.93697391119514,401.3288862582104,406.67889404296875,24510200,0.0,0.0,MICROSOFT,MSFT
2024-01-30 00:00:00-05:00,409.2000546460513,409.984169147339,403.4331811629269,405.5572814941406,33477600,0.0,0.0,MICROSOFT,MSFT
2024-01-31 00:00:00-05:00,403.9393807478181,412.2373454227937,394.261748929001,394.6289978027344,47871100,0.0,0.0,MICROSOFT,MSFT
2024-02-01 00:00:00-05:00,398.8474510298594,404.97166826278436,398.8176749129533,400.7829895019531,30657700,0.0,0.0,MICROSOFT,MSFT
2024-02-02 00:00:00-05:00,400.8127216301132,409.58710317790053,400.564577252774,408.167724609375,28245000,0.0,0.0,MICROSOFT,MSFT
2024-02-05 00:00:00-05:00,406.8575847766276,408.108242345963,400.9914470557423,402.6391296386719,25352300,0.0,0.0,MICROSOFT,MSFT
2024-02-06 00:00:00-05:00,402.8673749054602,404.941858319471,399.9194184137475,402.4802551269531,18382600,0.0,0.0,MICROSOFT,MSFT
2024-02-07 00:00:00-05:00,404.4158522005855,411.22492054294753,404.3761406119027,410.9767761230469,22340500,0.0,0.0,MICROSOFT,MSFT
2024-02-08 00:00:00-05:00,410.97673316912403,412.4755350018156,409.4680261585971,411.0362854003906,21225300,0.0,0.0,MICROSOFT,MSFT
2024-02-09 00:00:00-05:00,412.16784815401843,417.6965126525744,412.0090321031855,417.4284973144531,22032800,0.0,0.0,MICROSOFT,MSFT
2024-02-12 00:00:00-05:00,417.43844472102916,417.61710142417604,411.6715711268413,412.17779541015625,21202900,0.0,0.0,MICROSOFT,MSFT
2024-02-13 00:00:00-05:00,401.93434583345754,407.0262733888095,400.3958627844609,403.3041076660156,27824900,0.0,0.0,MICROSOFT,MSFT
2024-02-14 00:00:00-05:00,405.7901598689575,407.55026012610176,402.309714028661,407.20220947265625,20401200,0.75,0.0,MICROSOFT,MSFT
2024-02-15 00:00:00-05:00,405.8597944956463,406.844253795532,402.0312978280853,404.2886047363281,21825500,0.0,0.0,MICROSOFT,MSFT
2024-02-16 00:00:00-05:00,405.68078706857665,406.00896040801706,401.1860504791686,401.8025817871094,22281100,0.0,0.0,MICROSOFT,MSFT
2024-02-20 00:00:00-05:00,400.98714055150333,402.2301569631396,395.7863793073486,400.5396728515625,24307900,0.0,0.0,MICROSOFT,MSFT
2024-02-21 00:00:00-05:00,397.9342947827931,400.0424456526566,395.0007640638113,399.93304443359375,18631100,0.0,0.0,MICROSOFT,MSFT
2024-02-22 00:00:00-05:00,407.89832401951116,410.52355890092315,406.2873796052456,409.35015869140625,27009900,0.0,0.0,MICROSOFT,MSFT
2024-02-23 00:00:00-05:00,413.3476934827694,413.5366040464478,406.68511378584776,408.0474548339844,16295900,0.0,0.0,MICROSOFT,MSFT
2024-02-26 00:00:00-05:00,409.1612049093751,409.8573062169829,405.0841051371281,405.26312255859375,16193500,0.0,0.0,MICROSOFT,MSFT
2024-02-27 00:00:00-05:00,405.71062129384273,406.0387946357455,401.5937665324974,405.2034912109375,14835800,0.0,0.0,MICROSOFT,MSFT
2024-02-28 00:00:00-05:00,405.89956023265023,407.0132981269282,403.0555531345534,405.442138671875,13183100,0.0,0.0,MICROSOFT,MSFT
2024-02-29 00:00:00-05:00,406.35700528147635,411.8859399826613,403.65220029227874,411.3290710449219,31947300,0.0,0.0,MICROSOFT,MSFT
2024-03-01 00:00:00-05:00,408.97227149463464,413.54657789991296,408.58446615968444,413.17864990234375,17800300,0.0,0.0,MICROSOFT,MSFT
2024-03-04 00:00:00-05:00,411.1301558754575,415.0183147511929,410.01641805524184,412.6018981933594,17596000,0.0,0.0,MICROSOFT,MSFT
2024-03-05 00:00:00-05:00,411.647262039844,411.9356503526025,398.4017018502844,400.40045166015625,26919200,0.0,0.0,MICROSOFT,MSFT
2024-03-06 00:00:00-05:00,400.71865529372803,402.8964224494763,396.16425656691945,399.84356689453125,22344100,0.0,0.0,MICROSOFT,MSFT
2024-03-07 00:00:00-05:00,403.8510400518644,407.4905956100929,399.99271239952117,406.85418701171875,18718500,0.0,0.0,MICROSOFT,MSFT
2024-03-08 00:00:00-05:00,405.6807696131603,408.12704774835913,402.07104511712214,403.95050048828125,17971700,0.0,0.0,MICROSOFT,MSFT
2024-03-11 00:00:00-04:00,401.50424592249806,403.4135020941874,399.01821315419863,402.2599792480469,16120800,0.0,0.0,MICROSOFT,MSFT
2024-03-12 00:00:00-04:00,405.3426614260634,413.2482576798519,404.5173119089149,412.9598693847656,22457000,0.0,0.0,MICROSOFT,MSFT
2024-03-13 00:00:00-04:00,415.76415382654346,415.8436935276916,409.15131229350845,412.7809143066406,17115900,0.0,0.0,MICROSOFT,MSFT
2024-03-14 00:00:00-04:00,417.89217194553146,425.42984060788893,415.6547423607053,422.8443603515625,34157300,0.0,0.0,MICROSOFT,MSFT
2024-03-15 00:00:00-04:00,416.9474972557258,420.23900234731536,410.48381179475484,414.0935363769531,45049800,0.0,0.0,MICROSOFT,MSFT
2024-03-18 00:00:00-04:00,411.93563927933707,418.3794472894522,411.4682638941532,414.9884948730469,20106000,0.0,0.0,MICROSOFT,MSFT
2024-03-19 00:00:00-04:00,415.4956176064084,419.31419066533897,413.2283569229008,419.0556335449219,19837900,0.0,0.0,MICROSOFT,MSFT
2024-03-20 00:00:00-04:00,419.6423437252515,423.58021124975613,418.309833763603,422.85430908203125,17860100,0.0,0.0,MICROSOFT,MSFT
2024-03-21 00:00:00-04:00,427.42858243141376,428.4130720663961,424.7735163679568,426.9711608886719,21296200,0.0,0.0,MICROSOFT,MSFT
2024-03-22 00:00:00-04:00,427.29935454529834,427.45843394827926,423.689629855147,426.3446960449219,17636500,0.0,0.0,MICROSOFT,MSFT
2024-03-25 00:00:00-04:00,422.8642362176382,425.0221260957636,419.2545116444842,420.4975280761719,18060500,0.0,0.0,MICROSOFT,MSFT
2024-03-26 00:00:00-04:00,423.2321484171748,423.61003025382604,418.9959692122293,419.2942810058594,16725600,0.0,0.0,MICROSOFT,MSFT
2024-03-27 00:00:00-04:00,422.0687243304564,422.0786781731288,416.6690681514724,419.0755310058594,16705000,0.0,0.0,MICROSOFT,MSFT
2024-03-28 00:00:00-04:00,418.60812574882544,419.5130453021147,416.77840930540117,418.3694763183594,21871200,0.0,0.0,MICROSOFT,MSFT
2024-04-01 00:00:00-04:00,421.581436276879,425.49942622936265,419.8610907281335,422.1979675292969,16316000,0.0,0.0,MICROSOFT,MSFT
2024-04-02 00:00:00-04:00,417.76289325444293,420.02023052369515,415.5055863322716,419.0854797363281,17912000,0.0,0.0,MICROSOFT,MSFT
2024-04-03 00:00:00-04:00,417.3850345151922,420.8953116547113,416.7485955445773,418.10101318359375,16502300,0.0,0.0,MICROSOFT,MSFT
2024-04-04 00:00:00-04:00,422.61561166210583,426.2750749166042,415.2370834893159,415.54534912109375,19370900,0.0,0.0,MICROSOFT,MSFT
2024-04-05 00:00:00-04:00,417.66344377349407,424.127128736723,415.98288325528824,423.14263916015625,16544300,0.0,0.0,MICROSOFT,MSFT
2024-04-08 00:00:00-04:00,422.7946415969465,424.89283872354207,420.9350635621418,422.2178649902344,14272400,0.0,0.0,MICROSOFT,MSFT
2024-04-09 00:00:00-04:00,424.05754724607453,425.35027220569395,419.26446856697675,423.8984375,12512300,0.0,0.0,MICROSOFT,MSFT
2024-04-10 00:00:00-04:00,419.8312648998415,421.6609813438137,417.3551860167775,420.8952941894531,16216600,0.0,0.0,MICROSOFT,MSFT
2024-04-11 00:00:00-04:00,423.4409875256396,426.97114184178974,420.00029639849294,425.5391845703125,17966400,0.0,0.0,MICROSOFT,MSFT
2024-04-12 00:00:00-04:00,421.68088994748047,422.804581678046,417.42480282053265,419.54290771484375,19232100,0.0,0.0,MICROSOFT,MSFT
2024-04-15 00:00:00-04:00,424.21665700659,424.43542911406485,411.12022243295877,411.3290710449219,20273500,0.0,0.0,MICROSOFT,MSFT
2024-04-16 00:00:00-04:00,412.2538704497416,416.06245949451596,411.4185670381559,412.2637939453125,16765600,0.0,0.0,MICROSOFT,MSFT
2024-04-17 00:00:00-04:00,414.91887160320215,416.53976983372166,408.0375195051445,409.5390930175781,15855500,0.0,0.0,MICROSOFT,MSFT
2024-04-18 00:00:00-04:00,408.3358663111444,409.5888365595163,401.6931939204708,402.0113830566406,21029900,0.0,0.0,MICROSOFT,MSFT
2024-04-19 00:00:00-04:00,401.77273939113434,403.21465058171344,395.54770342907875,396.8901672363281,30276500,0.0,0.0,MICROSOFT,MSFT
2024-04-22 00:00:00-04:00,397.84479074255864,400.5993345281771,393.5389952527112,398.7198791503906,20286900,0.0,0.0,MICROSOFT,MSFT
2024-04-23 00:00:00-04:00,401.98155601580095,405.9194538806366,400.8081557996997,405.29296875,15734500,0.0,0.0,MICROSOFT,MSFT
2024-04-24 00:00:00-04:00,407.2718647995056,410.1656108320905,404.50739733751277,406.774658203125,15065300,0.0,0.0,MICROSOFT,MSFT
2024-04-25 00:00:00-04:00,391.828618752875,397.6558956886126,385.8621397543202,396.8106384277344,40586500,0.0,0.0,MICROSOFT,MSFT
2024-04-26 00:00:00-04:00,409.8672492992845,410.6925987964514,403.4930578651768,404.0499267578125,29694700,0.0,0.0,MICROSOFT,MSFT
2024-04-29 00:00:00-04:00,402.98592496673984,404.04995430979096,396.95978376637936,400.002685546875,19582100,0.0,0.0,MICROSOFT,MSFT
2024-04-30 00:00:00-04:00,399.24694482845587,399.91321502328896,386.99579730286666,387.1548767089844,28781400,0.0,0.0,MICROSOFT,MSFT
2024-05-01 00:00:00-04:00,390.41652094109105,399.4756402555506,388.129382901202,392.7335205078125,23562500,0.0,0.0,MICROSOFT,MSFT
2024-05-02 00:00:00-04:00,395.43829198934844,397.69559865870036,392.44509903650277,395.6172790527344,17709400,0.0,0.0,MICROSOFT,MSFT
2024-05-03 00:00:00-04:00,400.03249681413615,404.87528370911673,399.61482996343045,404.3880310058594,17446700,0.0,0.0,MICROSOFT,MSFT
2024-05-06 00:00:00-04:00,406.4763207105219,411.61741959801225,404.09965876333644,411.2296142578125,16996600,0.0,0.0,MICROSOFT,MSFT
2024-05-07 00:00:00-04:00,412.3433243290322,412.3532781707269,406.804436285041,407.05303955078125,20018200,0.0,0.0,MICROSOFT,MSFT
2024-05-08 00:00:00-04:00,405.8896445244435,409.9269596422026,404.4377794192568,408.24639892578125,11792300,0.0,0.0,MICROSOFT,MSFT
2024-05-09 00:00:00-04:00,408.27622591252214,410.4142081765272,406.81443732648563,410.0164489746094,14689700,0.0,0.0,MICROSOFT,MSFT
2024-05-10 00:00:00-04:00,410.6329506272042,413.05932103483843,409.4993051191923,412.4228820800781,13402300,0.0,0.0,MICROSOFT,MSFT
2024-05-13 00:00:00-04:00,415.674640662803,416.01273748411734,408.52480785647384,411.4085998535156,15440200,0.0,0.0,MICROSOFT,MSFT
2024-05-14 00:00:00-04:00,409.7180829864954,415.1575239695539,409.25070760597373,414.23272705078125,15109300,0.0,0.0,MICROSOFT,MSFT
2024-05-15 00:00:00-04:00,416.31478463063036,422.20237002831465,415.68716952908693,421.4751281738281,22239500,0.75,0.0,MICROSOFT,MSFT
2024-05-16 00:00:00-04:00,420.20002201107366,423.80631621551015,418.7555403717738,419.3930969238281,17530100,0.0,0.0,MICROSOFT,MSFT
2024-05-17 00:00:00-04:00,420.93720657305465,421.31577000047076,416.4443044242217,418.61602783203125,15352200,0.0,0.0,MICROSOFT,MSFT
2024-05-20 00:00:00-04:00,418.61604731326383,425.1511614328831,418.396880603077,423.7265930175781,16272100,0.0,0.0,MICROSOFT,MSFT
2024-05-21 00:00:00-04:00,425.2109282566258,431.3276525035277,423.23845828138275,427.4125671386719,21453300,0.0,0.0,MICROSOFT,MSFT
2024-05-22 00:00:00-04:00,428.4585707536916,430.76977778184096,425.5098071947049,428.8869323730469,18073700,0.0,0.0,MICROSOFT,MSFT
2024-05-23 00:00:00-04:00,431.3276350167133,431.9552501295072,423.806286262839,425.3802795410156,17211700,0.0,0.0,MICROSOFT,MSFT
2024-05-24 00:00:00-04:00,425.5695849033528,429.42490035124973,422.80013121816387,428.5283203125,11845800,0.0,0.0,MICROSOFT,MSFT
2024-05-28 00:00:00-04:00,428.00029803642946,429.18578646553686,424.98179289048926,428.68768310546875,15718000,0.0,0.0,MICROSOFT,MSFT
2024-05-29 00:00:00-04:00,424.0752731477367,429.3053588233618,424.0752731477367,427.5420837402344,15517100,0.0,0.0,MICROSOFT,MSFT
2024-05-30 00:00:00-04:00,422.6905221136095,422.6905221136095,412.66868439774686,413.0970764160156,28424800,0.0,0.0,MICROSOFT,MSFT
2024-05-31 00:00:00-04:00,415.16917849985816,415.16917849985816,402.97561715504287,413.5553283691406,47995300,0.0,0.0,MICROSOFT,MSFT
2024-06-03 00:00:00-04:00,413.95380136857847,414.85038138867975,407.36888915692555,411.951416015625,17484700,0.0,0.0,MICROSOFT,MSFT
2024-06-04 00:00:00-04:00,410.8655529993055,414.86035189643934,408.1259843675055,414.49176025390625,14348900,0.0,0.0,MICROSOFT,MSFT
2024-06-05 00:00:00-04:00,416.22514771727197,422.47135321415044,414.72086576752366,422.4016418457031,16988000,0.0,0.0,MICROSOFT,MSFT
2024-06-06 00:00:00-04:00,422.40162321221555,423.69667979403914,418.9846110399524,422.90966796875,14861300,0.0,0.0,MICROSOFT,MSFT
2024-06-07 00:00:00-04:00,424.58334054159934,424.6630237069637,421.3954666942958,422.24224853515625,13621700,0.0,0.0,MICROSOFT,MSFT
2024-06-10 00:00:00-04:00,423.08902037615866,426.4561736654937,422.28209533796144,426.2469787597656,14003000,0.0,0.0,MICROSOFT,MSFT
2024-06-11 00:00:00-04:00,423.8660564891145,431.17821034370814,423.6369179932823,431.0387268066406,14551100,0.0,0.0,MICROSOFT,MSFT
2024-06-12 00:00:00-04:00,433.6687456637979,441.7180831231833,431.6065903189822,439.386962890625,22366200,0.0,0.0,MICROSOFT,MSFT
2024-06-13 00:00:00-04:00,439.1777872502892,441.70816111194614,437.7033901966821,439.9049987792969,15960600,0.0,0.0,MICROSOFT,MSFT
2024-06-14 00:00:00-04:00,436.61749981653395,441.4590805041377,435.06341969503586,440.8912353515625,13582000,0.0,0.0,MICROSOFT,MSFT
2024-06-17 00:00:00-04:00,440.91114611586056,449.2294786395013,439.04824433956117,446.6692199707031,20790000,0.0,0.0,MICROSOFT,MSFT
2024-06-18 00:00:00-04:00,448.00415421057704,448.4325462425365,443.2024605110735,444.6469421386719,17112500,0.0,0.0,MICROSOFT,MSFT
2024-06-20 00:00:00-04:00,444.60706863615064,444.836207137568,439.59614980649565,444.0093688964844,19877400,0.0,0.0,MICROSOFT,MSFT
2024-06-21 00:00:00-04:00,445.68299287159783,448.87083631771554,444.8162978396789,448.0738830566406,34486200,0.0,0.0,MICROSOFT,MSFT
2024-06-24 00:00:00-04:00,448.09381883309726,451.0326411348473,444.7166934969366,445.971923828125,15913700,0.0,0.0,MICROSOFT,MSFT
2024-06-25 00:00:00-04:00,446.54967056310835,449.7076593011684,445.05536045525633,449.23944091796875,16747500,0.0,0.0,MICROSOFT,MSFT
2024-06-26 00:00:00-04:00,447.29683770913255,451.87939491079237,446.4899126612236,450.4448547363281,16507000,0.0,0.0,MICROSOFT,MSFT
2024-06-27 00:00:00-04:00,450.4647607669407,454.43964637133854,450.0563123513601,451.1322326660156,14806300,0.0,0.0,MICROSOFT,MSFT
2024-06-28 00:00:00-04:00,451.3514193859445,453.65265464759193,444.7166784906869,445.254638671875,28362300,0.0,0.0,MICROSOFT,MSFT
2024-07-01 00:00:00-04:00,446.9581321622781,455.6350845987226,443.9695118583906,454.9975280761719,17662800,0.0,0.0,MICROSOFT,MSFT
2024-07-02 00:00:00-04:00,451.48091804269,457.8466634618686,451.39123268024355,457.537841796875,13979800,0.0,0.0,MICROSOFT,MSFT
2024-07-03 00:00:00-04:00,456.4519861681576,459.27123797386463,456.143164499039,459.0221862792969,9932800,0.0,0.0,MICROSOFT,MSFT
2024-07-05 00:00:00-04:00,457.8665819543775,466.5734498542255,457.2290254263628,465.78643798828125,16000300,0.0,0.0,MICROSOFT,MSFT
2024-07-08 00:00:00-04:00,464.7802572139819,465.9259193229851,462.69818870917646,464.471435546875,12962300,0.0,0.0,MICROSOFT,MSFT
2024-07-09 00:00:00-04:00,465.2285691118471,465.55730397446223,456.26270803688647,457.796875,17207200,0.0,0.0,MICROSOFT,MSFT
2024-07-10 00:00:00-04:00,459.4704958685422,464.6906097078431,457.1194320404737,464.4814147949219,18196100,0.0,0.0,MICROSOFT,MSFT
2024-07-11 00:00:00-04:00,461.22381037027674,463.0169703529818,449.8371441541028,452.9752197265625,23111200,0.0,0.0,MICROSOFT,MSFT
2024-07-12 00:00:00-04:00,452.6065993751412,454.6288978616777,448.94056583137933,451.8295593261719,16324300,0.0,0.0,MICROSOFT,MSFT
2024-07-15 00:00:00-04:00,451.58053696342466,455.52553783912686,449.7176350841416,452.238037109375,14429400,0.0,0.0,MICROSOFT,MSFT
2024-07-16 00:00:00-04:00,452.4970646024392,452.5767477715214,444.9657434486552,447.81488037109375,17175700,0.0,0.0,MICROSOFT,MSFT
2024-07-17 00:00:00-04:00,440.91115096654386,443.16258799675774,437.51408223046485,441.8376159667969,21778000,0.0,0.0,MICROSOFT,MSFT
2024-07-18 00:00:00-04:00,442.65452718481316,442.9633488615893,432.7522291311158,438.6995849609375,20794800,0.0,0.0,MICROSOFT,MSFT
2024-07-19 00:00:00-04:00,431.4571662650149,439.4666773586476,430.36133271708457,435.4519348144531,20940400,0.0,0.0,MICROSOFT,MSFT
2024-07-22 00:00:00-04:00,440.11419496144765,442.9135335372959,437.2451146156544,441.25982666015625,15808800,0.0,0.0,MICROSOFT,MSFT
2024-07-23 00:00:00-04:00,442.2161890427922,446.6891782136702,441.4192357696415,443.16259765625,13107100,0.0,0.0,MICROSOFT,MSFT
2024-07-24 00:00:00-04:00,438.7792775544404,439.80536929637776,425.9680428717,427.2730712890625,26805800,0.0,0.0,MICROSOFT,MSFT
2024-07-25 00:00:00-04:00,427.1734408135737,428.1696475602488,415.9262885329197,416.8128967285156,29943800,0.0,0.0,MICROSOFT,MSFT
2024-07-26 00:00:00-04:00,416.61367127993725,427.29300876037615,415.6871759053529,423.6568298339844,23583800,0.0,0.0,MICROSOFT,MSFT
2024-07-29 00:00:00-04:00,429.942906663257,430.51075182155637,423.0890295874203,425.111328125,15125800,0.0,0.0,MICROSOFT,MSFT
2024-07-30 00:00:00-04:00,426.09757640796397,427.4225180835465,415.77685808571965,421.3157958984375,32687600,0.0,0.0,MICROSOFT,MSFT
2024-07-31 00:00:00-04:00,418.90496110695756,420.18010460008077,410.64639818879624,416.76312255859375,42891400,0.0,0.0,MICROSOFT,MSFT
2024-08-01 00:00:00-04:00,419.19386562327855,425.838547918417,411.52306114392917,415.5278015136719,30296400,0.0,0.0,MICROSOFT,MSFT
2024-08-02 00:00:00-04:00,410.9253177730246,413.42580647571236,402.80623873826266,406.94049072265625,29437900,0.0,0.0,MICROSOFT,MSFT
2024-08-05 00:00:00-04:00,387.6937956010728,399.51876489974967,384.1173866027343,393.6510925292969,40709200,0.0,0.0,MICROSOFT,MSFT
2024-08-06 00:00:00-04:00,398.48271248363807,404.1312183098937,396.9884023118245,398.09417724609375,24946500,0.0,0.0,MICROSOFT,MSFT
2024-08-07 00:00:00-04:00,407.08996403891814,408.5244738707381,395.9623206324772,396.9186706542969,20650900,0.0,0.0,MICROSOFT,MSFT
2024-08-08 00:00:00-04:00,400.9134544113508,404.32046453514727,398.42293748970286,401.1625061035156,20203000,0.0,0.0,MICROSOFT,MSFT
2024-08-09 00:00:00-04:00,402.4974166714437,406.5021569084041,400.73414164807366,404.4798583984375,19276700,0.0,0.0,MICROSOFT,MSFT
2024-08-12 00:00:00-04:00,405.5159279147697,407.2094915951495,402.7066175092627,405.2668762207031,16762900,0.0,0.0,MICROSOFT,MSFT
2024-08-13 00:00:00-04:00,408.03632788850376,413.3760119926634,408.01641469772835,412.4395751953125,19414300,0.0,0.0,MICROSOFT,MSFT
2024-08-14 00:00:00-04:00,413.22656400495976,416.13550120626286,410.88550237176327,415.27874755859375,18267000,0.0,0.0,MICROSOFT,MSFT
2024-08-15 00:00:00-04:00,418.9613804533999,420.2687611144248,416.82567123071317,420.1889343261719,20752100,0.75,0.0,MICROSOFT,MSFT
2024-08-16 00:00:00-04:00,419.7597830235576,420.4982949962473,416.46635708464305,417.634033203125,22775600,0.0,0.0,MICROSOFT,MSFT
2024-08-19 00:00:00-04:00,418.12305390999944,420.90748898024606,415.6280480476388,420.68792724609375,15234000,0.0,0.0,MICROSOFT,MSFT
2024-08-20 00:00:00-04:00,420.85760258271205,425.0092655510223,420.7977248783259,423.9513854980469,16387600,0.0,0.0,MICROSOFT,MSFT
2024-08-21 00:00:00-04:00,423.2328164492432,425.5481891739701,420.87754555991404,423.292724609375,16067300,0.0,0.0,MICROSOFT,MSFT
2024-08-22 00:00:00-04:00,423.51227773093285,425.93744667495105,413.78175447140427,414.7198791503906,19361900,0.0,0.0,MICROSOFT,MSFT
2024-08-23 00:00:00-04:00,416.14702033916933,418.4224644213377,411.2667743519609,415.9573974609375,18493800,0.0,0.0,MICROSOFT,MSFT
2024-08-26 00:00:00-04:00,415.53822251165116,416.4464082807184,410.51827204332665,412.6639709472656,13152800,0.0,0.0,MICROSOFT,MSFT
2024-08-27 00:00:00-04:00,412.03522191159976,413.53222538686055,409.4304504838206,413.0132751464844,13492900,0.0,0.0,MICROSOFT,MSFT
2024-08-28 00:00:00-04:00,414.05123414353307,414.1709895566114,406.49634878347894,409.77978515625,14882700,0.0,0.0,MICROSOFT,MSFT
2024-08-29 00:00:00-04:00,414.11111041255606,421.2068927223571,409.77978373376925,412.29473876953125,17045200,0.0,0.0,MICROSOFT,MSFT
2024-08-30 00:00:00-04:00,414.76976956217663,416.655978106258,411.3067002995332,416.30670166015625,24308300,0.0,0.0,MICROSOFT,MSFT
2024-09-03 00:00:00-04:00,417.07515113927735,419.04121691819955,406.2168810784247,408.6220703125,20313600,0.0,0.0,MICROSOFT,MSFT
2024-09-04 00:00:00-04:00,405.09914307922884,410.41848227651053,403.5622109113736,408.0831604003906,15135800,0.0,0.0,MICROSOFT,MSFT
2024-09-05 00:00:00-04:00,406.80570694219614,412.2747707026805,405.31869320908027,407.5741882324219,14195500,0.0,0.0,MICROSOFT,MSFT
2024-09-06 00:00:00-04:00,408.2428350994982,409.82965516660903,399.9993260182044,400.8975524902344,19609500,0.0,0.0,MICROSOFT,MSFT
2024-09-09 00:00:00-04:00,406.42646799117773,407.83365496197575,401.34663967543116,404.9095153808594,15295100,0.0,0.0,MICROSOFT,MSFT
2024-09-10 00:00:00-04:00,407.3845749597779,415.4983085515719,406.8855737804821,413.3725891113281,19594300,0.0,0.0,MICROSOFT,MSFT
2024-09-11 00:00:00-04:00,414.66996964762023,423.14299971452004,408.7617824312734,422.1949157714844,19266900,0.0,0.0,MICROSOFT,MSFT
2024-09-12 00:00:00-04:00,422.4643720681856,426.5162591700305,418.91148614101724,426.1470031738281,17418800,0.0,0.0,MICROSOFT,MSFT
2024-09-13 00:00:00-04:00,424.97932695262114,430.9673410477323,424.61007095648097,429.7298278808594,15874600,0.0,0.0,MICROSOFT,MSFT
2024-09-16 00:00:00-04:00,429.7398205223156,432.663960115382,427.36457004232324,430.47833251953125,13834700,0.0,0.0,MICROSOFT,MSFT
2024-09-17 00:00:00-04:00,439.35060036636963,440.96735935499987,431.40647946288897,434.2807312011719,18874200,0.0,0.0,MICROSOFT,MSFT
2024-09-18 00:00:00-04:00,434.13103425412396,435.1589754847829,429.5502069957536,429.94940185546875,18898000,0.0,0.0,MICROSOFT,MSFT
2024-09-19 00:00:00-04:00,440.3485942013553,440.61804387535744,436.0272269078699,437.81365966796875,21706600,0.0,0.0,MICROSOFT,MSFT
2024-09-20 00:00:00-04:00,436.34659898883444,438.3625528190564,433.35259186813613,434.4004821777344,55167100,0.0,0.0,MICROSOFT,MSFT
2024-09-23 00:00:00-04:00,433.41246330331813,435.5881011366269,429.53024996375467,432.6440124511719,15128900,0.0,0.0,MICROSOFT,MSFT
2024-09-24 00:00:00-04:00,432.1350187153662,432.48432563013114,425.24880857311865,428.31268310546875,17015800,0.0,0.0,MICROSOFT,MSFT
2024-09-25 00:00:00-04:00,428.9713514363913,432.25478780854195,427.7138891426906,431.2467956542969,13396400,0.0,0.0,MICROSOFT,MSFT
2024-09-26 00:00:00-04:00,434.2208424719693,434.4304144393862,428.27275694361356,430.4483947753906,14492000,0.0,0.0,MICROSOFT,MSFT
2024-09-27 00:00:00-04:00,430.6579556744764,430.98731349999593,426.6160584093853,427.1649475097656,14896100,0.0,0.0,MICROSOFT,MSFT
2024-09-30 00:00:00-04:00,427.3545779124989,429.5601850355194,424.5202548923187,429.4403991699219,16807300,0.0,0.0,MICROSOFT,MSFT
2024-10-01 00:00:00-04:00,427.59411732607174,427.6240561781871,417.9733600914629,419.849609375,19092900,0.0,0.0,MICROSOFT,MSFT
2024-10-02 00:00:00-04:00,421.735816910149,421.9753581830839,415.87754802693416,416.2967224121094,16582300,0.0,0.0,MICROSOFT,MSFT
2024-10-03 00:00:00-04:00,416.79573518966424,418.7118826868124,413.46241092439135,415.7079162597656,13686400,0.0,0.0,MICROSOFT,MSFT
2024-10-04 00:00:00-04:00,417.4044891108862,418.91148239103603,414.141032422096,415.2288513183594,19169700,0.0,0.0,MICROSOFT,MSFT
2024-10-07 00:00:00-04:00,415.16898000097916,416.27674799671047,408.1829635105781,408.7218933105469,20919800,0.0,0.0,MICROSOFT,MSFT
2024-10-08 00:00:00-04:00,410.0791746223265,414.8296757293512,407.3546475987459,413.8815612792969,19229300,0.0,0.0,MICROSOFT,MSFT
2024-10-09 00:00:00-04:00,415.0292278034618,419.5402177563071,413.47234662969106,416.62603759765625,14974300,0.0,0.0,MICROSOFT,MSFT
2024-10-10 00:00:00-04:00,414.4005410260384,416.5163012078428,412.3246790108455,415.0093078613281,13848400,0.0,0.0,MICROSOFT,MSFT
2024-10-11 00:00:00-04:00,415.30870917320357,416.2967217455578,412.42446778596707,415.48834228515625,14144900,0.0,0.0,MICROSOFT,MSFT
2024-10-14 00:00:00-04:00,416.93544552364324,423.1929399714268,416.6859449273295,418.302734375,16653100,0.0,0.0,MICROSOFT,MSFT
2024-10-15 00:00:00-04:00,421.33663401346166,421.6360529989684,414.4304746563672,417.90350341796875,18900200,0.0,0.0,MICROSOFT,MSFT
2024-10-16 00:00:00-04:00,414.34064286226896,415.5282376209468,409.66000947414466,415.2887268066406,15508900,0.0,0.0,MICROSOFT,MSFT
2024-10-17 00:00:00-04:00,421.5162601711392,421.65599512005826,414.7597951900465,415.8875427246094,14820000,0.0,0.0,MICROSOFT,MSFT
2024-10-18 00:00:00-04:00,416.30672505621476,418.81169030533886,415.4284780937268,417.3246765136719,17145300,0.0,0.0,MICROSOFT,MSFT
2024-10-21 00:00:00-04:00,415.28873052027103,418.1230535224922,412.92346983800354,417.94342041015625,14206100,0.0,0.0,MICROSOFT,MSFT
2024-10-22 00:00:00-04:00,417.65400492824705,429.719850009177,417.20492213264845,426.656005859375,25482200,0.0,0.0,MICROSOFT,MSFT
2024-10-23 00:00:00-04:00,429.99927448801196,430.2188362215334,421.68592837942305,423.7518005371094,19654400,0.0,0.0,MICROSOFT,MSFT
2024-10-24 00:00:00-04:00,424.48033834123805,425.1290642527003,421.55619868116815,423.8815612792969,13581600,0.0,0.0,MICROSOFT,MSFT
2024-10-25 00:00:00-04:00,425.9075007963015,431.6559737319955,425.7178779096375,427.2947082519531,16899100,0.0,0.0,MICROSOFT,MSFT
2024-10-28 00:00:00-04:00,430.79770276573566,431.0771422085262,425.44839427381163,425.7378234863281,14882400,0.0,0.0,MICROSOFT,MSFT
2024-10-29 00:00:00-04:00,427.14500621655657,432.3046917719988,424.94938886176953,431.0871276855469,17644100,0.0,0.0,MICROSOFT,MSFT
2024-10-30 00:00:00-04:00,436.566149775902,437.6240298288107,431.2368208895649,431.66595458984375,29749100,0.0,0.0,MICROSOFT,MSFT
2024-10-31 00:00:00-04:00,414.53024968400064,415.3286698537771,405.4883506505116,405.53826904296875,53971000,0.0,0.0,MICROSOFT,MSFT
2024-11-01 00:00:00-04:00,408.1929633155515,414.669989017628,406.6859699751707,409.55023193359375,24230400,0.0,0.0,MICROSOFT,MSFT
2024-11-04 00:00:00-05:00,408.98136250106245,409.6001495592508,404.75983193250556,407.64404296875,19672300,0.0,0.0,MICROSOFT,MSFT
2024-11-05 00:00:00-05:00,407.55420745470553,414.0711614645437,407.26477825056725,410.6380310058594,17626000,0.0,0.0,MICROSOFT,MSFT
2024-11-06 00:00:00-05:00,411.5961294118678,419.6100868075599,409.6999006422783,419.3406066894531,26681800,0.0,0.0,MICROSOFT,MSFT
2024-11-07 00:00:00-05:00,420.4384354335317,425.997315920461,419.041238212776,424.58013916015625,19901800,0.0,0.0,MICROSOFT,MSFT
2024-11-08 00:00:00-05:00,424.4703681752109,425.6480036424066,420.9374313170091,421.6959228515625,16891400,0.0,0.0,MICROSOFT,MSFT
2024-11-11 00:00:00-05:00,421.67592700377526,423.9613608320793,415.16896287691225,417.1749572753906,24503300,0.0,0.0,MICROSOFT,MSFT
2024-11-12 00:00:00-05:00,417.41448646778457,423.59212350380113,416.3665961739424,422.1849365234375,19401200,0.0,0.0,MICROSOFT,MSFT
2024-11-13 00:00:00-05:00,420.7977304833057,428.4723406260961,417.37455923502137,424.3506164550781,21502200,0.0,0.0,MICROSOFT,MSFT
2024-11-14 00:00:00-05:00,424.1509924128195,427.3146732159619,419.1609807373746,426.0372314453125,30246900,0.0,0.0,MICROSOFT,MSFT
2024-11-15 00:00:00-05:00,418.981368798022,421.95539641463347,412.8137213651046,414.1709899902344,28247600,0.0,0.0,MICROSOFT,MSFT
2024-11-18 00:00:00-05:00,414.04123715109023,417.56418428856415,411.27678155870234,414.9294738769531,24742000,0.0,0.0,MICROSOFT,MSFT
2024-11-19 00:00:00-05:00,412.28473963430486,417.10510808078726,410.727858391825,416.9554138183594,18133500,0.0,0.0,MICROSOFT,MSFT
2024-11-20 00:00:00-05:00,416.0372212157148,416.4563955899673,409.7597781109004,414.65997314453125,19191700,0.0,0.0,MICROSOFT,MSFT
2024-11-21 00:00:00-05:00,419.5,419.7799987792969,410.2900085449219,412.8699951171875,20780200,0.83,0.0,MICROSOFT,MSFT
2024-11-22 00:00:00-05:00,411.3699951171875,417.3999938964844,411.05999755859375,417.0,24814600,0.0,0.0,MICROSOFT,MSFT
2024-11-25 00:00:00-05:00,418.3800048828125,421.0799865722656,414.8500061035156,418.7900085449219,27691100,0.0,0.0,MICROSOFT,MSFT
2024-11-26 00:00:00-05:00,419.5899963378906,429.0400085449219,418.8500061035156,427.989990234375,23458900,0.0,0.0,MICROSOFT,MSFT
2024-11-27 00:00:00-05:00,425.1099853515625,427.2300109863281,422.0199890136719,422.989990234375,18332400,0.0,0.0,MICROSOFT,MSFT
2024-11-29 00:00:00-05:00,420.0899963378906,424.8800048828125,417.79998779296875,423.4599914550781,16271900,0.0,0.0,MICROSOFT,MSFT
2024-12-02 00:00:00-05:00,421.57000732421875,433.0,421.30999755859375,430.9800109863281,20207200,0.0,0.0,MICROSOFT,MSFT
2024-12-03 00:00:00-05:00,429.8399963378906,432.4700012207031,427.739990234375,431.20001220703125,18302000,0.0,0.0,MICROSOFT,MSFT
2024-12-04 00:00:00-05:00,433.0299987792969,439.6700134277344,432.6300048828125,437.4200134277344,26009400,0.0,0.0,MICROSOFT,MSFT
2024-12-05 00:00:00-05:00,437.9200134277344,444.6600036621094,436.1700134277344,442.6199951171875,21697800,0.0,0.0,MICROSOFT,MSFT
2024-12-06 00:00:00-05:00,442.29998779296875,446.1000061035156,441.7699890136719,443.57000732421875,18821000,0.0,0.0,MICROSOFT,MSFT
2024-12-09 00:00:00-05:00,442.6000061035156,448.3299865722656,440.5,446.0199890136719,19144400,0.0,0.0,MICROSOFT,MSFT
2024-12-10 00:00:00-05:00,444.3900146484375,449.6199951171875,441.6000061035156,443.3299865722656,18469500,0.0,0.0,MICROSOFT,MSFT
2024-12-11 00:00:00-05:00,444.04998779296875,450.3500061035156,444.04998779296875,448.989990234375,19200200,0.0,0.0,MICROSOFT,MSFT
2024-12-12 00:00:00-05:00,449.1099853515625,456.1600036621094,449.1099853515625,449.55999755859375,20834800,0.0,0.0,MICROSOFT,MSFT
2024-12-13 00:00:00-05:00,448.44000244140625,451.42999267578125,445.5799865722656,447.2699890136719,20177800,0.0,0.0,MICROSOFT,MSFT
2024-12-16 00:00:00-05:00,447.2699890136719,452.17999267578125,445.2799987792969,451.5899963378906,23598800,0.0,0.0,MICROSOFT,MSFT
2024-12-17 00:00:00-05:00,451.010009765625,455.2900085449219,449.57000732421875,454.4599914550781,22733500,0.0,0.0,MICROSOFT,MSFT
2024-12-18 00:00:00-05:00,451.32000732421875,452.6499938964844,437.0199890136719,437.3900146484375,24444500,0.0,0.0,MICROSOFT,MSFT
2024-12-19 00:00:00-05:00,441.6199951171875,443.17999267578125,436.32000732421875,437.0299987792969,22963700,0.0,0.0,MICROSOFT,MSFT
2024-12-20 00:00:00-05:00,433.1099853515625,443.739990234375,428.6300048828125,436.6000061035156,64263700,0.0,0.0,MICROSOFT,MSFT
2024-12-23 00:00:00-05:00,436.739990234375,437.6499938964844,432.8299865722656,435.25,19152500,0.0,0.0,MICROSOFT,MSFT
2024-12-24 00:00:00-05:00,434.6499938964844,439.6000061035156,434.19000244140625,439.3299865722656,7164500,0.0,0.0,MICROSOFT,MSFT
2024-12-26 00:00:00-05:00,439.0799865722656,440.94000244140625,436.6300048828125,438.1099853515625,8194200,0.0,0.0,MICROSOFT,MSFT
2024-12-27 00:00:00-05:00,434.6000061035156,435.2200012207031,426.3500061035156,430.5299987792969,18117700,0.0,0.0,MICROSOFT,MSFT
2024-12-30 00:00:00-05:00,426.05999755859375,427.54998779296875,421.8999938964844,424.8299865722656,13158700,0.0,0.0,MICROSOFT,MSFT
2024-12-31 00:00:00-05:00,426.1000061035156,426.7300109863281,420.6600036621094,421.5,13246500,0.0,0.0,MICROSOFT,MSFT
2025-01-02 00:00:00-05:00,425.5299987792969,426.07000732421875,414.8500061035156,418.5799865722656,16896500,0.0,0.0,MICROSOFT,MSFT
2025-01-03 00:00:00-05:00,421.0799865722656,424.0299987792969,419.5400085449219,423.3500061035156,16662900,0.0,0.0,MICROSOFT,MSFT
2025-01-06 00:00:00-05:00,428.0,434.32000732421875,425.4800109863281,427.8500061035156,20573600,0.0,0.0,MICROSOFT,MSFT
2025-01-07 00:00:00-05:00,429.0,430.6499938964844,420.79998779296875,422.3699951171875,18139100,0.0,0.0,MICROSOFT,MSFT
2025-01-08 00:00:00-05:00,423.4599914550781,426.9700012207031,421.5400085449219,424.55999755859375,15054600,0.0,0.0,MICROSOFT,MSFT
2025-01-10 00:00:00-05:00,424.6300048828125,424.7099914550781,415.0199890136719,418.95001220703125,20201100,0.0,0.0,MICROSOFT,MSFT
2025-01-13 00:00:00-05:00,415.239990234375,418.5,412.2900085449219,417.19000244140625,17604800,0.0,0.0,MICROSOFT,MSFT
2025-01-14 00:00:00-05:00,417.80999755859375,419.739990234375,410.7200012207031,415.6700134277344,16935900,0.0,0.0,MICROSOFT,MSFT
2025-01-15 00:00:00-05:00,419.1300048828125,428.1499938964844,418.2699890136719,426.30999755859375,19637800,0.0,0.0,MICROSOFT,MSFT
2025-01-16 00:00:00-05:00,428.70001220703125,429.489990234375,424.3900146484375,424.5799865722656,15300000,0.0,0.0,MICROSOFT,MSFT
2025-01-17 00:00:00-05:00,434.0899963378906,434.4800109863281,428.1700134277344,429.0299987792969,26148000,0.0,0.0,MICROSOFT,MSFT
2018-01-18 00:00:00-05:00,64.69750213623047,65.2300033569336,64.20099639892578,64.66600036621094,80538000,0.0,0.0,AMAZON,AMZN
2018-01-19 00:00:00-05:00,65.5999984741211,65.6500015258789,64.64949798583984,64.72899627685547,91570000,0.0,0.0,AMAZON,AMZN
2018-01-22 00:00:00-05:00,64.8584976196289,66.37249755859375,64.83300018310547,66.3655014038086,82802000,0.0,0.0,AMAZON,AMZN
2018-01-23 00:00:00-05:00,66.90450286865234,68.24500274658203,66.86699676513672,68.12699890136719,103386000,0.0,0.0,AMAZON,AMZN
2018-01-24 00:00:00-05:00,68.74099731445312,69.40799713134766,66.9000015258789,67.87550354003906,136150000,0.0,0.0,AMAZON,AMZN
2018-01-25 00:00:00-05:00,68.4000015258789,68.91699981689453,67.88099670410156,68.89749908447266,95060000,0.0,0.0,AMAZON,AMZN
2018-01-26 00:00:00-05:00,69.60050201416016,70.12650299072266,69.04550170898438,70.10250091552734,97146000,0.0,0.0,AMAZON,AMZN
2018-01-29 00:00:00-05:00,70.45899963378906,71.56950378417969,70.02200317382812,70.88400268554688,114038000,0.0,0.0,AMAZON,AMZN
2018-01-30 00:00:00-05:00,70.15850067138672,71.9625015258789,69.5999984741211,71.89099884033203,117438000,0.0,0.0,AMAZON,AMZN
2018-01-31 00:00:00-05:00,72.56500244140625,73.62899780273438,72.50199890136719,72.54450225830078,128494000,0.0,0.0,AMAZON,AMZN
2018-02-01 00:00:00-05:00,72.25,72.99400329589844,69.25700378417969,69.5,182276000,0.0,0.0,AMAZON,AMZN
2018-02-02 00:00:00-05:00,73.86949920654297,74.9000015258789,70.69999694824219,71.49749755859375,222514000,0.0,0.0,AMAZON,AMZN
2018-02-05 00:00:00-05:00,70.13099670410156,72.9489974975586,66.03600311279297,69.5,229900000,0.0,0.0,AMAZON,AMZN
2018-02-06 00:00:00-05:00,68.072998046875,72.19950103759766,67.5895004272461,72.14199829101562,221336000,0.0,0.0,AMAZON,AMZN
2018-02-07 00:00:00-05:00,72.44999694824219,73.04949951171875,70.75749969482422,70.83899688720703,143254000,0.0,0.0,AMAZON,AMZN
2018-02-08 00:00:00-05:00,71.48400115966797,71.6875,67.49700164794922,67.5250015258789,171572000,0.0,0.0,AMAZON,AMZN
2018-02-09 00:00:00-05:00,68.67449951171875,69.17500305175781,63.29650115966797,66.9800033569336,282830000,0.0,0.0,AMAZON,AMZN
2018-02-12 00:00:00-05:00,68.2334976196289,69.69049835205078,67.20050048828125,69.3115005493164,134778000,0.0,0.0,AMAZON,AMZN
2018-02-13 00:00:00-05:00,69.29650115966797,70.98600006103516,69.17649841308594,70.72550201416016,118358000,0.0,0.0,AMAZON,AMZN
2018-02-14 00:00:00-05:00,70.3125,72.60299682617188,70.16799926757812,72.55249786376953,119184000,0.0,0.0,AMAZON,AMZN
2018-02-15 00:00:00-05:00,73.34449768066406,73.4469985961914,71.84200286865234,73.08799743652344,113054000,0.0,0.0,AMAZON,AMZN
2018-02-16 00:00:00-05:00,72.86849975585938,73.29000091552734,72.3280029296875,72.43450164794922,89452000,0.0,0.0,AMAZON,AMZN
2018-02-20 00:00:00-05:00,72.32450103759766,74.4384994506836,72.32450103759766,73.4175033569336,129984000,0.0,0.0,AMAZON,AMZN
2018-02-21 00:00:00-05:00,74.25,75.17449951171875,73.94599914550781,74.14600372314453,126088000,0.0,0.0,AMAZON,AMZN
2018-02-22 00:00:00-05:00,74.76799774169922,75.12699890136719,73.78800201416016,74.26699829101562,97162000,0.0,0.0,AMAZON,AMZN
2018-02-23 00:00:00-05:00,74.76699829101562,75.0,74.32499694824219,75.0,88362000,0.0,0.0,AMAZON,AMZN
2018-02-26 00:00:00-05:00,75.45999908447266,76.14199829101562,75.3499984741211,76.09750366210938,99100000,0.0,0.0,AMAZON,AMZN
2018-02-27 00:00:00-05:00,76.2249984741211,76.33899688720703,75.3604965209961,75.5989990234375,96176000,0.0,0.0,AMAZON,AMZN
2018-02-28 00:00:00-05:00,75.97550201416016,76.43499755859375,75.5999984741211,75.62249755859375,90300000,0.0,0.0,AMAZON,AMZN
2018-03-01 00:00:00-05:00,75.68000030517578,75.92449951171875,73.25,74.67250061035156,136704000,0.0,0.0,AMAZON,AMZN
2018-03-02 00:00:00-05:00,73.45500183105469,75.05249786376953,72.75050354003906,75.01249694824219,131752000,0.0,0.0,AMAZON,AMZN
2018-03-05 00:00:00-05:00,74.71199798583984,76.26899719238281,74.05000305175781,76.18049621582031,104678000,0.0,0.0,AMAZON,AMZN
2018-03-06 00:00:00-05:00,76.66000366210938,77.10649871826172,76.4000015258789,76.88200378417969,91234000,0.0,0.0,AMAZON,AMZN
2018-03-07 00:00:00-05:00,76.32599639892578,77.29499816894531,76.12550354003906,77.25,83482000,0.0,0.0,AMAZON,AMZN
2018-03-08 00:00:00-05:00,77.5,77.74400329589844,77.26249694824219,77.59300231933594,77252000,0.0,0.0,AMAZON,AMZN
2018-03-09 00:00:00-05:00,78.17500305175781,78.9469985961914,77.9540023803711,78.94450378417969,90686000,0.0,0.0,AMAZON,AMZN
2018-03-12 00:00:00-04:00,79.62999725341797,80.2665023803711,79.33499908447266,79.91950225830078,103484000,0.0,0.0,AMAZON,AMZN
2018-03-13 00:00:00-04:00,80.7979965209961,80.87699890136719,78.90049743652344,79.40899658203125,130638000,0.0,0.0,AMAZON,AMZN
2018-03-14 00:00:00-04:00,79.8499984741211,80.3219985961914,79.54450225830078,79.55000305175781,85188000,0.0,0.0,AMAZON,AMZN
2018-03-15 00:00:00-04:00,79.75,79.84549713134766,78.90550231933594,79.11599731445312,81394000,0.0,0.0,AMAZON,AMZN
2018-03-16 00:00:00-04:00,79.17250061035156,79.47200012207031,78.375,78.58399963378906,108500000,0.0,0.0,AMAZON,AMZN
2018-03-19 00:00:00-04:00,77.72650146484375,78.08300018310547,76.26750183105469,77.24649810791016,131616000,0.0,0.0,AMAZON,AMZN
2018-03-20 00:00:00-04:00,77.51699829101562,79.3499984741211,77.27050018310547,79.32550048828125,91632000,0.0,0.0,AMAZON,AMZN
2018-03-21 00:00:00-04:00,79.32250213623047,79.5,78.15850067138672,79.09300231933594,95016000,0.0,0.0,AMAZON,AMZN
2018-03-22 00:00:00-04:00,78.27349853515625,78.69249725341797,77.12000274658203,77.24600219726562,126412000,0.0,0.0,AMAZON,AMZN
2018-03-23 00:00:00-04:00,76.95050048828125,77.45099639892578,74.76799774169922,74.77799987792969,160120000,0.0,0.0,AMAZON,AMZN
2018-03-26 00:00:00-04:00,76.5,77.84950256347656,74.9625015258789,77.79299926757812,112494000,0.0,0.0,AMAZON,AMZN
2018-03-27 00:00:00-04:00,78.62000274658203,78.79850006103516,74.11599731445312,74.85250091552734,139992000,0.0,0.0,AMAZON,AMZN
2018-03-28 00:00:00-04:00,72.3499984741211,72.79499816894531,69.30850219726562,71.57099914550781,274106000,0.0,0.0,AMAZON,AMZN
2018-03-29 00:00:00-04:00,70.30000305175781,72.77349853515625,68.26000213623047,72.36699676513672,251622000,0.0,0.0,AMAZON,AMZN
2018-04-02 00:00:00-04:00,70.88099670410156,71.06800079345703,67.75,68.59950256347656,209272000,0.0,0.0,AMAZON,AMZN
2018-04-03 00:00:00-04:00,69.56900024414062,70.69999694824219,67.7665023803711,69.60250091552734,204624000,0.0,0.0,AMAZON,AMZN
2018-04-04 00:00:00-04:00,67.91200256347656,70.76950073242188,67.64399719238281,70.52850341796875,139646000,0.0,0.0,AMAZON,AMZN
2018-04-05 00:00:00-04:00,72.09950256347656,72.97799682617188,71.35350036621094,72.5875015258789,128270000,0.0,0.0,AMAZON,AMZN
2018-04-06 00:00:00-04:00,71.49849700927734,72.625,70.01300048828125,70.2614974975586,117646000,0.0,0.0,AMAZON,AMZN
2018-04-09 00:00:00-04:00,71.25150299072266,71.92400360107422,70.12850189208984,70.30400085449219,84164000,0.0,0.0,AMAZON,AMZN
2018-04-10 00:00:00-04:00,71.59950256347656,71.91899871826172,70.78500366210938,71.81099700927734,85082000,0.0,0.0,AMAZON,AMZN
2018-04-11 00:00:00-04:00,71.97200012207031,72.43900299072266,71.24449920654297,71.35250091552734,71650000,0.0,0.0,AMAZON,AMZN
2018-04-12 00:00:00-04:00,71.9749984741211,72.60600280761719,71.75299835205078,72.42500305175781,62700000,0.0,0.0,AMAZON,AMZN
2018-04-13 00:00:00-04:00,72.45700073242188,72.98899841308594,71.22599792480469,71.53949737548828,73706000,0.0,0.0,AMAZON,AMZN
2018-04-16 00:00:00-04:00,72.25,72.3499984741211,71.3740005493164,72.07499694824219,56172000,0.0,0.0,AMAZON,AMZN
2018-04-17 00:00:00-04:00,73.11499786376953,75.3594970703125,72.85099792480469,75.19149780273438,102288000,0.0,0.0,AMAZON,AMZN
2018-04-18 00:00:00-04:00,75.73249816894531,76.69000244140625,75.20549774169922,76.39199829101562,104550000,0.0,0.0,AMAZON,AMZN
2018-04-19 00:00:00-04:00,77.16100311279297,78.4260025024414,76.9530029296875,77.84549713134766,130474000,0.0,0.0,AMAZON,AMZN
2018-04-20 00:00:00-04:00,78.05999755859375,78.05999755859375,75.80449676513672,76.37449645996094,110832000,0.0,0.0,AMAZON,AMZN
2018-04-23 00:00:00-04:00,77.33450317382812,77.4000015258789,75.17050170898438,75.89299774169922,89308000,0.0,0.0,AMAZON,AMZN
2018-04-24 00:00:00-04:00,76.79000091552734,76.9749984741211,72.42250061035156,73.00450134277344,149894000,0.0,0.0,AMAZON,AMZN
2018-04-25 00:00:00-04:00,72.9000015258789,73.49949645996094,70.7509994506836,73.00849914550781,131746000,0.0,0.0,AMAZON,AMZN
2018-04-26 00:00:00-04:00,74.25050354003906,76.47100067138672,73.92500305175781,75.89800262451172,176022000,0.0,0.0,AMAZON,AMZN
2018-04-27 00:00:00-04:00,81.70050048828125,81.90499877929688,78.36949920654297,78.63099670410156,261064000,0.0,0.0,AMAZON,AMZN
2018-04-30 00:00:00-04:00,79.125,79.80000305175781,78.0469970703125,78.30650329589844,109282000,0.0,0.0,AMAZON,AMZN
2018-05-01 00:00:00-04:00,78.16100311279297,79.25,77.60900115966797,79.11299896240234,91442000,0.0,0.0,AMAZON,AMZN
2018-05-02 00:00:00-04:00,79.04900360107422,79.42500305175781,78.31800079345703,78.48400115966797,87206000,0.0,0.0,AMAZON,AMZN
2018-05-03 00:00:00-04:00,78.00050354003906,78.73999786376953,77.3010025024414,78.60399627685547,85038000,0.0,0.0,AMAZON,AMZN
2018-05-04 00:00:00-04:00,78.12249755859375,79.24500274658203,78.1094970703125,79.04750061035156,68872000,0.0,0.0,AMAZON,AMZN
2018-05-07 00:00:00-04:00,79.46700286865234,80.34750366210938,79.3915023803711,80.00700378417969,76038000,0.0,0.0,AMAZON,AMZN
2018-05-08 00:00:00-04:00,79.75,79.84400177001953,79.12550354003906,79.61949920654297,61358000,0.0,0.0,AMAZON,AMZN
2018-05-09 00:00:00-04:00,80.0,80.4000015258789,79.5999984741211,80.4000015258789,72746000,0.0,0.0,AMAZON,AMZN
2018-05-10 00:00:00-04:00,80.42400360107422,80.77999877929688,80.1719970703125,80.4540023803711,56350000,0.0,0.0,AMAZON,AMZN
2018-05-11 00:00:00-04:00,80.54949951171875,80.55500030517578,79.89450073242188,80.14550018310547,45278000,0.0,0.0,AMAZON,AMZN
2018-05-14 00:00:00-04:00,80.19999694824219,80.55899810791016,80.00250244140625,80.0770034790039,50190000,0.0,0.0,AMAZON,AMZN
2018-05-15 00:00:00-04:00,79.38999938964844,79.38999938964844,78.26100158691406,78.80599975585938,101550000,0.0,0.0,AMAZON,AMZN
2018-05-16 00:00:00-04:00,78.875,79.72149658203125,78.83350372314453,79.36399841308594,51412000,0.0,0.0,AMAZON,AMZN
2018-05-17 00:00:00-04:00,79.02799987792969,79.7020034790039,78.6500015258789,79.08799743652344,42952000,0.0,0.0,AMAZON,AMZN
2018-05-18 00:00:00-04:00,79.06649780273438,79.17949676513672,78.6050033569336,78.71849822998047,52852000,0.0,0.0,AMAZON,AMZN
2018-05-21 00:00:00-04:00,79.25,79.60250091552734,78.75,79.27300262451172,58504000,0.0,0.0,AMAZON,AMZN
2018-05-22 00:00:00-04:00,79.49449920654297,79.49449920654297,78.76249694824219,79.06999969482422,42312000,0.0,0.0,AMAZON,AMZN
2018-05-23 00:00:00-04:00,78.55249786376953,80.09300231933594,78.31700134277344,80.09300231933594,67238000,0.0,0.0,AMAZON,AMZN
2018-05-24 00:00:00-04:00,79.90149688720703,80.41200256347656,79.41899871826172,80.15350341796875,68600000,0.0,0.0,AMAZON,AMZN
2018-05-25 00:00:00-04:00,80.1500015258789,80.70600128173828,80.02249908447266,80.50749969482422,53968000,0.0,0.0,AMAZON,AMZN
2018-05-29 00:00:00-04:00,80.0354995727539,81.0895004272461,80.00749969482422,80.64350128173828,76930000,0.0,0.0,AMAZON,AMZN
2018-05-30 00:00:00-04:00,80.90499877929688,81.30000305175781,80.64649963378906,81.24449920654297,58148000,0.0,0.0,AMAZON,AMZN
2018-05-31 00:00:00-04:00,81.1500015258789,81.75,81.06749725341797,81.48100280761719,63326000,0.0,0.0,AMAZON,AMZN
2018-06-01 00:00:00-04:00,81.85150146484375,82.33650207519531,81.75450134277344,82.0770034790039,66268000,0.0,0.0,AMAZON,AMZN
2018-06-04 00:00:00-04:00,82.44499969482422,83.28399658203125,82.27449798583984,83.26349639892578,63754000,0.0,0.0,AMAZON,AMZN
2018-06-05 00:00:00-04:00,83.64949798583984,84.94999694824219,83.50299835205078,84.81749725341797,95644000,0.0,0.0,AMAZON,AMZN
2018-06-06 00:00:00-04:00,85.22550201416016,85.7249984741211,84.32350158691406,84.7874984741211,109464000,0.0,0.0,AMAZON,AMZN
2018-06-07 00:00:00-04:00,84.9280014038086,84.99500274658203,83.80549621582031,84.46499633789062,75314000,0.0,0.0,AMAZON,AMZN
2018-06-08 00:00:00-04:00,84.05599975585938,84.47200012207031,83.65049743652344,84.19950103759766,59102000,0.0,0.0,AMAZON,AMZN
2018-06-11 00:00:00-04:00,84.07550048828125,84.71199798583984,84.02950286865234,84.45600128173828,46710000,0.0,0.0,AMAZON,AMZN
2018-06-12 00:00:00-04:00,84.6500015258789,84.97550201416016,84.57599639892578,84.9375,45184000,0.0,0.0,AMAZON,AMZN
2018-06-13 00:00:00-04:00,85.1405029296875,85.6875,85.00599670410156,85.24299621582031,66550000,0.0,0.0,AMAZON,AMZN
2018-06-14 00:00:00-04:00,85.67400360107422,86.23999786376953,85.44349670410156,86.19300079345703,63488000,0.0,0.0,AMAZON,AMZN
2018-06-15 00:00:00-04:00,85.69999694824219,86.04350280761719,85.4260025024414,85.79850006103516,95552000,0.0,0.0,AMAZON,AMZN
2018-06-18 00:00:00-04:00,85.31300354003906,86.33699798583984,85.12799835205078,86.18949890136719,62154000,0.0,0.0,AMAZON,AMZN
2018-06-19 00:00:00-04:00,85.4520034790039,86.80549621582031,85.01950073242188,86.73899841308594,85802000,0.0,0.0,AMAZON,AMZN
2018-06-20 00:00:00-04:00,87.125,88.14649963378906,87.06800079345703,87.50399780273438,86652000,0.0,0.0,AMAZON,AMZN
2018-06-21 00:00:00-04:00,88.0,88.15499877929688,85.87799835205078,86.51100158691406,98822000,0.0,0.0,AMAZON,AMZN
2018-06-22 00:00:00-04:00,87.13099670410156,87.1500015258789,85.59500122070312,85.78350067138672,81502000,0.0,0.0,AMAZON,AMZN
2018-06-25 00:00:00-04:00,85.12550354003906,85.25,82.31549835205078,83.15750122070312,150224000,0.0,0.0,AMAZON,AMZN
2018-06-26 00:00:00-04:00,83.61849975585938,85.07849884033203,83.16699981689453,84.55449676513672,87732000,0.0,0.0,AMAZON,AMZN
2018-06-27 00:00:00-04:00,85.40550231933594,85.59750366210938,83.0,83.02549743652344,97444000,0.0,0.0,AMAZON,AMZN
2018-06-28 00:00:00-04:00,83.62699890136719,85.2750015258789,83.05850219726562,85.07250213623047,90594000,0.0,0.0,AMAZON,AMZN
2018-06-29 00:00:00-04:00,85.8499984741211,86.17050170898438,84.71600341796875,84.98999786376953,90870000,0.0,0.0,AMAZON,AMZN
2018-07-02 00:00:00-04:00,84.13500213623047,85.69450378417969,83.90299987792969,85.68900299072266,63714000,0.0,0.0,AMAZON,AMZN
2018-07-03 00:00:00-04:00,86.197998046875,86.25,84.6240005493164,84.697998046875,43546000,0.0,0.0,AMAZON,AMZN
2018-07-05 00:00:00-04:00,85.26899719238281,85.53450012207031,84.10749816894531,84.98650360107422,59662000,0.0,0.0,AMAZON,AMZN
2018-07-06 00:00:00-04:00,84.80000305175781,85.76349639892578,84.58350372314453,85.53150177001953,53006000,0.0,0.0,AMAZON,AMZN
2018-07-09 00:00:00-04:00,86.20249938964844,86.97799682617188,85.8115005493164,86.95099639892578,60240000,0.0,0.0,AMAZON,AMZN
2018-07-10 00:00:00-04:00,86.92649841308594,87.5,86.55000305175781,87.15350341796875,60058000,0.0,0.0,AMAZON,AMZN
2018-07-11 00:00:00-04:00,86.89949798583984,87.8479995727539,86.69999694824219,87.75,64196000,0.0,0.0,AMAZON,AMZN
2018-07-12 00:00:00-04:00,88.22550201416016,89.9000015258789,88.10900115966797,89.83100128173828,90654000,0.0,0.0,AMAZON,AMZN
2018-07-13 00:00:00-04:00,90.19650268554688,90.76499938964844,89.7614974975586,90.65149688720703,87664000,0.0,0.0,AMAZON,AMZN
2018-07-16 00:00:00-04:00,91.09750366210938,92.09750366210938,90.72250366210938,91.12449645996094,109324000,0.0,0.0,AMAZON,AMZN
2018-07-17 00:00:00-04:00,90.5780029296875,92.58450317382812,89.86900329589844,92.19650268554688,113658000,0.0,0.0,AMAZON,AMZN
2018-07-18 00:00:00-04:00,92.4000015258789,92.94400024414062,91.5634994506836,92.14600372314453,97238000,0.0,0.0,AMAZON,AMZN
2018-07-19 00:00:00-04:00,91.4729995727539,92.05000305175781,90.5634994506836,90.64849853515625,93538000,0.0,0.0,AMAZON,AMZN
2018-07-20 00:00:00-04:00,91.25050354003906,91.74199676513672,90.50299835205078,90.68499755859375,77688000,0.0,0.0,AMAZON,AMZN
2018-07-23 00:00:00-04:00,90.6104965209961,90.94999694824219,88.49949645996094,90.0999984741211,77770000,0.0,0.0,AMAZON,AMZN
2018-07-24 00:00:00-04:00,91.45050048828125,92.0,90.46900177001953,91.46199798583984,85574000,0.0,0.0,AMAZON,AMZN
2018-07-25 00:00:00-04:00,91.46499633789062,93.19200134277344,91.13200378417969,93.18049621582031,74764000,0.0,0.0,AMAZON,AMZN
2018-07-26 00:00:00-04:00,91.94999694824219,92.23400115966797,90.2249984741211,90.4000015258789,198488000,0.0,0.0,AMAZON,AMZN
2018-07-27 00:00:00-04:00,93.80249786376953,94.00250244140625,90.32649993896484,90.8635025024414,193620000,0.0,0.0,AMAZON,AMZN
2018-07-30 00:00:00-04:00,91.36650085449219,91.4749984741211,88.3010025024414,88.96099853515625,131246000,0.0,0.0,AMAZON,AMZN
2018-07-31 00:00:00-04:00,89.32450103759766,90.09149932861328,86.96600341796875,88.87200164794922,114774000,0.0,0.0,AMAZON,AMZN
2018-08-01 00:00:00-04:00,89.19999694824219,89.9219970703125,88.8010025024414,89.8584976196289,83062000,0.0,0.0,AMAZON,AMZN
2018-08-02 00:00:00-04:00,89.4384994506836,91.8280029296875,89.30000305175781,91.71649932861328,87094000,0.0,0.0,AMAZON,AMZN
2018-08-03 00:00:00-04:00,91.88700103759766,92.05000305175781,91.07499694824219,91.16449737548828,69210000,0.0,0.0,AMAZON,AMZN
2018-08-06 00:00:00-04:00,91.29049682617188,92.38849639892578,90.94599914550781,92.38749694824219,67836000,0.0,0.0,AMAZON,AMZN
2018-08-07 00:00:00-04:00,92.72650146484375,93.48600006103516,92.3134994506836,93.1240005493164,67550000,0.0,0.0,AMAZON,AMZN
2018-08-08 00:00:00-04:00,93.05000305175781,94.57550048828125,92.7249984741211,94.32599639892578,79260000,0.0,0.0,AMAZON,AMZN
2018-08-09 00:00:00-04:00,94.0999984741211,95.72850036621094,93.8740005493164,94.9260025024414,97208000,0.0,0.0,AMAZON,AMZN
2018-08-10 00:00:00-04:00,94.42549896240234,94.9749984741211,93.9104995727539,94.31500244140625,72798000,0.0,0.0,AMAZON,AMZN
2018-08-13 00:00:00-04:00,94.92500305175781,96.25,94.68350219726562,94.80999755859375,110630000,0.0,0.0,AMAZON,AMZN
2018-08-14 00:00:00-04:00,95.96949768066406,96.05049896240234,95.0,95.98249816894531,79722000,0.0,0.0,AMAZON,AMZN
2018-08-15 00:00:00-04:00,95.47750091552734,95.81050109863281,93.489501953125,94.13099670410156,154014000,0.0,0.0,AMAZON,AMZN
2018-08-16 00:00:00-04:00,95.1969985961914,95.25,94.17749786376953,94.32599639892578,79142000,0.0,0.0,AMAZON,AMZN
2018-08-17 00:00:00-04:00,94.29000091552734,94.4000015258789,92.77749633789062,94.11100006103516,82086000,0.0,0.0,AMAZON,AMZN
2018-08-20 00:00:00-04:00,94.52850341796875,94.5875015258789,93.3030014038086,93.83550262451172,57240000,0.0,0.0,AMAZON,AMZN
2018-08-21 00:00:00-04:00,94.0,94.88749694824219,93.72049713134766,94.1709976196289,62112000,0.0,0.0,AMAZON,AMZN
2018-08-22 00:00:00-04:00,93.83200073242188,95.29000091552734,93.83200073242188,95.24500274658203,61610000,0.0,0.0,AMAZON,AMZN
2018-08-23 00:00:00-04:00,95.3584976196289,95.9749984741211,95.03800201416016,95.1449966430664,71260000,0.0,0.0,AMAZON,AMZN
2018-08-24 00:00:00-04:00,95.52549743652344,95.80049896240234,95.12699890136719,95.26950073242188,56018000,0.0,0.0,AMAZON,AMZN
2018-08-27 00:00:00-04:00,95.75,96.38500213623047,95.46399688720703,96.38400268554688,71380000,0.0,0.0,AMAZON,AMZN
2018-08-28 00:00:00-04:00,96.8864974975586,97.08899688720703,96.44100189208984,96.64099884033203,62014000,0.0,0.0,AMAZON,AMZN
2018-08-29 00:00:00-04:00,97.67250061035156,99.93450164794922,97.4469985961914,99.90499877929688,130636000,0.0,0.0,AMAZON,AMZN
2018-08-30 00:00:00-04:00,99.87100219726562,101.27850341796875,99.34500122070312,100.11900329589844,145546000,0.0,0.0,AMAZON,AMZN
2018-08-31 00:00:00-04:00,100.3499984741211,101.11900329589844,100.23699951171875,100.635498046875,84088000,0.0,0.0,AMAZON,AMZN
2018-09-04 00:00:00-04:00,101.32499694824219,102.5250015258789,100.6500015258789,101.97550201416016,114422000,0.0,0.0,AMAZON,AMZN
2018-09-05 00:00:00-04:00,101.90550231933594,102.01899719238281,99.49449920654297,99.74099731445312,164412000,0.0,0.0,AMAZON,AMZN
2018-09-06 00:00:00-04:00,100.32550048828125,100.375,96.760498046875,97.91549682617188,149774000,0.0,0.0,AMAZON,AMZN
2018-09-07 00:00:00-04:00,96.93550109863281,98.76000213623047,96.86750030517578,97.60350036621094,97852000,0.0,0.0,AMAZON,AMZN
2018-09-10 00:00:00-04:00,98.55000305175781,98.6520004272461,96.57599639892578,96.95050048828125,90896000,0.0,0.0,AMAZON,AMZN
2018-09-11 00:00:00-04:00,96.41349792480469,99.44400024414062,95.8499984741211,99.35749816894531,100672000,0.0,0.0,AMAZON,AMZN
2018-09-12 00:00:00-04:00,99.69999694824219,100.0,98.12200164794922,99.5,88280000,0.0,0.0,AMAZON,AMZN
2018-09-13 00:00:00-04:00,100.0,100.43800354003906,99.10150146484375,99.49349975585938,72430000,0.0,0.0,AMAZON,AMZN
2018-09-14 00:00:00-04:00,99.64649963378906,99.68250274658203,97.96099853515625,98.5094985961914,72840000,0.0,0.0,AMAZON,AMZN
2018-09-17 00:00:00-04:00,97.73650360107422,97.84100341796875,94.37049865722656,95.40149688720703,141004000,0.0,0.0,AMAZON,AMZN
2018-09-18 00:00:00-04:00,95.93250274658203,97.91000366210938,95.77200317382812,97.05249786376953,85374000,0.0,0.0,AMAZON,AMZN
2018-09-19 00:00:00-04:00,97.0250015258789,97.04149627685547,95.24500274658203,96.32099914550781,81136000,0.0,0.0,AMAZON,AMZN
2018-09-20 00:00:00-04:00,96.92900085449219,97.75,96.61250305175781,97.21499633789062,63098000,0.0,0.0,AMAZON,AMZN
2018-09-21 00:00:00-04:00,97.71099853515625,97.8655014038086,95.5250015258789,95.75050354003906,137118000,0.0,0.0,AMAZON,AMZN
2018-09-24 00:00:00-04:00,95.18949890136719,96.84400177001953,93.25,96.71800231933594,84274000,0.0,0.0,AMAZON,AMZN
2018-09-25 00:00:00-04:00,97.1449966430664,98.79550170898438,96.94249725341797,98.72750091552734,90768000,0.0,0.0,AMAZON,AMZN
2018-09-26 00:00:00-04:00,98.42500305175781,99.76249694824219,98.07599639892578,98.74250030517578,86270000,0.0,0.0,AMAZON,AMZN
2018-09-27 00:00:00-04:00,99.66200256347656,100.80799865722656,99.42900085449219,100.64900207519531,86588000,0.0,0.0,AMAZON,AMZN
2018-09-28 00:00:00-04:00,100.22049713134766,101.32599639892578,99.822998046875,100.1500015258789,81702000,0.0,0.0,AMAZON,AMZN
2018-10-01 00:00:00-04:00,101.09950256347656,101.65950012207031,100.18000030517578,100.21800231933594,69210000,0.0,0.0,AMAZON,AMZN
2018-10-02 00:00:00-04:00,99.99949645996094,100.66950225830078,98.28849792480469,98.56549835205078,108014000,0.0,0.0,AMAZON,AMZN
2018-10-03 00:00:00-04:00,99.08499908447266,99.48500061035156,97.4905014038086,97.63800048828125,105062000,0.0,0.0,AMAZON,AMZN
2018-10-04 00:00:00-04:00,97.44999694824219,97.80000305175781,94.82849884033203,95.47100067138672,145140000,0.0,0.0,AMAZON,AMZN
2018-10-05 00:00:00-04:00,95.89949798583984,96.4540023803711,93.1415023803711,94.48249816894531,136446000,0.0,0.0,AMAZON,AMZN
2018-10-08 00:00:00-04:00,93.69999694824219,95.0999984741211,91.53299713134766,93.22100067138672,147864000,0.0,0.0,AMAZON,AMZN
2018-10-09 00:00:00-04:00,92.99949645996094,94.83399963378906,92.61599731445312,93.51599884033203,95458000,0.0,0.0,AMAZON,AMZN
2018-10-10 00:00:00-04:00,92.89450073242188,92.9280014038086,87.72049713134766,87.76249694824219,219778000,0.0,0.0,AMAZON,AMZN
2018-10-11 00:00:00-04:00,86.19999694824219,87.7699966430664,84.25499725341797,85.96800231933594,278718000,0.0,0.0,AMAZON,AMZN
2018-10-12 00:00:00-04:00,90.4000015258789,90.44750213623047,87.12650299072266,89.43049621582031,188892000,0.0,0.0,AMAZON,AMZN
2018-10-15 00:00:00-04:00,89.75,89.75250244140625,86.71150207519531,88.04750061035156,128744000,0.0,0.0,AMAZON,AMZN
2018-10-16 00:00:00-04:00,89.17500305175781,91.19400024414062,88.07749938964844,90.99800109863281,117198000,0.0,0.0,AMAZON,AMZN
2018-10-17 00:00:00-04:00,92.1395034790039,92.25,90.3499984741211,91.58650207519531,105904000,0.0,0.0,AMAZON,AMZN
2018-10-18 00:00:00-04:00,91.07450103759766,91.50749969482422,88.39350128173828,88.53600311279297,117480000,0.0,0.0,AMAZON,AMZN
2018-10-19 00:00:00-04:00,89.25800323486328,90.45500183105469,87.6500015258789,88.20149993896484,118144000,0.0,0.0,AMAZON,AMZN
2018-10-22 00:00:00-04:00,89.19999694824219,90.4749984741211,87.80000305175781,89.46499633789062,90000000,0.0,0.0,AMAZON,AMZN
2018-10-23 00:00:00-04:00,87.11199951171875,88.81700134277344,85.69999694824219,88.43499755859375,134478000,0.0,0.0,AMAZON,AMZN
2018-10-24 00:00:00-04:00,88.68499755859375,88.885498046875,82.8280029296875,83.20999908447266,138568000,0.0,0.0,AMAZON,AMZN
2018-10-25 00:00:00-04:00,85.16699981689453,89.7405014038086,84.60050201416016,89.1084976196289,205714000,0.0,0.0,AMAZON,AMZN
2018-10-26 00:00:00-04:00,82.47949981689453,84.9229965209961,80.1500015258789,82.1405029296875,299276000,0.0,0.0,AMAZON,AMZN
2018-10-29 00:00:00-04:00,83.0,83.28700256347656,74.75,76.94400024414062,277322000,0.0,0.0,AMAZON,AMZN
2018-10-30 00:00:00-04:00,74.30799865722656,77.04949951171875,73.81800079345703,76.52100372314453,249202000,0.0,0.0,AMAZON,AMZN
2018-10-31 00:00:00-04:00,78.49949645996094,81.19550323486328,78.25450134277344,79.90049743652344,187804000,0.0,0.0,AMAZON,AMZN
2018-11-01 00:00:00-04:00,81.17649841308594,83.52249908447266,79.9219970703125,83.27649688720703,162710000,0.0,0.0,AMAZON,AMZN
2018-11-02 00:00:00-04:00,83.92949676513672,84.87200164794922,82.59149932861328,83.27649688720703,139110000,0.0,0.0,AMAZON,AMZN
2018-11-05 00:00:00-05:00,82.87850189208984,82.90450286865234,79.81800079345703,81.38999938964844,112494000,0.0,0.0,AMAZON,AMZN
2018-11-06 00:00:00-05:00,80.9175033569336,83.25,80.72750091552734,82.1405029296875,85148000,0.0,0.0,AMAZON,AMZN
2018-11-07 00:00:00-05:00,83.6500015258789,87.96150207519531,83.2040023803711,87.77449798583984,163844000,0.0,0.0,AMAZON,AMZN
2018-11-08 00:00:00-05:00,87.75,89.19999694824219,86.25550079345703,87.74549865722656,130698000,0.0,0.0,AMAZON,AMZN
2018-11-09 00:00:00-05:00,86.625,87.19599914550781,85.09349822998047,85.62149810791016,118044000,0.0,0.0,AMAZON,AMZN
2018-11-12 00:00:00-05:00,84.91200256347656,85.42749786376953,81.50050354003906,81.84249877929688,136124000,0.0,0.0,AMAZON,AMZN
2018-11-13 00:00:00-05:00,82.4645004272461,83.85299682617188,80.6875,81.55850219726562,118666000,0.0,0.0,AMAZON,AMZN
2018-11-14 00:00:00-05:00,82.81600189208984,83.6500015258789,79.85350036621094,79.95050048828125,129738000,0.0,0.0,AMAZON,AMZN
2018-11-15 00:00:00-05:00,79.05049896240234,81.24099731445312,77.32550048828125,80.97200012207031,168546000,0.0,0.0,AMAZON,AMZN
2018-11-16 00:00:00-05:00,79.375,80.7239990234375,78.65599822998047,79.67050170898438,121322000,0.0,0.0,AMAZON,AMZN
2018-11-19 00:00:00-05:00,78.85050201416016,79.05950164794922,75.16799926757812,75.614501953125,155800000,0.0,0.0,AMAZON,AMZN
2018-11-20 00:00:00-05:00,71.875,76.73750305175781,71.0,74.77300262451172,217576000,0.0,0.0,AMAZON,AMZN
2018-11-21 00:00:00-05:00,77.14949798583984,77.5,75.75,75.83650207519531,114336000,0.0,0.0,AMAZON,AMZN
2018-11-23 00:00:00-05:00,75.8499984741211,76.80999755859375,75.09049987792969,75.10299682617188,54152000,0.0,0.0,AMAZON,AMZN
2018-11-26 00:00:00-05:00,76.94999694824219,79.2405014038086,76.21099853515625,79.06649780273438,125154000,0.0,0.0,AMAZON,AMZN
2018-11-27 00:00:00-05:00,78.79949951171875,79.88249969482422,77.90049743652344,79.07099914550781,115664000,0.0,0.0,AMAZON,AMZN
2018-11-28 00:00:00-05:00,80.69599914550781,84.07250213623047,80.06099700927734,83.88749694824219,169174000,0.0,0.0,AMAZON,AMZN
2018-11-29 00:00:00-05:00,83.74949645996094,84.49949645996094,82.61650085449219,83.67849731445312,132264000,0.0,0.0,AMAZON,AMZN
2018-11-30 00:00:00-05:00,83.9749984741211,84.80000305175781,83.32499694824219,84.50849914550781,115236000,0.0,0.0,AMAZON,AMZN
2018-12-03 00:00:00-05:00,88.4729995727539,88.91699981689453,86.5,88.61799621582031,137246000,0.0,0.0,AMAZON,AMZN
2018-12-04 00:00:00-05:00,87.80000305175781,88.51699829101562,83.25,83.41999816894531,173890000,0.0,0.0,AMAZON,AMZN
2018-12-06 00:00:00-05:00,80.74349975585938,85.05249786376953,80.49250030517578,84.95950317382812,175788000,0.0,0.0,AMAZON,AMZN
2018-12-07 00:00:00-05:00,85.25350189208984,85.94650268554688,81.27300262451172,81.45649719238281,151522000,0.0,0.0,AMAZON,AMZN
2018-12-10 00:00:00-05:00,81.19200134277344,82.89949798583984,79.54350280761719,82.05149841308594,149896000,0.0,0.0,AMAZON,AMZN
2018-12-11 00:00:00-05:00,83.9000015258789,83.97350311279297,80.9800033569336,82.16200256347656,124894000,0.0,0.0,AMAZON,AMZN
2018-12-12 00:00:00-05:00,83.44999694824219,85.24949645996094,83.01349639892578,83.177001953125,131960000,0.0,0.0,AMAZON,AMZN
2018-12-13 00:00:00-05:00,84.0,84.60600280761719,82.07499694824219,82.91899871826172,105426000,0.0,0.0,AMAZON,AMZN
2018-12-14 00:00:00-05:00,81.9000015258789,82.12850189208984,79.25,79.59549713134766,127344000,0.0,0.0,AMAZON,AMZN
2018-12-17 00:00:00-05:00,78.30000305175781,78.80650329589844,75.25050354003906,76.04550170898438,176596000,0.0,0.0,AMAZON,AMZN
2018-12-18 00:00:00-05:00,77.0,78.37750244140625,76.15049743652344,77.5739974975586,130460000,0.0,0.0,AMAZON,AMZN
2018-12-19 00:00:00-05:00,77.15249633789062,79.22650146484375,74.15899658203125,74.75399780273438,175844000,0.0,0.0,AMAZON,AMZN
2018-12-20 00:00:00-05:00,74.19999694824219,75.4749984741211,71.6344985961914,73.04149627685547,199836000,0.0,0.0,AMAZON,AMZN
2018-12-21 00:00:00-05:00,73.24949645996094,74.0,68.197998046875,68.87249755859375,272806000,0.0,0.0,AMAZON,AMZN
2018-12-24 00:00:00-05:00,67.30000305175781,69.80149841308594,65.3499984741211,67.197998046875,144400000,0.0,0.0,AMAZON,AMZN
2018-12-26 00:00:00-05:00,68.44450378417969,73.65799713134766,68.15049743652344,73.54499816894531,208236000,0.0,0.0,AMAZON,AMZN
2018-12-27 00:00:00-05:00,72.70999908447266,73.44999694824219,69.5155029296875,73.08200073242188,194440000,0.0,0.0,AMAZON,AMZN
2018-12-28 00:00:00-05:00,73.6675033569336,75.67350006103516,72.44999694824219,73.9010009765625,176580000,0.0,0.0,AMAZON,AMZN
2018-12-31 00:00:00-05:00,75.54000091552734,76.03800201416016,74.3499984741211,75.09850311279297,139090000,0.0,0.0,AMAZON,AMZN
2019-01-02 00:00:00-05:00,73.26000213623047,77.66799926757812,73.04650115966797,76.95649719238281,159662000,0.0,0.0,AMAZON,AMZN
2019-01-03 00:00:00-05:00,76.00050354003906,76.9000015258789,74.85549926757812,75.01399993896484,139512000,0.0,0.0,AMAZON,AMZN
2019-01-04 00:00:00-05:00,76.5,79.69999694824219,75.91549682617188,78.76950073242188,183652000,0.0,0.0,AMAZON,AMZN
2019-01-07 00:00:00-05:00,80.1155014038086,81.72799682617188,79.45950317382812,81.47550201416016,159864000,0.0,0.0,AMAZON,AMZN
2019-01-08 00:00:00-05:00,83.2344970703125,83.83049774169922,80.83049774169922,82.8290023803711,177628000,0.0,0.0,AMAZON,AMZN
2019-01-09 00:00:00-05:00,82.64900207519531,83.38999938964844,82.06999969482422,82.97100067138672,126976000,0.0,0.0,AMAZON,AMZN
2019-01-10 00:00:00-05:00,82.05049896240234,83.1624984741211,81.08100128173828,82.81099700927734,130154000,0.0,0.0,AMAZON,AMZN
2019-01-11 00:00:00-05:00,82.02749633789062,83.0145034790039,81.81099700927734,82.02799987792969,93724000,0.0,0.0,AMAZON,AMZN
2019-01-14 00:00:00-05:00,80.75,82.41000366210938,79.75749969482422,80.8604965209961,120118000,0.0,0.0,AMAZON,AMZN
2019-01-15 00:00:00-05:00,81.5999984741211,83.75800323486328,81.30049896240234,83.72799682617188,119970000,0.0,0.0,AMAZON,AMZN
2019-01-16 00:00:00-05:00,84.21099853515625,85.25,83.79399871826172,84.18900299072266,127338000,0.0,0.0,AMAZON,AMZN
2019-01-17 00:00:00-05:00,84.0,85.00849914550781,83.875,84.66100311279297,84178000,0.0,0.0,AMAZON,AMZN
2019-01-18 00:00:00-05:00,85.5999984741211,85.80999755859375,84.5770034790039,84.80999755859375,120410000,0.0,0.0,AMAZON,AMZN
2019-01-22 00:00:00-05:00,84.05000305175781,84.09349822998047,80.51000213623047,81.6084976196289,128336000,0.0,0.0,AMAZON,AMZN
2019-01-23 00:00:00-05:00,82.80000305175781,82.87149810791016,80.5999984741211,82.0009994506836,104504000,0.0,0.0,AMAZON,AMZN
2019-01-24 00:00:00-05:00,82.05349731445312,82.86299896240234,81.58899688720703,82.74649810791016,81798000,0.0,0.0,AMAZON,AMZN
2019-01-25 00:00:00-05:00,83.5250015258789,84.17400360107422,83.08049774169922,83.52850341796875,98918000,0.0,0.0,AMAZON,AMZN
2019-01-28 00:00:00-05:00,82.17949676513672,82.25,80.70449829101562,81.89450073242188,96754000,0.0,0.0,AMAZON,AMZN
2019-01-29 00:00:00-05:00,81.5634994506836,81.61900329589844,79.53600311279297,79.69400024414062,92656000,0.0,0.0,AMAZON,AMZN
2019-01-30 00:00:00-05:00,81.1500015258789,83.84750366210938,80.98400115966797,83.52149963378906,115676000,0.0,0.0,AMAZON,AMZN
2019-01-31 00:00:00-05:00,84.64250183105469,86.82050323486328,83.9540023803711,85.9365005493164,218206000,0.0,0.0,AMAZON,AMZN
2019-02-01 00:00:00-05:00,81.94400024414062,83.65299987792969,81.10050201416016,81.3115005493164,230124000,0.0,0.0,AMAZON,AMZN
2019-02-04 00:00:00-05:00,81.1500015258789,82.48149871826172,80.67500305175781,81.66549682617188,98582000,0.0,0.0,AMAZON,AMZN
2019-02-05 00:00:00-05:00,82.16699981689453,83.26300048828125,82.125,82.94049835205078,89062000,0.0,0.0,AMAZON,AMZN
2019-02-06 00:00:00-05:00,83.5374984741211,83.61299896240234,81.66699981689453,82.01300048828125,78798000,0.0,0.0,AMAZON,AMZN
2019-02-07 00:00:00-05:00,81.25,81.2770004272461,79.64550018310547,80.71849822998047,92532000,0.0,0.0,AMAZON,AMZN
2019-02-08 00:00:00-05:00,79.30000305175781,79.42949676513672,78.33799743652344,79.41100311279297,113150000,0.0,0.0,AMAZON,AMZN
2019-02-11 00:00:00-05:00,80.04900360107422,80.4645004272461,79.30000305175781,79.55000305175781,66346000,0.0,0.0,AMAZON,AMZN
2019-02-12 00:00:00-05:00,80.19999694824219,81.97000122070312,79.94400024414062,81.90049743652344,97172000,0.0,0.0,AMAZON,AMZN
2019-02-13 00:00:00-05:00,82.3499984741211,82.81900024414062,81.85549926757812,82.0,71206000,0.0,0.0,AMAZON,AMZN
2019-02-14 00:00:00-05:00,81.2249984741211,81.8949966430664,80.3030014038086,81.13249969482422,82410000,0.0,0.0,AMAZON,AMZN
2019-02-15 00:00:00-05:00,81.39299774169922,81.44550323486328,80.2249984741211,80.39749908447266,86878000,0.0,0.0,AMAZON,AMZN
2019-02-19 00:00:00-05:00,80.05000305175781,81.69999694824219,80.02799987792969,81.37899780273438,73634000,0.0,0.0,AMAZON,AMZN
2019-02-20 00:00:00-05:00,81.5,81.74649810791016,80.50599670410156,81.1050033569336,66752000,0.0,0.0,AMAZON,AMZN
2019-02-21 00:00:00-05:00,80.99250030517578,81.1780014038086,80.04550170898438,80.97200012207031,69668000,0.0,0.0,AMAZON,AMZN
2019-02-22 00:00:00-05:00,81.17500305175781,81.74700164794922,81.05850219726562,81.5780029296875,61924000,0.0,0.0,AMAZON,AMZN
2019-02-25 00:00:00-05:00,82.07250213623047,82.7300033569336,81.51950073242188,81.6500015258789,63690000,0.0,0.0,AMAZON,AMZN
2019-02-26 00:00:00-05:00,81.29900360107422,81.99949645996094,80.80650329589844,81.81999969482422,53316000,0.0,0.0,AMAZON,AMZN
2019-02-27 00:00:00-05:00,81.40899658203125,82.09049987792969,80.75499725341797,82.05449676513672,62976000,0.0,0.0,AMAZON,AMZN
2019-02-28 00:00:00-05:00,81.76249694824219,82.5885009765625,81.69149780273438,81.99150085449219,60518000,0.0,0.0,AMAZON,AMZN
2019-03-01 00:00:00-05:00,82.75650024414062,83.71299743652344,82.55000305175781,83.58650207519531,99498000,0.0,0.0,AMAZON,AMZN
2019-03-04 00:00:00-05:00,84.25,85.47149658203125,83.71800231933594,84.80850219726562,123348000,0.0,0.0,AMAZON,AMZN
2019-03-05 00:00:00-05:00,85.14749908447266,85.38999938964844,84.45050048828125,84.62149810791016,73630000,0.0,0.0,AMAZON,AMZN
2019-03-06 00:00:00-05:00,84.79850006103516,84.88749694824219,83.41400146484375,83.44750213623047,79920000,0.0,0.0,AMAZON,AMZN
2019-03-07 00:00:00-05:00,83.36849975585938,83.48750305175781,81.02549743652344,81.29750061035156,99140000,0.0,0.0,AMAZON,AMZN
2019-03-08 00:00:00-05:00,80.20050048828125,81.13600158691406,79.32849884033203,81.04000091552734,93340000,0.0,0.0,AMAZON,AMZN
2019-03-11 00:00:00-04:00,81.30599975585938,83.614501953125,81.30049896240234,83.53099822998047,77528000,0.0,0.0,AMAZON,AMZN
2019-03-12 00:00:00-04:00,83.44999694824219,84.2135009765625,83.04900360107422,83.65499877929688,72290000,0.0,0.0,AMAZON,AMZN
2019-03-13 00:00:00-04:00,84.1500015258789,85.0,83.96749877929688,84.54049682617188,71040000,0.0,0.0,AMAZON,AMZN
2019-03-14 00:00:00-04:00,84.55999755859375,85.0999984741211,84.21700286865234,84.31099700927734,58932000,0.0,0.0,AMAZON,AMZN
2019-03-15 00:00:00-04:00,85.1500015258789,85.94000244140625,84.65650177001953,85.61799621582031,151018000,0.0,0.0,AMAZON,AMZN
2019-03-18 00:00:00-04:00,85.63500213623047,87.5,85.63150024414062,87.10749816894531,108582000,0.0,0.0,AMAZON,AMZN
2019-03-19 00:00:00-04:00,87.67549896240234,89.20800018310547,87.67549896240234,88.09249877929688,127284000,0.0,0.0,AMAZON,AMZN
2019-03-20 00:00:00-04:00,88.49700164794922,89.9749984741211,88.35150146484375,89.8635025024414,125312000,0.0,0.0,AMAZON,AMZN
2019-03-21 00:00:00-04:00,89.81300354003906,91.1875,89.36399841308594,90.96299743652344,115356000,0.0,0.0,AMAZON,AMZN
2019-03-22 00:00:00-04:00,90.50849914550781,90.9489974975586,88.15550231933594,88.2385025024414,127260000,0.0,0.0,AMAZON,AMZN
2019-03-25 00:00:00-04:00,87.8895034790039,89.13400268554688,87.375,88.71299743652344,102076000,0.0,0.0,AMAZON,AMZN
2019-03-26 00:00:00-04:00,89.6500015258789,90.28849792480469,88.66799926757812,89.18800354003906,97318000,0.0,0.0,AMAZON,AMZN
2019-03-27 00:00:00-04:00,89.20649719238281,89.375,87.28399658203125,88.28500366210938,86496000,0.0,0.0,AMAZON,AMZN
2019-03-28 00:00:00-04:00,88.5,88.89649963378906,87.67350006103516,88.6709976196289,60860000,0.0,0.0,AMAZON,AMZN
2019-03-29 00:00:00-04:00,89.3290023803711,89.64299774169922,88.83149719238281,89.0374984741211,66416000,0.0,0.0,AMAZON,AMZN
2019-04-01 00:00:00-04:00,90.00550079345703,90.78350067138672,89.9365005493164,90.70950317382812,84776000,0.0,0.0,AMAZON,AMZN
2019-04-02 00:00:00-04:00,90.5510025024414,91.0,90.25599670410156,90.6989974975586,68962000,0.0,0.0,AMAZON,AMZN
2019-04-03 00:00:00-04:00,91.33599853515625,91.5,90.48100280761719,91.03500366210938,78522000,0.0,0.0,AMAZON,AMZN
2019-04-04 00:00:00-04:00,91.03250122070312,91.4375,90.20999908447266,90.94300079345703,72478000,0.0,0.0,AMAZON,AMZN
2019-04-05 00:00:00-04:00,91.44999694824219,91.92900085449219,91.2594985961914,91.86399841308594,72810000,0.0,0.0,AMAZON,AMZN
2019-04-08 00:00:00-04:00,91.6614990234375,92.51000213623047,91.25550079345703,92.49299621582031,75056000,0.0,0.0,AMAZON,AMZN
2019-04-09 00:00:00-04:00,92.27449798583984,92.65450286865234,91.58899688720703,91.79199981689453,74288000,0.0,0.0,AMAZON,AMZN
2019-04-10 00:00:00-04:00,92.05000305175781,92.4000015258789,91.44049835205078,92.36650085449219,59280000,0.0,0.0,AMAZON,AMZN
2019-04-11 00:00:00-04:00,92.43499755859375,92.49749755859375,92.0155029296875,92.20349884033203,53096000,0.0,0.0,AMAZON,AMZN
2019-04-12 00:00:00-04:00,92.41999816894531,92.57499694824219,92.06500244140625,92.15299987792969,62288000,0.0,0.0,AMAZON,AMZN
2019-04-15 00:00:00-04:00,92.0999984741211,92.34249877929688,90.94499969482422,92.24349975585938,74488000,0.0,0.0,AMAZON,AMZN
2019-04-16 00:00:00-04:00,92.56749725341797,93.4885025024414,92.4000015258789,93.1520004272461,60892000,0.0,0.0,AMAZON,AMZN
2019-04-17 00:00:00-04:00,93.64949798583984,93.82350158691406,93.02200317382812,93.24099731445312,57870000,0.0,0.0,AMAZON,AMZN
2019-04-18 00:00:00-04:00,93.43949890136719,93.54100036621094,92.9739990234375,93.08450317382812,54998000,0.0,0.0,AMAZON,AMZN
2019-04-22 00:00:00-04:00,92.7699966430664,94.4209976196289,92.28199768066406,94.3655014038086,67476000,0.0,0.0,AMAZON,AMZN
2019-04-23 00:00:00-04:00,94.55999755859375,96.46299743652344,94.47899627685547,96.1884994506836,92808000,0.0,0.0,AMAZON,AMZN
2019-04-24 00:00:00-04:00,96.25,96.4844970703125,94.90799713134766,95.0875015258789,73516000,0.0,0.0,AMAZON,AMZN
2019-04-25 00:00:00-04:00,95.8499984741211,96.12249755859375,95.0155029296875,95.11250305175781,121982000,0.0,0.0,AMAZON,AMZN
2019-04-26 00:00:00-04:00,96.44999694824219,97.55000305175781,94.9000015258789,97.53150177001953,168652000,0.0,0.0,AMAZON,AMZN
2019-04-29 00:00:00-04:00,97.44999694824219,97.81700134277344,96.70449829101562,96.92150115966797,80426000,0.0,0.0,AMAZON,AMZN
2019-04-30 00:00:00-04:00,96.50499725341797,96.7854995727539,95.34750366210938,96.32599639892578,70120000,0.0,0.0,AMAZON,AMZN
2019-05-01 00:00:00-04:00,96.65450286865234,97.18199920654297,95.52749633789062,95.57599639892578,62340000,0.0,0.0,AMAZON,AMZN
2019-05-02 00:00:00-04:00,95.66649627685547,96.07749938964844,94.09349822998047,95.04100036621094,79258000,0.0,0.0,AMAZON,AMZN
2019-05-03 00:00:00-04:00,97.44999694824219,98.22000122070312,96.80000305175781,98.12300109863281,127632000,0.0,0.0,AMAZON,AMZN
2019-05-06 00:00:00-04:00,95.89900207519531,97.94999694824219,95.5250015258789,97.52749633789062,108356000,0.0,0.0,AMAZON,AMZN
2019-05-07 00:00:00-04:00,96.99949645996094,97.45500183105469,95.16899871826172,96.05000305175781,118042000,0.0,0.0,AMAZON,AMZN
2019-05-08 00:00:00-04:00,95.94349670410156,96.76850128173828,95.5,95.88849639892578,81572000,0.0,0.0,AMAZON,AMZN
2019-05-09 00:00:00-04:00,95.0,95.47000122070312,93.80000305175781,94.99349975585938,106166000,0.0,0.0,AMAZON,AMZN
2019-05-10 00:00:00-04:00,94.9000015258789,95.18949890136719,92.80000305175781,94.4990005493164,114360000,0.0,0.0,AMAZON,AMZN
2019-05-13 00:00:00-04:00,91.8280029296875,92.3270034790039,90.9000015258789,91.13400268554688,115668000,0.0,0.0,AMAZON,AMZN
2019-05-14 00:00:00-04:00,91.9749984741211,92.62200164794922,90.7874984741211,92.00599670410156,92582000,0.0,0.0,AMAZON,AMZN
2019-05-15 00:00:00-04:00,91.39749908447266,93.72149658203125,91.1500015258789,93.55750274658203,93852000,0.0,0.0,AMAZON,AMZN
2019-05-16 00:00:00-04:00,94.2969970703125,95.87550354003906,94.114501953125,95.37850189208984,94156000,0.0,0.0,AMAZON,AMZN
2019-05-17 00:00:00-04:00,94.65249633789062,95.52649688720703,93.36650085449219,93.44999694824219,94732000,0.0,0.0,AMAZON,AMZN
2019-05-20 00:00:00-04:00,92.6344985961914,93.38899993896484,91.7770004272461,92.94850158691406,75964000,0.0,0.0,AMAZON,AMZN
2019-05-21 00:00:00-04:00,93.739501953125,93.94999694824219,92.30000305175781,92.8759994506836,80102000,0.0,0.0,AMAZON,AMZN
2019-05-22 00:00:00-04:00,92.58899688720703,93.57450103759766,92.55000305175781,92.98400115966797,58732000,0.0,0.0,AMAZON,AMZN
2019-05-23 00:00:00-04:00,91.82949829101562,92.19999694824219,90.20999908447266,90.77400207519531,88486000,0.0,0.0,AMAZON,AMZN
2019-05-24 00:00:00-04:00,91.79450225830078,92.08799743652344,90.89250183105469,91.16400146484375,67394000,0.0,0.0,AMAZON,AMZN
2019-05-28 00:00:00-04:00,91.63749694824219,92.4635009765625,91.36750030517578,91.82150268554688,64000000,0.0,0.0,AMAZON,AMZN
2019-05-29 00:00:00-04:00,91.15599822998047,91.5,90.37650299072266,90.95950317382812,85580000,0.0,0.0,AMAZON,AMZN
2019-05-30 00:00:00-04:00,91.27449798583984,91.47350311279297,90.3915023803711,90.81600189208984,62938000,0.0,0.0,AMAZON,AMZN
2019-05-31 00:00:00-04:00,89.50050354003906,89.77950286865234,88.63500213623047,88.75350189208984,92376000,0.0,0.0,AMAZON,AMZN
2019-06-03 00:00:00-04:00,88.00050354003906,88.31449890136719,83.5999984741211,84.6344985961914,181974000,0.0,0.0,AMAZON,AMZN
2019-06-04 00:00:00-04:00,84.96199798583984,86.54100036621094,84.04450225830078,86.47799682617188,113582000,0.0,0.0,AMAZON,AMZN
2019-06-05 00:00:00-04:00,87.4800033569336,87.5999984741211,85.76249694824219,86.92500305175781,84796000,0.0,0.0,AMAZON,AMZN
2019-06-06 00:00:00-04:00,86.885498046875,88.0,86.30650329589844,87.71800231933594,73786000,0.0,0.0,AMAZON,AMZN
2019-06-07 00:00:00-04:00,88.18499755859375,90.3125,87.97450256347656,90.20149993896484,96164000,0.0,0.0,AMAZON,AMZN
2019-06-10 00:00:00-04:00,91.0999984741211,94.24349975585938,90.9000015258789,93.03150177001953,107420000,0.0,0.0,AMAZON,AMZN
2019-06-11 00:00:00-04:00,94.1624984741211,94.68499755859375,92.9000015258789,93.18499755859375,80854000,0.0,0.0,AMAZON,AMZN
2019-06-12 00:00:00-04:00,92.6989974975586,93.25,92.21900177001953,92.76599884033203,53566000,0.0,0.0,AMAZON,AMZN
2019-06-13 00:00:00-04:00,93.33599853515625,94.15450286865234,93.11100006103516,93.51499938964844,55916000,0.0,0.0,AMAZON,AMZN
2019-06-14 00:00:00-04:00,93.19999694824219,93.80000305175781,92.94999694824219,93.4834976196289,57024000,0.0,0.0,AMAZON,AMZN
2019-06-17 00:00:00-04:00,93.82499694824219,94.78450012207031,93.77249908447266,94.30149841308594,52686000,0.0,0.0,AMAZON,AMZN
2019-06-18 00:00:00-04:00,95.06749725341797,96.08350372314453,94.989501953125,95.06849670410156,77914000,0.0,0.0,AMAZON,AMZN
2019-06-19 00:00:00-04:00,95.39199829101562,95.97899627685547,94.62349700927734,95.43949890136719,57906000,0.0,0.0,AMAZON,AMZN
2019-06-20 00:00:00-04:00,96.66649627685547,96.76000213623047,95.29000091552734,95.90950012207031,64344000,0.0,0.0,AMAZON,AMZN
2019-06-21 00:00:00-04:00,95.80500030517578,96.29750061035156,95.37899780273438,95.56500244140625,78672000,0.0,0.0,AMAZON,AMZN
2019-06-24 00:00:00-04:00,95.63300323486328,95.84300231933594,95.06500244140625,95.69499969482422,45660000,0.0,0.0,AMAZON,AMZN
2019-06-25 00:00:00-04:00,95.59200286865234,95.81950378417969,93.62100219726562,93.91349792480469,60246000,0.0,0.0,AMAZON,AMZN
2019-06-26 00:00:00-04:00,94.6240005493164,95.19000244140625,94.36599731445312,94.8915023803711,48838000,0.0,0.0,AMAZON,AMZN
2019-06-27 00:00:00-04:00,95.0999984741211,95.56199645996094,94.9020004272461,95.21399688720703,42834000,0.0,0.0,AMAZON,AMZN
2019-06-28 00:00:00-04:00,95.45500183105469,95.64700317382812,94.19999694824219,94.68150329589844,60748000,0.0,0.0,AMAZON,AMZN
2019-07-01 00:00:00-04:00,96.14900207519531,96.49099731445312,95.73300170898438,96.1094970703125,63842000,0.0,0.0,AMAZON,AMZN
2019-07-02 00:00:00-04:00,95.96900177001953,96.739501953125,95.33149719238281,96.71549987792969,52918000,0.0,0.0,AMAZON,AMZN
2019-07-03 00:00:00-04:00,96.79450225830078,97.07949829101562,96.5250015258789,96.94999694824219,33806000,0.0,0.0,AMAZON,AMZN
2019-07-05 00:00:00-04:00,96.43000030517578,97.29499816894531,96.26499938964844,97.14550018310547,52568000,0.0,0.0,AMAZON,AMZN
2019-07-08 00:00:00-04:00,96.70600128173828,97.80000305175781,96.4124984741211,97.61599731445312,57668000,0.0,0.0,AMAZON,AMZN
2019-07-09 00:00:00-04:00,97.38999938964844,99.50050354003906,97.17400360107422,99.41500091552734,86914000,0.0,0.0,AMAZON,AMZN
2019-07-10 00:00:00-04:00,99.82550048828125,101.24700164794922,99.7699966430664,100.87049865722656,98638000,0.0,0.0,AMAZON,AMZN
2019-07-11 00:00:00-04:00,101.28099822998047,101.79000091552734,99.76499938964844,100.05349731445312,86356000,0.0,0.0,AMAZON,AMZN
2019-07-12 00:00:00-04:00,100.41349792480469,100.8499984741211,100.19349670410156,100.55000305175781,50186000,0.0,0.0,AMAZON,AMZN
2019-07-15 00:00:00-04:00,101.06999969482422,101.1449966430664,100.07749938964844,101.04949951171875,59626000,0.0,0.0,AMAZON,AMZN
2019-07-16 00:00:00-04:00,100.52899932861328,101.31600189208984,100.06099700927734,100.49500274658203,52364000,0.0,0.0,AMAZON,AMZN
2019-07-17 00:00:00-04:00,100.35250091552734,100.5999984741211,99.60150146484375,99.60150146484375,51176000,0.0,0.0,AMAZON,AMZN
2019-07-18 00:00:00-04:00,99.00050354003906,99.375,97.57749938964844,98.8949966430664,69738000,0.0,0.0,AMAZON,AMZN
2019-07-19 00:00:00-04:00,99.56050109863281,99.80000305175781,98.11150360107422,98.22599792480469,63712000,0.0,0.0,AMAZON,AMZN
2019-07-22 00:00:00-04:00,98.55699920654297,99.44999694824219,97.91300201416016,99.28150177001953,58000000,0.0,0.0,AMAZON,AMZN
2019-07-23 00:00:00-04:00,99.79949951171875,99.8895034790039,98.65650177001953,99.72450256347656,54070000,0.0,0.0,AMAZON,AMZN
2019-07-24 00:00:00-04:00,98.46499633789062,100.06500244140625,98.29350280761719,100.04049682617188,52626000,0.0,0.0,AMAZON,AMZN
2019-07-25 00:00:00-04:00,100.05000305175781,100.05999755859375,98.63600158691406,98.69100189208984,82730000,0.0,0.0,AMAZON,AMZN
2019-07-26 00:00:00-04:00,97.0999984741211,97.54499816894531,96.22550201416016,97.15249633789062,98542000,0.0,0.0,AMAZON,AMZN
2019-07-29 00:00:00-04:00,96.5,96.61150360107422,94.5270004272461,95.62249755859375,89864000,0.0,0.0,AMAZON,AMZN
2019-07-30 00:00:00-04:00,94.55599975585938,95.49449920654297,94.17400360107422,94.92649841308594,58218000,0.0,0.0,AMAZON,AMZN
2019-07-31 00:00:00-04:00,94.90550231933594,94.97750091552734,92.47200012207031,93.33899688720703,89414000,0.0,0.0,AMAZON,AMZN
2019-08-01 00:00:00-04:00,93.58599853515625,94.89600372314453,92.20050048828125,92.76599884033203,94266000,0.0,0.0,AMAZON,AMZN
2019-08-02 00:00:00-04:00,92.25350189208984,92.31800079345703,90.4010009765625,91.16200256347656,99124000,0.0,0.0,AMAZON,AMZN
2019-08-05 00:00:00-04:00,88.51100158691406,89.43350219726562,87.43900299072266,88.25650024414062,121164000,0.0,0.0,AMAZON,AMZN
2019-08-06 00:00:00-04:00,89.61150360107422,89.6884994506836,87.66999816894531,89.3915023803711,101406000,0.0,0.0,AMAZON,AMZN
2019-08-07 00:00:00-04:00,88.69950103759766,89.94650268554688,87.8499984741211,89.66999816894531,90538000,0.0,0.0,AMAZON,AMZN
2019-08-08 00:00:00-04:00,90.30000305175781,91.71299743652344,89.90550231933594,91.64450073242188,74024000,0.0,0.0,AMAZON,AMZN
2019-08-09 00:00:00-04:00,91.44750213623047,91.55449676513672,90.11100006103516,90.37899780273438,57596000,0.0,0.0,AMAZON,AMZN
2019-08-12 00:00:00-04:00,89.79949951171875,90.04900360107422,88.8499984741211,89.24600219726562,58110000,0.0,0.0,AMAZON,AMZN
2019-08-13 00:00:00-04:00,89.1500015258789,91.58699798583984,89.0,91.21700286865234,79880000,0.0,0.0,AMAZON,AMZN
2019-08-14 00:00:00-04:00,89.65049743652344,89.78250122070312,87.86100006103516,88.14800262451172,97872000,0.0,0.0,AMAZON,AMZN
2019-08-15 00:00:00-04:00,89.09950256347656,89.4000015258789,88.0979995727539,88.80599975585938,75182000,0.0,0.0,AMAZON,AMZN
2019-08-16 00:00:00-04:00,89.64450073242188,90.14550018310547,89.22750091552734,89.62850189208984,60360000,0.0,0.0,AMAZON,AMZN
2019-08-19 00:00:00-04:00,90.90399932861328,91.30000305175781,90.63050079345703,90.80599975585938,56326000,0.0,0.0,AMAZON,AMZN
2019-08-20 00:00:00-04:00,90.7249984741211,90.84100341796875,89.99400329589844,90.06900024414062,38590000,0.0,0.0,AMAZON,AMZN
2019-08-21 00:00:00-04:00,90.96949768066406,91.47899627685547,90.75,91.177001953125,40636000,0.0,0.0,AMAZON,AMZN
2019-08-22 00:00:00-04:00,91.4000015258789,91.47049713134766,90.00499725341797,90.23300170898438,53070000,0.0,0.0,AMAZON,AMZN
2019-08-23 00:00:00-04:00,89.65149688720703,90.24500274658203,87.2614974975586,87.48100280761719,105416000,0.0,0.0,AMAZON,AMZN
2019-08-26 00:00:00-04:00,88.34549713134766,88.5,87.17549896240234,88.44349670410156,61600000,0.0,0.0,AMAZON,AMZN
2019-08-27 00:00:00-04:00,88.7864990234375,88.97000122070312,87.33399963378906,88.09149932861328,60394000,0.0,0.0,AMAZON,AMZN
2019-08-28 00:00:00-04:00,87.75,88.39299774169922,87.20249938964844,88.2125015258789,48394000,0.0,0.0,AMAZON,AMZN
2019-08-29 00:00:00-04:00,89.1500015258789,89.92749786376953,88.86250305175781,89.31999969482422,60302000,0.0,0.0,AMAZON,AMZN
2019-08-30 00:00:00-04:00,89.87449645996094,89.98699951171875,88.22850036621094,88.81449890136719,61174000,0.0,0.0,AMAZON,AMZN
2019-09-03 00:00:00-04:00,88.5,90.04000091552734,88.4000015258789,89.49199676513672,70860000,0.0,0.0,AMAZON,AMZN
2019-09-04 00:00:00-04:00,90.25,90.38150024414062,89.8115005493164,90.03099822998047,46482000,0.0,0.0,AMAZON,AMZN
2019-09-05 00:00:00-04:00,91.09750366210938,92.0999984741211,90.77899932861328,92.03600311279297,66216000,0.0,0.0,AMAZON,AMZN
2019-09-06 00:00:00-04:00,91.91100311279297,92.03250122070312,91.31999969482422,91.67549896240234,49938000,0.0,0.0,AMAZON,AMZN
2019-09-09 00:00:00-04:00,92.05000305175781,92.5,91.23049926757812,91.56749725341797,59990000,0.0,0.0,AMAZON,AMZN
2019-09-10 00:00:00-04:00,91.13749694824219,91.29049682617188,90.26699829101562,91.02749633789062,52278000,0.0,0.0,AMAZON,AMZN
2019-09-11 00:00:00-04:00,90.60700225830078,91.6709976196289,90.4540023803711,91.14949798583984,48656000,0.0,0.0,AMAZON,AMZN
2019-09-12 00:00:00-04:00,91.88150024414062,92.68299865722656,91.71399688720703,92.17749786376953,56470000,0.0,0.0,AMAZON,AMZN
2019-09-13 00:00:00-04:00,92.10050201416016,92.30599975585938,91.75849914550781,91.96700286865234,39426000,0.0,0.0,AMAZON,AMZN
2019-09-16 00:00:00-04:00,91.20099639892578,91.28450012207031,90.01000213623047,90.39199829101562,73510000,0.0,0.0,AMAZON,AMZN
2019-09-17 00:00:00-04:00,90.35399627685547,91.19950103759766,90.20500183105469,91.12750244140625,39648000,0.0,0.0,AMAZON,AMZN
2019-09-18 00:00:00-04:00,90.85199737548828,91.10299682617188,89.7750015258789,90.87300109863281,50112000,0.0,0.0,AMAZON,AMZN
2019-09-19 00:00:00-04:00,91.0510025024414,91.62850189208984,90.8949966430664,91.07499694824219,40630000,0.0,0.0,AMAZON,AMZN
2019-09-20 00:00:00-04:00,91.08550262451172,91.53150177001953,89.0459976196289,89.70800018310547,106838000,0.0,0.0,AMAZON,AMZN
2019-09-23 00:00:00-04:00,88.8499984741211,89.63500213623047,88.36599731445312,89.26499938964844,58446000,0.0,0.0,AMAZON,AMZN
2019-09-24 00:00:00-04:00,89.53050231933594,89.7854995727539,86.77749633789062,87.08049774169922,92320000,0.0,0.0,AMAZON,AMZN
2019-09-25 00:00:00-04:00,87.36799621582031,88.6500015258789,86.1500015258789,88.41649627685547,69864000,0.0,0.0,AMAZON,AMZN
2019-09-26 00:00:00-04:00,88.1395034790039,88.16850280761719,86.57499694824219,86.99199676513672,70736000,0.0,0.0,AMAZON,AMZN
2019-09-27 00:00:00-04:00,87.4000015258789,87.45600128173828,85.69100189208984,86.27249908447266,78144000,0.0,0.0,AMAZON,AMZN
2019-09-30 00:00:00-04:00,86.34950256347656,86.87300109863281,85.46099853515625,86.79550170898438,52894000,0.0,0.0,AMAZON,AMZN
2019-10-01 00:00:00-04:00,87.30000305175781,87.77999877929688,86.42050170898438,86.78250122070312,61690000,0.0,0.0,AMAZON,AMZN
2019-10-02 00:00:00-04:00,86.38700103759766,86.44450378417969,85.25,85.6614990234375,66022000,0.0,0.0,AMAZON,AMZN
2019-10-03 00:00:00-04:00,85.6500015258789,86.25,84.25299835205078,86.22100067138672,69364000,0.0,0.0,AMAZON,AMZN
2019-10-04 00:00:00-04:00,86.3010025024414,87.02899932861328,85.96150207519531,86.98249816894531,49438000,0.0,0.0,AMAZON,AMZN
2019-10-07 00:00:00-04:00,86.58149719238281,87.3915023803711,86.18499755859375,86.63300323486328,43094000,0.0,0.0,AMAZON,AMZN
2019-10-08 00:00:00-04:00,86.12449645996094,86.3499984741211,85.25,85.27549743652344,50840000,0.0,0.0,AMAZON,AMZN
2019-10-09 00:00:00-04:00,85.98049926757812,86.49749755859375,85.71800231933594,86.09950256347656,40870000,0.0,0.0,AMAZON,AMZN
2019-10-10 00:00:00-04:00,86.26200103759766,86.91449737548828,85.6875,86.01300048828125,51504000,0.0,0.0,AMAZON,AMZN
2019-10-11 00:00:00-04:00,87.14600372314453,87.27249908447266,86.49299621582031,86.59600067138672,65100000,0.0,0.0,AMAZON,AMZN
2019-10-14 00:00:00-04:00,86.44550323486328,87.09449768066406,86.0999984741211,86.82150268554688,38204000,0.0,0.0,AMAZON,AMZN
2019-10-15 00:00:00-04:00,87.10700225830078,88.82250213623047,87.03099822998047,88.36900329589844,62234000,0.0,0.0,AMAZON,AMZN
2019-10-16 00:00:00-04:00,88.66649627685547,89.31199645996094,88.5260009765625,88.87149810791016,55268000,0.0,0.0,AMAZON,AMZN
2019-10-17 00:00:00-04:00,89.82450103759766,89.94249725341797,89.10099792480469,89.3740005493164,52948000,0.0,0.0,AMAZON,AMZN
2019-10-18 00:00:00-04:00,89.38999938964844,89.6989974975586,87.45999908447266,87.87550354003906,67250000,0.0,0.0,AMAZON,AMZN
2019-10-21 00:00:00-04:00,88.48300170898438,89.29399871826172,88.25,89.28299713134766,42608000,0.0,0.0,AMAZON,AMZN
2019-10-22 00:00:00-04:00,89.40750122070312,89.48899841308594,88.0999984741211,88.2864990234375,42234000,0.0,0.0,AMAZON,AMZN
2019-10-23 00:00:00-04:00,88.06500244140625,88.50250244140625,87.0999984741211,88.1084976196289,42764000,0.0,0.0,AMAZON,AMZN
2019-10-24 00:00:00-04:00,88.55449676513672,89.41699981689453,88.01349639892578,89.03900146484375,88922000,0.0,0.0,AMAZON,AMZN
2019-10-25 00:00:00-04:00,84.87750244140625,88.21050262451172,84.75,88.06649780273438,192528000,0.0,0.0,AMAZON,AMZN
2019-10-28 00:00:00-04:00,87.40299987792969,88.93499755859375,87.125,88.85399627685547,74178000,0.0,0.0,AMAZON,AMZN
2019-10-29 00:00:00-04:00,88.7405014038086,88.8499984741211,87.79049682617188,88.135498046875,45538000,0.0,0.0,AMAZON,AMZN
2019-10-30 00:00:00-04:00,88.01200103759766,89.11900329589844,87.95600128173828,88.99949645996094,48988000,0.0,0.0,AMAZON,AMZN
2019-10-31 00:00:00-04:00,88.79949951171875,89.5999984741211,88.5739974975586,88.83300018310547,55624000,0.0,0.0,AMAZON,AMZN
2019-11-01 00:00:00-04:00,89.40049743652344,89.87249755859375,89.260498046875,89.5719985961914,55808000,0.0,0.0,AMAZON,AMZN
2019-11-04 00:00:00-05:00,90.05049896240234,90.75299835205078,90.05049896240234,90.23300170898438,55438000,0.0,0.0,AMAZON,AMZN
2019-11-05 00:00:00-05:00,90.45800018310547,90.51249694824219,89.69999694824219,90.08550262451172,37710000,0.0,0.0,AMAZON,AMZN
2019-11-06 00:00:00-05:00,90.05000305175781,90.125,89.42900085449219,89.78849792480469,40596000,0.0,0.0,AMAZON,AMZN
2019-11-07 00:00:00-05:00,90.18800354003906,90.29499816894531,89.17400360107422,89.41000366210938,53022000,0.0,0.0,AMAZON,AMZN
2019-11-08 00:00:00-05:00,89.39450073242188,89.49400329589844,88.7020034790039,89.29399871826172,42466000,0.0,0.0,AMAZON,AMZN
2019-11-11 00:00:00-05:00,88.9000015258789,89.0,88.35649871826172,88.5824966430664,38920000,0.0,0.0,AMAZON,AMZN
2019-11-12 00:00:00-05:00,88.73300170898438,89.31099700927734,88.59549713134766,88.9000015258789,40752000,0.0,0.0,AMAZON,AMZN
2019-11-13 00:00:00-05:00,88.66950225830078,88.75,87.36599731445312,87.65550231933594,59790000,0.0,0.0,AMAZON,AMZN
2019-11-14 00:00:00-05:00,87.57150268554688,88.32949829101562,87.47799682617188,87.7300033569336,45296000,0.0,0.0,AMAZON,AMZN
2019-11-15 00:00:00-05:00,88.00250244140625,88.08399963378906,86.64299774169922,86.97450256347656,78552000,0.0,0.0,AMAZON,AMZN
2019-11-18 00:00:00-05:00,86.91500091552734,87.68499755859375,86.135498046875,87.62650299072266,56790000,0.0,0.0,AMAZON,AMZN
2019-11-19 00:00:00-05:00,87.84950256347656,88.03399658203125,87.15149688720703,87.6395034790039,45416000,0.0,0.0,AMAZON,AMZN
2019-11-20 00:00:00-05:00,87.45700073242188,88.1259994506836,86.70600128173828,87.27649688720703,55800000,0.0,0.0,AMAZON,AMZN
2019-11-21 00:00:00-05:00,87.1500015258789,87.34349822998047,86.51799774169922,86.7354965209961,53258000,0.0,0.0,AMAZON,AMZN
2019-11-22 00:00:00-05:00,86.95099639892578,87.32150268554688,86.55000305175781,87.28600311279297,49582000,0.0,0.0,AMAZON,AMZN
2019-11-25 00:00:00-05:00,87.6624984741211,88.87100219726562,87.66200256347656,88.69200134277344,69724000,0.0,0.0,AMAZON,AMZN
2019-11-26 00:00:00-05:00,88.99600219726562,89.85150146484375,88.9175033569336,89.84700012207031,63624000,0.0,0.0,AMAZON,AMZN
2019-11-27 00:00:00-05:00,90.05000305175781,91.2249984741211,89.8655014038086,90.92549896240234,60512000,0.0,0.0,AMAZON,AMZN
2019-11-29 00:00:00-05:00,90.88899993896484,91.2344970703125,90.03949737548828,90.04000091552734,38468000,0.0,0.0,AMAZON,AMZN
2019-12-02 00:00:00-05:00,90.22000122070312,90.27749633789062,88.13400268554688,89.08000183105469,78512000,0.0,0.0,AMAZON,AMZN
2019-12-03 00:00:00-05:00,88.0,88.64350128173828,87.36150360107422,88.49800109863281,67618000,0.0,0.0,AMAZON,AMZN
2019-12-04 00:00:00-05:00,88.70050048828125,89.45449829101562,88.01100158691406,88.03450012207031,53402000,0.0,0.0,AMAZON,AMZN
2019-12-05 00:00:00-05:00,88.17500305175781,88.17500305175781,87.0,87.02400207519531,56476000,0.0,0.0,AMAZON,AMZN
2019-12-06 00:00:00-05:00,87.55999755859375,87.72000122070312,87.00650024414062,87.58000183105469,62348000,0.0,0.0,AMAZON,AMZN
2019-12-09 00:00:00-05:00,87.53299713134766,88.34449768066406,87.28050231933594,87.47550201416016,48856000,0.0,0.0,AMAZON,AMZN
2019-12-10 00:00:00-05:00,87.37000274658203,87.53350067138672,86.75,86.96050262451172,50286000,0.0,0.0,AMAZON,AMZN
2019-12-11 00:00:00-05:00,87.08350372314453,87.5,86.7854995727539,87.43599700927734,41952000,0.0,0.0,AMAZON,AMZN
2019-12-12 00:00:00-05:00,87.5,88.19999694824219,87.27200317382812,88.0165023803711,61918000,0.0,0.0,AMAZON,AMZN
2019-12-13 00:00:00-05:00,88.25,88.44950103759766,87.75,88.0469970703125,54914000,0.0,0.0,AMAZON,AMZN
2019-12-16 00:00:00-05:00,88.3499984741211,88.4749984741211,87.85250091552734,88.46050262451172,62904000,0.0,0.0,AMAZON,AMZN
2019-12-17 00:00:00-05:00,88.90049743652344,89.5999984741211,88.86949920654297,89.53299713134766,72888000,0.0,0.0,AMAZON,AMZN
2019-12-18 00:00:00-05:00,89.7509994506836,89.91000366210938,89.11799621582031,89.20149993896484,67028000,0.0,0.0,AMAZON,AMZN
2019-12-19 00:00:00-05:00,89.0250015258789,89.64949798583984,88.7030029296875,89.61399841308594,53056000,0.0,0.0,AMAZON,AMZN
2019-12-20 00:00:00-05:00,89.98100280761719,90.14849853515625,89.12249755859375,89.32499694824219,103016000,0.0,0.0,AMAZON,AMZN
2019-12-23 00:00:00-05:00,89.41300201416016,89.6500015258789,89.22550201416016,89.6500015258789,42728000,0.0,0.0,AMAZON,AMZN
2019-12-24 00:00:00-05:00,89.69049835205078,89.77850341796875,89.37899780273438,89.46050262451172,17626000,0.0,0.0,AMAZON,AMZN
2019-12-26 00:00:00-05:00,90.05049896240234,93.52300262451172,89.9749984741211,93.4384994506836,120108000,0.0,0.0,AMAZON,AMZN
2019-12-27 00:00:00-05:00,94.14600372314453,95.06999969482422,93.30049896240234,93.48999786376953,123732000,0.0,0.0,AMAZON,AMZN
2019-12-30 00:00:00-05:00,93.69999694824219,94.19999694824219,92.03099822998047,92.34449768066406,73494000,0.0,0.0,AMAZON,AMZN
2019-12-31 00:00:00-05:00,92.0999984741211,92.66300201416016,91.61150360107422,92.39199829101562,50130000,0.0,0.0,AMAZON,AMZN
2020-01-02 00:00:00-05:00,93.75,94.90049743652344,93.2074966430664,94.90049743652344,80580000,0.0,0.0,AMAZON,AMZN
2020-01-03 00:00:00-05:00,93.2249984741211,94.30999755859375,93.2249984741211,93.74849700927734,75288000,0.0,0.0,AMAZON,AMZN
2020-01-06 00:00:00-05:00,93.0,95.18450164794922,93.0,95.14399719238281,81236000,0.0,0.0,AMAZON,AMZN
2020-01-07 00:00:00-05:00,95.2249984741211,95.69450378417969,94.60199737548828,95.34300231933594,80898000,0.0,0.0,AMAZON,AMZN
2020-01-08 00:00:00-05:00,94.9020004272461,95.55000305175781,94.3219985961914,94.59850311279297,70160000,0.0,0.0,AMAZON,AMZN
2020-01-09 00:00:00-05:00,95.49449920654297,95.89099884033203,94.79000091552734,95.05249786376953,63346000,0.0,0.0,AMAZON,AMZN
2020-01-10 00:00:00-05:00,95.26850128173828,95.34700012207031,94.0,94.15799713134766,57074000,0.0,0.0,AMAZON,AMZN
2020-01-13 00:00:00-05:00,94.56549835205078,94.9000015258789,94.04000091552734,94.56500244140625,55616000,0.0,0.0,AMAZON,AMZN
2020-01-14 00:00:00-05:00,94.29399871826172,94.35549926757812,92.92749786376953,93.47200012207031,68818000,0.0,0.0,AMAZON,AMZN
2020-01-15 00:00:00-05:00,93.61250305175781,93.94300079345703,92.75450134277344,93.10099792480469,57932000,0.0,0.0,AMAZON,AMZN
2020-01-16 00:00:00-05:00,94.14949798583984,94.27950286865234,93.3010025024414,93.89700317382812,53190000,0.0,0.0,AMAZON,AMZN
2020-01-17 00:00:00-05:00,94.29450225830078,94.33200073242188,92.86250305175781,93.23600006103516,79946000,0.0,0.0,AMAZON,AMZN
2020-01-21 00:00:00-05:00,93.25,94.7135009765625,93.0,94.5999984741211,74156000,0.0,0.0,AMAZON,AMZN
2020-01-22 00:00:00-05:00,94.80449676513672,95.125,94.16699981689453,94.37300109863281,64326000,0.0,0.0,AMAZON,AMZN
2020-01-23 00:00:00-05:00,94.25550079345703,94.4990005493164,93.63800048828125,94.22899627685547,49692000,0.0,0.0,AMAZON,AMZN
2020-01-24 00:00:00-05:00,94.56849670410156,94.74949645996094,92.37200164794922,93.08200073242188,75324000,0.0,0.0,AMAZON,AMZN
2020-01-27 00:00:00-05:00,91.0,92.05000305175781,90.76699829101562,91.41699981689453,70570000,0.0,0.0,AMAZON,AMZN
2020-01-28 00:00:00-05:00,92.0250015258789,92.90550231933594,91.5009994506836,92.6624984741211,56160000,0.0,0.0,AMAZON,AMZN
2020-01-29 00:00:00-05:00,93.19999694824219,93.73750305175781,92.7509994506836,92.9000015258789,41760000,0.0,0.0,AMAZON,AMZN
2020-01-30 00:00:00-05:00,92.9000015258789,93.64350128173828,92.53050231933594,93.53399658203125,126548000,0.0,0.0,AMAZON,AMZN
2020-01-31 00:00:00-05:00,102.57350158691406,102.78600311279297,100.1135025024414,100.43599700927734,311346000,0.0,0.0,AMAZON,AMZN
2020-02-03 00:00:00-05:00,100.52999877929688,102.42500305175781,100.01249694824219,100.20999908447266,117834000,0.0,0.0,AMAZON,AMZN
2020-02-04 00:00:00-05:00,101.49400329589844,102.98999786376953,100.76850128173828,102.4834976196289,105786000,0.0,0.0,AMAZON,AMZN
2020-02-05 00:00:00-05:00,103.5510025024414,103.5510025024414,101.5999984741211,101.99349975585938,87524000,0.0,0.0,AMAZON,AMZN
2020-02-06 00:00:00-05:00,102.0510025024414,102.81500244140625,101.23999786376953,102.5114974975586,63660000,0.0,0.0,AMAZON,AMZN
2020-02-07 00:00:00-05:00,102.09950256347656,104.92649841308594,101.90499877929688,103.96399688720703,101906000,0.0,0.0,AMAZON,AMZN
2020-02-10 00:00:00-05:00,104.25050354003906,106.77999877929688,104.24800109863281,106.69550323486328,101124000,0.0,0.0,AMAZON,AMZN
2020-02-11 00:00:00-05:00,107.54499816894531,109.29750061035156,106.80000305175781,107.54000091552734,114920000,0.0,0.0,AMAZON,AMZN
2020-02-12 00:00:00-05:00,108.16000366210938,109.01249694824219,107.7645034790039,108.0,66686000,0.0,0.0,AMAZON,AMZN
2020-02-13 00:00:00-05:00,107.24949645996094,108.51399993896484,107.0999984741211,107.49349975585938,60636000,0.0,0.0,AMAZON,AMZN
2020-02-14 00:00:00-05:00,107.78399658203125,107.9520034790039,106.29450225830078,106.74349975585938,52124000,0.0,0.0,AMAZON,AMZN
2020-02-18 00:00:00-05:00,106.2509994506836,108.30349731445312,106.20549774169922,107.78350067138672,58912000,0.0,0.0,AMAZON,AMZN
2020-02-19 00:00:00-05:00,108.38999938964844,109.25499725341797,108.05599975585938,108.51100158691406,51224000,0.0,0.0,AMAZON,AMZN
2020-02-20 00:00:00-05:00,108.65350341796875,108.8395004272461,106.37249755859375,107.65499877929688,62626000,0.0,0.0,AMAZON,AMZN
2020-02-21 00:00:00-05:00,107.10749816894531,107.22750091552734,104.4000015258789,104.79850006103516,92926000,0.0,0.0,AMAZON,AMZN
2020-02-24 00:00:00-05:00,100.15899658203125,101.96499633789062,99.39849853515625,100.4645004272461,130940000,0.0,0.0,AMAZON,AMZN
2020-02-25 00:00:00-05:00,101.32099914550781,101.7300033569336,97.9209976196289,98.63700103759766,124382000,0.0,0.0,AMAZON,AMZN
2020-02-26 00:00:00-05:00,98.51399993896484,100.7334976196289,98.02249908447266,98.97949981689453,104492000,0.0,0.0,AMAZON,AMZN
2020-02-27 00:00:00-05:00,96.71900177001953,98.75,94.13800048828125,94.21499633789062,162880000,0.0,0.0,AMAZON,AMZN
2020-02-28 00:00:00-05:00,90.73149871826172,94.48799896240234,90.55650329589844,94.1875,189620000,0.0,0.0,AMAZON,AMZN
2020-03-02 00:00:00-05:00,95.32450103759766,97.72550201416016,93.5,97.69750213623047,135234000,0.0,0.0,AMAZON,AMZN
2020-03-03 00:00:00-05:00,98.76850128173828,99.81649780273438,94.40450286865234,95.44950103759766,150690000,0.0,0.0,AMAZON,AMZN
2020-03-04 00:00:00-05:00,97.32849884033203,98.9000015258789,96.0999984741211,98.79149627685547,95458000,0.0,0.0,AMAZON,AMZN
2020-03-05 00:00:00-05:00,96.6500015258789,98.03600311279297,95.5,96.20149993896484,94964000,0.0,0.0,AMAZON,AMZN
2020-03-06 00:00:00-05:00,93.75,95.54350280761719,93.4749984741211,95.05449676513672,105472000,0.0,0.0,AMAZON,AMZN
2020-03-09 00:00:00-04:00,88.69300079345703,93.13849639892578,88.06449890136719,90.03050231933594,156264000,0.0,0.0,AMAZON,AMZN
2020-03-10 00:00:00-04:00,93.54399871826172,94.7135009765625,90.90850067138672,94.59100341796875,142666000,0.0,0.0,AMAZON,AMZN
2020-03-11 00:00:00-04:00,92.89250183105469,93.56600189208984,90.07499694824219,91.04299926757812,112496000,0.0,0.0,AMAZON,AMZN
2020-03-12 00:00:00-04:00,86.0989990234375,88.25,83.75,83.83049774169922,226924000,0.0,0.0,AMAZON,AMZN
2020-03-13 00:00:00-04:00,87.75,89.31549835205078,84.03099822998047,89.25,176194000,0.0,0.0,AMAZON,AMZN
2020-03-16 00:00:00-04:00,82.07550048828125,87.97250366210938,81.30149841308594,84.4574966430664,178346000,0.0,0.0,AMAZON,AMZN
2020-03-17 00:00:00-04:00,88.77349853515625,92.88899993896484,84.46199798583984,90.39199829101562,218342000,0.0,0.0,AMAZON,AMZN
2020-03-18 00:00:00-04:00,87.5,92.08300018310547,87.25,91.5,192904000,0.0,0.0,AMAZON,AMZN
2020-03-19 00:00:00-04:00,93.0,97.25,91.63249969482422,94.04650115966797,207998000,0.0,0.0,AMAZON,AMZN
2020-03-20 00:00:00-04:00,96.31549835205078,97.8499984741211,91.0364990234375,92.30449676513672,196358000,0.0,0.0,AMAZON,AMZN
2020-03-23 00:00:00-04:00,91.38749694824219,95.97000122070312,90.5999984741211,95.1415023803711,156170000,0.0,0.0,AMAZON,AMZN
2020-03-24 00:00:00-04:00,97.57499694824219,97.75,95.01699829101562,97.00499725341797,142942000,0.0,0.0,AMAZON,AMZN
2020-03-25 00:00:00-04:00,96.03450012207031,97.51300048828125,94.28900146484375,94.29199981689453,129582000,0.0,0.0,AMAZON,AMZN
2020-03-26 00:00:00-04:00,95.0999984741211,97.82450103759766,94.4645004272461,97.77449798583984,124426000,0.0,0.0,AMAZON,AMZN
2020-03-27 00:00:00-04:00,96.54299926757812,96.989501953125,94.99600219726562,95.00499725341797,107758000,0.0,0.0,AMAZON,AMZN
2020-03-30 00:00:00-04:00,96.1415023803711,98.68150329589844,95.61699676513672,98.19750213623047,122522000,0.0,0.0,AMAZON,AMZN
2020-03-31 00:00:00-04:00,98.21749877929688,99.6510009765625,97.20050048828125,97.48600006103516,102472000,0.0,0.0,AMAZON,AMZN
2020-04-01 00:00:00-04:00,96.64849853515625,97.24800109863281,94.6500015258789,95.38500213623047,82438000,0.0,0.0,AMAZON,AMZN
2020-04-02 00:00:00-04:00,95.08200073242188,96.37650299072266,94.5,95.94149780273438,86720000,0.0,0.0,AMAZON,AMZN
2020-04-03 00:00:00-04:00,95.55750274658203,96.31649780273438,94.4574966430664,95.32949829101562,72198000,0.0,0.0,AMAZON,AMZN
2020-04-06 00:00:00-04:00,96.80000305175781,99.9260025024414,96.5009994506836,99.87950134277344,115464000,0.0,0.0,AMAZON,AMZN
2020-04-07 00:00:00-04:00,100.85549926757812,101.78600311279297,99.88099670410156,100.58000183105469,102280000,0.0,0.0,AMAZON,AMZN
2020-04-08 00:00:00-04:00,101.05000305175781,102.19999694824219,100.55750274658203,102.1500015258789,79546000,0.0,0.0,AMAZON,AMZN
2020-04-09 00:00:00-04:00,102.21499633789062,102.6500015258789,100.88300323486328,102.13800048828125,92930000,0.0,0.0,AMAZON,AMZN
2020-04-13 00:00:00-04:00,102.0,109.0,101.9000015258789,108.44349670410156,134334000,0.0,0.0,AMAZON,AMZN
2020-04-14 00:00:00-04:00,110.02349853515625,114.5999984741211,109.31050109863281,114.16600036621094,161744000,0.0,0.0,AMAZON,AMZN
2020-04-15 00:00:00-04:00,112.88400268554688,116.66850280761719,112.25,115.38400268554688,137332000,0.0,0.0,AMAZON,AMZN
2020-04-16 00:00:00-04:00,117.30000305175781,123.05000305175781,116.75,120.40950012207031,240764000,0.0,0.0,AMAZON,AMZN
2020-04-17 00:00:00-04:00,118.61650085449219,120.0,115.8010025024414,118.75,158600000,0.0,0.0,AMAZON,AMZN
2020-04-20 00:00:00-04:00,119.49749755859375,122.2490005493164,119.30249786376953,119.68049621582031,115414000,0.0,0.0,AMAZON,AMZN
2020-04-21 00:00:00-04:00,120.83049774169922,121.41549682617188,113.98300170898438,116.40599822998047,149534000,0.0,0.0,AMAZON,AMZN
2020-04-22 00:00:00-04:00,118.44999694824219,119.69999694824219,117.55000305175781,118.17449951171875,84244000,0.0,0.0,AMAZON,AMZN
2020-04-23 00:00:00-04:00,119.9990005493164,121.21099853515625,119.10399627685547,119.97250366210938,101332000,0.0,0.0,AMAZON,AMZN
2020-04-24 00:00:00-04:00,120.8499984741211,121.02149963378906,119.0999984741211,120.51100158691406,76498000,0.0,0.0,AMAZON,AMZN
2020-04-27 00:00:00-04:00,122.16000366210938,122.24400329589844,118.1500015258789,118.80000305175781,112912000,0.0,0.0,AMAZON,AMZN
2020-04-28 00:00:00-04:00,118.6050033569336,118.67500305175781,115.30000305175781,115.7040023803711,105388000,0.0,0.0,AMAZON,AMZN
2020-04-29 00:00:00-04:00,116.50050354003906,119.59449768066406,115.5,118.635498046875,91832000,0.0,0.0,AMAZON,AMZN
2020-04-30 00:00:00-04:00,120.99199676513672,123.75,119.80049896240234,123.69999694824219,190692000,0.0,0.0,AMAZON,AMZN
2020-05-01 00:00:00-04:00,116.83999633789062,118.12200164794922,112.90950012207031,114.302001953125,195452000,0.0,0.0,AMAZON,AMZN
2020-05-04 00:00:00-04:00,112.81900024414062,116.3489990234375,112.81900024414062,115.79949951171875,97318000,0.0,0.0,AMAZON,AMZN
2020-05-05 00:00:00-04:00,117.0,117.55000305175781,115.35649871826172,115.88999938964844,64850000,0.0,0.0,AMAZON,AMZN
2020-05-06 00:00:00-04:00,116.47200012207031,117.87249755859375,116.0,117.56300354003906,62356000,0.0,0.0,AMAZON,AMZN
2020-05-07 00:00:00-04:00,118.73899841308594,118.80000305175781,117.15550231933594,118.38050079345703,67928000,0.0,0.0,AMAZON,AMZN
2020-05-08 00:00:00-04:00,118.60700225830078,119.36199951171875,117.8499984741211,118.98049926757812,64132000,0.0,0.0,AMAZON,AMZN
2020-05-11 00:00:00-04:00,118.73500061035156,120.9834976196289,118.60549926757812,120.44999694824219,65184000,0.0,0.0,AMAZON,AMZN
2020-05-12 00:00:00-04:00,120.59249877929688,120.94999694824219,117.75,117.84750366210938,61498000,0.0,0.0,AMAZON,AMZN
2020-05-13 00:00:00-04:00,118.33999633789062,120.38500213623047,116.88999938964844,118.39600372314453,95658000,0.0,0.0,AMAZON,AMZN
2020-05-14 00:00:00-04:00,118.05049896240234,119.56849670410156,117.6604995727539,119.44249725341797,72962000,0.0,0.0,AMAZON,AMZN
2020-05-15 00:00:00-04:00,118.4260025024414,120.55000305175781,117.81849670410156,120.48899841308594,84700000,0.0,0.0,AMAZON,AMZN
2020-05-18 00:00:00-04:00,120.21749877929688,121.6500015258789,119.20050048828125,121.31300354003906,87144000,0.0,0.0,AMAZON,AMZN
2020-05-19 00:00:00-04:00,121.49150085449219,124.25,121.44850158691406,122.46649932861328,86410000,0.0,0.0,AMAZON,AMZN
2020-05-20 00:00:00-04:00,123.89350128173828,125.00050354003906,123.3635025024414,124.89700317382812,79962000,0.0,0.0,AMAZON,AMZN
2020-05-21 00:00:00-04:00,125.0,126.27249908447266,122.12699890136719,122.33699798583984,102288000,0.0,0.0,AMAZON,AMZN
2020-05-22 00:00:00-04:00,122.75050354003906,123.49250030517578,121.50650024414062,121.84400177001953,57342000,0.0,0.0,AMAZON,AMZN
2020-05-26 00:00:00-04:00,122.9000015258789,123.0999984741211,120.7030029296875,121.09300231933594,71364000,0.0,0.0,AMAZON,AMZN
2020-05-27 00:00:00-04:00,120.24949645996094,120.67900085449219,116.5,120.51950073242188,101138000,0.0,0.0,AMAZON,AMZN
2020-05-28 00:00:00-04:00,119.21649932861328,121.84850311279297,118.9114990234375,120.05500030517578,63804000,0.0,0.0,AMAZON,AMZN
2020-05-29 00:00:00-04:00,120.7969970703125,122.11849975585938,119.91000366210938,122.11849975585938,70198000,0.0,0.0,AMAZON,AMZN
2020-06-01 00:00:00-04:00,122.4000015258789,123.84649658203125,122.20850372314453,123.552001953125,58578000,0.0,0.0,AMAZON,AMZN
2020-06-02 00:00:00-04:00,123.3499984741211,123.67649841308594,122.2655029296875,123.62049865722656,50598000,0.0,0.0,AMAZON,AMZN
2020-06-03 00:00:00-04:00,123.40049743652344,124.4000015258789,123.05850219726562,123.91999816894531,53420000,0.0,0.0,AMAZON,AMZN
2020-06-04 00:00:00-04:00,123.87149810791016,125.37699890136719,122.50050354003906,123.02999877929688,58974000,0.0,0.0,AMAZON,AMZN
2020-06-05 00:00:00-04:00,122.22550201416016,124.43250274658203,121.85649871826172,124.1500015258789,66128000,0.0,0.0,AMAZON,AMZN
2020-06-08 00:00:00-04:00,125.01000213623047,126.5,124.36699676513672,126.2030029296875,79414000,0.0,0.0,AMAZON,AMZN
2020-06-09 00:00:00-04:00,126.47200012207031,131.32150268554688,126.25,130.04299926757812,103520000,0.0,0.0,AMAZON,AMZN
2020-06-10 00:00:00-04:00,132.25,136.11749267578125,131.31300354003906,132.37249755859375,98920000,0.0,0.0,AMAZON,AMZN
2020-06-11 00:00:00-04:00,130.1750030517578,133.56900024414062,126.8115005493164,127.89800262451172,116002000,0.0,0.0,AMAZON,AMZN
2020-06-12 00:00:00-04:00,130.0605010986328,131.07400512695312,125.1675033569336,127.2509994506836,108722000,0.0,0.0,AMAZON,AMZN
2020-06-15 00:00:00-04:00,126.33000183105469,129.1999969482422,125.4000015258789,128.63400268554688,77302000,0.0,0.0,AMAZON,AMZN
2020-06-16 00:00:00-04:00,131.0,131.0,128.8000030517578,130.7635040283203,71712000,0.0,0.0,AMAZON,AMZN
2020-06-17 00:00:00-04:00,132.375,132.75,131.59100341796875,132.0489959716797,59186000,0.0,0.0,AMAZON,AMZN
2020-06-18 00:00:00-04:00,132.35049438476562,132.98199462890625,131.8054962158203,132.69900512695312,49756000,0.0,0.0,AMAZON,AMZN
2020-06-19 00:00:00-04:00,133.9040069580078,134.8715057373047,132.9499969482422,133.75050354003906,115540000,0.0,0.0,AMAZON,AMZN
2020-06-22 00:00:00-04:00,134.22500610351562,135.75,133.4499969482422,135.6909942626953,64176000,0.0,0.0,AMAZON,AMZN
2020-06-23 00:00:00-04:00,136.30099487304688,139.15550231933594,135.90199279785156,138.2205047607422,84634000,0.0,0.0,AMAZON,AMZN
2020-06-24 00:00:00-04:00,139.0,139.8000030517578,136.0500030517578,136.72000122070312,90532000,0.0,0.0,AMAZON,AMZN
2020-06-25 00:00:00-04:00,136.9774932861328,137.81149291992188,135.60699462890625,137.72900390625,59374000,0.0,0.0,AMAZON,AMZN
2020-06-26 00:00:00-04:00,138.7530059814453,139.1284942626953,134.39999389648438,134.64349365234375,130016000,0.0,0.0,AMAZON,AMZN
2020-06-29 00:00:00-04:00,134.50050354003906,134.83999633789062,131.50399780273438,134.0189971923828,84468000,0.0,0.0,AMAZON,AMZN
2020-06-30 00:00:00-04:00,134.2534942626953,138.48150634765625,133.75149536132812,137.9409942626953,75394000,0.0,0.0,AMAZON,AMZN
2020-07-01 00:00:00-04:00,137.89950561523438,144.75,137.6999969482422,143.93499755859375,127268000,0.0,0.0,AMAZON,AMZN
2020-07-02 00:00:00-04:00,145.60049438476562,147.7779998779297,143.55499267578125,144.51499938964844,131868000,0.0,0.0,AMAZON,AMZN
2020-07-06 00:00:00-04:00,146.74850463867188,152.99400329589844,146.5,152.8520050048828,137612000,0.0,0.0,AMAZON,AMZN
2020-07-07 00:00:00-04:00,152.92750549316406,153.4774932861328,149.5,150.00599670410156,105150000,0.0,0.0,AMAZON,AMZN
2020-07-08 00:00:00-04:00,151.1304931640625,154.19850158691406,150.6215057373047,154.0554962158203,100752000,0.0,0.0,AMAZON,AMZN
2020-07-09 00:00:00-04:00,155.79949951171875,159.69400024414062,153.6999969482422,159.13150024414062,127774000,0.0,0.0,AMAZON,AMZN
2020-07-10 00:00:00-04:00,159.58799743652344,160.75,156.78500366210938,160.0,109720000,0.0,0.0,AMAZON,AMZN
2020-07-13 00:00:00-04:00,162.55299377441406,167.21449279785156,153.41949462890625,155.1999969482422,154408000,0.0,0.0,AMAZON,AMZN
2020-07-14 00:00:00-04:00,154.4499969482422,156.36900329589844,147.5,154.1999969482422,144638000,0.0,0.0,AMAZON,AMZN
2020-07-15 00:00:00-04:00,154.01150512695312,154.91749572753906,148.65899658203125,150.44349670410156,115778000,0.0,0.0,AMAZON,AMZN
2020-07-16 00:00:00-04:00,148.55299377441406,151.60000610351562,145.9114990234375,149.9949951171875,127884000,0.0,0.0,AMAZON,AMZN
2020-07-17 00:00:00-04:00,150.4499969482422,151.1999969482422,147.42250061035156,148.09849548339844,95226000,0.0,0.0,AMAZON,AMZN
2020-07-20 00:00:00-04:00,150.00999450683594,160.0679931640625,149.7010040283203,159.8419952392578,151964000,0.0,0.0,AMAZON,AMZN
2020-07-21 00:00:00-04:00,161.62449645996094,162.0290069580078,155.28599548339844,156.9145050048828,122426000,0.0,0.0,AMAZON,AMZN
2020-07-22 00:00:00-04:00,156.25,157.5,153.26300048828125,154.99549865722656,82084000,0.0,0.0,AMAZON,AMZN
2020-07-23 00:00:00-04:00,154.9134979248047,154.9134979248047,148.5,149.32749938964844,113138000,0.0,0.0,AMAZON,AMZN
2020-07-24 00:00:00-04:00,146.5,151.57899475097656,144.39999389648438,150.44549560546875,112648000,0.0,0.0,AMAZON,AMZN
2020-07-27 00:00:00-04:00,153.10000610351562,154.89999389648438,150.7884979248047,152.760498046875,83410000,0.0,0.0,AMAZON,AMZN
2020-07-28 00:00:00-04:00,152.7135009765625,153.85450744628906,149.78799438476562,150.01649475097656,62534000,0.0,0.0,AMAZON,AMZN
2020-07-29 00:00:00-04:00,151.54949951171875,151.95799255371094,149.8385009765625,151.67649841308594,59482000,0.0,0.0,AMAZON,AMZN
2020-07-30 00:00:00-04:00,150.6999969482422,154.60000610351562,150.25,152.593994140625,122566000,0.0,0.0,AMAZON,AMZN
2020-07-31 00:00:00-04:00,162.1999969482422,162.34100341796875,157.5500030517578,158.23399353027344,161710000,0.0,0.0,AMAZON,AMZN
2020-08-03 00:00:00-04:00,159.02549743652344,159.1999969482422,155.1999969482422,155.59449768066406,101494000,0.0,0.0,AMAZON,AMZN
2020-08-04 00:00:00-04:00,155.0605010986328,158.36199951171875,155.0605010986328,156.94149780273438,93886000,0.0,0.0,AMAZON,AMZN
2020-08-05 00:00:00-04:00,157.18850708007812,160.67950439453125,156.36500549316406,160.25149536132812,78330000,0.0,0.0,AMAZON,AMZN
2020-08-06 00:00:00-04:00,159.71800231933594,162.37350463867188,158.27149963378906,161.25,78812000,0.0,0.0,AMAZON,AMZN
2020-08-07 00:00:00-04:00,161.20050048828125,162.04049682617188,157.0334930419922,158.3730010986328,78722000,0.0,0.0,AMAZON,AMZN
2020-08-10 00:00:00-04:00,158.5155029296875,158.62550354003906,155.0760040283203,157.4080047607422,63346000,0.0,0.0,AMAZON,AMZN
2020-08-11 00:00:00-04:00,155.66000366210938,157.96099853515625,153.64999389648438,154.0334930419922,74362000,0.0,0.0,AMAZON,AMZN
2020-08-12 00:00:00-04:00,155.39999389648438,158.71949768066406,155.0709991455078,158.11199951171875,70442000,0.0,0.0,AMAZON,AMZN
2020-08-13 00:00:00-04:00,159.14950561523438,160.87600708007812,157.75,158.05099487304688,62980000,0.0,0.0,AMAZON,AMZN
2020-08-14 00:00:00-04:00,158.90899658203125,158.91200256347656,156.0,157.4010009765625,55034000,0.0,0.0,AMAZON,AMZN
2020-08-17 00:00:00-04:00,158.656005859375,159.74850463867188,157.70899963378906,159.12049865722656,53824000,0.0,0.0,AMAZON,AMZN
2020-08-18 00:00:00-04:00,160.60000610351562,166.0,160.29100036621094,165.62449645996094,106920000,0.0,0.0,AMAZON,AMZN
2020-08-19 00:00:00-04:00,165.15049743652344,165.7949981689453,162.8000030517578,163.0240020751953,83702000,0.0,0.0,AMAZON,AMZN
2020-08-20 00:00:00-04:00,162.60000610351562,165.63099670410156,161.89999389648438,164.86849975585938,66650000,0.0,0.0,AMAZON,AMZN
2020-08-21 00:00:00-04:00,164.75,165.72000122070312,163.76950073242188,164.23599243164062,71518000,0.0,0.0,AMAZON,AMZN
2020-08-24 00:00:00-04:00,165.50750732421875,169.01600646972656,162.8780059814453,165.3730010986328,93326000,0.0,0.0,AMAZON,AMZN
2020-08-25 00:00:00-04:00,164.74949645996094,167.8699951171875,163.35000610351562,167.32449340820312,79856000,0.0,0.0,AMAZON,AMZN
2020-08-26 00:00:00-04:00,167.5554962158203,172.58700561523438,167.22850036621094,172.09249877929688,130174000,0.0,0.0,AMAZON,AMZN
2020-08-27 00:00:00-04:00,172.50250244140625,172.64999389648438,168.89999389648438,170.0,85296000,0.0,0.0,AMAZON,AMZN
2020-08-28 00:00:00-04:00,171.14999389648438,171.6685028076172,169.3249969482422,170.08999633789062,57940000,0.0,0.0,AMAZON,AMZN
2020-08-31 00:00:00-04:00,170.44949340820312,174.75,170.25,172.54800415039062,83718000,0.0,0.0,AMAZON,AMZN
2020-09-01 00:00:00-04:00,174.47900390625,175.69349670410156,173.35000610351562,174.95599365234375,68644000,0.0,0.0,AMAZON,AMZN
2020-09-02 00:00:00-04:00,177.35000610351562,177.6125030517578,174.33450317382812,176.57249450683594,78630000,0.0,0.0,AMAZON,AMZN
2020-09-03 00:00:00-04:00,174.25,174.42050170898438,165.14999389648438,168.39999389648438,163222000,0.0,0.0,AMAZON,AMZN
2020-09-04 00:00:00-04:00,165.89999389648438,169.0749969482422,155.55650329589844,164.7310028076172,175636000,0.0,0.0,AMAZON,AMZN
2020-09-08 00:00:00-04:00,157.1999969482422,162.54249572753906,156.5,157.49200439453125,121884000,0.0,0.0,AMAZON,AMZN
2020-09-09 00:00:00-04:00,160.14950561523438,165.15899658203125,159.25,163.4304962158203,103774000,0.0,0.0,AMAZON,AMZN
2020-09-10 00:00:00-04:00,165.36099243164062,167.4945068359375,158.52749633789062,158.7554931640625,106614000,0.0,0.0,AMAZON,AMZN
2020-09-11 00:00:00-04:00,160.4344940185547,160.86700439453125,154.19900512695312,155.81100463867188,101880000,0.0,0.0,AMAZON,AMZN
2020-09-14 00:00:00-04:00,158.64700317382812,159.3695068359375,154.8000030517578,155.14849853515625,90592000,0.0,0.0,AMAZON,AMZN
2020-09-15 00:00:00-04:00,156.80799865722656,158.75100708007812,155.4459991455078,157.80650329589844,80430000,0.0,0.0,AMAZON,AMZN
2020-09-16 00:00:00-04:00,158.99949645996094,159.36199951171875,153.70750427246094,153.90499877929688,90244000,0.0,0.0,AMAZON,AMZN
2020-09-17 00:00:00-04:00,150.46249389648438,151.47149658203125,148.62750244140625,150.43649291992188,128982000,0.0,0.0,AMAZON,AMZN
2020-09-18 00:00:00-04:00,151.58700561523438,151.88999938964844,145.27699279785156,147.74549865722656,177852000,0.0,0.0,AMAZON,AMZN
2020-09-21 00:00:00-04:00,145.3249969482422,148.10000610351562,143.5500030517578,148.02349853515625,122358000,0.0,0.0,AMAZON,AMZN
2020-09-22 00:00:00-04:00,151.69200134277344,156.69949340820312,150.00999450683594,156.44949340820312,138976000,0.0,0.0,AMAZON,AMZN
2020-09-23 00:00:00-04:00,156.02149963378906,156.35000610351562,149.61900329589844,149.9929962158203,113054000,0.0,0.0,AMAZON,AMZN
2020-09-24 00:00:00-04:00,148.88949584960938,153.46499633789062,148.25,150.989501953125,110588000,0.0,0.0,AMAZON,AMZN
2020-09-25 00:00:00-04:00,152.7429962158203,155.07699584960938,149.9499969482422,154.75650024414062,92304000,0.0,0.0,AMAZON,AMZN
2020-09-28 00:00:00-04:00,157.4425048828125,158.7519989013672,155.85850524902344,158.70249938964844,84484000,0.0,0.0,AMAZON,AMZN
2020-09-29 00:00:00-04:00,158.76950073242188,159.41299438476562,156.6269989013672,157.24400329589844,69916000,0.0,0.0,AMAZON,AMZN
2020-09-30 00:00:00-04:00,157.0570068359375,160.6439971923828,156.69949340820312,157.43649291992188,97922000,0.0,0.0,AMAZON,AMZN
2020-10-01 00:00:00-04:00,160.39999389648438,161.1999969482422,158.60000610351562,161.06300354003906,99438000,0.0,0.0,AMAZON,AMZN
2020-10-02 00:00:00-04:00,157.68150329589844,159.7899932861328,156.14999389648438,156.25,112262000,0.0,0.0,AMAZON,AMZN
2020-10-05 00:00:00-04:00,157.29200744628906,160.12649536132812,157.04249572753906,159.9600067138672,75506000,0.0,0.0,AMAZON,AMZN
2020-10-06 00:00:00-04:00,158.25,159.10000610351562,154.5,154.9980010986328,101738000,0.0,0.0,AMAZON,AMZN
2020-10-07 00:00:00-04:00,156.75,160.0,156.6195068359375,159.7845001220703,86188000,0.0,0.0,AMAZON,AMZN
2020-10-08 00:00:00-04:00,161.24949645996094,161.6645050048828,158.74949645996094,159.52749633789062,63482000,0.0,0.0,AMAZON,AMZN
2020-10-09 00:00:00-04:00,160.5,164.44949340820312,159.89149475097656,164.33250427246094,98158000,0.0,0.0,AMAZON,AMZN
2020-10-12 00:00:00-04:00,167.4969940185547,174.81199645996094,166.9774932861328,172.14649963378906,167284000,0.0,0.0,AMAZON,AMZN
2020-10-13 00:00:00-04:00,173.39950561523438,174.61900329589844,171.21099853515625,172.18150329589844,114894000,0.0,0.0,AMAZON,AMZN
2020-10-14 00:00:00-04:00,172.35000610351562,173.24400329589844,167.0,168.1855010986328,116254000,0.0,0.0,AMAZON,AMZN
2020-10-15 00:00:00-04:00,164.60049438476562,167.79400634765625,164.0,166.9324951171875,104468000,0.0,0.0,AMAZON,AMZN
2020-10-16 00:00:00-04:00,168.1614990234375,169.98300170898438,158.0,163.635498046875,129488000,0.0,0.0,AMAZON,AMZN
2020-10-19 00:00:00-04:00,164.98049926757812,166.4499969482422,159.63699340820312,160.36050415039062,104472000,0.0,0.0,AMAZON,AMZN
2020-10-20 00:00:00-04:00,161.11399841308594,163.3000030517578,159.60049438476562,160.85049438476562,90194000,0.0,0.0,AMAZON,AMZN
2020-10-21 00:00:00-04:00,160.625,161.69400024414062,158.0,159.2469940185547,91854000,0.0,0.0,AMAZON,AMZN
2020-10-22 00:00:00-04:00,159.49349975585938,159.9375,156.0970001220703,158.82000732421875,84240000,0.0,0.0,AMAZON,AMZN
2020-10-23 00:00:00-04:00,159.5500030517578,160.26649475097656,157.0,160.22000122070312,69334000,0.0,0.0,AMAZON,AMZN
2020-10-26 00:00:00-04:00,159.93699645996094,164.1490020751953,157.6649932861328,160.3520050048828,118024000,0.0,0.0,AMAZON,AMZN
2020-10-27 00:00:00-04:00,161.2469940185547,164.58299255371094,160.56500244140625,164.31649780273438,85820000,0.0,0.0,AMAZON,AMZN
2020-10-28 00:00:00-04:00,162.46499633789062,163.2010040283203,158.12350463867188,158.13900756835938,111766000,0.0,0.0,AMAZON,AMZN
2020-10-29 00:00:00-04:00,160.06350708007812,162.8625030517578,158.1999969482422,160.55050659179688,131930000,0.0,0.0,AMAZON,AMZN
2020-10-30 00:00:00-04:00,157.8874969482422,158.35000610351562,150.9499969482422,151.8074951171875,167728000,0.0,0.0,AMAZON,AMZN
2020-11-02 00:00:00-05:00,153.08700561523438,153.98550415039062,147.50599670410156,150.2239990234375,145148000,0.0,0.0,AMAZON,AMZN
2020-11-03 00:00:00-05:00,150.92649841308594,153.7449951171875,149.0489959716797,152.42050170898438,97958000,0.0,0.0,AMAZON,AMZN
2020-11-04 00:00:00-05:00,157.99949645996094,162.24249267578125,156.9864959716797,162.05799865722656,136780000,0.0,0.0,AMAZON,AMZN
2020-11-05 00:00:00-05:00,165.99850463867188,168.33999633789062,164.44400024414062,166.10000610351562,115786000,0.0,0.0,AMAZON,AMZN
2020-11-06 00:00:00-05:00,165.23199462890625,166.10000610351562,161.60000610351562,165.56849670410156,92946000,0.0,0.0,AMAZON,AMZN
2020-11-09 00:00:00-05:00,161.55149841308594,164.4499969482422,155.60549926757812,157.18699645996094,143808000,0.0,0.0,AMAZON,AMZN
2020-11-10 00:00:00-05:00,154.75100708007812,155.6999969482422,150.9739990234375,151.75100708007812,131820000,0.0,0.0,AMAZON,AMZN
2020-11-11 00:00:00-05:00,153.08900451660156,156.95750427246094,152.5,156.8695068359375,87338000,0.0,0.0,AMAZON,AMZN
2020-11-12 00:00:00-05:00,157.99749755859375,158.79400634765625,154.30250549316406,155.51400756835938,87240000,0.0,0.0,AMAZON,AMZN
2020-11-13 00:00:00-05:00,156.10000610351562,157.08599853515625,154.26950073242188,156.4405059814453,75124000,0.0,0.0,AMAZON,AMZN
2020-11-16 00:00:00-05:00,154.66000366210938,157.13499450683594,153.63450622558594,156.55299377441406,76174000,0.0,0.0,AMAZON,AMZN
2020-11-17 00:00:00-05:00,159.177001953125,159.46249389648438,156.76300048828125,156.7830047607422,68894000,0.0,0.0,AMAZON,AMZN
2020-11-18 00:00:00-05:00,156.6999969482422,157.0,155.2550048828125,155.2729949951172,58336000,0.0,0.0,AMAZON,AMZN
2020-11-19 00:00:00-05:00,155.2655029296875,156.25,154.04600524902344,155.8509979248047,60206000,0.0,0.0,AMAZON,AMZN
2020-11-20 00:00:00-05:00,155.8509979248047,156.64450073242188,154.90249633789062,154.97000122070312,67488000,0.0,0.0,AMAZON,AMZN
2020-11-23 00:00:00-05:00,155.8350067138672,156.9875030517578,153.2729949951172,154.91949462890625,94178000,0.0,0.0,AMAZON,AMZN
2020-11-24 00:00:00-05:00,155.02499389648438,156.71249389648438,154.31300354003906,155.9029998779297,72042000,0.0,0.0,AMAZON,AMZN
2020-11-25 00:00:00-05:00,157.093505859375,159.89999389648438,157.01300048828125,159.2534942626953,75808000,0.0,0.0,AMAZON,AMZN
2020-11-27 00:00:00-05:00,160.56300354003906,160.8094940185547,159.50250244140625,159.76699829101562,47858000,0.0,0.0,AMAZON,AMZN
2020-11-30 00:00:00-05:00,160.4239959716797,161.41949462890625,156.27749633789062,158.40199279785156,81278000,0.0,0.0,AMAZON,AMZN
2020-12-01 00:00:00-05:00,159.4250030517578,162.44749450683594,157.85899353027344,161.00399780273438,90740000,0.0,0.0,AMAZON,AMZN
2020-12-02 00:00:00-05:00,161.08250427246094,161.60000610351562,158.66299438476562,160.17649841308594,62586000,0.0,0.0,AMAZON,AMZN
2020-12-03 00:00:00-05:00,160.2729949951172,161.4320068359375,159.0655059814453,159.3365020751953,57840000,0.0,0.0,AMAZON,AMZN
2020-12-04 00:00:00-05:00,159.91050720214844,159.91050720214844,157.93800354003906,158.12899780273438,58272000,0.0,0.0,AMAZON,AMZN
2020-12-07 00:00:00-05:00,157.82400512695312,159.03799438476562,157.08450317382812,157.89999389648438,55026000,0.0,0.0,AMAZON,AMZN
2020-12-08 00:00:00-05:00,157.94500732421875,159.2064971923828,156.00100708007812,158.864501953125,65726000,0.0,0.0,AMAZON,AMZN
2020-12-09 00:00:00-05:00,158.39450073242188,158.72149658203125,154.39999389648438,155.2100067138672,82016000,0.0,0.0,AMAZON,AMZN
2020-12-10 00:00:00-05:00,154.44949340820312,157.10499572753906,153.8000030517578,155.07449340820312,60604000,0.0,0.0,AMAZON,AMZN
2020-12-11 00:00:00-05:00,154.83299255371094,155.93350219726562,153.64100646972656,155.8209991455078,61294000,0.0,0.0,AMAZON,AMZN
2020-12-14 00:00:00-05:00,157.14999389648438,159.52349853515625,156.3000030517578,157.84849548339844,83116000,0.0,0.0,AMAZON,AMZN
2020-12-15 00:00:00-05:00,159.05050659179688,159.4250030517578,156.52450561523438,158.25599670410156,66390000,0.0,0.0,AMAZON,AMZN
2020-12-16 00:00:00-05:00,158.80050659179688,162.35000610351562,158.1840057373047,162.04800415039062,88552000,0.0,0.0,AMAZON,AMZN
2020-12-17 00:00:00-05:00,162.5,163.17550659179688,161.0500030517578,161.8040008544922,69486000,0.0,0.0,AMAZON,AMZN
2020-12-18 00:00:00-05:00,162.19949340820312,162.4709930419922,158.5800018310547,160.08250427246094,119914000,0.0,0.0,AMAZON,AMZN
2020-12-21 00:00:00-05:00,160.00050354003906,161.34849548339844,158.3000030517578,160.3090057373047,76736000,0.0,0.0,AMAZON,AMZN
2020-12-22 00:00:00-05:00,160.14199829101562,161.10000610351562,159.00399780273438,160.3260040283203,47388000,0.0,0.0,AMAZON,AMZN
2020-12-23 00:00:00-05:00,160.25,160.50650024414062,159.20849609375,159.2635040283203,41876000,0.0,0.0,AMAZON,AMZN
2020-12-24 00:00:00-05:00,159.69500732421875,160.10000610351562,158.4499969482422,158.63450622558594,29038000,0.0,0.0,AMAZON,AMZN
2020-12-28 00:00:00-05:00,159.6999969482422,165.1999969482422,158.63450622558594,164.197998046875,113736000,0.0,0.0,AMAZON,AMZN
2020-12-29 00:00:00-05:00,165.4969940185547,167.53250122070312,164.06100463867188,166.10000610351562,97458000,0.0,0.0,AMAZON,AMZN
2020-12-30 00:00:00-05:00,167.0500030517578,167.10499572753906,164.12350463867188,164.29249572753906,64186000,0.0,0.0,AMAZON,AMZN
2020-12-31 00:00:00-05:00,163.75,164.14599609375,162.05999755859375,162.84649658203125,59144000,0.0,0.0,AMAZON,AMZN
2021-01-04 00:00:00-05:00,163.5,163.60000610351562,157.2010040283203,159.3314971923828,88228000,0.0,0.0,AMAZON,AMZN
2021-01-05 00:00:00-05:00,158.30050659179688,161.16900634765625,158.2530059814453,160.92550659179688,53110000,0.0,0.0,AMAZON,AMZN
2021-01-06 00:00:00-05:00,157.32400512695312,159.87550354003906,156.55799865722656,156.91900634765625,87896000,0.0,0.0,AMAZON,AMZN
2021-01-07 00:00:00-05:00,157.85000610351562,160.427001953125,157.75,158.10800170898438,70290000,0.0,0.0,AMAZON,AMZN
2021-01-08 00:00:00-05:00,159.0,159.53199768066406,157.11000061035156,159.13499450683594,70754000,0.0,0.0,AMAZON,AMZN
2021-01-11 00:00:00-05:00,157.40049743652344,157.81900024414062,155.5,155.7104949951172,73668000,0.0,0.0,AMAZON,AMZN
2021-01-12 00:00:00-05:00,156.0,157.10699462890625,154.3000030517578,156.04150390625,70292000,0.0,0.0,AMAZON,AMZN
2021-01-13 00:00:00-05:00,156.4219970703125,159.49749755859375,156.10400390625,158.29449462890625,66424000,0.0,0.0,AMAZON,AMZN
2021-01-14 00:00:00-05:00,158.37600708007812,158.89999389648438,156.0294952392578,156.37350463867188,61418000,0.0,0.0,AMAZON,AMZN
2021-01-15 00:00:00-05:00,156.1510009765625,157.12750244140625,154.7584991455078,155.21249389648438,84880000,0.0,0.0,AMAZON,AMZN
2021-01-19 00:00:00-05:00,155.35000610351562,157.25,154.8000030517578,156.03799438476562,66102000,0.0,0.0,AMAZON,AMZN
2021-01-20 00:00:00-05:00,159.09950256347656,163.99000549316406,158.75,163.16900634765625,106196000,0.0,0.0,AMAZON,AMZN
2021-01-21 00:00:00-05:00,164.64999389648438,167.42750549316406,164.47850036621094,165.34950256347656,98722000,0.0,0.0,AMAZON,AMZN
2021-01-22 00:00:00-05:00,165.2154998779297,166.0955047607422,164.1580047607422,164.6114959716797,56438000,0.0,0.0,AMAZON,AMZN
2021-01-25 00:00:00-05:00,166.4250030517578,168.1945037841797,162.15750122070312,164.6999969482422,74996000,0.0,0.0,AMAZON,AMZN
2021-01-26 00:00:00-05:00,164.8179931640625,166.89999389648438,164.14349365234375,166.30650329589844,59104000,0.0,0.0,AMAZON,AMZN
2021-01-27 00:00:00-05:00,167.07449340820312,167.3260040283203,160.35400390625,161.62899780273438,93204000,0.0,0.0,AMAZON,AMZN
2021-01-28 00:00:00-05:00,161.7519989013672,165.08399963378906,161.4344940185547,161.88099670410156,62984000,0.0,0.0,AMAZON,AMZN
2021-01-29 00:00:00-05:00,161.5,161.84950256347656,159.2274932861328,160.30999755859375,85872000,0.0,0.0,AMAZON,AMZN
2021-02-01 00:00:00-05:00,162.1179962158203,167.51300048828125,161.75149536132812,167.1439971923828,83204000,0.0,0.0,AMAZON,AMZN
2021-02-02 00:00:00-05:00,169.0,171.38699340820312,168.05650329589844,169.0,141972000,0.0,0.0,AMAZON,AMZN
2021-02-03 00:00:00-05:00,171.25050354003906,171.6999969482422,165.43099975585938,165.62649536132812,141776000,0.0,0.0,AMAZON,AMZN
2021-02-04 00:00:00-05:00,166.5,167.35000610351562,163.8874969482422,166.5500030517578,73414000,0.0,0.0,AMAZON,AMZN
2021-02-05 00:00:00-05:00,165.9499969482422,168.85000610351562,165.135498046875,167.6074981689453,72416000,0.0,0.0,AMAZON,AMZN
2021-02-08 00:00:00-05:00,167.9250030517578,168.25,165.1999969482422,166.14700317382812,65148000,0.0,0.0,AMAZON,AMZN
2021-02-09 00:00:00-05:00,165.62449645996094,166.89999389648438,164.89199829101562,165.25,44070000,0.0,0.0,AMAZON,AMZN
2021-02-10 00:00:00-05:00,165.6999969482422,165.8975067138672,162.6999969482422,164.32899475097656,63032000,0.0,0.0,AMAZON,AMZN
2021-02-11 00:00:00-05:00,164.60000610351562,164.60000610351562,162.4029998779297,163.10650634765625,46028000,0.0,0.0,AMAZON,AMZN
2021-02-12 00:00:00-05:00,162.5,164.0124969482422,161.66549682617188,163.885498046875,46706000,0.0,0.0,AMAZON,AMZN
2021-02-16 00:00:00-05:00,162.70249938964844,165.4149932861328,162.67950439453125,163.44749450683594,51494000,0.0,0.0,AMAZON,AMZN
2021-02-17 00:00:00-05:00,163.17999267578125,166.04550170898438,162.97500610351562,165.4320068359375,65950000,0.0,0.0,AMAZON,AMZN
2021-02-18 00:00:00-05:00,164.12100219726562,166.89999389648438,163.69700622558594,166.4114990234375,60548000,0.0,0.0,AMAZON,AMZN
2021-02-19 00:00:00-05:00,166.4114990234375,166.6750030517578,162.28750610351562,162.4949951171875,86104000,0.0,0.0,AMAZON,AMZN
2021-02-22 00:00:00-05:00,160.406494140625,161.61599731445312,158.61300659179688,159.03700256347656,70314000,0.0,0.0,AMAZON,AMZN
2021-02-23 00:00:00-05:00,156.35150146484375,160.2364959716797,154.67999267578125,159.72500610351562,93544000,0.0,0.0,AMAZON,AMZN
2021-02-24 00:00:00-05:00,158.33749389648438,158.56149291992188,156.2689971923828,157.97650146484375,60226000,0.0,0.0,AMAZON,AMZN
2021-02-25 00:00:00-05:00,156.83700561523438,158.91299438476562,152.38800048828125,152.85800170898438,90676000,0.0,0.0,AMAZON,AMZN
2021-02-26 00:00:00-05:00,154.75999450683594,156.1219940185547,151.8350067138672,154.64649963378906,85518000,0.0,0.0,AMAZON,AMZN
2021-03-01 00:00:00-05:00,156.39450073242188,157.47799682617188,154.89950561523438,157.3070068359375,54582000,0.0,0.0,AMAZON,AMZN
2021-03-02 00:00:00-05:00,157.17349243164062,158.17599487304688,154.3560028076172,154.72650146484375,51916000,0.0,0.0,AMAZON,AMZN
2021-03-03 00:00:00-05:00,154.0590057373047,155.38900756835938,149.75,150.25,79774000,0.0,0.0,AMAZON,AMZN
2021-03-04 00:00:00-05:00,150.60000610351562,152.906494140625,147.27149963378906,148.8784942626953,109632000,0.0,0.0,AMAZON,AMZN
2021-03-05 00:00:00-05:00,150.25,150.4499969482422,144.0500030517578,150.0229949951172,107772000,0.0,0.0,AMAZON,AMZN
2021-03-08 00:00:00-05:00,150.75,153.22950744628906,147.5655059814453,147.59750366210938,83700000,0.0,0.0,AMAZON,AMZN
2021-03-09 00:00:00-05:00,150.89950561523438,154.54800415039062,150.25750732421875,153.1425018310547,80600000,0.0,0.0,AMAZON,AMZN
2021-03-10 00:00:00-05:00,154.92250061035156,155.822998046875,151.50250244140625,152.8820037841797,60250000,0.0,0.0,AMAZON,AMZN
2021-03-11 00:00:00-05:00,155.20050048828125,156.58900451660156,154.14649963378906,155.67950439453125,55528000,0.0,0.0,AMAZON,AMZN
2021-03-12 00:00:00-05:00,153.75,154.94900512695312,152.27499389648438,154.47450256347656,48438000,0.0,0.0,AMAZON,AMZN
2021-03-15 00:00:00-04:00,153.72850036621094,154.11199951171875,151.60450744628906,154.08399963378906,58272000,0.0,0.0,AMAZON,AMZN
2021-03-16 00:00:00-04:00,155.24850463867188,156.44549560546875,153.79299926757812,154.59300231933594,50776000,0.0,0.0,AMAZON,AMZN
2021-03-17 00:00:00-04:00,153.66099548339844,158.65249633789062,153.51100158691406,156.7864990234375,62372000,0.0,0.0,AMAZON,AMZN
2021-03-18 00:00:00-04:00,155.0500030517578,155.8314971923828,151.25,151.39950561523438,72992000,0.0,0.0,AMAZON,AMZN
2021-03-19 00:00:00-04:00,151.4615020751953,153.864501953125,150.8314971923828,153.7480010986328,92508000,0.0,0.0,AMAZON,AMZN
2021-03-22 00:00:00-04:00,153.3925018310547,156.32899475097656,153.00250244140625,155.5435028076172,58044000,0.0,0.0,AMAZON,AMZN
2021-03-23 00:00:00-04:00,156.35000610351562,159.10000610351562,156.04249572753906,156.875,76346000,0.0,0.0,AMAZON,AMZN
2021-03-24 00:00:00-04:00,157.552001953125,158.0155029296875,154.25750732421875,154.35350036621094,59180000,0.0,0.0,AMAZON,AMZN
2021-03-25 00:00:00-04:00,153.64950561523438,155.48899841308594,151.85699462890625,152.31300354003906,71270000,0.0,0.0,AMAZON,AMZN
2021-03-26 00:00:00-04:00,152.2030029296875,152.83299255371094,149.8000030517578,152.60150146484375,66258000,0.0,0.0,AMAZON,AMZN
2021-03-29 00:00:00-04:00,152.77200317382812,154.5625,151.42250061035156,153.7864990234375,54920000,0.0,0.0,AMAZON,AMZN
2021-03-30 00:00:00-04:00,153.50050354003906,153.64999389648438,151.6999969482422,152.76449584960938,46752000,0.0,0.0,AMAZON,AMZN
2021-03-31 00:00:00-04:00,153.2030029296875,155.9665069580078,153.125,154.70399475097656,61878000,0.0,0.0,AMAZON,AMZN
2021-04-01 00:00:00-04:00,155.89700317382812,158.1219940185547,155.77749633789062,158.0500030517578,58806000,0.0,0.0,AMAZON,AMZN
2021-04-05 00:00:00-04:00,158.64999389648438,161.79800415039062,158.06199645996094,161.3365020751953,66698000,0.0,0.0,AMAZON,AMZN
2021-04-06 00:00:00-04:00,161.1875,162.36549377441406,160.8520050048828,161.1909942626953,50756000,0.0,0.0,AMAZON,AMZN
2021-04-07 00:00:00-04:00,161.69000244140625,165.1804962158203,161.1824951171875,163.96949768066406,66924000,0.0,0.0,AMAZON,AMZN
2021-04-08 00:00:00-04:00,165.5449981689453,166.22500610351562,164.60000610351562,164.96499633789062,56242000,0.0,0.0,AMAZON,AMZN
2021-04-09 00:00:00-04:00,165.23500061035156,168.61000061035156,164.44500732421875,168.61000061035156,86830000,0.0,0.0,AMAZON,AMZN
2021-04-12 00:00:00-04:00,167.760498046875,169.7519989013672,167.5574951171875,168.96949768066406,65636000,0.0,0.0,AMAZON,AMZN
2021-04-13 00:00:00-04:00,170.04249572753906,171.60000610351562,169.781494140625,170.0,66316000,0.0,0.0,AMAZON,AMZN
2021-04-14 00:00:00-04:00,170.20199584960938,170.2064971923828,166.3000030517578,166.64999389648438,62904000,0.0,0.0,AMAZON,AMZN
2021-04-15 00:00:00-04:00,168.5500030517578,169.85000610351562,167.60000610351562,168.95449829101562,64672000,0.0,0.0,AMAZON,AMZN
2021-04-16 00:00:00-04:00,169.0,170.33999633789062,167.7794952392578,169.9720001220703,63720000,0.0,0.0,AMAZON,AMZN
2021-04-19 00:00:00-04:00,169.51649475097656,171.79649353027344,168.00799560546875,168.60049438476562,54508000,0.0,0.0,AMAZON,AMZN
2021-04-20 00:00:00-04:00,168.67999267578125,169.14950561523438,165.8000030517578,166.7344970703125,52460000,0.0,0.0,AMAZON,AMZN
2021-04-21 00:00:00-04:00,165.8000030517578,168.14300537109375,165.1905059814453,168.1009979248047,44224000,0.0,0.0,AMAZON,AMZN
2021-04-22 00:00:00-04:00,168.58399963378906,168.64349365234375,165.07249450683594,165.45199584960938,51612000,0.0,0.0,AMAZON,AMZN
2021-04-23 00:00:00-04:00,165.9550018310547,168.75,165.4250030517578,167.04400634765625,63856000,0.0,0.0,AMAZON,AMZN
2021-04-26 00:00:00-04:00,167.39999389648438,171.42250061035156,166.5469970703125,170.4499969482422,97614000,0.0,0.0,AMAZON,AMZN
2021-04-27 00:00:00-04:00,172.17349243164062,173.0,169.90049743652344,170.8715057373047,76542000,0.0,0.0,AMAZON,AMZN
2021-04-28 00:00:00-04:00,171.74000549316406,174.49400329589844,171.25,172.9250030517578,92638000,0.0,0.0,AMAZON,AMZN
2021-04-29 00:00:00-04:00,175.2550048828125,175.72250366210938,171.75,173.5655059814453,153648000,0.0,0.0,AMAZON,AMZN
2021-04-30 00:00:00-04:00,176.25599670410156,177.6999969482422,173.125,173.37100219726562,140186000,0.0,0.0,AMAZON,AMZN
2021-05-03 00:00:00-04:00,174.2364959716797,174.33250427246094,168.63499450683594,169.32449340820312,117510000,0.0,0.0,AMAZON,AMZN
2021-05-04 00:00:00-04:00,167.8094940185547,168.3990020751953,163.60650634765625,165.593505859375,108788000,0.0,0.0,AMAZON,AMZN
2021-05-05 00:00:00-04:00,166.9429931640625,167.73500061035156,163.21800231933594,163.52699279785156,74226000,0.0,0.0,AMAZON,AMZN
2021-05-06 00:00:00-04:00,163.5,165.72000122070312,162.36000061035156,165.31849670410156,88954000,0.0,0.0,AMAZON,AMZN
2021-05-07 00:00:00-04:00,165.95449829101562,166.54449462890625,164.45350646972656,164.58050537109375,94206000,0.0,0.0,AMAZON,AMZN
2021-05-10 00:00:00-04:00,164.11599731445312,164.14999389648438,159.5,159.52450561523438,116772000,0.0,0.0,AMAZON,AMZN
2021-05-11 00:00:00-04:00,156.81399536132812,161.89999389648438,156.36849975585938,161.19549560546875,92396000,0.0,0.0,AMAZON,AMZN
2021-05-12 00:00:00-04:00,159.25,160.39700317382812,156.65499877929688,157.5970001220703,98728000,0.0,0.0,AMAZON,AMZN
2021-05-13 00:00:00-04:00,159.27349853515625,160.19200134277344,156.64999389648438,158.07350158691406,67018000,0.0,0.0,AMAZON,AMZN
2021-05-14 00:00:00-04:00,159.2779998779297,161.4429931640625,159.14999389648438,161.14500427246094,66500000,0.0,0.0,AMAZON,AMZN
2021-05-17 00:00:00-04:00,162.29649353027344,164.6374969482422,161.72950744628906,163.51950073242188,74478000,0.0,0.0,AMAZON,AMZN
2021-05-18 00:00:00-04:00,164.62899780273438,165.60000610351562,161.51849365234375,161.61399841308594,56568000,0.0,0.0,AMAZON,AMZN
2021-05-19 00:00:00-04:00,159.75,161.7375030517578,159.1999969482422,161.58999633789062,53594000,0.0,0.0,AMAZON,AMZN
2021-05-20 00:00:00-04:00,162.22000122070312,162.98399353027344,161.8090057373047,162.38400268554688,52664000,0.0,0.0,AMAZON,AMZN
2021-05-21 00:00:00-04:00,162.5,162.83450317382812,159.85049438476562,160.1540069580078,82098000,0.0,0.0,AMAZON,AMZN
2021-05-24 00:00:00-04:00,160.77499389648438,162.8975067138672,160.52499389648438,162.24949645996094,48456000,0.0,0.0,AMAZON,AMZN
2021-05-25 00:00:00-04:00,163.33349609375,163.99099731445312,160.68800354003906,162.95249938964844,65222000,0.0,0.0,AMAZON,AMZN
2021-05-26 00:00:00-04:00,163.72950744628906,164.7864990234375,162.92550659179688,163.25799560546875,47680000,0.0,0.0,AMAZON,AMZN
2021-05-27 00:00:00-04:00,162.8000030517578,163.01800537109375,161.5019989013672,161.5054931640625,51224000,0.0,0.0,AMAZON,AMZN
2021-05-28 00:00:00-04:00,162.10000610351562,162.39950561523438,160.98500061035156,161.15350341796875,46596000,0.0,0.0,AMAZON,AMZN
2021-06-01 00:00:00-04:00,162.1750030517578,162.5489959716797,160.4530029296875,160.9324951171875,48600000,0.0,0.0,AMAZON,AMZN
2021-06-02 00:00:00-04:00,161.15499877929688,161.75,160.39999389648438,161.69949340820312,40290000,0.0,0.0,AMAZON,AMZN
2021-06-03 00:00:00-04:00,160.2115020751953,160.7220001220703,159.20150756835938,159.35049438476562,47966000,0.0,0.0,AMAZON,AMZN
2021-06-04 00:00:00-04:00,160.60000610351562,161.0500030517578,159.9405059814453,160.31100463867188,44994000,0.0,0.0,AMAZON,AMZN
2021-06-07 00:00:00-04:00,159.8665008544922,160.39999389648438,158.61000061035156,159.90049743652344,44316000,0.0,0.0,AMAZON,AMZN
2021-06-08 00:00:00-04:00,161.1304931640625,163.97650146484375,160.90049743652344,163.20550537109375,68334000,0.0,0.0,AMAZON,AMZN
2021-06-09 00:00:00-04:00,163.64349365234375,164.87899780273438,163.53500366210938,164.0574951171875,49110000,0.0,0.0,AMAZON,AMZN
2021-06-10 00:00:00-04:00,164.10049438476562,167.5500030517578,164.0574951171875,167.4824981689453,69530000,0.0,0.0,AMAZON,AMZN
2021-06-11 00:00:00-04:00,167.4824981689453,168.32899475097656,166.67250061035156,167.3415069580078,56348000,0.0,0.0,AMAZON,AMZN
2021-06-14 00:00:00-04:00,167.3415069580078,169.25,166.77499389648438,169.19349670410156,51394000,0.0,0.0,AMAZON,AMZN
2021-06-15 00:00:00-04:00,169.1999969482422,169.84950256347656,168.15550231933594,169.156494140625,48524000,0.0,0.0,AMAZON,AMZN
2021-06-16 00:00:00-04:00,169.60000610351562,171.3175048828125,168.02650451660156,170.7624969482422,84056000,0.0,0.0,AMAZON,AMZN
2021-06-17 00:00:00-04:00,170.15899658203125,174.86000061035156,170.0500030517578,174.46200561523438,102730000,0.0,0.0,AMAZON,AMZN
2021-06-18 00:00:00-04:00,173.99949645996094,175.35000610351562,173.6855010986328,174.34500122070312,104954000,0.0,0.0,AMAZON,AMZN
2021-06-21 00:00:00-04:00,173.8209991455078,174.10000610351562,171.6999969482422,172.697998046875,65542000,0.0,0.0,AMAZON,AMZN
2021-06-22 00:00:00-04:00,172.9029998779297,176.18899536132812,172.80450439453125,175.27200317382812,66902000,0.0,0.0,AMAZON,AMZN
2021-06-23 00:00:00-04:00,175.25,176.0500030517578,174.16000366210938,175.1909942626953,56266000,0.0,0.0,AMAZON,AMZN
2021-06-24 00:00:00-04:00,175.3820037841797,176.2429962158203,171.54249572753906,172.45399475097656,76640000,0.0,0.0,AMAZON,AMZN
2021-06-25 00:00:00-04:00,173.1999969482422,173.24099731445312,169.70899963378906,170.072998046875,78820000,0.0,0.0,AMAZON,AMZN
2021-06-28 00:00:00-04:00,170.8000030517578,172.39999389648438,170.67550659179688,172.1945037841797,44856000,0.0,0.0,AMAZON,AMZN
2021-06-29 00:00:00-04:00,171.9409942626953,172.80149841308594,171.15150451660156,172.40699768066406,41968000,0.0,0.0,AMAZON,AMZN
2021-06-30 00:00:00-04:00,172.05299377441406,173.5800018310547,171.75,172.00799560546875,48080000,0.0,0.0,AMAZON,AMZN
2021-07-01 00:00:00-04:00,171.73049926757812,172.85000610351562,170.4709930419922,171.64849853515625,40742000,0.0,0.0,AMAZON,AMZN
2021-07-02 00:00:00-04:00,172.58200073242188,175.58599853515625,171.8459930419922,175.5489959716797,63388000,0.0,0.0,AMAZON,AMZN
2021-07-06 00:00:00-04:00,176.5054931640625,184.2740020751953,176.4499969482422,183.78700256347656,134896000,0.0,0.0,AMAZON,AMZN
2021-07-07 00:00:00-04:00,185.86900329589844,186.7100067138672,183.94549560546875,184.82899475097656,106562000,0.0,0.0,AMAZON,AMZN
2021-07-08 00:00:00-04:00,182.17799377441406,187.99949645996094,181.05599975585938,186.57049560546875,103612000,0.0,0.0,AMAZON,AMZN
2021-07-09 00:00:00-04:00,186.12600708007812,187.39999389648438,184.6699981689453,185.9669952392578,74964000,0.0,0.0,AMAZON,AMZN
2021-07-12 00:00:00-04:00,187.1999969482422,187.864501953125,184.83949279785156,185.92750549316406,51432000,0.0,0.0,AMAZON,AMZN
2021-07-13 00:00:00-04:00,185.10499572753906,188.6540069580078,183.5659942626953,183.8679962158203,76918000,0.0,0.0,AMAZON,AMZN
2021-07-14 00:00:00-04:00,185.4425048828125,185.88299560546875,183.04150390625,184.08399963378906,65932000,0.0,0.0,AMAZON,AMZN
2021-07-15 00:00:00-04:00,184.7100067138672,184.77000427246094,181.04600524902344,181.55999755859375,63706000,0.0,0.0,AMAZON,AMZN
2021-07-16 00:00:00-04:00,181.66549682617188,182.30299377441406,178.5229949951172,178.68150329589844,80874000,0.0,0.0,AMAZON,AMZN
2021-07-19 00:00:00-04:00,176.62899780273438,177.510498046875,174.95799255371094,177.47950744628906,75692000,0.0,0.0,AMAZON,AMZN
2021-07-20 00:00:00-04:00,178.36599731445312,179.60000610351562,175.89999389648438,178.6595001220703,65114000,0.0,0.0,AMAZON,AMZN
2021-07-21 00:00:00-04:00,178.81900024414062,179.32249450683594,177.1820068359375,179.25999450683594,46380000,0.0,0.0,AMAZON,AMZN
2021-07-22 00:00:00-04:00,179.3614959716797,182.00100708007812,179.11349487304688,181.90150451660156,65308000,0.0,0.0,AMAZON,AMZN
2021-07-23 00:00:00-04:00,182.0,183.3054962158203,181.1020050048828,182.83200073242188,48726000,0.0,0.0,AMAZON,AMZN
2021-07-26 00:00:00-04:00,183.6584930419922,185.60400390625,182.3625030517578,184.99099731445312,58002000,0.0,0.0,AMAZON,AMZN
2021-07-27 00:00:00-04:00,184.9250030517578,184.9250030517578,179.3074951171875,181.3195037841797,82638000,0.0,0.0,AMAZON,AMZN
2021-07-28 00:00:00-04:00,181.68899536132812,182.92100524902344,180.0500030517578,181.51600646972656,59988000,0.0,0.0,AMAZON,AMZN
2021-07-29 00:00:00-04:00,181.3874969482422,181.8975067138672,179.00050354003906,179.99600219726562,110400000,0.0,0.0,AMAZON,AMZN
2021-07-30 00:00:00-04:00,167.3975067138672,168.40699768066406,165.3489990234375,166.37950134277344,199312000,0.0,0.0,AMAZON,AMZN
2021-08-02 00:00:00-04:00,167.65499877929688,167.9459991455078,165.85000610351562,166.57400512695312,67078000,0.0,0.0,AMAZON,AMZN
2021-08-03 00:00:00-04:00,167.03599548339844,169.5500030517578,164.98849487304688,168.31199645996094,83146000,0.0,0.0,AMAZON,AMZN
2021-08-04 00:00:00-04:00,168.96749877929688,169.44400024414062,167.2779998779297,167.73599243164062,43678000,0.0,0.0,AMAZON,AMZN
2021-08-05 00:00:00-04:00,167.81100463867188,169.4499969482422,167.04600524902344,168.79949951171875,48670000,0.0,0.0,AMAZON,AMZN
2021-08-06 00:00:00-04:00,168.75,168.75,166.45199584960938,167.2469940185547,52752000,0.0,0.0,AMAZON,AMZN
2021-08-09 00:00:00-04:00,167.1804962158203,167.74400329589844,166.42599487304688,167.093505859375,42964000,0.0,0.0,AMAZON,AMZN
2021-08-10 00:00:00-04:00,167.25050354003906,167.89999389648438,165.75,166.03399658203125,48252000,0.0,0.0,AMAZON,AMZN
2021-08-11 00:00:00-04:00,166.57249450683594,166.88499450683594,163.88949584960938,164.60549926757812,58944000,0.0,0.0,AMAZON,AMZN
2021-08-12 00:00:00-04:00,164.5,165.72549438476562,163.48350524902344,165.1750030517578,46282000,0.0,0.0,AMAZON,AMZN
2021-08-13 00:00:00-04:00,165.2834930419922,165.30349731445312,164.14999389648438,164.69850158691406,41134000,0.0,0.0,AMAZON,AMZN
2021-08-16 00:00:00-04:00,164.14999389648438,165.0,160.55650329589844,164.94949340820312,66394000,0.0,0.0,AMAZON,AMZN
2021-08-17 00:00:00-04:00,163.875,164.02450561523438,161.28399658203125,162.09800720214844,67758000,0.0,0.0,AMAZON,AMZN
2021-08-18 00:00:00-04:00,162.09950256347656,162.7050018310547,160.0,160.06100463867188,56086000,0.0,0.0,AMAZON,AMZN
2021-08-19 00:00:00-04:00,159.7010040283203,161.64999389648438,159.1230010986328,159.3874969482422,75658000,0.0,0.0,AMAZON,AMZN
2021-08-20 00:00:00-04:00,160.19349670410156,160.3905029296875,158.78799438476562,159.99749755859375,67168000,0.0,0.0,AMAZON,AMZN
2021-08-23 00:00:00-04:00,160.59500122070312,164.0449981689453,160.50050354003906,163.2935028076172,65362000,0.0,0.0,AMAZON,AMZN
2021-08-24 00:00:00-04:00,164.0,165.77450561523438,163.72900390625,165.28900146484375,51036000,0.0,0.0,AMAZON,AMZN
2021-08-25 00:00:00-04:00,165.49349975585938,166.0500030517578,164.3074951171875,164.95899963378906,33606000,0.0,0.0,AMAZON,AMZN
2021-08-26 00:00:00-04:00,164.9499969482422,166.60000610351562,164.8000030517578,165.8000030517578,41976000,0.0,0.0,AMAZON,AMZN
2021-08-27 00:00:00-04:00,166.6614990234375,167.61599731445312,165.6875,167.48150634765625,48048000,0.0,0.0,AMAZON,AMZN
2021-08-30 00:00:00-04:00,167.8715057373047,172.25,167.76100158691406,171.07850646972656,63844000,0.0,0.0,AMAZON,AMZN
2021-08-31 00:00:00-04:00,171.24000549316406,173.62899780273438,169.7794952392578,173.5395050048828,87128000,0.0,0.0,AMAZON,AMZN
2021-09-01 00:00:00-04:00,174.82000732421875,176.35000610351562,173.76199340820312,173.9499969482422,72598000,0.0,0.0,AMAZON,AMZN
2021-09-02 00:00:00-04:00,174.73800659179688,175.59800720214844,172.75,173.156005859375,58474000,0.0,0.0,AMAZON,AMZN
2021-09-03 00:00:00-04:00,172.60000610351562,174.1334991455078,171.82200622558594,173.90249633789062,51514000,0.0,0.0,AMAZON,AMZN
2021-09-07 00:00:00-04:00,173.89999389648438,176.4044952392578,173.8470001220703,175.46449279785156,54758000,0.0,0.0,AMAZON,AMZN
2021-09-08 00:00:00-04:00,175.58250427246094,177.281494140625,174.7834930419922,176.27499389648438,61068000,0.0,0.0,AMAZON,AMZN
2021-09-09 00:00:00-04:00,176.30099487304688,177.49949645996094,174.01849365234375,174.20799255371094,54384000,0.0,0.0,AMAZON,AMZN
2021-09-10 00:00:00-04:00,175.0915069580078,175.42250061035156,173.14549255371094,173.45750427246094,47946000,0.0,0.0,AMAZON,AMZN
2021-09-13 00:00:00-04:00,174.13999938964844,174.8979949951172,171.89999389648438,172.85850524902344,51380000,0.0,0.0,AMAZON,AMZN
2021-09-14 00:00:00-04:00,173.77749633789062,174.3404998779297,171.885498046875,172.5,38738000,0.0,0.0,AMAZON,AMZN
2021-09-15 00:00:00-04:00,172.12600708007812,174.27099609375,170.10049438476562,173.7895050048828,59150000,0.0,0.0,AMAZON,AMZN
2021-09-16 00:00:00-04:00,172.9980010986328,174.62750244140625,172.3070068359375,174.41200256347656,51672000,0.0,0.0,AMAZON,AMZN
2021-09-17 00:00:00-04:00,174.42050170898438,174.87049865722656,172.60650634765625,173.12600708007812,92332000,0.0,0.0,AMAZON,AMZN
2021-09-20 00:00:00-04:00,169.8000030517578,170.9499969482422,165.25050354003906,167.7864990234375,93382000,0.0,0.0,AMAZON,AMZN
2021-09-21 00:00:00-04:00,168.75,168.98500061035156,166.6195068359375,167.18150329589844,55618000,0.0,0.0,AMAZON,AMZN
2021-09-22 00:00:00-04:00,167.5500030517578,169.4499969482422,167.05250549316406,169.00250244140625,48228000,0.0,0.0,AMAZON,AMZN
2021-09-23 00:00:00-04:00,169.00250244140625,171.447998046875,169.00250244140625,170.8000030517578,47588000,0.0,0.0,AMAZON,AMZN
2021-09-24 00:00:00-04:00,170.10049438476562,171.46299743652344,169.6699981689453,171.2760009765625,42324000,0.0,0.0,AMAZON,AMZN
2021-09-27 00:00:00-04:00,168.5749969482422,170.77850341796875,166.98049926757812,170.2899932861328,72690000,0.0,0.0,AMAZON,AMZN
2021-09-28 00:00:00-04:00,167.885498046875,168.45950317382812,164.5050048828125,165.79800415039062,88616000,0.0,0.0,AMAZON,AMZN
2021-09-29 00:00:00-04:00,166.10549926757812,167.56500244140625,164.89349365234375,165.05599975585938,51246000,0.0,0.0,AMAZON,AMZN
2021-09-30 00:00:00-04:00,165.8000030517578,166.3925018310547,163.69949340820312,164.2519989013672,56848000,0.0,0.0,AMAZON,AMZN
2021-10-01 00:00:00-04:00,164.45050048828125,165.45849609375,162.7969970703125,164.16299438476562,56712000,0.0,0.0,AMAZON,AMZN
2021-10-04 00:00:00-04:00,163.96949768066406,163.99949645996094,158.8125,159.48899841308594,90462000,0.0,0.0,AMAZON,AMZN
2021-10-05 00:00:00-04:00,160.22500610351562,163.0364990234375,160.1230010986328,161.0500030517578,65384000,0.0,0.0,AMAZON,AMZN
2021-10-06 00:00:00-04:00,160.67649841308594,163.2169952392578,159.93099975585938,163.10049438476562,50660000,0.0,0.0,AMAZON,AMZN
2021-10-07 00:00:00-04:00,164.57699584960938,166.28750610351562,164.1529998779297,165.1215057373047,48182000,0.0,0.0,AMAZON,AMZN
2021-10-08 00:00:00-04:00,165.85000610351562,166.07150268554688,164.41000366210938,164.43099975585938,39964000,0.0,0.0,AMAZON,AMZN
2021-10-11 00:00:00-04:00,163.75,164.62950134277344,161.90499877929688,162.31500244140625,40684000,0.0,0.0,AMAZON,AMZN
2021-10-12 00:00:00-04:00,162.85000610351562,163.37649536132812,161.81399536132812,162.3665008544922,36392000,0.0,0.0,AMAZON,AMZN
2021-10-13 00:00:00-04:00,163.48550415039062,164.41900634765625,163.05450439453125,164.21400451660156,48402000,0.0,0.0,AMAZON,AMZN
2021-10-14 00:00:00-04:00,165.12249755859375,165.6300048828125,164.53900146484375,164.9929962158203,42190000,0.0,0.0,AMAZON,AMZN
2021-10-15 00:00:00-04:00,165.5709991455078,170.52099609375,165.1999969482422,170.4510040283203,103598000,0.0,0.0,AMAZON,AMZN
2021-10-18 00:00:00-04:00,169.41799926757812,172.45849609375,169.2550048828125,172.33700561523438,63482000,0.0,0.0,AMAZON,AMZN
2021-10-19 00:00:00-04:00,171.71449279785156,172.7344970703125,171.10000610351562,172.20750427246094,47722000,0.0,0.0,AMAZON,AMZN
2021-10-20 00:00:00-04:00,172.63299560546875,173.14300537109375,170.01849365234375,170.7530059814453,42796000,0.0,0.0,AMAZON,AMZN
2021-10-21 00:00:00-04:00,170.71249389648438,172.01400756835938,170.14999389648438,171.75050354003906,37628000,0.0,0.0,AMAZON,AMZN
2021-10-22 00:00:00-04:00,171.0500030517578,171.49200439453125,166.56500244140625,166.77749633789062,62782000,0.0,0.0,AMAZON,AMZN
2021-10-25 00:00:00-04:00,166.75,167.38999938964844,164.88499450683594,166.01849365234375,44520000,0.0,0.0,AMAZON,AMZN
2021-10-26 00:00:00-04:00,167.47549438476562,170.80599975585938,167.19900512695312,168.80349731445312,53966000,0.0,0.0,AMAZON,AMZN
2021-10-27 00:00:00-04:00,169.39999389648438,171.85000610351562,168.57249450683594,169.62449645996094,54044000,0.0,0.0,AMAZON,AMZN
2021-10-28 00:00:00-04:00,170.10499572753906,173.9499969482422,169.3000030517578,172.32850646972656,114174000,0.0,0.0,AMAZON,AMZN
2021-10-29 00:00:00-04:00,165.00100708007812,168.74099731445312,163.66600036621094,168.6215057373047,129722000,0.0,0.0,AMAZON,AMZN
2021-11-01 00:00:00-04:00,168.08999633789062,168.79299926757812,164.6009979248047,165.90550231933594,72178000,0.0,0.0,AMAZON,AMZN
2021-11-02 00:00:00-04:00,165.75050354003906,166.55599975585938,164.17750549316406,165.6374969482422,52552000,0.0,0.0,AMAZON,AMZN
2021-11-03 00:00:00-04:00,165.4499969482422,169.74600219726562,164.87600708007812,169.1999969482422,67944000,0.0,0.0,AMAZON,AMZN
2021-11-04 00:00:00-04:00,168.5,174.93150329589844,168.25,173.85000610351562,107060000,0.0,0.0,AMAZON,AMZN
2021-11-05 00:00:00-04:00,173.85000610351562,178.3125,173.8489990234375,175.94949340820312,99940000,0.0,0.0,AMAZON,AMZN
2021-11-08 00:00:00-05:00,176.16200256347656,178.9499969482422,174.39300537109375,174.44900512695312,61480000,0.0,0.0,AMAZON,AMZN
2021-11-09 00:00:00-05:00,175.7624969482422,179.68850708007812,175.07150268554688,178.81149291992188,85898000,0.0,0.0,AMAZON,AMZN
2021-11-10 00:00:00-05:00,178.19349670410156,180.2725067138672,173.1544952392578,174.1024932861328,80548000,0.0,0.0,AMAZON,AMZN
2021-11-11 00:00:00-05:00,175.64999389648438,177.16200256347656,173.37350463867188,173.625,45288000,0.0,0.0,AMAZON,AMZN
2021-11-12 00:00:00-05:00,174.25,177.0364990234375,172.3524932861328,176.25750732421875,53788000,0.0,0.0,AMAZON,AMZN
2021-11-15 00:00:00-05:00,176.85000610351562,179.69400024414062,176.29049682617188,177.28399658203125,58594000,0.0,0.0,AMAZON,AMZN
2021-11-16 00:00:00-05:00,176.9499969482422,178.8249969482422,176.25750732421875,177.03500366210938,44342000,0.0,0.0,AMAZON,AMZN
2021-11-17 00:00:00-05:00,178.23599243164062,179.3625030517578,177.2675018310547,177.4499969482422,51206000,0.0,0.0,AMAZON,AMZN
2021-11-18 00:00:00-05:00,178.3175048828125,185.2100067138672,178.0500030517578,184.80299377441406,114070000,0.0,0.0,AMAZON,AMZN
2021-11-19 00:00:00-05:00,185.63450622558594,188.1074981689453,183.78599548339844,183.82850646972656,98734000,0.0,0.0,AMAZON,AMZN
2021-11-22 00:00:00-05:00,183.81900024414062,185.67300415039062,178.375,178.6284942626953,96844000,0.0,0.0,AMAZON,AMZN
2021-11-23 00:00:00-05:00,179.2519989013672,181.05250549316406,176.385498046875,179.0019989013672,73804000,0.0,0.0,AMAZON,AMZN
2021-11-24 00:00:00-05:00,178.1334991455078,180.6820068359375,176.84249877929688,179.02049255371094,46560000,0.0,0.0,AMAZON,AMZN
2021-11-26 00:00:00-05:00,180.10499572753906,181.6750030517578,175.20750427246094,175.22799682617188,59826000,0.0,0.0,AMAZON,AMZN
2021-11-29 00:00:00-05:00,177.3820037841797,179.8000030517578,176.5749969482422,178.07850646972656,65312000,0.0,0.0,AMAZON,AMZN
2021-11-30 00:00:00-05:00,178.1750030517578,179.2884979248047,174.60049438476562,175.35350036621094,80022000,0.0,0.0,AMAZON,AMZN
2021-12-01 00:00:00-05:00,177.25,177.99400329589844,172.0800018310547,172.18600463867188,74916000,0.0,0.0,AMAZON,AMZN
2021-12-02 00:00:00-05:00,173.0,174.63499450683594,171.1875,171.8679962158203,64726000,0.0,0.0,AMAZON,AMZN
2021-12-03 00:00:00-05:00,172.75,173.49349975585938,166.92999267578125,169.489501953125,80712000,0.0,0.0,AMAZON,AMZN
2021-12-06 00:00:00-05:00,169.64999389648438,173.69549560546875,166.9344940185547,171.36849975585938,68860000,0.0,0.0,AMAZON,AMZN
2021-12-07 00:00:00-05:00,174.60000610351562,177.49949645996094,173.33450317382812,176.1645050048828,66410000,0.0,0.0,AMAZON,AMZN
2021-12-08 00:00:00-05:00,176.15049743652344,177.17999267578125,174.75050354003906,176.1580047607422,45254000,0.0,0.0,AMAZON,AMZN
2021-12-09 00:00:00-05:00,175.75,176.96949768066406,174.13949584960938,174.17100524902344,46062000,0.0,0.0,AMAZON,AMZN
2021-12-10 00:00:00-05:00,175.41700744628906,175.927001953125,170.5,172.21200561523438,60690000,0.0,0.0,AMAZON,AMZN
2021-12-13 00:00:00-05:00,172.0,172.10000610351562,169.1300048828125,169.5675048828125,62170000,0.0,0.0,AMAZON,AMZN
2021-12-14 00:00:00-05:00,167.5500030517578,169.49899291992188,166.44000244140625,169.0915069580078,55976000,0.0,0.0,AMAZON,AMZN
2021-12-15 00:00:00-05:00,168.59800720214844,173.60000610351562,165.19500732421875,173.31500244140625,75794000,0.0,0.0,AMAZON,AMZN
2021-12-16 00:00:00-05:00,173.36849975585938,174.16600036621094,168.16050720214844,168.87100219726562,60876000,0.0,0.0,AMAZON,AMZN
2021-12-17 00:00:00-05:00,167.7104949951172,170.89849853515625,165.61349487304688,170.0175018310547,85542000,0.0,0.0,AMAZON,AMZN
2021-12-20 00:00:00-05:00,166.85000610351562,167.87449645996094,165.60000610351562,167.07899475097656,57372000,0.0,0.0,AMAZON,AMZN
2021-12-21 00:00:00-05:00,167.85049438476562,170.7165069580078,165.6475067138672,170.41700744628906,55956000,0.0,0.0,AMAZON,AMZN
2021-12-22 00:00:00-05:00,169.27000427246094,172.0500030517578,168.50050354003906,171.03700256347656,55036000,0.0,0.0,AMAZON,AMZN
2021-12-23 00:00:00-05:00,170.42799377441406,171.97500610351562,170.14999389648438,171.06849670410156,36788000,0.0,0.0,AMAZON,AMZN
2021-12-27 00:00:00-05:00,171.03700256347656,172.9429931640625,169.2154998779297,169.66949462890625,58688000,0.0,0.0,AMAZON,AMZN
2021-12-28 00:00:00-05:00,170.1824951171875,172.17599487304688,169.135498046875,170.66099548339844,54638000,0.0,0.0,AMAZON,AMZN
2021-12-29 00:00:00-05:00,170.83999633789062,171.21200561523438,168.60049438476562,169.2010040283203,35754000,0.0,0.0,AMAZON,AMZN
2021-12-30 00:00:00-05:00,169.6999969482422,170.88800048828125,168.5240020751953,168.64450073242188,37584000,0.0,0.0,AMAZON,AMZN
2021-12-31 00:00:00-05:00,168.95599365234375,169.35000610351562,166.55850219726562,166.7169952392578,47830000,0.0,0.0,AMAZON,AMZN
2022-01-03 00:00:00-05:00,167.5500030517578,170.70350646972656,166.16050720214844,170.4044952392578,63520000,0.0,0.0,AMAZON,AMZN
2022-01-04 00:00:00-05:00,170.43800354003906,171.39999389648438,166.34950256347656,167.52200317382812,70726000,0.0,0.0,AMAZON,AMZN
2022-01-05 00:00:00-05:00,166.88299560546875,167.12649536132812,164.35699462890625,164.35699462890625,64302000,0.0,0.0,AMAZON,AMZN
2022-01-06 00:00:00-05:00,163.45050048828125,164.8000030517578,161.93699645996094,163.25399780273438,51958000,0.0,0.0,AMAZON,AMZN
2022-01-07 00:00:00-05:00,163.83900451660156,165.24349975585938,162.031005859375,162.5540008544922,46606000,0.0,0.0,AMAZON,AMZN
2022-01-10 00:00:00-05:00,160.5854949951172,161.6614990234375,156.30450439453125,161.48599243164062,87798000,0.0,0.0,AMAZON,AMZN
2022-01-11 00:00:00-05:00,161.5,166.35000610351562,160.70150756835938,165.36199951171875,62806000,0.0,0.0,AMAZON,AMZN
2022-01-12 00:00:00-05:00,166.5749969482422,166.8780059814453,164.41700744628906,165.20700073242188,50030000,0.0,0.0,AMAZON,AMZN
2022-01-13 00:00:00-05:00,165.25050354003906,166.22149658203125,161.09100341796875,161.21400451660156,52188000,0.0,0.0,AMAZON,AMZN
2022-01-14 00:00:00-05:00,160.14999389648438,162.25,159.80050659179688,162.13800048828125,45974000,0.0,0.0,AMAZON,AMZN
2022-01-18 00:00:00-05:00,159.10499572753906,159.7344970703125,157.6645050048828,158.91749572753906,67292000,0.0,0.0,AMAZON,AMZN
2022-01-19 00:00:00-05:00,158.76199340820312,159.25,156.25,156.2989959716797,53242000,0.0,0.0,AMAZON,AMZN
2022-01-20 00:00:00-05:00,156.76600646972656,158.0,151.3509979248047,151.66749572753906,71974000,0.0,0.0,AMAZON,AMZN
2022-01-21 00:00:00-05:00,149.9499969482422,150.89999389648438,142.07049560546875,142.64300537109375,163972000,0.0,0.0,AMAZON,AMZN
2022-01-24 00:00:00-05:00,139.0,144.94500732421875,135.3520050048828,144.54400634765625,155624000,0.0,0.0,AMAZON,AMZN
2022-01-25 00:00:00-05:00,142.24249267578125,143.60000610351562,138.14500427246094,139.98599243164062,90824000,0.0,0.0,AMAZON,AMZN
2022-01-26 00:00:00-05:00,144.75,145.18499755859375,137.31849670410156,138.87249755859375,95602000,0.0,0.0,AMAZON,AMZN
2022-01-27 00:00:00-05:00,140.8000030517578,144.24349975585938,139.35000610351562,139.6374969482422,77516000,0.0,0.0,AMAZON,AMZN
2022-01-28 00:00:00-05:00,140.86050415039062,143.9980010986328,137.92950439453125,143.97799682617188,74392000,0.0,0.0,AMAZON,AMZN
2022-01-31 00:00:00-05:00,144.75,150.36050415039062,144.30050659179688,149.57350158691406,78308000,0.0,0.0,AMAZON,AMZN
2022-02-01 00:00:00-05:00,150.0,151.70799255371094,147.62750244140625,151.19349670410156,59220000,0.0,0.0,AMAZON,AMZN
2022-02-02 00:00:00-05:00,155.05050659179688,155.0749969482422,148.86349487304688,150.6125030517578,87330000,0.0,0.0,AMAZON,AMZN
2022-02-03 00:00:00-05:00,141.7375030517578,144.24749755859375,138.33299255371094,138.8455047607422,225532000,0.0,0.0,AMAZON,AMZN
2022-02-04 00:00:00-05:00,155.60650634765625,161.1999969482422,150.60800170898438,157.63949584960938,253456000,0.0,0.0,AMAZON,AMZN
2022-02-07 00:00:00-05:00,158.52000427246094,162.6909942626953,157.25,157.9355010986328,102624000,0.0,0.0,AMAZON,AMZN
2022-02-08 00:00:00-05:00,156.75050354003906,161.79249572753906,155.55050659179688,161.4134979248047,76040000,0.0,0.0,AMAZON,AMZN
2022-02-09 00:00:00-05:00,162.87350463867188,163.83450317382812,160.25,161.1894989013672,68786000,0.0,0.0,AMAZON,AMZN
2022-02-10 00:00:00-05:00,158.35000610351562,160.7165069580078,157.75,159.0034942626953,68268000,0.0,0.0,AMAZON,AMZN
2022-02-11 00:00:00-05:00,158.13450622558594,159.0,152.73399353027344,153.2935028076172,77100000,0.0,0.0,AMAZON,AMZN
2022-02-14 00:00:00-05:00,151.75100708007812,158.44850158691406,151.64999389648438,155.16700744628906,83230000,0.0,0.0,AMAZON,AMZN
2022-02-15 00:00:00-05:00,157.60549926757812,158.0070037841797,154.6374969482422,156.510498046875,56440000,0.0,0.0,AMAZON,AMZN
2022-02-16 00:00:00-05:00,155.79049682617188,158.83399963378906,154.7344970703125,158.10049438476562,52704000,0.0,0.0,AMAZON,AMZN
2022-02-17 00:00:00-05:00,158.14599609375,160.3489990234375,154.5,154.65249633789062,64032000,0.0,0.0,AMAZON,AMZN
2022-02-18 00:00:00-05:00,155.49949645996094,155.49949645996094,150.89300537109375,152.60150146484375,63604000,0.0,0.0,AMAZON,AMZN
2022-02-22 00:00:00-05:00,150.47850036621094,152.9824981689453,148.48550415039062,150.19749450683594,66128000,0.0,0.0,AMAZON,AMZN
2022-02-23 00:00:00-05:00,151.65049743652344,151.76300048828125,144.6510009765625,144.82699584960938,64244000,0.0,0.0,AMAZON,AMZN
2022-02-24 00:00:00-05:00,139.83749389648438,151.74899291992188,139.5,151.35800170898438,100786000,0.0,0.0,AMAZON,AMZN
2022-02-25 00:00:00-05:00,150.5500030517578,153.99000549316406,149.2135009765625,153.7884979248047,62396000,0.0,0.0,AMAZON,AMZN
2022-02-28 00:00:00-05:00,152.4250030517578,154.4499969482422,150.85000610351562,153.56300354003906,57684000,0.0,0.0,AMAZON,AMZN
2022-03-01 00:00:00-05:00,152.7324981689453,154.0989990234375,149.9770050048828,151.14199829101562,44874000,0.0,0.0,AMAZON,AMZN
2022-03-02 00:00:00-05:00,150.8489990234375,152.99949645996094,148.75,152.05250549316406,47334000,0.0,0.0,AMAZON,AMZN
2022-03-03 00:00:00-05:00,153.531494140625,153.9290008544922,146.8560028076172,147.89849853515625,65198000,0.0,0.0,AMAZON,AMZN
2022-03-04 00:00:00-05:00,147.15899658203125,147.85000610351562,143.8070068359375,145.64100646972656,60934000,0.0,0.0,AMAZON,AMZN
2022-03-07 00:00:00-05:00,145.44349670410156,146.09449768066406,137.41650390625,137.4530029296875,86934000,0.0,0.0,AMAZON,AMZN
2022-03-08 00:00:00-05:00,136.68350219726562,140.69949340820312,133.57249450683594,136.01449584960938,91662000,0.0,0.0,AMAZON,AMZN
2022-03-09 00:00:00-05:00,139.5,140.25,136.8280029296875,139.2790069580078,82656000,0.0,0.0,AMAZON,AMZN
2022-03-10 00:00:00-05:00,145.68499755859375,148.67449951171875,143.97799682617188,146.8175048828125,135062000,0.0,0.0,AMAZON,AMZN
2022-03-11 00:00:00-05:00,149.57449340820312,149.6750030517578,145.36900329589844,145.52450561523438,68900000,0.0,0.0,AMAZON,AMZN
2022-03-14 00:00:00-04:00,145.9810028076172,147.4499969482422,140.88400268554688,141.85299682617188,74086000,0.0,0.0,AMAZON,AMZN
2022-03-15 00:00:00-04:00,142.85000610351562,147.98500061035156,142.0,147.3665008544922,75584000,0.0,0.0,AMAZON,AMZN
2022-03-16 00:00:00-04:00,148.5,153.14999389648438,147.35350036621094,153.10400390625,84958000,0.0,0.0,AMAZON,AMZN
2022-03-17 00:00:00-04:00,152.6405029296875,157.49850463867188,152.13999938964844,157.23899841308594,72934000,0.0,0.0,AMAZON,AMZN
2022-03-18 00:00:00-04:00,156.81300354003906,161.593994140625,156.01100158691406,161.25050354003906,102962000,0.0,0.0,AMAZON,AMZN
2022-03-21 00:00:00-04:00,161.12100219726562,163.08399963378906,159.55299377441406,161.4915008544922,66538000,0.0,0.0,AMAZON,AMZN
2022-03-22 00:00:00-04:00,161.8054962158203,166.16700744628906,161.69900512695312,164.88900756835938,64086000,0.0,0.0,AMAZON,AMZN
2022-03-23 00:00:00-04:00,163.7050018310547,166.3699951171875,162.68699645996094,163.4080047607422,55812000,0.0,0.0,AMAZON,AMZN
2022-03-24 00:00:00-04:00,163.74949645996094,164.11849975585938,160.0500030517578,163.64950561523438,56798000,0.0,0.0,AMAZON,AMZN
2022-03-25 00:00:00-04:00,164.0,165.36849975585938,162.25,164.77349853515625,49032000,0.0,0.0,AMAZON,AMZN
2022-03-28 00:00:00-04:00,164.97500610351562,169.03750610351562,164.89999389648438,168.99049377441406,59854000,0.0,0.0,AMAZON,AMZN
2022-03-29 00:00:00-04:00,170.38400268554688,170.8314971923828,167.86849975585938,169.31500244140625,66154000,0.0,0.0,AMAZON,AMZN
2022-03-30 00:00:00-04:00,168.50950622558594,168.95050048828125,165.5,166.30099487304688,56168000,0.0,0.0,AMAZON,AMZN
2022-03-31 00:00:00-04:00,166.44500732421875,166.4949951171875,162.95350646972656,162.99749755859375,59966000,0.0,0.0,AMAZON,AMZN
2022-04-01 00:00:00-04:00,164.14950561523438,165.82699584960938,162.3195037841797,163.55999755859375,57090000,0.0,0.0,AMAZON,AMZN
2022-04-04 00:00:00-04:00,164.125,168.39450073242188,163.20550537109375,168.34649658203125,49882000,0.0,0.0,AMAZON,AMZN
2022-04-05 00:00:00-04:00,167.7415008544922,168.11050415039062,163.26600646972656,164.05499267578125,53728000,0.0,0.0,AMAZON,AMZN
2022-04-06 00:00:00-04:00,161.65049743652344,162.1999969482422,157.25450134277344,158.75599670410156,79056000,0.0,0.0,AMAZON,AMZN
2022-04-07 00:00:00-04:00,158.39999389648438,160.07899475097656,154.51150512695312,157.7845001220703,68136000,0.0,0.0,AMAZON,AMZN
2022-04-08 00:00:00-04:00,156.75,157.36849975585938,154.2310028076172,154.4604949951172,46002000,0.0,0.0,AMAZON,AMZN
2022-04-11 00:00:00-04:00,152.71299743652344,154.13650512695312,150.5345001220703,151.1219940185547,52112000,0.0,0.0,AMAZON,AMZN
2022-04-12 00:00:00-04:00,153.6925048828125,155.0989990234375,150.38299560546875,150.78750610351562,55178000,0.0,0.0,AMAZON,AMZN
2022-04-13 00:00:00-04:00,150.01849365234375,156.02499389648438,149.60000610351562,155.54100036621094,53390000,0.0,0.0,AMAZON,AMZN
2022-04-14 00:00:00-04:00,155.38999938964844,155.89700317382812,151.4720001220703,151.7064971923828,51598000,0.0,0.0,AMAZON,AMZN
2022-04-18 00:00:00-04:00,151.52349853515625,154.0395050048828,150.25050354003906,152.78500366210938,46514000,0.0,0.0,AMAZON,AMZN
2022-04-19 00:00:00-04:00,152.0294952392578,158.6490020751953,151.55050659179688,158.11549377441406,54926000,0.0,0.0,AMAZON,AMZN
2022-04-20 00:00:00-04:00,157.6024932861328,157.6024932861328,153.60350036621094,153.9980010986328,59630000,0.0,0.0,AMAZON,AMZN
2022-04-21 00:00:00-04:00,154.71400451660156,156.73800659179688,147.58949279785156,148.29600524902344,63970000,0.0,0.0,AMAZON,AMZN
2022-04-22 00:00:00-04:00,148.25,149.61500549316406,143.69749450683594,144.35000610351562,73078000,0.0,0.0,AMAZON,AMZN
2022-04-25 00:00:00-04:00,144.0229949951172,146.22149658203125,142.30650329589844,146.07400512695312,61874000,0.0,0.0,AMAZON,AMZN
2022-04-26 00:00:00-04:00,144.8000030517578,144.8560028076172,138.92950439453125,139.39100646972656,77530000,0.0,0.0,AMAZON,AMZN
2022-04-27 00:00:00-04:00,140.19149780273438,141.94850158691406,135.7834930419922,138.16700744628906,71336000,0.0,0.0,AMAZON,AMZN
2022-04-28 00:00:00-04:00,142.17799377441406,145.9375,140.3000030517578,144.59649658203125,117316000,0.0,0.0,AMAZON,AMZN
2022-04-29 00:00:00-04:00,129.8489990234375,130.76100158691406,121.625,124.28150177001953,272662000,0.0,0.0,AMAZON,AMZN
2022-05-02 00:00:00-04:00,122.4010009765625,124.66799926757812,118.375,124.5,148788000,0.0,0.0,AMAZON,AMZN
2022-05-03 00:00:00-04:00,124.05349731445312,126.22049713134766,122.82499694824219,124.25350189208984,79134000,0.0,0.0,AMAZON,AMZN
2022-05-04 00:00:00-04:00,123.5999984741211,126.0,119.18299865722656,125.92849731445312,110746000,0.0,0.0,AMAZON,AMZN
2022-05-05 00:00:00-04:00,123.0,123.4990005493164,115.07250213623047,116.40699768066406,144392000,0.0,0.0,AMAZON,AMZN
2022-05-06 00:00:00-04:00,114.8499984741211,119.05049896240234,113.08149719238281,114.77249908447266,124260000,0.0,0.0,AMAZON,AMZN
2022-05-09 00:00:00-04:00,111.3125,114.0,107.95700073242188,108.78900146484375,128124000,0.0,0.0,AMAZON,AMZN
2022-05-10 00:00:00-04:00,111.25,112.64250183105469,107.1709976196289,108.85900115966797,105434000,0.0,0.0,AMAZON,AMZN
2022-05-11 00:00:00-04:00,108.10350036621094,110.15599822998047,104.42849731445312,105.37200164794922,109704000,0.0,0.0,AMAZON,AMZN
2022-05-12 00:00:00-04:00,102.75,110.78050231933594,102.40550231933594,106.93049621582031,132026000,0.0,0.0,AMAZON,AMZN
2022-05-13 00:00:00-04:00,109.06900024414062,113.18399810791016,107.80000305175781,113.05500030517578,93684000,0.0,0.0,AMAZON,AMZN
2022-05-16 00:00:00-04:00,113.0999984741211,113.99250030517578,110.35399627685547,110.81050109863281,74566000,0.0,0.0,AMAZON,AMZN
2022-05-17 00:00:00-04:00,113.2750015258789,115.80000305175781,111.27649688720703,115.36849975585938,76448000,0.0,0.0,AMAZON,AMZN
2022-05-18 00:00:00-04:00,111.43949890136719,112.85299682617188,106.2490005493164,107.11250305175781,108380000,0.0,0.0,AMAZON,AMZN
2022-05-19 00:00:00-04:00,106.28050231933594,110.03399658203125,106.19300079345703,107.31900024414062,88142000,0.0,0.0,AMAZON,AMZN
2022-05-20 00:00:00-04:00,109.56849670410156,109.89800262451172,105.0094985961914,107.59100341796875,99500000,0.0,0.0,AMAZON,AMZN
2022-05-23 00:00:00-04:00,108.46099853515625,108.81900024414062,103.94999694824219,107.55699920654297,107798000,0.0,0.0,AMAZON,AMZN
2022-05-24 00:00:00-04:00,104.0250015258789,105.4000015258789,101.26000213623047,104.0999984741211,102934000,0.0,0.0,AMAZON,AMZN
2022-05-25 00:00:00-04:00,103.65550231933594,108.17500305175781,103.6500015258789,106.7750015258789,93120000,0.0,0.0,AMAZON,AMZN
2022-05-26 00:00:00-04:00,107.97000122070312,112.66549682617188,107.45349884033203,111.07749938964844,93002000,0.0,0.0,AMAZON,AMZN
2022-05-27 00:00:00-04:00,113.55000305175781,115.18699645996094,112.62799835205078,115.14649963378906,93660000,0.0,0.0,AMAZON,AMZN
2022-05-31 00:00:00-04:00,116.27999877929688,121.99449920654297,115.67500305175781,120.20950317382812,144634000,0.0,0.0,AMAZON,AMZN
2022-06-01 00:00:00-04:00,122.25599670410156,125.17900085449219,120.62249755859375,121.68399810791016,127528000,0.0,0.0,AMAZON,AMZN
2022-06-02 00:00:00-04:00,121.68399810791016,125.61000061035156,120.04499816894531,125.51100158691406,100560000,0.0,0.0,AMAZON,AMZN
2022-06-03 00:00:00-04:00,124.19999694824219,124.4000015258789,121.04650115966797,122.3499984741211,97604000,0.0,0.0,AMAZON,AMZN
2022-06-06 00:00:00-04:00,125.25,128.99000549316406,123.80999755859375,124.79000091552734,135269000,0.0,20.0,AMAZON,AMZN
2022-06-07 00:00:00-04:00,122.01000213623047,124.0999984741211,120.62999725341797,123.0,85156700,0.0,0.0,AMAZON,AMZN
2022-06-08 00:00:00-04:00,122.61000061035156,123.75,120.75,121.18000030517578,64926600,0.0,0.0,AMAZON,AMZN
2022-06-09 00:00:00-04:00,119.98999786376953,121.30000305175781,116.0999984741211,116.1500015258789,67029800,0.0,0.0,AMAZON,AMZN
2022-06-10 00:00:00-04:00,113.41999816894531,114.5,109.05000305175781,109.6500015258789,87266000,0.0,0.0,AMAZON,AMZN
2022-06-13 00:00:00-04:00,104.19000244140625,106.54000091552734,101.86000061035156,103.66999816894531,99277700,0.0,0.0,AMAZON,AMZN
2022-06-14 00:00:00-04:00,104.19000244140625,104.87999725341797,101.43000030517578,102.30999755859375,69728800,0.0,0.0,AMAZON,AMZN
2022-06-15 00:00:00-04:00,103.86000061035156,109.05999755859375,103.52999877929688,107.66999816894531,85011100,0.0,0.0,AMAZON,AMZN
2022-06-16 00:00:00-04:00,104.47000122070312,104.58000183105469,102.01000213623047,103.66000366210938,82186300,0.0,0.0,AMAZON,AMZN
2022-06-17 00:00:00-04:00,102.80000305175781,106.9800033569336,102.51000213623047,106.22000122070312,99772100,0.0,0.0,AMAZON,AMZN
2022-06-21 00:00:00-04:00,108.19999694824219,111.62999725341797,103.55999755859375,108.68000030517578,70901200,0.0,0.0,AMAZON,AMZN
2022-06-22 00:00:00-04:00,107.43000030517578,112.12999725341797,107.0199966430664,108.94999694824219,60040100,0.0,0.0,AMAZON,AMZN
2022-06-23 00:00:00-04:00,110.38999938964844,113.0,107.93000030517578,112.44000244140625,64345300,0.0,0.0,AMAZON,AMZN
2022-06-24 00:00:00-04:00,112.37999725341797,116.70999908447266,111.43000030517578,116.45999908447266,69867600,0.0,0.0,AMAZON,AMZN
2022-06-27 00:00:00-04:00,117.08999633789062,117.9800033569336,112.69999694824219,113.22000122070312,62133200,0.0,0.0,AMAZON,AMZN
2022-06-28 00:00:00-04:00,113.5,114.8499984741211,107.04000091552734,107.4000015258789,74942900,0.0,0.0,AMAZON,AMZN
2022-06-29 00:00:00-04:00,107.37999725341797,110.98999786376953,106.91000366210938,108.91999816894531,66375300,0.0,0.0,AMAZON,AMZN
2022-06-30 00:00:00-04:00,108.11000061035156,108.18000030517578,102.5199966430664,106.20999908447266,97679400,0.0,0.0,AMAZON,AMZN
2022-07-01 00:00:00-04:00,106.29000091552734,109.75,105.8499984741211,109.55999755859375,73021200,0.0,0.0,AMAZON,AMZN
2022-07-05 00:00:00-04:00,107.5999984741211,114.08000183105469,106.31999969482422,113.5,76583700,0.0,0.0,AMAZON,AMZN
2022-07-06 00:00:00-04:00,113.20999908447266,115.4800033569336,112.01000213623047,114.33000183105469,66958900,0.0,0.0,AMAZON,AMZN
2022-07-07 00:00:00-04:00,113.8499984741211,116.98999786376953,113.48999786376953,116.33000183105469,57872300,0.0,0.0,AMAZON,AMZN
2022-07-08 00:00:00-04:00,114.5999984741211,116.58000183105469,113.69000244140625,115.54000091552734,45719700,0.0,0.0,AMAZON,AMZN
2022-07-11 00:00:00-04:00,114.08000183105469,114.30000305175781,110.87000274658203,111.75,53487600,0.0,0.0,AMAZON,AMZN
2022-07-12 00:00:00-04:00,112.16000366210938,113.2300033569336,108.33999633789062,109.22000122070312,54280300,0.0,0.0,AMAZON,AMZN
2022-07-13 00:00:00-04:00,107.02999877929688,111.77999877929688,106.01000213623047,110.4000015258789,61353800,0.0,0.0,AMAZON,AMZN
2022-07-14 00:00:00-04:00,110.23999786376953,111.18000030517578,107.58000183105469,110.62999725341797,51163100,0.0,0.0,AMAZON,AMZN
2022-07-15 00:00:00-04:00,112.5,115.58999633789062,111.58999633789062,113.55000305175781,84317800,0.0,0.0,AMAZON,AMZN
2022-07-18 00:00:00-04:00,115.0,117.23999786376953,113.1500015258789,113.76000213623047,59115400,0.0,0.0,AMAZON,AMZN
2022-07-19 00:00:00-04:00,115.69999694824219,118.94999694824219,114.02999877929688,118.20999908447266,60990000,0.0,0.0,AMAZON,AMZN
2022-07-20 00:00:00-04:00,118.62000274658203,123.4800033569336,118.31999969482422,122.7699966430664,71268300,0.0,0.0,AMAZON,AMZN
2022-07-21 00:00:00-04:00,123.19999694824219,124.8499984741211,121.26000213623047,124.62999725341797,60239900,0.0,0.0,AMAZON,AMZN
2022-07-22 00:00:00-04:00,125.01000213623047,125.5,121.3499984741211,122.41999816894531,51463800,0.0,0.0,AMAZON,AMZN
2022-07-25 00:00:00-04:00,122.69999694824219,123.63999938964844,120.02999877929688,121.13999938964844,50221300,0.0,0.0,AMAZON,AMZN
2022-07-26 00:00:00-04:00,115.79000091552734,118.1500015258789,114.52999877929688,114.80999755859375,67075100,0.0,0.0,AMAZON,AMZN
2022-07-27 00:00:00-04:00,117.30999755859375,121.9000015258789,117.16000366210938,120.97000122070312,61582000,0.0,0.0,AMAZON,AMZN
2022-07-28 00:00:00-04:00,121.56999969482422,122.83999633789062,118.08000183105469,122.27999877929688,82245500,0.0,0.0,AMAZON,AMZN
2022-07-29 00:00:00-04:00,134.89999389648438,137.64999389648438,132.41000366210938,134.9499969482422,148892900,0.0,0.0,AMAZON,AMZN
2022-08-01 00:00:00-04:00,134.9600067138672,138.8300018310547,133.50999450683594,135.38999938964844,76846900,0.0,0.0,AMAZON,AMZN
2022-08-02 00:00:00-04:00,134.72000122070312,137.44000244140625,134.08999633789062,134.16000366210938,61922400,0.0,0.0,AMAZON,AMZN
2022-08-03 00:00:00-04:00,136.2100067138672,140.49000549316406,136.0500030517578,139.52000427246094,71827800,0.0,0.0,AMAZON,AMZN
2022-08-04 00:00:00-04:00,140.5800018310547,143.55999755859375,139.5500030517578,142.57000732421875,70585000,0.0,0.0,AMAZON,AMZN
2022-08-05 00:00:00-04:00,140.10000610351562,142.86000061035156,139.60000610351562,140.8000030517578,50686900,0.0,0.0,AMAZON,AMZN
2022-08-08 00:00:00-04:00,142.0500030517578,144.22999572753906,138.2899932861328,139.41000366210938,52229000,0.0,0.0,AMAZON,AMZN
2022-08-09 00:00:00-04:00,138.0500030517578,138.9499969482422,136.2100067138672,137.8300018310547,40434700,0.0,0.0,AMAZON,AMZN
2022-08-10 00:00:00-04:00,142.89999389648438,144.60000610351562,141.00999450683594,142.69000244140625,54773800,0.0,0.0,AMAZON,AMZN
2022-08-11 00:00:00-04:00,143.86000061035156,144.49000549316406,139.75999450683594,140.63999938964844,44867300,0.0,0.0,AMAZON,AMZN
2022-08-12 00:00:00-04:00,142.0500030517578,143.57000732421875,140.1199951171875,143.5500030517578,47643500,0.0,0.0,AMAZON,AMZN
2022-08-15 00:00:00-04:00,142.8000030517578,143.75999450683594,141.49000549316406,143.17999267578125,39014600,0.0,0.0,AMAZON,AMZN
2022-08-16 00:00:00-04:00,143.91000366210938,146.57000732421875,142.0,144.77999877929688,59102900,0.0,0.0,AMAZON,AMZN
2022-08-17 00:00:00-04:00,142.69000244140625,143.3800048828125,140.77999877929688,142.10000610351562,48149800,0.0,0.0,AMAZON,AMZN
2022-08-18 00:00:00-04:00,141.32000732421875,142.77000427246094,140.3800048828125,142.3000030517578,37458700,0.0,0.0,AMAZON,AMZN
2022-08-19 00:00:00-04:00,140.47000122070312,141.11000061035156,137.91000366210938,138.22999572753906,47792800,0.0,0.0,AMAZON,AMZN
2022-08-22 00:00:00-04:00,135.72000122070312,136.32000732421875,132.85000610351562,133.22000122070312,50461500,0.0,0.0,AMAZON,AMZN
2022-08-23 00:00:00-04:00,133.41000366210938,134.99000549316406,132.9499969482422,133.6199951171875,36252100,0.0,0.0,AMAZON,AMZN
2022-08-24 00:00:00-04:00,132.75,135.47000122070312,132.10000610351562,133.8000030517578,38627000,0.0,0.0,AMAZON,AMZN
2022-08-25 00:00:00-04:00,135.25999450683594,137.4199981689453,134.27999877929688,137.27999877929688,37496300,0.0,0.0,AMAZON,AMZN
2022-08-26 00:00:00-04:00,136.5500030517578,137.8300018310547,130.5,130.75,53322700,0.0,0.0,AMAZON,AMZN
2022-08-29 00:00:00-04:00,129.89999389648438,131.9499969482422,128.77000427246094,129.7899932861328,48101600,0.0,0.0,AMAZON,AMZN
2022-08-30 00:00:00-04:00,131.25,132.07000732421875,126.8499984741211,128.72999572753906,49203000,0.0,0.0,AMAZON,AMZN
2022-08-31 00:00:00-04:00,129.4499969482422,130.58999633789062,126.73999786376953,126.7699966430664,53648700,0.0,0.0,AMAZON,AMZN
2022-09-01 00:00:00-04:00,126.0,128.02000427246094,123.66000366210938,127.81999969482422,56636100,0.0,0.0,AMAZON,AMZN
2022-09-02 00:00:00-04:00,129.5,131.3800048828125,126.38999938964844,127.51000213623047,57429800,0.0,0.0,AMAZON,AMZN
2022-09-06 00:00:00-04:00,127.91999816894531,128.6199951171875,124.73999786376953,126.11000061035156,43888600,0.0,0.0,AMAZON,AMZN
2022-09-07 00:00:00-04:00,126.12000274658203,129.82000732421875,125.4000015258789,129.47999572753906,47900300,0.0,0.0,AMAZON,AMZN
2022-09-08 00:00:00-04:00,127.72000122070312,130.27999877929688,127.0999984741211,129.82000732421875,43988500,0.0,0.0,AMAZON,AMZN
2022-09-09 00:00:00-04:00,130.91000366210938,133.69000244140625,130.75999450683594,133.27000427246094,49387600,0.0,0.0,AMAZON,AMZN
2022-09-12 00:00:00-04:00,134.10000610351562,136.49000549316406,134.0,136.4499969482422,53826900,0.0,0.0,AMAZON,AMZN
2022-09-13 00:00:00-04:00,131.00999450683594,131.39999389648438,126.2699966430664,126.81999969482422,72694000,0.0,0.0,AMAZON,AMZN
2022-09-14 00:00:00-04:00,127.36000061035156,128.83999633789062,126.33000183105469,128.5500030517578,45316800,0.0,0.0,AMAZON,AMZN
2022-09-15 00:00:00-04:00,127.37999725341797,130.3699951171875,125.5,126.27999877929688,52887200,0.0,0.0,AMAZON,AMZN
2022-09-16 00:00:00-04:00,122.77999877929688,123.87000274658203,120.69999694824219,123.52999877929688,115667800,0.0,0.0,AMAZON,AMZN
2022-09-19 00:00:00-04:00,122.16000366210938,124.70999908447266,121.80000305175781,124.66000366210938,47279700,0.0,0.0,AMAZON,AMZN
2022-09-20 00:00:00-04:00,123.3499984741211,124.4000015258789,121.13999938964844,122.19000244140625,47698400,0.0,0.0,AMAZON,AMZN
2022-09-21 00:00:00-04:00,122.48999786376953,123.76000213623047,118.44999694824219,118.54000091552734,58498900,0.0,0.0,AMAZON,AMZN
2022-09-22 00:00:00-04:00,117.08000183105469,118.79000091552734,116.26000213623047,117.30999755859375,55229200,0.0,0.0,AMAZON,AMZN
2022-09-23 00:00:00-04:00,116.0,116.05000305175781,112.05999755859375,113.77999877929688,65126700,0.0,0.0,AMAZON,AMZN
2022-09-26 00:00:00-04:00,113.30000305175781,117.33999633789062,113.12999725341797,115.1500015258789,62723300,0.0,0.0,AMAZON,AMZN
2022-09-27 00:00:00-04:00,117.19999694824219,118.31999969482422,113.05000305175781,114.41000366210938,60094700,0.0,0.0,AMAZON,AMZN
2022-09-28 00:00:00-04:00,114.37999725341797,118.69999694824219,113.80000305175781,118.01000213623047,55763800,0.0,0.0,AMAZON,AMZN
2022-09-29 00:00:00-04:00,115.5999984741211,116.06999969482422,113.05999755859375,114.80000305175781,58969700,0.0,0.0,AMAZON,AMZN
2022-09-30 00:00:00-04:00,114.08000183105469,116.91999816894531,112.83999633789062,113.0,59479600,0.0,0.0,AMAZON,AMZN
2022-10-03 00:00:00-04:00,113.58000183105469,116.91000366210938,112.44999694824219,115.87999725341797,50941900,0.0,0.0,AMAZON,AMZN
2022-10-04 00:00:00-04:00,119.88999938964844,123.0,119.79000091552734,121.08999633789062,62812600,0.0,0.0,AMAZON,AMZN
2022-10-05 00:00:00-04:00,118.58000183105469,121.75,117.69000244140625,120.94999694824219,48217500,0.0,0.0,AMAZON,AMZN
2022-10-06 00:00:00-04:00,120.7699966430664,121.52999877929688,119.5,120.30000305175781,42253800,0.0,0.0,AMAZON,AMZN
2022-10-07 00:00:00-04:00,118.0,118.16999816894531,113.87999725341797,114.55999755859375,54678000,0.0,0.0,AMAZON,AMZN
2022-10-10 00:00:00-04:00,115.0999984741211,116.25,112.43000030517578,113.66999816894531,42339700,0.0,0.0,AMAZON,AMZN
2022-10-11 00:00:00-04:00,112.70999908447266,115.4800033569336,110.38999938964844,112.20999908447266,56432200,0.0,0.0,AMAZON,AMZN
2022-10-12 00:00:00-04:00,112.48999786376953,113.83000183105469,111.4000015258789,112.9000015258789,45728700,0.0,0.0,AMAZON,AMZN
2022-10-13 00:00:00-04:00,107.87999725341797,113.44000244140625,105.3499984741211,112.52999877929688,86868100,0.0,0.0,AMAZON,AMZN
2022-10-14 00:00:00-04:00,114.0999984741211,114.95999908447266,106.5999984741211,106.9000015258789,67737300,0.0,0.0,AMAZON,AMZN
2022-10-17 00:00:00-04:00,110.11000061035156,114.19000244140625,110.08999633789062,113.79000091552734,62782000,0.0,0.0,AMAZON,AMZN
2022-10-18 00:00:00-04:00,119.05999755859375,119.5199966430664,114.79000091552734,116.36000061035156,65607400,0.0,0.0,AMAZON,AMZN
2022-10-19 00:00:00-04:00,114.70999908447266,116.58999633789062,113.22000122070312,115.06999969482422,47198100,0.0,0.0,AMAZON,AMZN
2022-10-20 00:00:00-04:00,113.83000183105469,118.23999786376953,113.51000213623047,115.25,48795100,0.0,0.0,AMAZON,AMZN
2022-10-21 00:00:00-04:00,114.79000091552734,119.58999633789062,114.5,119.31999969482422,55660500,0.0,0.0,AMAZON,AMZN
2022-10-24 00:00:00-04:00,119.9800033569336,120.38999938964844,116.56999969482422,119.81999969482422,49531500,0.0,0.0,AMAZON,AMZN
2022-10-25 00:00:00-04:00,119.6500015258789,121.31999969482422,118.94999694824219,120.5999984741211,50934600,0.0,0.0,AMAZON,AMZN
2022-10-26 00:00:00-04:00,116.0,119.3499984741211,114.76000213623047,115.66000366210938,68802300,0.0,0.0,AMAZON,AMZN
2022-10-27 00:00:00-04:00,113.91999816894531,114.12000274658203,109.7699966430664,110.95999908447266,129605400,0.0,0.0,AMAZON,AMZN
2022-10-28 00:00:00-04:00,97.91000366210938,103.95999908447266,97.66000366210938,103.41000366210938,223133400,0.0,0.0,AMAZON,AMZN
2022-10-31 00:00:00-04:00,103.55999755859375,104.87000274658203,100.73999786376953,102.44000244140625,99251400,0.0,0.0,AMAZON,AMZN
2022-11-01 00:00:00-04:00,103.98999786376953,104.58000183105469,96.05999755859375,96.79000091552734,153370000,0.0,0.0,AMAZON,AMZN
2022-11-02 00:00:00-04:00,97.31999969482422,97.73999786376953,92.01000213623047,92.12000274658203,135761800,0.0,0.0,AMAZON,AMZN
2022-11-03 00:00:00-04:00,92.47000122070312,93.5,89.0199966430664,89.30000305175781,136683300,0.0,0.0,AMAZON,AMZN
2022-11-04 00:00:00-04:00,91.48999786376953,92.44000244140625,88.04000091552734,90.9800033569336,129101300,0.0,0.0,AMAZON,AMZN
2022-11-07 00:00:00-05:00,91.94999694824219,92.0999984741211,89.04000091552734,90.52999877929688,77495700,0.0,0.0,AMAZON,AMZN
2022-11-08 00:00:00-05:00,90.79000091552734,91.72000122070312,88.2300033569336,89.9800033569336,88703400,0.0,0.0,AMAZON,AMZN
2022-11-09 00:00:00-05:00,89.47000122070312,89.4800033569336,85.87000274658203,86.13999938964844,90796200,0.0,0.0,AMAZON,AMZN
2022-11-10 00:00:00-05:00,92.94000244140625,98.69000244140625,91.6500015258789,96.62999725341797,173414900,0.0,0.0,AMAZON,AMZN
2022-11-11 00:00:00-05:00,97.87999725341797,101.19000244140625,96.66000366210938,100.79000091552734,111590500,0.0,0.0,AMAZON,AMZN
2022-11-14 00:00:00-05:00,98.7699966430664,100.12000274658203,97.29000091552734,98.48999786376953,99533100,0.0,0.0,AMAZON,AMZN
2022-11-15 00:00:00-05:00,103.20999908447266,103.79000091552734,97.33999633789062,98.94000244140625,111336300,0.0,0.0,AMAZON,AMZN
2022-11-16 00:00:00-05:00,96.8499984741211,98.48999786376953,95.54000091552734,97.12000274658203,87958800,0.0,0.0,AMAZON,AMZN
2022-11-17 00:00:00-05:00,95.37000274658203,96.97000122070312,94.02999877929688,94.8499984741211,82617900,0.0,0.0,AMAZON,AMZN
2022-11-18 00:00:00-05:00,95.94999694824219,95.98999786376953,92.4800033569336,94.13999938964844,72428200,0.0,0.0,AMAZON,AMZN
2022-11-21 00:00:00-05:00,93.97000122070312,95.0199966430664,90.58999633789062,92.45999908447266,84330300,0.0,0.0,AMAZON,AMZN
2022-11-22 00:00:00-05:00,92.62000274658203,93.3499984741211,90.87000274658203,93.19999694824219,62192000,0.0,0.0,AMAZON,AMZN
2022-11-23 00:00:00-05:00,93.23999786376953,94.58000183105469,92.83000183105469,94.12999725341797,59414700,0.0,0.0,AMAZON,AMZN
2022-11-25 00:00:00-05:00,93.79000091552734,94.43000030517578,93.06999969482422,93.41000366210938,35088600,0.0,0.0,AMAZON,AMZN
2022-11-28 00:00:00-05:00,93.93000030517578,96.4000015258789,93.43000030517578,93.94999694824219,74943100,0.0,0.0,AMAZON,AMZN
2022-11-29 00:00:00-05:00,94.04000091552734,94.41000366210938,91.44000244140625,92.41999816894531,65567300,0.0,0.0,AMAZON,AMZN
2022-11-30 00:00:00-05:00,92.47000122070312,96.54000091552734,91.52999877929688,96.54000091552734,102805800,0.0,0.0,AMAZON,AMZN
2022-12-01 00:00:00-05:00,96.98999786376953,97.2300033569336,94.91999816894531,95.5,68488000,0.0,0.0,AMAZON,AMZN
2022-12-02 00:00:00-05:00,94.4800033569336,95.36000061035156,93.77999877929688,94.12999725341797,72496400,0.0,0.0,AMAZON,AMZN
2022-12-05 00:00:00-05:00,93.05000305175781,94.05999755859375,90.81999969482422,91.01000213623047,71535500,0.0,0.0,AMAZON,AMZN
2022-12-06 00:00:00-05:00,90.5,91.04000091552734,87.9000015258789,88.25,75503600,0.0,0.0,AMAZON,AMZN
2022-12-07 00:00:00-05:00,88.33999633789062,89.88999938964844,87.4800033569336,88.45999908447266,68086900,0.0,0.0,AMAZON,AMZN
2022-12-08 00:00:00-05:00,89.23999786376953,90.86000061035156,87.87999725341797,90.3499984741211,73305900,0.0,0.0,AMAZON,AMZN
2022-12-09 00:00:00-05:00,88.9000015258789,90.30000305175781,88.62999725341797,89.08999633789062,67398500,0.0,0.0,AMAZON,AMZN
2022-12-12 00:00:00-05:00,89.20999908447266,90.58000183105469,87.87000274658203,90.55000305175781,61999800,0.0,0.0,AMAZON,AMZN
2022-12-13 00:00:00-05:00,95.2300033569336,96.25,90.5199966430664,92.48999786376953,100212000,0.0,0.0,AMAZON,AMZN
2022-12-14 00:00:00-05:00,92.5,93.45999908447266,89.87000274658203,91.58000183105469,70298000,0.0,0.0,AMAZON,AMZN
2022-12-15 00:00:00-05:00,89.88999938964844,89.97000122070312,87.47000122070312,88.44999694824219,84802900,0.0,0.0,AMAZON,AMZN
2022-12-16 00:00:00-05:00,88.2699966430664,89.3499984741211,86.7300033569336,87.86000061035156,146144100,0.0,0.0,AMAZON,AMZN
2022-12-19 00:00:00-05:00,87.51000213623047,87.62999725341797,84.51000213623047,84.91999816894531,83531500,0.0,0.0,AMAZON,AMZN
2022-12-20 00:00:00-05:00,85.33000183105469,86.61000061035156,84.33000183105469,85.19000244140625,74348300,0.0,0.0,AMAZON,AMZN
2022-12-21 00:00:00-05:00,86.18000030517578,87.2300033569336,85.20999908447266,86.7699966430664,59267200,0.0,0.0,AMAZON,AMZN
2022-12-22 00:00:00-05:00,85.5199966430664,85.68000030517578,82.25,83.79000091552734,81431300,0.0,0.0,AMAZON,AMZN
2022-12-23 00:00:00-05:00,83.25,85.77999877929688,82.93000030517578,85.25,57433700,0.0,0.0,AMAZON,AMZN
2022-12-27 00:00:00-05:00,84.97000122070312,85.3499984741211,83.0,83.04000091552734,57284000,0.0,0.0,AMAZON,AMZN
2022-12-28 00:00:00-05:00,82.80000305175781,83.4800033569336,81.69000244140625,81.81999969482422,58228600,0.0,0.0,AMAZON,AMZN
2022-12-29 00:00:00-05:00,82.87000274658203,84.55000305175781,82.55000305175781,84.18000030517578,54995900,0.0,0.0,AMAZON,AMZN
2022-12-30 00:00:00-05:00,83.12000274658203,84.05000305175781,82.47000122070312,84.0,62401200,0.0,0.0,AMAZON,AMZN
2023-01-03 00:00:00-05:00,85.45999908447266,86.95999908447266,84.20999908447266,85.81999969482422,76706000,0.0,0.0,AMAZON,AMZN
2023-01-04 00:00:00-05:00,86.55000305175781,86.9800033569336,83.36000061035156,85.13999938964844,68885100,0.0,0.0,AMAZON,AMZN
2023-01-05 00:00:00-05:00,85.33000183105469,85.41999816894531,83.06999969482422,83.12000274658203,67930800,0.0,0.0,AMAZON,AMZN
2023-01-06 00:00:00-05:00,83.02999877929688,86.4000015258789,81.43000030517578,86.08000183105469,83303400,0.0,0.0,AMAZON,AMZN
2023-01-09 00:00:00-05:00,87.45999908447266,89.4800033569336,87.08000183105469,87.36000061035156,65266100,0.0,0.0,AMAZON,AMZN
2023-01-10 00:00:00-05:00,87.56999969482422,90.19000244140625,87.29000091552734,89.87000274658203,67756600,0.0,0.0,AMAZON,AMZN
2023-01-11 00:00:00-05:00,90.93000030517578,95.26000213623047,90.93000030517578,95.08999633789062,103126200,0.0,0.0,AMAZON,AMZN
2023-01-12 00:00:00-05:00,96.93000030517578,97.19000244140625,93.5,95.2699966430664,85254800,0.0,0.0,AMAZON,AMZN
2023-01-13 00:00:00-05:00,94.18000030517578,98.37000274658203,94.12000274658203,98.12000274658203,85549400,0.0,0.0,AMAZON,AMZN
2023-01-17 00:00:00-05:00,98.68000030517578,98.88999938964844,95.7300033569336,96.05000305175781,72755000,0.0,0.0,AMAZON,AMZN
2023-01-18 00:00:00-05:00,97.25,99.31999969482422,95.37999725341797,95.45999908447266,79570400,0.0,0.0,AMAZON,AMZN
2023-01-19 00:00:00-05:00,94.73999786376953,95.44000244140625,92.86000061035156,93.68000030517578,69002700,0.0,0.0,AMAZON,AMZN
2023-01-20 00:00:00-05:00,93.86000061035156,97.3499984741211,93.19999694824219,97.25,67481500,0.0,0.0,AMAZON,AMZN
2023-01-23 00:00:00-05:00,97.55999755859375,97.77999877929688,95.86000061035156,97.5199966430664,76501100,0.0,0.0,AMAZON,AMZN
2023-01-24 00:00:00-05:00,96.93000030517578,98.08999633789062,96.0,96.31999969482422,66929500,0.0,0.0,AMAZON,AMZN
2023-01-25 00:00:00-05:00,92.55999755859375,97.23999786376953,91.5199966430664,97.18000030517578,94261600,0.0,0.0,AMAZON,AMZN
2023-01-26 00:00:00-05:00,98.23999786376953,99.48999786376953,96.91999816894531,99.22000122070312,68523600,0.0,0.0,AMAZON,AMZN
2023-01-27 00:00:00-05:00,99.52999877929688,103.48999786376953,99.52999877929688,102.23999786376953,87775600,0.0,0.0,AMAZON,AMZN
2023-01-30 00:00:00-05:00,101.08999633789062,101.73999786376953,99.01000213623047,100.55000305175781,70691900,0.0,0.0,AMAZON,AMZN
2023-01-31 00:00:00-05:00,101.16000366210938,103.3499984741211,101.13999938964844,103.12999725341797,66527300,0.0,0.0,AMAZON,AMZN
2023-02-01 00:00:00-05:00,102.52999877929688,106.23999786376953,101.23999786376953,105.1500015258789,80450100,0.0,0.0,AMAZON,AMZN
2023-02-02 00:00:00-05:00,110.25,114.0,108.87999725341797,112.91000366210938,158154200,0.0,0.0,AMAZON,AMZN
2023-02-03 00:00:00-05:00,105.26000213623047,108.77999877929688,102.5199966430664,103.38999938964844,144374800,0.0,0.0,AMAZON,AMZN
2023-02-06 00:00:00-05:00,102.93000030517578,103.94999694824219,100.6500015258789,102.18000030517578,81945200,0.0,0.0,AMAZON,AMZN
2023-02-07 00:00:00-05:00,101.16999816894531,102.41000366210938,98.08000183105469,102.11000061035156,119501300,0.0,0.0,AMAZON,AMZN
2023-02-08 00:00:00-05:00,102.04000091552734,102.66999816894531,98.77999877929688,100.05000305175781,75878300,0.0,0.0,AMAZON,AMZN
2023-02-09 00:00:00-05:00,101.31999969482422,101.77999877929688,97.56999969482422,98.23999786376953,64622500,0.0,0.0,AMAZON,AMZN
2023-02-10 00:00:00-05:00,97.55999755859375,98.81999969482422,96.2300033569336,97.61000061035156,52740100,0.0,0.0,AMAZON,AMZN
2023-02-13 00:00:00-05:00,97.8499984741211,99.68000030517578,96.91000366210938,99.54000091552734,52841500,0.0,0.0,AMAZON,AMZN
2023-02-14 00:00:00-05:00,98.41000366210938,100.91999816894531,97.5199966430664,99.69999694824219,56202900,0.0,0.0,AMAZON,AMZN
2023-02-15 00:00:00-05:00,99.08999633789062,101.16999816894531,98.44999694824219,101.16000366210938,47957600,0.0,0.0,AMAZON,AMZN
2023-02-16 00:00:00-05:00,99.20999908447266,100.62999725341797,98.0999984741211,98.1500015258789,56339200,0.0,0.0,AMAZON,AMZN
2023-02-17 00:00:00-05:00,97.80000305175781,97.94000244140625,95.6500015258789,97.19999694824219,60029400,0.0,0.0,AMAZON,AMZN
2023-02-21 00:00:00-05:00,95.33999633789062,95.61000061035156,94.2699966430664,94.58000183105469,56580400,0.0,0.0,AMAZON,AMZN
2023-02-22 00:00:00-05:00,95.0999984741211,97.01000213623047,94.80000305175781,95.79000091552734,59534100,0.0,0.0,AMAZON,AMZN
2023-02-23 00:00:00-05:00,96.12000274658203,96.43000030517578,93.66999816894531,95.81999969482422,48467000,0.0,0.0,AMAZON,AMZN
2023-02-24 00:00:00-05:00,93.52999877929688,94.13999938964844,92.31999969482422,93.5,57053800,0.0,0.0,AMAZON,AMZN
2023-02-27 00:00:00-05:00,94.27999877929688,94.77999877929688,93.13999938964844,93.76000213623047,47470300,0.0,0.0,AMAZON,AMZN
2023-02-28 00:00:00-05:00,93.13999938964844,94.69000244140625,92.91999816894531,94.2300033569336,43959300,0.0,0.0,AMAZON,AMZN
2023-03-01 00:00:00-05:00,93.87000274658203,94.68000030517578,91.58999633789062,92.16999816894531,52299500,0.0,0.0,AMAZON,AMZN
2023-03-02 00:00:00-05:00,91.41000366210938,92.2300033569336,90.38999938964844,92.12999725341797,55509400,0.0,0.0,AMAZON,AMZN
2023-03-03 00:00:00-05:00,92.73999786376953,94.94000244140625,92.66000366210938,94.9000015258789,55759600,0.0,0.0,AMAZON,AMZN
2023-03-06 00:00:00-05:00,95.19000244140625,96.55000305175781,93.73999786376953,93.75,52112400,0.0,0.0,AMAZON,AMZN
2023-03-07 00:00:00-05:00,94.05999755859375,95.08999633789062,92.77999877929688,93.55000305175781,49100700,0.0,0.0,AMAZON,AMZN
2023-03-08 00:00:00-05:00,93.5999984741211,94.16999816894531,92.18000030517578,93.91999816894531,44899100,0.0,0.0,AMAZON,AMZN
2023-03-09 00:00:00-05:00,93.68000030517578,96.20999908447266,92.18000030517578,92.25,56218700,0.0,0.0,AMAZON,AMZN
2023-03-10 00:00:00-05:00,92.66999816894531,93.56999969482422,90.25,90.7300033569336,69827500,0.0,0.0,AMAZON,AMZN
2023-03-13 00:00:00-04:00,89.97000122070312,94.0199966430664,88.12000274658203,92.43000030517578,72397100,0.0,0.0,AMAZON,AMZN
2023-03-14 00:00:00-04:00,93.83000183105469,95.06999969482422,92.70999908447266,94.87999725341797,60912700,0.0,0.0,AMAZON,AMZN
2023-03-15 00:00:00-04:00,93.22000122070312,96.66999816894531,93.06999969482422,96.19999694824219,70731800,0.0,0.0,AMAZON,AMZN
2023-03-16 00:00:00-04:00,95.75,100.98999786376953,95.61000061035156,100.04000091552734,84446900,0.0,0.0,AMAZON,AMZN
2023-03-17 00:00:00-04:00,99.79000091552734,100.66000366210938,97.45999908447266,98.94999694824219,87300200,0.0,0.0,AMAZON,AMZN
2023-03-20 00:00:00-04:00,98.41000366210938,98.4800033569336,95.69999694824219,97.70999908447266,62388900,0.0,0.0,AMAZON,AMZN
2023-03-21 00:00:00-04:00,98.13999938964844,100.8499984741211,98.0,100.61000061035156,58597300,0.0,0.0,AMAZON,AMZN
2023-03-22 00:00:00-04:00,100.44999694824219,102.0999984741211,98.61000061035156,98.69999694824219,57475400,0.0,0.0,AMAZON,AMZN
2023-03-23 00:00:00-04:00,100.43000030517578,101.05999755859375,97.62000274658203,98.70999908447266,57559300,0.0,0.0,AMAZON,AMZN
2023-03-24 00:00:00-04:00,98.06999969482422,98.30000305175781,96.4000015258789,98.12999725341797,56095400,0.0,0.0,AMAZON,AMZN
2023-03-27 00:00:00-04:00,99.06999969482422,99.33999633789062,97.08000183105469,98.04000091552734,46721300,0.0,0.0,AMAZON,AMZN
2023-03-28 00:00:00-04:00,98.11000061035156,98.44000244140625,96.29000091552734,97.23999786376953,38720100,0.0,0.0,AMAZON,AMZN
2023-03-29 00:00:00-04:00,98.69000244140625,100.41999816894531,98.55999755859375,100.25,49783300,0.0,0.0,AMAZON,AMZN
2023-03-30 00:00:00-04:00,101.55000305175781,103.04000091552734,101.01000213623047,102.0,53633400,0.0,0.0,AMAZON,AMZN
2023-03-31 00:00:00-04:00,102.16000366210938,103.48999786376953,101.94999694824219,103.29000091552734,56750300,0.0,0.0,AMAZON,AMZN
2023-04-03 00:00:00-04:00,102.30000305175781,103.29000091552734,101.43000030517578,102.41000366210938,41135700,0.0,0.0,AMAZON,AMZN
2023-04-04 00:00:00-04:00,102.75,104.19999694824219,102.11000061035156,103.94999694824219,48662500,0.0,0.0,AMAZON,AMZN
2023-04-05 00:00:00-04:00,103.91000366210938,103.91000366210938,100.75,101.0999984741211,45175400,0.0,0.0,AMAZON,AMZN
2023-04-06 00:00:00-04:00,100.75,102.37999725341797,99.80000305175781,102.05999755859375,43808000,0.0,0.0,AMAZON,AMZN
2023-04-10 00:00:00-04:00,100.95999908447266,102.19999694824219,99.56999969482422,102.16999816894531,37261200,0.0,0.0,AMAZON,AMZN
2023-04-11 00:00:00-04:00,100.80000305175781,101.0,99.01000213623047,99.91999816894531,60417800,0.0,0.0,AMAZON,AMZN
2023-04-12 00:00:00-04:00,100.4000015258789,100.51000213623047,97.70999908447266,97.83000183105469,56735000,0.0,0.0,AMAZON,AMZN
2023-04-13 00:00:00-04:00,98.94999694824219,102.56999969482422,98.70999908447266,102.4000015258789,67925100,0.0,0.0,AMAZON,AMZN
2023-04-14 00:00:00-04:00,102.06999969482422,103.19999694824219,101.11000061035156,102.51000213623047,51450500,0.0,0.0,AMAZON,AMZN
2023-04-17 00:00:00-04:00,103.16000366210938,103.7300033569336,101.58999633789062,102.73999786376953,39919500,0.0,0.0,AMAZON,AMZN
2023-04-18 00:00:00-04:00,103.94999694824219,104.19999694824219,101.5199966430664,102.30000305175781,39790500,0.0,0.0,AMAZON,AMZN
2023-04-19 00:00:00-04:00,101.58000183105469,105.12000274658203,101.38999938964844,104.30000305175781,58398900,0.0,0.0,AMAZON,AMZN
2023-04-20 00:00:00-04:00,103.52999877929688,105.25,103.20999908447266,103.80999755859375,57696900,0.0,0.0,AMAZON,AMZN
2023-04-21 00:00:00-04:00,106.0999984741211,108.1500015258789,105.08000183105469,106.95999908447266,86774200,0.0,0.0,AMAZON,AMZN
2023-04-24 00:00:00-04:00,107.66000366210938,109.2300033569336,105.06999969482422,106.20999908447266,69575600,0.0,0.0,AMAZON,AMZN
2023-04-25 00:00:00-04:00,104.91000366210938,105.44999694824219,102.44999694824219,102.56999969482422,65026800,0.0,0.0,AMAZON,AMZN
2023-04-26 00:00:00-04:00,105.04000091552734,106.62000274658203,104.0999984741211,104.9800033569336,73803800,0.0,0.0,AMAZON,AMZN
2023-04-27 00:00:00-04:00,108.16000366210938,110.86000061035156,106.80000305175781,109.81999969482422,149961200,0.0,0.0,AMAZON,AMZN
2023-04-28 00:00:00-04:00,107.7300033569336,109.4800033569336,104.33000183105469,105.44999694824219,130565000,0.0,0.0,AMAZON,AMZN
2023-05-01 00:00:00-04:00,104.94999694824219,105.2300033569336,101.81999969482422,102.05000305175781,74728100,0.0,0.0,AMAZON,AMZN
2023-05-02 00:00:00-04:00,101.47000122070312,103.9000015258789,101.1500015258789,103.62999725341797,73469400,0.0,0.0,AMAZON,AMZN
2023-05-03 00:00:00-04:00,103.73999786376953,105.95999908447266,103.27999877929688,103.6500015258789,65051900,0.0,0.0,AMAZON,AMZN
2023-05-04 00:00:00-04:00,104.04000091552734,105.38999938964844,103.30999755859375,104.0,45345500,0.0,0.0,AMAZON,AMZN
2023-05-05 00:00:00-04:00,104.2699966430664,105.76000213623047,103.55000305175781,105.66000366210938,56912900,0.0,0.0,AMAZON,AMZN
2023-05-08 00:00:00-04:00,105.04000091552734,106.0999984741211,104.69999694824219,105.83000183105469,49430900,0.0,0.0,AMAZON,AMZN
2023-05-09 00:00:00-04:00,105.4800033569336,106.79000091552734,105.16000366210938,106.62000274658203,44089400,0.0,0.0,AMAZON,AMZN
2023-05-10 00:00:00-04:00,108.0999984741211,110.66999816894531,108.05000305175781,110.19000244140625,78627600,0.0,0.0,AMAZON,AMZN
2023-05-11 00:00:00-04:00,111.02999877929688,113.27999877929688,110.48999786376953,112.18000030517578,74924800,0.0,0.0,AMAZON,AMZN
2023-05-12 00:00:00-04:00,112.16000366210938,112.63999938964844,109.31999969482422,110.26000213623047,49810100,0.0,0.0,AMAZON,AMZN
2023-05-15 00:00:00-04:00,111.1500015258789,112.29000091552734,109.25,111.19999694824219,53011100,0.0,0.0,AMAZON,AMZN
2023-05-16 00:00:00-04:00,111.05000305175781,114.79000091552734,111.05000305175781,113.4000015258789,71472900,0.0,0.0,AMAZON,AMZN
2023-05-17 00:00:00-04:00,114.88999938964844,115.83000183105469,114.22000122070312,115.5,65655200,0.0,0.0,AMAZON,AMZN
2023-05-18 00:00:00-04:00,116.69000244140625,118.5999984741211,116.33999633789062,118.1500015258789,73174100,0.0,0.0,AMAZON,AMZN
2023-05-19 00:00:00-04:00,118.16000366210938,118.30999755859375,115.69999694824219,116.25,54990200,0.0,0.0,AMAZON,AMZN
2023-05-22 00:00:00-04:00,116.7699966430664,116.7699966430664,114.25,115.01000213623047,70741100,0.0,0.0,AMAZON,AMZN
2023-05-23 00:00:00-04:00,114.2699966430664,117.13999938964844,113.77999877929688,114.98999786376953,67576300,0.0,0.0,AMAZON,AMZN
2023-05-24 00:00:00-04:00,115.3499984741211,117.33999633789062,115.0199966430664,116.75,63487900,0.0,0.0,AMAZON,AMZN
2023-05-25 00:00:00-04:00,116.62999725341797,116.87000274658203,114.30999755859375,115.0,66496700,0.0,0.0,AMAZON,AMZN
2023-05-26 00:00:00-04:00,116.04000091552734,121.5,116.0199966430664,120.11000061035156,96779900,0.0,0.0,AMAZON,AMZN
2023-05-30 00:00:00-04:00,122.37000274658203,122.91999816894531,119.86000061035156,121.66000366210938,64314800,0.0,0.0,AMAZON,AMZN
2023-05-31 00:00:00-04:00,121.44999694824219,122.04000091552734,119.16999816894531,120.58000183105469,72800800,0.0,0.0,AMAZON,AMZN
2023-06-01 00:00:00-04:00,120.69000244140625,123.48999786376953,119.93000030517578,122.7699966430664,54375100,0.0,0.0,AMAZON,AMZN
2023-06-02 00:00:00-04:00,124.91999816894531,126.38999938964844,124.0199966430664,124.25,61215000,0.0,0.0,AMAZON,AMZN
2023-06-05 00:00:00-04:00,123.36000061035156,125.80000305175781,123.02999877929688,125.30000305175781,47950100,0.0,0.0,AMAZON,AMZN
2023-06-06 00:00:00-04:00,125.06999969482422,127.4000015258789,125.0,126.61000061035156,45695200,0.0,0.0,AMAZON,AMZN
2023-06-07 00:00:00-04:00,127.01000213623047,127.37000274658203,120.62999725341797,121.2300033569336,95663300,0.0,0.0,AMAZON,AMZN
2023-06-08 00:00:00-04:00,123.01000213623047,125.62999725341797,122.26000213623047,124.25,62159300,0.0,0.0,AMAZON,AMZN
2023-06-09 00:00:00-04:00,124.08000183105469,125.80000305175781,123.19000244140625,123.43000030517578,51330000,0.0,0.0,AMAZON,AMZN
2023-06-12 00:00:00-04:00,124.0199966430664,126.77999877929688,123.52999877929688,126.56999969482422,51338000,0.0,0.0,AMAZON,AMZN
2023-06-13 00:00:00-04:00,128.1199951171875,128.41000366210938,125.18000030517578,126.66000366210938,50564800,0.0,0.0,AMAZON,AMZN
2023-06-14 00:00:00-04:00,126.69999694824219,126.94999694824219,124.12000274658203,126.41999816894531,52422500,0.0,0.0,AMAZON,AMZN
2023-06-15 00:00:00-04:00,125.20999908447266,127.69000244140625,124.31999969482422,127.11000061035156,60458500,0.0,0.0,AMAZON,AMZN
2023-06-16 00:00:00-04:00,127.70999908447266,127.9000015258789,125.30000305175781,125.48999786376953,84188100,0.0,0.0,AMAZON,AMZN
2023-06-20 00:00:00-04:00,124.97000122070312,127.25,124.5,125.77999877929688,56930100,0.0,0.0,AMAZON,AMZN
2023-06-21 00:00:00-04:00,125.63999938964844,126.7300033569336,123.8499984741211,124.83000183105469,52137700,0.0,0.0,AMAZON,AMZN
2023-06-22 00:00:00-04:00,125.30999755859375,130.3300018310547,125.13999938964844,130.14999389648438,90354600,0.0,0.0,AMAZON,AMZN
2023-06-23 00:00:00-04:00,129.11000061035156,130.83999633789062,128.27999877929688,129.3300018310547,71855200,0.0,0.0,AMAZON,AMZN
2023-06-26 00:00:00-04:00,129.3300018310547,131.49000549316406,127.0999984741211,127.33000183105469,59989300,0.0,0.0,AMAZON,AMZN
2023-06-27 00:00:00-04:00,128.6300048828125,130.08999633789062,127.55000305175781,129.17999267578125,46801000,0.0,0.0,AMAZON,AMZN
2023-06-28 00:00:00-04:00,128.94000244140625,131.47999572753906,128.44000244140625,129.0399932861328,52149500,0.0,0.0,AMAZON,AMZN
2023-06-29 00:00:00-04:00,128.77000427246094,129.25999450683594,127.26000213623047,127.9000015258789,40761000,0.0,0.0,AMAZON,AMZN
2023-06-30 00:00:00-04:00,129.47000122070312,131.25,128.9499969482422,130.36000061035156,54310500,0.0,0.0,AMAZON,AMZN
2023-07-03 00:00:00-04:00,130.82000732421875,131.85000610351562,130.07000732421875,130.22000122070312,28264800,0.0,0.0,AMAZON,AMZN
2023-07-05 00:00:00-04:00,130.24000549316406,131.39999389648438,129.63999938964844,130.3800048828125,35895400,0.0,0.0,AMAZON,AMZN
2023-07-06 00:00:00-04:00,128.25,128.72999572753906,127.37000274658203,128.36000061035156,40639900,0.0,0.0,AMAZON,AMZN
2023-07-07 00:00:00-04:00,128.58999633789062,130.97000122070312,128.1300048828125,129.77999877929688,41928700,0.0,0.0,AMAZON,AMZN
2023-07-10 00:00:00-04:00,129.07000732421875,129.27999877929688,125.91999816894531,127.12999725341797,61889300,0.0,0.0,AMAZON,AMZN
2023-07-11 00:00:00-04:00,127.75,129.77000427246094,127.3499984741211,128.77999877929688,49951500,0.0,0.0,AMAZON,AMZN
2023-07-12 00:00:00-04:00,130.30999755859375,131.25999450683594,128.8300018310547,130.8000030517578,54022800,0.0,0.0,AMAZON,AMZN
2023-07-13 00:00:00-04:00,134.0399932861328,134.6699981689453,132.7100067138672,134.3000030517578,61170900,0.0,0.0,AMAZON,AMZN
2023-07-14 00:00:00-04:00,134.05999755859375,136.64999389648438,134.05999755859375,134.67999267578125,54388100,0.0,0.0,AMAZON,AMZN
2023-07-17 00:00:00-04:00,134.55999755859375,135.6199951171875,133.2100067138672,133.55999755859375,48450200,0.0,0.0,AMAZON,AMZN
2023-07-18 00:00:00-04:00,132.7100067138672,133.86000061035156,131.35000610351562,132.8300018310547,54969100,0.0,0.0,AMAZON,AMZN
2023-07-19 00:00:00-04:00,133.38999938964844,135.99000549316406,132.52999877929688,135.36000061035156,54531000,0.0,0.0,AMAZON,AMZN
2023-07-20 00:00:00-04:00,134.07000732421875,134.7899932861328,129.3300018310547,129.9600067138672,59820600,0.0,0.0,AMAZON,AMZN
2023-07-21 00:00:00-04:00,131.33999633789062,131.3699951171875,128.4199981689453,130.0,133265000,0.0,0.0,AMAZON,AMZN
2023-07-24 00:00:00-04:00,130.30999755859375,131.66000366210938,128.35000610351562,128.8000030517578,45591100,0.0,0.0,AMAZON,AMZN
2023-07-25 00:00:00-04:00,129.30999755859375,129.5800018310547,128.52999877929688,129.1300048828125,39236700,0.0,0.0,AMAZON,AMZN
2023-07-26 00:00:00-04:00,126.51000213623047,129.0800018310547,126.11000061035156,128.14999389648438,53910100,0.0,0.0,AMAZON,AMZN
2023-07-27 00:00:00-04:00,131.0,132.6300048828125,127.79000091552734,128.25,52610700,0.0,0.0,AMAZON,AMZN
2023-07-28 00:00:00-04:00,129.69000244140625,133.00999450683594,129.3300018310547,132.2100067138672,46317400,0.0,0.0,AMAZON,AMZN
2023-07-31 00:00:00-04:00,133.1999969482422,133.8699951171875,132.3800048828125,133.67999267578125,41901500,0.0,0.0,AMAZON,AMZN
2023-08-01 00:00:00-04:00,133.5500030517578,133.69000244140625,131.6199951171875,131.69000244140625,42098500,0.0,0.0,AMAZON,AMZN
2023-08-02 00:00:00-04:00,130.14999389648438,130.22999572753906,126.81999969482422,128.2100067138672,51027600,0.0,0.0,AMAZON,AMZN
2023-08-03 00:00:00-04:00,127.4800033569336,129.83999633789062,126.41000366210938,128.91000366210938,88585200,0.0,0.0,AMAZON,AMZN
2023-08-04 00:00:00-04:00,141.05999755859375,143.6300048828125,139.32000732421875,139.57000732421875,152938700,0.0,0.0,AMAZON,AMZN
2023-08-07 00:00:00-04:00,140.99000549316406,142.5399932861328,138.9499969482422,142.22000122070312,71213100,0.0,0.0,AMAZON,AMZN
2023-08-08 00:00:00-04:00,140.6199951171875,140.83999633789062,138.4199981689453,139.94000244140625,51710500,0.0,0.0,AMAZON,AMZN
2023-08-09 00:00:00-04:00,139.97000122070312,140.32000732421875,137.10000610351562,137.85000610351562,50017300,0.0,0.0,AMAZON,AMZN
2023-08-10 00:00:00-04:00,139.07000732421875,140.41000366210938,137.49000549316406,138.55999755859375,58928400,0.0,0.0,AMAZON,AMZN
2023-08-11 00:00:00-04:00,137.39999389648438,139.3300018310547,137.0,138.41000366210938,42832100,0.0,0.0,AMAZON,AMZN
2023-08-14 00:00:00-04:00,138.3000030517578,140.58999633789062,137.75,140.57000732421875,47148700,0.0,0.0,AMAZON,AMZN
2023-08-15 00:00:00-04:00,140.0500030517578,141.27999877929688,137.22999572753906,137.6699981689453,42781500,0.0,0.0,AMAZON,AMZN
2023-08-16 00:00:00-04:00,137.19000244140625,137.27000427246094,135.00999450683594,135.07000732421875,41675900,0.0,0.0,AMAZON,AMZN
2023-08-17 00:00:00-04:00,135.4600067138672,136.08999633789062,133.52999877929688,133.97999572753906,48354100,0.0,0.0,AMAZON,AMZN
2023-08-18 00:00:00-04:00,131.6199951171875,134.07000732421875,131.14999389648438,133.22000122070312,48469400,0.0,0.0,AMAZON,AMZN
2023-08-21 00:00:00-04:00,133.74000549316406,135.19000244140625,132.7100067138672,134.67999267578125,41442500,0.0,0.0,AMAZON,AMZN
2023-08-22 00:00:00-04:00,135.0800018310547,135.64999389648438,133.72999572753906,134.25,32935100,0.0,0.0,AMAZON,AMZN
2023-08-23 00:00:00-04:00,134.5,135.9499969482422,133.22000122070312,135.52000427246094,42801000,0.0,0.0,AMAZON,AMZN
2023-08-24 00:00:00-04:00,136.39999389648438,136.77999877929688,131.8300018310547,131.83999633789062,43646300,0.0,0.0,AMAZON,AMZN
2023-08-25 00:00:00-04:00,132.47000122070312,133.8699951171875,130.5800018310547,133.25999450683594,44147500,0.0,0.0,AMAZON,AMZN
2023-08-28 00:00:00-04:00,133.77999877929688,133.9499969482422,131.85000610351562,133.13999938964844,34108400,0.0,0.0,AMAZON,AMZN
2023-08-29 00:00:00-04:00,133.3800048828125,135.13999938964844,133.25,134.91000366210938,38646100,0.0,0.0,AMAZON,AMZN
2023-08-30 00:00:00-04:00,134.92999267578125,135.67999267578125,133.9199981689453,135.07000732421875,36137000,0.0,0.0,AMAZON,AMZN
2023-08-31 00:00:00-04:00,135.05999755859375,138.7899932861328,135.0,138.00999450683594,58781300,0.0,0.0,AMAZON,AMZN
2023-09-01 00:00:00-04:00,139.4600067138672,139.9600067138672,136.8800048828125,138.1199951171875,40948300,0.0,0.0,AMAZON,AMZN
2023-09-05 00:00:00-04:00,137.72999572753906,137.8000030517578,135.82000732421875,137.27000427246094,40636700,0.0,0.0,AMAZON,AMZN
2023-09-06 00:00:00-04:00,136.32000732421875,137.4499969482422,134.61000061035156,135.36000061035156,41785500,0.0,0.0,AMAZON,AMZN
2023-09-07 00:00:00-04:00,133.89999389648438,138.02999877929688,133.16000366210938,137.85000610351562,48498900,0.0,0.0,AMAZON,AMZN
2023-09-08 00:00:00-04:00,136.86000061035156,138.85000610351562,136.75,138.22999572753906,38348200,0.0,0.0,AMAZON,AMZN
2023-09-11 00:00:00-04:00,138.75,143.6199951171875,138.63999938964844,143.10000610351562,56764500,0.0,0.0,AMAZON,AMZN
2023-09-12 00:00:00-04:00,142.32000732421875,143.0,140.61000061035156,141.22999572753906,42668500,0.0,0.0,AMAZON,AMZN
2023-09-13 00:00:00-04:00,140.9499969482422,144.97999572753906,140.8699951171875,144.85000610351562,60465200,0.0,0.0,AMAZON,AMZN
2023-09-14 00:00:00-04:00,145.0800018310547,145.86000061035156,142.9499969482422,144.72000122070312,64033600,0.0,0.0,AMAZON,AMZN
2023-09-15 00:00:00-04:00,142.69000244140625,143.57000732421875,140.08999633789062,140.38999938964844,102861700,0.0,0.0,AMAZON,AMZN
2023-09-18 00:00:00-04:00,140.47999572753906,141.75,139.22000122070312,139.97999572753906,42823500,0.0,0.0,AMAZON,AMZN
2023-09-19 00:00:00-04:00,138.6999969482422,138.83999633789062,135.55999755859375,137.6300048828125,61482500,0.0,0.0,AMAZON,AMZN
2023-09-20 00:00:00-04:00,138.5500030517578,139.3699951171875,135.1999969482422,135.2899932861328,46263700,0.0,0.0,AMAZON,AMZN
2023-09-21 00:00:00-04:00,131.94000244140625,132.24000549316406,129.30999755859375,129.3300018310547,70234800,0.0,0.0,AMAZON,AMZN
2023-09-22 00:00:00-04:00,131.11000061035156,132.02999877929688,128.52000427246094,129.1199951171875,59904300,0.0,0.0,AMAZON,AMZN
2023-09-25 00:00:00-04:00,129.36000061035156,131.77999877929688,128.77000427246094,131.27000427246094,46017800,0.0,0.0,AMAZON,AMZN
2023-09-26 00:00:00-04:00,130.1199951171875,130.38999938964844,125.27999877929688,125.9800033569336,73048200,0.0,0.0,AMAZON,AMZN
2023-09-27 00:00:00-04:00,125.76000213623047,127.4800033569336,124.12999725341797,125.9800033569336,66553400,0.0,0.0,AMAZON,AMZN
2023-09-28 00:00:00-04:00,124.04000091552734,126.58000183105469,123.04000091552734,125.9800033569336,54555000,0.0,0.0,AMAZON,AMZN
2023-09-29 00:00:00-04:00,128.1999969482422,129.14999389648438,126.31999969482422,127.12000274658203,62377600,0.0,0.0,AMAZON,AMZN
2023-10-02 00:00:00-04:00,127.27999877929688,130.47000122070312,126.54000091552734,129.4600067138672,48029700,0.0,0.0,AMAZON,AMZN
2023-10-03 00:00:00-04:00,128.05999755859375,128.52000427246094,124.25,124.72000122070312,51565000,0.0,0.0,AMAZON,AMZN
2023-10-04 00:00:00-04:00,126.05999755859375,127.36000061035156,125.68000030517578,127.0,44203900,0.0,0.0,AMAZON,AMZN
2023-10-05 00:00:00-04:00,126.70999908447266,126.7300033569336,124.33000183105469,125.95999908447266,39660600,0.0,0.0,AMAZON,AMZN
2023-10-06 00:00:00-04:00,124.16000366210938,128.4499969482422,124.12999725341797,127.95999908447266,46795900,0.0,0.0,AMAZON,AMZN
2023-10-09 00:00:00-04:00,126.22000122070312,128.7899932861328,124.76000213623047,128.25999450683594,38773700,0.0,0.0,AMAZON,AMZN
2023-10-10 00:00:00-04:00,128.82000732421875,130.74000549316406,128.0500030517578,129.47999572753906,42178600,0.0,0.0,AMAZON,AMZN
2023-10-11 00:00:00-04:00,129.74000549316406,132.0500030517578,129.61000061035156,131.8300018310547,40741800,0.0,0.0,AMAZON,AMZN
2023-10-12 00:00:00-04:00,132.1699981689453,134.47999572753906,131.22999572753906,132.3300018310547,55528600,0.0,0.0,AMAZON,AMZN
2023-10-13 00:00:00-04:00,132.97999572753906,133.30999755859375,128.9499969482422,129.7899932861328,45786600,0.0,0.0,AMAZON,AMZN
2023-10-16 00:00:00-04:00,130.69000244140625,133.07000732421875,130.42999267578125,132.5500030517578,42832900,0.0,0.0,AMAZON,AMZN
2023-10-17 00:00:00-04:00,130.38999938964844,132.5800018310547,128.7100067138672,131.47000122070312,49344600,0.0,0.0,AMAZON,AMZN
2023-10-18 00:00:00-04:00,129.89999389648438,130.6699981689453,127.51000213623047,128.1300048828125,42699500,0.0,0.0,AMAZON,AMZN
2023-10-19 00:00:00-04:00,130.57000732421875,132.24000549316406,127.47000122070312,128.39999389648438,60961400,0.0,0.0,AMAZON,AMZN
2023-10-20 00:00:00-04:00,128.0500030517578,128.1699981689453,124.97000122070312,125.16999816894531,56343300,0.0,0.0,AMAZON,AMZN
2023-10-23 00:00:00-04:00,124.62999725341797,127.87999725341797,123.9800033569336,126.55999755859375,48260000,0.0,0.0,AMAZON,AMZN
2023-10-24 00:00:00-04:00,127.73999786376953,128.8000030517578,126.33999633789062,128.55999755859375,46477400,0.0,0.0,AMAZON,AMZN
2023-10-25 00:00:00-04:00,126.04000091552734,126.33999633789062,120.79000091552734,121.38999938964844,74577500,0.0,0.0,AMAZON,AMZN
2023-10-26 00:00:00-04:00,120.62999725341797,121.63999938964844,118.3499984741211,119.56999969482422,100419500,0.0,0.0,AMAZON,AMZN
2023-10-27 00:00:00-04:00,126.19999694824219,130.02000427246094,125.5199966430664,127.73999786376953,125309300,0.0,0.0,AMAZON,AMZN
2023-10-30 00:00:00-04:00,129.72000122070312,133.0,128.55999755859375,132.7100067138672,72485500,0.0,0.0,AMAZON,AMZN
2023-10-31 00:00:00-04:00,132.75,133.57000732421875,131.7100067138672,133.08999633789062,51589400,0.0,0.0,AMAZON,AMZN
2023-11-01 00:00:00-04:00,133.9600067138672,137.35000610351562,133.7100067138672,137.0,61529400,0.0,0.0,AMAZON,AMZN
2023-11-02 00:00:00-04:00,138.72999572753906,138.80999755859375,136.47000122070312,138.07000732421875,52236700,0.0,0.0,AMAZON,AMZN
2023-11-03 00:00:00-04:00,138.99000549316406,139.49000549316406,137.4499969482422,138.60000610351562,44007200,0.0,0.0,AMAZON,AMZN
2023-11-06 00:00:00-05:00,138.75999450683594,140.72999572753906,138.36000061035156,139.74000549316406,44970400,0.0,0.0,AMAZON,AMZN
2023-11-07 00:00:00-05:00,140.5500030517578,143.3699951171875,140.5,142.7100067138672,53553500,0.0,0.0,AMAZON,AMZN
2023-11-08 00:00:00-05:00,142.97000122070312,143.1199951171875,141.22000122070312,142.0800018310547,44521700,0.0,0.0,AMAZON,AMZN
2023-11-09 00:00:00-05:00,142.02000427246094,142.64999389648438,139.83999633789062,140.60000610351562,36235400,0.0,0.0,AMAZON,AMZN
2023-11-10 00:00:00-05:00,140.4600067138672,143.64999389648438,139.91000366210938,143.55999755859375,49287800,0.0,0.0,AMAZON,AMZN
2023-11-13 00:00:00-05:00,142.0800018310547,143.22999572753906,140.6699981689453,142.58999633789062,35680600,0.0,0.0,AMAZON,AMZN
2023-11-14 00:00:00-05:00,145.0,147.25999450683594,144.67999267578125,145.8000030517578,56674600,0.0,0.0,AMAZON,AMZN
2023-11-15 00:00:00-05:00,147.05999755859375,147.2899932861328,142.58999633789062,143.1999969482422,63875700,0.0,0.0,AMAZON,AMZN
2023-11-16 00:00:00-05:00,140.91000366210938,143.32000732421875,139.52000427246094,142.8300018310547,49653500,0.0,0.0,AMAZON,AMZN
2023-11-17 00:00:00-05:00,142.66000366210938,145.22999572753906,142.5399932861328,145.17999267578125,49636700,0.0,0.0,AMAZON,AMZN
2023-11-20 00:00:00-05:00,145.1300048828125,146.6300048828125,144.72999572753906,146.1300048828125,41951200,0.0,0.0,AMAZON,AMZN
2023-11-21 00:00:00-05:00,143.91000366210938,144.0500030517578,141.5,143.89999389648438,71226000,0.0,0.0,AMAZON,AMZN
2023-11-22 00:00:00-05:00,144.57000732421875,147.74000549316406,144.57000732421875,146.7100067138672,45669100,0.0,0.0,AMAZON,AMZN
2023-11-24 00:00:00-05:00,146.6999969482422,147.1999969482422,145.32000732421875,146.74000549316406,22378400,0.0,0.0,AMAZON,AMZN
2023-11-27 00:00:00-05:00,147.52999877929688,149.25999450683594,146.8800048828125,147.72999572753906,53762400,0.0,0.0,AMAZON,AMZN
2023-11-28 00:00:00-05:00,146.97999572753906,147.60000610351562,145.52999877929688,147.02999877929688,42711700,0.0,0.0,AMAZON,AMZN
2023-11-29 00:00:00-05:00,147.85000610351562,148.5399932861328,145.97000122070312,146.32000732421875,40610900,0.0,0.0,AMAZON,AMZN
2023-11-30 00:00:00-05:00,144.75999450683594,146.92999267578125,144.3300018310547,146.08999633789062,65814000,0.0,0.0,AMAZON,AMZN
2023-12-01 00:00:00-05:00,146.0,147.25,145.5500030517578,147.02999877929688,39924600,0.0,0.0,AMAZON,AMZN
2023-12-04 00:00:00-05:00,145.25,145.35000610351562,142.80999755859375,144.83999633789062,48294200,0.0,0.0,AMAZON,AMZN
2023-12-05 00:00:00-05:00,143.5500030517578,148.57000732421875,143.1300048828125,146.8800048828125,46822400,0.0,0.0,AMAZON,AMZN
2023-12-06 00:00:00-05:00,147.5800018310547,147.85000610351562,144.27999877929688,144.52000427246094,39679000,0.0,0.0,AMAZON,AMZN
2023-12-07 00:00:00-05:00,146.14999389648438,147.9199981689453,145.33999633789062,146.8800048828125,52352800,0.0,0.0,AMAZON,AMZN
2023-12-08 00:00:00-05:00,145.47999572753906,147.83999633789062,145.39999389648438,147.4199981689453,41858000,0.0,0.0,AMAZON,AMZN
2023-12-11 00:00:00-05:00,145.66000366210938,146.19000244140625,143.63999938964844,145.88999938964844,50907300,0.0,0.0,AMAZON,AMZN
2023-12-12 00:00:00-05:00,145.52000427246094,147.5,145.3000030517578,147.47999572753906,44944300,0.0,0.0,AMAZON,AMZN
2023-12-13 00:00:00-05:00,148.1199951171875,149.4600067138672,146.82000732421875,148.83999633789062,52766200,0.0,0.0,AMAZON,AMZN
2023-12-14 00:00:00-05:00,149.92999267578125,150.5399932861328,145.52000427246094,147.4199981689453,58400800,0.0,0.0,AMAZON,AMZN
2023-12-15 00:00:00-05:00,148.3800048828125,150.57000732421875,147.8800048828125,149.97000122070312,110039100,0.0,0.0,AMAZON,AMZN
2023-12-18 00:00:00-05:00,150.55999755859375,154.85000610351562,150.0500030517578,154.07000732421875,62512800,0.0,0.0,AMAZON,AMZN
2023-12-19 00:00:00-05:00,154.39999389648438,155.1199951171875,152.69000244140625,153.7899932861328,43171300,0.0,0.0,AMAZON,AMZN
2023-12-20 00:00:00-05:00,152.89999389648438,155.6300048828125,151.55999755859375,152.1199951171875,50322100,0.0,0.0,AMAZON,AMZN
2023-12-21 00:00:00-05:00,153.3000030517578,153.97000122070312,152.10000610351562,153.83999633789062,36305700,0.0,0.0,AMAZON,AMZN
2023-12-22 00:00:00-05:00,153.77000427246094,154.35000610351562,152.7100067138672,153.4199981689453,29480100,0.0,0.0,AMAZON,AMZN
2023-12-26 00:00:00-05:00,153.55999755859375,153.97999572753906,153.02999877929688,153.41000366210938,25067200,0.0,0.0,AMAZON,AMZN
2023-12-27 00:00:00-05:00,153.55999755859375,154.77999877929688,153.1199951171875,153.33999633789062,31434700,0.0,0.0,AMAZON,AMZN
2023-12-28 00:00:00-05:00,153.72000122070312,154.0800018310547,152.9499969482422,153.3800048828125,27057000,0.0,0.0,AMAZON,AMZN
2023-12-29 00:00:00-05:00,153.10000610351562,153.88999938964844,151.02999877929688,151.94000244140625,39789000,0.0,0.0,AMAZON,AMZN
2024-01-02 00:00:00-05:00,151.5399932861328,152.3800048828125,148.38999938964844,149.92999267578125,47339400,0.0,0.0,AMAZON,AMZN
2024-01-03 00:00:00-05:00,149.1999969482422,151.0500030517578,148.3300018310547,148.47000122070312,49425500,0.0,0.0,AMAZON,AMZN
2024-01-04 00:00:00-05:00,145.58999633789062,147.3800048828125,144.0500030517578,144.57000732421875,56039800,0.0,0.0,AMAZON,AMZN
2024-01-05 00:00:00-05:00,144.69000244140625,146.58999633789062,144.52999877929688,145.24000549316406,45124800,0.0,0.0,AMAZON,AMZN
2024-01-08 00:00:00-05:00,146.74000549316406,149.39999389648438,146.14999389648438,149.10000610351562,46757100,0.0,0.0,AMAZON,AMZN
2024-01-09 00:00:00-05:00,148.3300018310547,151.7100067138672,148.2100067138672,151.3699951171875,43812600,0.0,0.0,AMAZON,AMZN
2024-01-10 00:00:00-05:00,152.05999755859375,154.4199981689453,151.8800048828125,153.72999572753906,44421800,0.0,0.0,AMAZON,AMZN
2024-01-11 00:00:00-05:00,155.0399932861328,157.1699981689453,153.1199951171875,155.17999267578125,49072700,0.0,0.0,AMAZON,AMZN
2024-01-12 00:00:00-05:00,155.38999938964844,156.1999969482422,154.00999450683594,154.6199951171875,40460300,0.0,0.0,AMAZON,AMZN
2024-01-16 00:00:00-05:00,153.52999877929688,154.99000549316406,152.14999389648438,153.16000366210938,41384600,0.0,0.0,AMAZON,AMZN
2024-01-17 00:00:00-05:00,151.49000549316406,152.14999389648438,149.91000366210938,151.7100067138672,34953400,0.0,0.0,AMAZON,AMZN
2024-01-18 00:00:00-05:00,152.77000427246094,153.77999877929688,151.82000732421875,153.5,37850200,0.0,0.0,AMAZON,AMZN
2024-01-19 00:00:00-05:00,153.8300018310547,155.75999450683594,152.74000549316406,155.33999633789062,51033700,0.0,0.0,AMAZON,AMZN
2024-01-22 00:00:00-05:00,156.88999938964844,157.0500030517578,153.89999389648438,154.77999877929688,43687500,0.0,0.0,AMAZON,AMZN
2024-01-23 00:00:00-05:00,154.85000610351562,156.2100067138672,153.92999267578125,156.02000427246094,37986000,0.0,0.0,AMAZON,AMZN
2024-01-24 00:00:00-05:00,157.8000030517578,158.50999450683594,156.47999572753906,156.8699951171875,48547300,0.0,0.0,AMAZON,AMZN
2024-01-25 00:00:00-05:00,156.9499969482422,158.50999450683594,154.5500030517578,157.75,43638600,0.0,0.0,AMAZON,AMZN
2024-01-26 00:00:00-05:00,158.4199981689453,160.72000122070312,157.91000366210938,159.1199951171875,51047400,0.0,0.0,AMAZON,AMZN
2024-01-29 00:00:00-05:00,159.33999633789062,161.2899932861328,158.89999389648438,161.25999450683594,45270400,0.0,0.0,AMAZON,AMZN
2024-01-30 00:00:00-05:00,160.6999969482422,161.72999572753906,158.49000549316406,159.0,45207400,0.0,0.0,AMAZON,AMZN
2024-01-31 00:00:00-05:00,157.0,159.00999450683594,154.80999755859375,155.1999969482422,50284400,0.0,0.0,AMAZON,AMZN
2024-02-01 00:00:00-05:00,155.8699951171875,159.75999450683594,155.6199951171875,159.27999877929688,76542400,0.0,0.0,AMAZON,AMZN
2024-02-02 00:00:00-05:00,169.19000244140625,172.5,167.3300018310547,171.80999755859375,117154900,0.0,0.0,AMAZON,AMZN
2024-02-05 00:00:00-05:00,170.1999969482422,170.5500030517578,167.6999969482422,170.30999755859375,55081300,0.0,0.0,AMAZON,AMZN
2024-02-06 00:00:00-05:00,169.38999938964844,170.7100067138672,167.64999389648438,169.14999389648438,42505500,0.0,0.0,AMAZON,AMZN
2024-02-07 00:00:00-05:00,169.47999572753906,170.8800048828125,168.94000244140625,170.52999877929688,47174100,0.0,0.0,AMAZON,AMZN
2024-02-08 00:00:00-05:00,169.64999389648438,171.42999267578125,168.8800048828125,169.83999633789062,42316500,0.0,0.0,AMAZON,AMZN
2024-02-09 00:00:00-05:00,170.89999389648438,175.0,170.5800018310547,174.4499969482422,56986000,0.0,0.0,AMAZON,AMZN
2024-02-12 00:00:00-05:00,174.8000030517578,175.38999938964844,171.5399932861328,172.33999633789062,51050400,0.0,0.0,AMAZON,AMZN
2024-02-13 00:00:00-05:00,167.72999572753906,170.9499969482422,165.75,168.63999938964844,56345100,0.0,0.0,AMAZON,AMZN
2024-02-14 00:00:00-05:00,169.2100067138672,171.2100067138672,168.27999877929688,170.97999572753906,42815500,0.0,0.0,AMAZON,AMZN
2024-02-15 00:00:00-05:00,170.5800018310547,171.1699981689453,167.58999633789062,169.8000030517578,49855200,0.0,0.0,AMAZON,AMZN
2024-02-16 00:00:00-05:00,168.74000549316406,170.4199981689453,167.1699981689453,169.50999450683594,48074600,0.0,0.0,AMAZON,AMZN
2024-02-20 00:00:00-05:00,167.8300018310547,168.7100067138672,165.74000549316406,167.0800018310547,41980300,0.0,0.0,AMAZON,AMZN
2024-02-21 00:00:00-05:00,168.94000244140625,170.22999572753906,167.13999938964844,168.58999633789062,44575600,0.0,0.0,AMAZON,AMZN
2024-02-22 00:00:00-05:00,173.10000610351562,174.8000030517578,171.77000427246094,174.5800018310547,55392400,0.0,0.0,AMAZON,AMZN
2024-02-23 00:00:00-05:00,174.27999877929688,175.75,173.6999969482422,174.99000549316406,59715200,0.0,0.0,AMAZON,AMZN
2024-02-26 00:00:00-05:00,175.6999969482422,176.3699951171875,174.25999450683594,174.72999572753906,44368600,0.0,0.0,AMAZON,AMZN
2024-02-27 00:00:00-05:00,174.0800018310547,174.6199951171875,172.86000061035156,173.5399932861328,31141700,0.0,0.0,AMAZON,AMZN
2024-02-28 00:00:00-05:00,172.44000244140625,174.0500030517578,172.27000427246094,173.16000366210938,28180500,0.0,0.0,AMAZON,AMZN
2024-02-29 00:00:00-05:00,173.00999450683594,177.22000122070312,172.85000610351562,176.75999450683594,53805400,0.0,0.0,AMAZON,AMZN
2024-03-01 00:00:00-05:00,176.75,178.72999572753906,176.07000732421875,178.22000122070312,31956200,0.0,0.0,AMAZON,AMZN
2024-03-04 00:00:00-05:00,177.52999877929688,180.13999938964844,177.49000549316406,177.5800018310547,37381500,0.0,0.0,AMAZON,AMZN
2024-03-05 00:00:00-05:00,176.92999267578125,176.92999267578125,173.3000030517578,174.1199951171875,37228300,0.0,0.0,AMAZON,AMZN
2024-03-06 00:00:00-05:00,175.5399932861328,176.4600067138672,173.25999450683594,173.50999450683594,32090900,0.0,0.0,AMAZON,AMZN
2024-03-07 00:00:00-05:00,174.8300018310547,177.99000549316406,173.72000122070312,176.82000732421875,34063300,0.0,0.0,AMAZON,AMZN
2024-03-08 00:00:00-05:00,176.44000244140625,178.7899932861328,174.3300018310547,175.35000610351562,37853500,0.0,0.0,AMAZON,AMZN
2024-03-11 00:00:00-04:00,174.30999755859375,174.47000122070312,171.47000122070312,171.9600067138672,28484800,0.0,0.0,AMAZON,AMZN
2024-03-12 00:00:00-04:00,173.5,176.75999450683594,171.97999572753906,175.38999938964844,36610600,0.0,0.0,AMAZON,AMZN
2024-03-13 00:00:00-04:00,175.89999389648438,177.6199951171875,175.5500030517578,176.55999755859375,30772600,0.0,0.0,AMAZON,AMZN
2024-03-14 00:00:00-04:00,177.69000244140625,179.52999877929688,176.47000122070312,178.75,43705800,0.0,0.0,AMAZON,AMZN
2024-03-15 00:00:00-04:00,176.63999938964844,177.92999267578125,173.89999389648438,174.4199981689453,72115500,0.0,0.0,AMAZON,AMZN
2024-03-18 00:00:00-04:00,175.8000030517578,176.69000244140625,174.27999877929688,174.47999572753906,31250700,0.0,0.0,AMAZON,AMZN
2024-03-19 00:00:00-04:00,174.22000122070312,176.08999633789062,173.52000427246094,175.89999389648438,26880900,0.0,0.0,AMAZON,AMZN
2024-03-20 00:00:00-04:00,176.13999938964844,178.52999877929688,174.63999938964844,178.14999389648438,29947200,0.0,0.0,AMAZON,AMZN
2024-03-21 00:00:00-04:00,179.99000549316406,181.4199981689453,178.14999389648438,178.14999389648438,32824300,0.0,0.0,AMAZON,AMZN
2024-03-22 00:00:00-04:00,177.75,179.25999450683594,176.75,178.8699951171875,27964100,0.0,0.0,AMAZON,AMZN
2024-03-25 00:00:00-04:00,178.00999450683594,180.99000549316406,177.24000549316406,179.7100067138672,29815500,0.0,0.0,AMAZON,AMZN
2024-03-26 00:00:00-04:00,180.14999389648438,180.4499969482422,177.9499969482422,178.3000030517578,29659000,0.0,0.0,AMAZON,AMZN
2024-03-27 00:00:00-04:00,179.8800048828125,180.0,177.30999755859375,179.8300018310547,33272600,0.0,0.0,AMAZON,AMZN
2024-03-28 00:00:00-04:00,180.1699981689453,181.6999969482422,179.25999450683594,180.3800048828125,38051600,0.0,0.0,AMAZON,AMZN
2024-04-01 00:00:00-04:00,180.7899932861328,183.0,179.9499969482422,180.97000122070312,29174500,0.0,0.0,AMAZON,AMZN
2024-04-02 00:00:00-04:00,179.07000732421875,180.7899932861328,178.3800048828125,180.69000244140625,32611500,0.0,0.0,AMAZON,AMZN
2024-04-03 00:00:00-04:00,179.89999389648438,182.8699951171875,179.8000030517578,182.41000366210938,31046600,0.0,0.0,AMAZON,AMZN
2024-04-04 00:00:00-04:00,184.0,185.10000610351562,180.0,180.0,41624300,0.0,0.0,AMAZON,AMZN
2024-04-05 00:00:00-04:00,182.3800048828125,186.27000427246094,181.97000122070312,185.07000732421875,42335200,0.0,0.0,AMAZON,AMZN
2024-04-08 00:00:00-04:00,186.89999389648438,187.2899932861328,184.80999755859375,185.19000244140625,39221300,0.0,0.0,AMAZON,AMZN
2024-04-09 00:00:00-04:00,187.24000549316406,187.33999633789062,184.1999969482422,185.6699981689453,36546900,0.0,0.0,AMAZON,AMZN
2024-04-10 00:00:00-04:00,182.77000427246094,186.27000427246094,182.6699981689453,185.9499969482422,35879200,0.0,0.0,AMAZON,AMZN
2024-04-11 00:00:00-04:00,186.74000549316406,189.77000427246094,185.50999450683594,189.0500030517578,40020700,0.0,0.0,AMAZON,AMZN
2024-04-12 00:00:00-04:00,187.72000122070312,188.3800048828125,185.0800018310547,186.1300048828125,38554300,0.0,0.0,AMAZON,AMZN
2024-04-15 00:00:00-04:00,187.42999267578125,188.69000244140625,183.0,183.6199951171875,48052400,0.0,0.0,AMAZON,AMZN
2024-04-16 00:00:00-04:00,183.27000427246094,184.8300018310547,182.25999450683594,183.32000732421875,32891300,0.0,0.0,AMAZON,AMZN
2024-04-17 00:00:00-04:00,184.30999755859375,184.57000732421875,179.82000732421875,181.27999877929688,31359700,0.0,0.0,AMAZON,AMZN
2024-04-18 00:00:00-04:00,181.47000122070312,182.38999938964844,178.64999389648438,179.22000122070312,30723800,0.0,0.0,AMAZON,AMZN
2024-04-19 00:00:00-04:00,178.74000549316406,179.0,173.44000244140625,174.6300048828125,55950000,0.0,0.0,AMAZON,AMZN
2024-04-22 00:00:00-04:00,176.94000244140625,178.8699951171875,174.55999755859375,177.22999572753906,37924900,0.0,0.0,AMAZON,AMZN
2024-04-23 00:00:00-04:00,178.0800018310547,179.92999267578125,175.97999572753906,179.5399932861328,37046500,0.0,0.0,AMAZON,AMZN
2024-04-24 00:00:00-04:00,179.94000244140625,180.32000732421875,176.17999267578125,176.58999633789062,34185100,0.0,0.0,AMAZON,AMZN
2024-04-25 00:00:00-04:00,169.67999267578125,173.9199981689453,166.32000732421875,173.6699981689453,49249400,0.0,0.0,AMAZON,AMZN
2024-04-26 00:00:00-04:00,177.8000030517578,180.82000732421875,176.1300048828125,179.6199951171875,43919800,0.0,0.0,AMAZON,AMZN
2024-04-29 00:00:00-04:00,182.75,183.52999877929688,179.38999938964844,180.9600067138672,54063900,0.0,0.0,AMAZON,AMZN
2024-04-30 00:00:00-04:00,181.08999633789062,182.99000549316406,174.8000030517578,175.0,94639800,0.0,0.0,AMAZON,AMZN
2024-05-01 00:00:00-04:00,181.63999938964844,185.14999389648438,176.55999755859375,179.0,94645100,0.0,0.0,AMAZON,AMZN
2024-05-02 00:00:00-04:00,180.85000610351562,185.10000610351562,179.91000366210938,184.72000122070312,54303500,0.0,0.0,AMAZON,AMZN
2024-05-03 00:00:00-04:00,186.99000549316406,187.8699951171875,185.4199981689453,186.2100067138672,39172000,0.0,0.0,AMAZON,AMZN
2024-05-06 00:00:00-04:00,186.27999877929688,188.75,184.8000030517578,188.6999969482422,34725300,0.0,0.0,AMAZON,AMZN
2024-05-07 00:00:00-04:00,188.9199981689453,189.94000244140625,187.30999755859375,188.75999450683594,34048900,0.0,0.0,AMAZON,AMZN
2024-05-08 00:00:00-04:00,187.44000244140625,188.42999267578125,186.38999938964844,188.0,26136400,0.0,0.0,AMAZON,AMZN
2024-05-09 00:00:00-04:00,188.8800048828125,191.6999969482422,187.44000244140625,189.5,43368400,0.0,0.0,AMAZON,AMZN
2024-05-10 00:00:00-04:00,189.16000366210938,189.88999938964844,186.92999267578125,187.47999572753906,34141800,0.0,0.0,AMAZON,AMZN
2024-05-13 00:00:00-04:00,188.0,188.30999755859375,185.36000061035156,186.57000732421875,24898600,0.0,0.0,AMAZON,AMZN
2024-05-14 00:00:00-04:00,183.82000732421875,187.72000122070312,183.4499969482422,187.07000732421875,38698200,0.0,0.0,AMAZON,AMZN
2024-05-15 00:00:00-04:00,185.97000122070312,186.72000122070312,182.72999572753906,185.99000549316406,75459900,0.0,0.0,AMAZON,AMZN
2024-05-16 00:00:00-04:00,185.60000610351562,187.30999755859375,183.4600067138672,183.6300048828125,38834500,0.0,0.0,AMAZON,AMZN
2024-05-17 00:00:00-04:00,183.75999450683594,185.3000030517578,183.35000610351562,184.6999969482422,33175700,0.0,0.0,AMAZON,AMZN
2024-05-20 00:00:00-04:00,184.33999633789062,186.6699981689453,183.27999877929688,183.5399932861328,30511800,0.0,0.0,AMAZON,AMZN
2024-05-21 00:00:00-04:00,182.3000030517578,183.25999450683594,180.75,183.14999389648438,50839100,0.0,0.0,AMAZON,AMZN
2024-05-22 00:00:00-04:00,183.8800048828125,185.22000122070312,181.97000122070312,183.1300048828125,28148800,0.0,0.0,AMAZON,AMZN
2024-05-23 00:00:00-04:00,183.66000366210938,184.75999450683594,180.0800018310547,181.0500030517578,33670200,0.0,0.0,AMAZON,AMZN
2024-05-24 00:00:00-04:00,181.64999389648438,182.44000244140625,180.3000030517578,180.75,27434100,0.0,0.0,AMAZON,AMZN
2024-05-28 00:00:00-04:00,179.92999267578125,182.24000549316406,179.49000549316406,182.14999389648438,29927000,0.0,0.0,AMAZON,AMZN
2024-05-29 00:00:00-04:00,181.6999969482422,184.0800018310547,181.5500030517578,182.02000427246094,32009300,0.0,0.0,AMAZON,AMZN
2024-05-30 00:00:00-04:00,181.30999755859375,181.33999633789062,178.36000061035156,179.32000732421875,29249200,0.0,0.0,AMAZON,AMZN
2024-05-31 00:00:00-04:00,178.3000030517578,179.2100067138672,173.8699951171875,176.44000244140625,58903900,0.0,0.0,AMAZON,AMZN
2024-06-03 00:00:00-04:00,177.6999969482422,178.6999969482422,175.9199981689453,178.33999633789062,30786600,0.0,0.0,AMAZON,AMZN
2024-06-04 00:00:00-04:00,177.63999938964844,179.82000732421875,176.44000244140625,179.33999633789062,27198400,0.0,0.0,AMAZON,AMZN
2024-06-05 00:00:00-04:00,180.10000610351562,181.5,178.75,181.27999877929688,32116400,0.0,0.0,AMAZON,AMZN
2024-06-06 00:00:00-04:00,181.75,185.0,181.49000549316406,185.0,31371200,0.0,0.0,AMAZON,AMZN
2024-06-07 00:00:00-04:00,184.89999389648438,186.2899932861328,183.36000061035156,184.3000030517578,28021500,0.0,0.0,AMAZON,AMZN
2024-06-10 00:00:00-04:00,184.07000732421875,187.22999572753906,183.7899932861328,187.05999755859375,34494500,0.0,0.0,AMAZON,AMZN
2024-06-11 00:00:00-04:00,187.05999755859375,187.77000427246094,184.5399932861328,187.22999572753906,27265100,0.0,0.0,AMAZON,AMZN
2024-06-12 00:00:00-04:00,188.02000427246094,188.35000610351562,185.42999267578125,186.88999938964844,33984200,0.0,0.0,AMAZON,AMZN
2024-06-13 00:00:00-04:00,186.08999633789062,187.6699981689453,182.6699981689453,183.8300018310547,39721500,0.0,0.0,AMAZON,AMZN
2024-06-14 00:00:00-04:00,183.0800018310547,183.72000122070312,182.22999572753906,183.66000366210938,25456400,0.0,0.0,AMAZON,AMZN
2024-06-17 00:00:00-04:00,182.52000427246094,185.0,181.22000122070312,184.05999755859375,35601900,0.0,0.0,AMAZON,AMZN
2024-06-18 00:00:00-04:00,183.74000549316406,184.2899932861328,181.42999267578125,182.80999755859375,36659200,0.0,0.0,AMAZON,AMZN
2024-06-20 00:00:00-04:00,182.91000366210938,186.50999450683594,182.72000122070312,186.10000610351562,44726800,0.0,0.0,AMAZON,AMZN
2024-06-21 00:00:00-04:00,187.8000030517578,189.27999877929688,185.86000061035156,189.0800018310547,72931800,0.0,0.0,AMAZON,AMZN
2024-06-24 00:00:00-04:00,189.3300018310547,191.0,185.3300018310547,185.57000732421875,50610400,0.0,0.0,AMAZON,AMZN
2024-06-25 00:00:00-04:00,186.80999755859375,188.83999633789062,185.4199981689453,186.33999633789062,45898500,0.0,0.0,AMAZON,AMZN
2024-06-26 00:00:00-04:00,186.9199981689453,194.8000030517578,186.25999450683594,193.61000061035156,65103900,0.0,0.0,AMAZON,AMZN
2024-06-27 00:00:00-04:00,195.00999450683594,199.83999633789062,194.1999969482422,197.85000610351562,74397500,0.0,0.0,AMAZON,AMZN
2024-06-28 00:00:00-04:00,197.72999572753906,198.85000610351562,192.5,193.25,76930200,0.0,0.0,AMAZON,AMZN
2024-07-01 00:00:00-04:00,193.49000549316406,198.3000030517578,192.82000732421875,197.1999969482422,41192000,0.0,0.0,AMAZON,AMZN
2024-07-02 00:00:00-04:00,197.27999877929688,200.42999267578125,195.92999267578125,200.0,45600000,0.0,0.0,AMAZON,AMZN
2024-07-03 00:00:00-04:00,199.94000244140625,200.02999877929688,196.75999450683594,197.58999633789062,31597900,0.0,0.0,AMAZON,AMZN
2024-07-05 00:00:00-04:00,198.64999389648438,200.5500030517578,198.1699981689453,200.0,39858900,0.0,0.0,AMAZON,AMZN
2024-07-08 00:00:00-04:00,200.0399932861328,201.1999969482422,197.9600067138672,199.2899932861328,34767300,0.0,0.0,AMAZON,AMZN
2024-07-09 00:00:00-04:00,199.39999389648438,200.57000732421875,199.0500030517578,199.33999633789062,32700100,0.0,0.0,AMAZON,AMZN
2024-07-10 00:00:00-04:00,200.0,200.11000061035156,197.69000244140625,199.7899932861328,32883800,0.0,0.0,AMAZON,AMZN
2024-07-11 00:00:00-04:00,200.08999633789062,200.27000427246094,192.86000061035156,195.0500030517578,44565000,0.0,0.0,AMAZON,AMZN
2024-07-12 00:00:00-04:00,194.8000030517578,196.47000122070312,193.8300018310547,194.49000549316406,30598500,0.0,0.0,AMAZON,AMZN
2024-07-15 00:00:00-04:00,194.55999755859375,196.19000244140625,190.8300018310547,192.72000122070312,40683200,0.0,0.0,AMAZON,AMZN
2024-07-16 00:00:00-04:00,195.58999633789062,196.6199951171875,192.24000549316406,193.02000427246094,33994700,0.0,0.0,AMAZON,AMZN
2024-07-17 00:00:00-04:00,191.35000610351562,191.5800018310547,185.99000549316406,187.92999267578125,48076100,0.0,0.0,AMAZON,AMZN
2024-07-18 00:00:00-04:00,189.58999633789062,189.67999267578125,181.4499969482422,183.75,51043600,0.0,0.0,AMAZON,AMZN
2024-07-19 00:00:00-04:00,181.13999938964844,184.92999267578125,180.11000061035156,183.1300048828125,43081800,0.0,0.0,AMAZON,AMZN
2024-07-22 00:00:00-04:00,185.0,185.05999755859375,182.47999572753906,182.5500030517578,39931900,0.0,0.0,AMAZON,AMZN
2024-07-23 00:00:00-04:00,184.10000610351562,189.38999938964844,183.55999755859375,186.41000366210938,47537700,0.0,0.0,AMAZON,AMZN
2024-07-24 00:00:00-04:00,183.1999969482422,185.4499969482422,180.41000366210938,180.8300018310547,41532400,0.0,0.0,AMAZON,AMZN
2024-07-25 00:00:00-04:00,182.91000366210938,183.89999389648438,176.8000030517578,179.85000610351562,44464200,0.0,0.0,AMAZON,AMZN
2024-07-26 00:00:00-04:00,180.38999938964844,183.19000244140625,180.24000549316406,182.5,29506000,0.0,0.0,AMAZON,AMZN
2024-07-29 00:00:00-04:00,183.83999633789062,184.75,182.3800048828125,183.1999969482422,33270100,0.0,0.0,AMAZON,AMZN
2024-07-30 00:00:00-04:00,184.72000122070312,185.86000061035156,179.3800048828125,181.7100067138672,39508600,0.0,0.0,AMAZON,AMZN
2024-07-31 00:00:00-04:00,185.0500030517578,187.94000244140625,184.4600067138672,186.97999572753906,41667300,0.0,0.0,AMAZON,AMZN
2024-08-01 00:00:00-04:00,189.2899932861328,190.60000610351562,181.8699951171875,184.07000732421875,70435600,0.0,0.0,AMAZON,AMZN
2024-08-02 00:00:00-04:00,166.75,168.77000427246094,160.5500030517578,167.89999389648438,141448400,0.0,0.0,AMAZON,AMZN
2024-08-05 00:00:00-04:00,154.2100067138672,162.9600067138672,151.61000061035156,161.02000427246094,83149400,0.0,0.0,AMAZON,AMZN
2024-08-06 00:00:00-04:00,161.7100067138672,165.0800018310547,158.5399932861328,161.92999267578125,59950800,0.0,0.0,AMAZON,AMZN
2024-08-07 00:00:00-04:00,166.5500030517578,167.5800018310547,161.42999267578125,162.77000427246094,48408200,0.0,0.0,AMAZON,AMZN
2024-08-08 00:00:00-04:00,165.1699981689453,166.69000244140625,162.5500030517578,165.8000030517578,44616200,0.0,0.0,AMAZON,AMZN
2024-08-09 00:00:00-04:00,166.39999389648438,168.5500030517578,165.85000610351562,166.94000244140625,36401000,0.0,0.0,AMAZON,AMZN
2024-08-12 00:00:00-04:00,168.13999938964844,168.5500030517578,166.11000061035156,166.8000030517578,30072800,0.0,0.0,AMAZON,AMZN
2024-08-13 00:00:00-04:00,167.80999755859375,171.0399932861328,167.10000610351562,170.22999572753906,39237900,0.0,0.0,AMAZON,AMZN
2024-08-14 00:00:00-04:00,172.11000061035156,172.27999877929688,168.86000061035156,170.10000610351562,28843800,0.0,0.0,AMAZON,AMZN
2024-08-15 00:00:00-04:00,174.86000061035156,177.91000366210938,173.99000549316406,177.58999633789062,51698500,0.0,0.0,AMAZON,AMZN
2024-08-16 00:00:00-04:00,177.0399932861328,178.33999633789062,176.25999450683594,177.05999755859375,31489200,0.0,0.0,AMAZON,AMZN
2024-08-19 00:00:00-04:00,177.63999938964844,178.3000030517578,176.16000366210938,178.22000122070312,31129800,0.0,0.0,AMAZON,AMZN
2024-08-20 00:00:00-04:00,177.9199981689453,179.00999450683594,177.42999267578125,178.8800048828125,26255200,0.0,0.0,AMAZON,AMZN
2024-08-21 00:00:00-04:00,179.9199981689453,182.38999938964844,178.88999938964844,180.11000061035156,35599100,0.0,0.0,AMAZON,AMZN
2024-08-22 00:00:00-04:00,181.3800048828125,181.47000122070312,175.67999267578125,176.1300048828125,32047500,0.0,0.0,AMAZON,AMZN
2024-08-23 00:00:00-04:00,177.33999633789062,178.97000122070312,175.24000549316406,177.0399932861328,29150100,0.0,0.0,AMAZON,AMZN
2024-08-26 00:00:00-04:00,176.6999969482422,177.47000122070312,174.3000030517578,175.5,22366200,0.0,0.0,AMAZON,AMZN
2024-08-27 00:00:00-04:00,174.14999389648438,174.88999938964844,172.25,173.1199951171875,29842000,0.0,0.0,AMAZON,AMZN
2024-08-28 00:00:00-04:00,173.69000244140625,173.69000244140625,168.9199981689453,170.8000030517578,29045000,0.0,0.0,AMAZON,AMZN
2024-08-29 00:00:00-04:00,173.22000122070312,174.2899932861328,170.80999755859375,172.1199951171875,26407800,0.0,0.0,AMAZON,AMZN
2024-08-30 00:00:00-04:00,172.77999877929688,178.89999389648438,172.60000610351562,178.5,43429400,0.0,0.0,AMAZON,AMZN
2024-09-03 00:00:00-04:00,177.5500030517578,178.25999450683594,175.25999450683594,176.25,37817500,0.0,0.0,AMAZON,AMZN
2024-09-04 00:00:00-04:00,174.47999572753906,175.97999572753906,172.5399932861328,173.3300018310547,30309200,0.0,0.0,AMAZON,AMZN
2024-09-05 00:00:00-04:00,175.0,179.8800048828125,175.0,177.88999938964844,40170500,0.0,0.0,AMAZON,AMZN
2024-09-06 00:00:00-04:00,177.24000549316406,178.3800048828125,171.16000366210938,171.38999938964844,41466500,0.0,0.0,AMAZON,AMZN
2024-09-09 00:00:00-04:00,174.52999877929688,175.85000610351562,173.50999450683594,175.39999389648438,29037400,0.0,0.0,AMAZON,AMZN
2024-09-10 00:00:00-04:00,177.49000549316406,180.5,176.7899932861328,179.5500030517578,36233800,0.0,0.0,AMAZON,AMZN
2024-09-11 00:00:00-04:00,180.10000610351562,184.99000549316406,175.72999572753906,184.52000427246094,42564700,0.0,0.0,AMAZON,AMZN
2024-09-12 00:00:00-04:00,184.8000030517578,187.41000366210938,183.5399932861328,187.0,33622500,0.0,0.0,AMAZON,AMZN
2024-09-13 00:00:00-04:00,187.0,188.5,185.91000366210938,186.49000549316406,26495400,0.0,0.0,AMAZON,AMZN
2024-09-16 00:00:00-04:00,185.2899932861328,185.80999755859375,183.36000061035156,184.88999938964844,26065500,0.0,0.0,AMAZON,AMZN
2024-09-17 00:00:00-04:00,186.85000610351562,189.4499969482422,186.13999938964844,186.8800048828125,26091700,0.0,0.0,AMAZON,AMZN
2024-09-18 00:00:00-04:00,186.4499969482422,188.8000030517578,185.05999755859375,186.42999267578125,34448100,0.0,0.0,AMAZON,AMZN
2024-09-19 00:00:00-04:00,190.0399932861328,190.99000549316406,188.47000122070312,189.8699951171875,39543200,0.0,0.0,AMAZON,AMZN
2024-09-20 00:00:00-04:00,190.22999572753906,191.83999633789062,187.41000366210938,191.60000610351562,100378600,0.0,0.0,AMAZON,AMZN
2024-09-23 00:00:00-04:00,191.63999938964844,194.4499969482422,190.57000732421875,193.8800048828125,36993100,0.0,0.0,AMAZON,AMZN
2024-09-24 00:00:00-04:00,194.27000427246094,195.3699951171875,190.1300048828125,193.9600067138672,43478900,0.0,0.0,AMAZON,AMZN
2024-09-25 00:00:00-04:00,193.75,193.9499969482422,192.16000366210938,192.52999877929688,26391100,0.0,0.0,AMAZON,AMZN
2024-09-26 00:00:00-04:00,194.30999755859375,194.52999877929688,189.5399932861328,191.16000366210938,36334900,0.0,0.0,AMAZON,AMZN
2024-09-27 00:00:00-04:00,190.67999267578125,190.89999389648438,187.33999633789062,187.97000122070312,36002300,0.0,0.0,AMAZON,AMZN
2024-09-30 00:00:00-04:00,187.13999938964844,188.49000549316406,184.64999389648438,186.3300018310547,41583900,0.0,0.0,AMAZON,AMZN
2024-10-01 00:00:00-04:00,184.89999389648438,186.19000244140625,183.4499969482422,185.1300048828125,36044900,0.0,0.0,AMAZON,AMZN
2024-10-02 00:00:00-04:00,184.44000244140625,186.60000610351562,184.0399932861328,184.75999450683594,23704100,0.0,0.0,AMAZON,AMZN
2024-10-03 00:00:00-04:00,183.0500030517578,183.44000244140625,180.8800048828125,181.9600067138672,30204300,0.0,0.0,AMAZON,AMZN
2024-10-04 00:00:00-04:00,185.75,187.60000610351562,183.60000610351562,186.50999450683594,40890300,0.0,0.0,AMAZON,AMZN
2024-10-07 00:00:00-04:00,182.9499969482422,183.60000610351562,180.25,180.8000030517578,42364200,0.0,0.0,AMAZON,AMZN
2024-10-08 00:00:00-04:00,181.9199981689453,183.08999633789062,180.9199981689453,182.72000122070312,26372100,0.0,0.0,AMAZON,AMZN
2024-10-09 00:00:00-04:00,182.82000732421875,185.85000610351562,182.0500030517578,185.1699981689453,26343100,0.0,0.0,AMAZON,AMZN
2024-10-10 00:00:00-04:00,187.1300048828125,188.1300048828125,185.8300018310547,186.64999389648438,27785000,0.0,0.0,AMAZON,AMZN
2024-10-11 00:00:00-04:00,186.6300048828125,189.92999267578125,186.3000030517578,188.82000732421875,25751600,0.0,0.0,AMAZON,AMZN
2024-10-14 00:00:00-04:00,189.77999877929688,189.8300018310547,187.36000061035156,187.5399932861328,22614400,0.0,0.0,AMAZON,AMZN
2024-10-15 00:00:00-04:00,187.6300048828125,188.41000366210938,184.5800018310547,187.69000244140625,32178900,0.0,0.0,AMAZON,AMZN
2024-10-16 00:00:00-04:00,187.0500030517578,187.77999877929688,185.61000061035156,186.88999938964844,23456800,0.0,0.0,AMAZON,AMZN
2024-10-17 00:00:00-04:00,188.22000122070312,188.94000244140625,186.0,187.52999877929688,25039400,0.0,0.0,AMAZON,AMZN
2024-10-18 00:00:00-04:00,187.14999389648438,190.74000549316406,186.27999877929688,188.99000549316406,37417700,0.0,0.0,AMAZON,AMZN
2024-10-21 00:00:00-04:00,188.0500030517578,189.4600067138672,186.39999389648438,189.07000732421875,24639400,0.0,0.0,AMAZON,AMZN
2024-10-22 00:00:00-04:00,188.35000610351562,191.52000427246094,186.97999572753906,189.6999969482422,29650600,0.0,0.0,AMAZON,AMZN
2024-10-23 00:00:00-04:00,188.85000610351562,189.16000366210938,183.69000244140625,184.7100067138672,31937100,0.0,0.0,AMAZON,AMZN
2024-10-24 00:00:00-04:00,185.25,187.11000061035156,183.86000061035156,186.3800048828125,21647400,0.0,0.0,AMAZON,AMZN
2024-10-25 00:00:00-04:00,187.85000610351562,190.4499969482422,187.52999877929688,187.8300018310547,29362100,0.0,0.0,AMAZON,AMZN
2024-10-28 00:00:00-04:00,189.57000732421875,190.2100067138672,188.2100067138672,188.38999938964844,27930800,0.0,0.0,AMAZON,AMZN
2024-10-29 00:00:00-04:00,188.5800018310547,191.4600067138672,187.82000732421875,190.8300018310547,35690200,0.0,0.0,AMAZON,AMZN
2024-10-30 00:00:00-04:00,194.6999969482422,195.61000061035156,192.4199981689453,192.72999572753906,37707600,0.0,0.0,AMAZON,AMZN
2024-10-31 00:00:00-04:00,190.50999450683594,190.60000610351562,185.22999572753906,186.39999389648438,75146800,0.0,0.0,AMAZON,AMZN
2024-11-01 00:00:00-04:00,199.0,200.5,197.02000427246094,197.92999267578125,99687800,0.0,0.0,AMAZON,AMZN
2024-11-04 00:00:00-05:00,196.4499969482422,197.3300018310547,194.30999755859375,195.77999877929688,38492100,0.0,0.0,AMAZON,AMZN
2024-11-05 00:00:00-05:00,196.0399932861328,199.82000732421875,195.99000549316406,199.5,30564800,0.0,0.0,AMAZON,AMZN
2024-11-06 00:00:00-05:00,200.00999450683594,207.5500030517578,199.13999938964844,207.08999633789062,72292200,0.0,0.0,AMAZON,AMZN
2024-11-07 00:00:00-05:00,207.44000244140625,212.25,207.19000244140625,210.0500030517578,52878400,0.0,0.0,AMAZON,AMZN
2024-11-08 00:00:00-05:00,209.72000122070312,209.9600067138672,207.44000244140625,208.17999267578125,36075800,0.0,0.0,AMAZON,AMZN
2024-11-11 00:00:00-05:00,208.5,209.64999389648438,205.58999633789062,206.83999633789062,35456000,0.0,0.0,AMAZON,AMZN
2024-11-12 00:00:00-05:00,208.3699951171875,209.5399932861328,206.00999450683594,208.91000366210938,38942900,0.0,0.0,AMAZON,AMZN
2024-11-13 00:00:00-05:00,209.39999389648438,215.08999633789062,209.13999938964844,214.10000610351562,46212900,0.0,0.0,AMAZON,AMZN
2024-11-14 00:00:00-05:00,214.16000366210938,215.89999389648438,210.8800048828125,211.47999572753906,42620300,0.0,0.0,AMAZON,AMZN
2024-11-15 00:00:00-05:00,206.75999450683594,207.33999633789062,199.61000061035156,202.61000061035156,86591100,0.0,0.0,AMAZON,AMZN
2024-11-18 00:00:00-05:00,204.14999389648438,204.6699981689453,200.9499969482422,201.6999969482422,36512500,0.0,0.0,AMAZON,AMZN
2024-11-19 00:00:00-05:00,199.3300018310547,205.3000030517578,198.77999877929688,204.61000061035156,31197900,0.0,0.0,AMAZON,AMZN
2024-11-20 00:00:00-05:00,202.97999572753906,203.1300048828125,199.4499969482422,202.8800048828125,32769000,0.0,0.0,AMAZON,AMZN
2024-11-21 00:00:00-05:00,203.49000549316406,203.49000549316406,195.75,198.3800048828125,58800000,0.0,0.0,AMAZON,AMZN
2024-11-22 00:00:00-05:00,198.25,199.25999450683594,196.75,197.1199951171875,31530800,0.0,0.0,AMAZON,AMZN
2024-11-25 00:00:00-05:00,199.27999877929688,201.9499969482422,199.0,201.4499969482422,40685700,0.0,0.0,AMAZON,AMZN
2024-11-26 00:00:00-05:00,201.89999389648438,208.0,201.7899932861328,207.86000061035156,41673700,0.0,0.0,AMAZON,AMZN
2024-11-27 00:00:00-05:00,206.97999572753906,207.63999938964844,205.0500030517578,205.74000549316406,28061600,0.0,0.0,AMAZON,AMZN
2024-11-29 00:00:00-05:00,205.8300018310547,208.1999969482422,204.58999633789062,207.88999938964844,24892400,0.0,0.0,AMAZON,AMZN
2024-12-02 00:00:00-05:00,209.9600067138672,212.99000549316406,209.50999450683594,210.7100067138672,39523200,0.0,0.0,AMAZON,AMZN
2024-12-03 00:00:00-05:00,210.30999755859375,214.02000427246094,209.64999389648438,213.44000244140625,32214800,0.0,0.0,AMAZON,AMZN
2024-12-04 00:00:00-05:00,215.9600067138672,220.0,215.75,218.16000366210938,48745700,0.0,0.0,AMAZON,AMZN
2024-12-05 00:00:00-05:00,218.02999877929688,222.14999389648438,217.3000030517578,220.5500030517578,41140200,0.0,0.0,AMAZON,AMZN
2024-12-06 00:00:00-05:00,220.75,227.14999389648438,220.60000610351562,227.02999877929688,44178100,0.0,0.0,AMAZON,AMZN
2024-12-09 00:00:00-05:00,227.2100067138672,230.0800018310547,225.6699981689453,226.08999633789062,46819400,0.0,0.0,AMAZON,AMZN
2024-12-10 00:00:00-05:00,226.08999633789062,229.05999755859375,224.1999969482422,225.0399932861328,31199900,0.0,0.0,AMAZON,AMZN
2024-12-11 00:00:00-05:00,226.41000366210938,231.1999969482422,226.25999450683594,230.25999450683594,35385800,0.0,0.0,AMAZON,AMZN
2024-12-12 00:00:00-05:00,229.8300018310547,231.08999633789062,227.6300048828125,228.97000122070312,28204100,0.0,0.0,AMAZON,AMZN
2024-12-13 00:00:00-05:00,228.39999389648438,230.1999969482422,225.86000061035156,227.4600067138672,28768100,0.0,0.0,AMAZON,AMZN
2024-12-16 00:00:00-05:00,230.22999572753906,233.0,228.00999450683594,232.92999267578125,37552100,0.0,0.0,AMAZON,AMZN
2024-12-17 00:00:00-05:00,232.38999938964844,232.72999572753906,227.85000610351562,231.14999389648438,35948100,0.0,0.0,AMAZON,AMZN
2024-12-18 00:00:00-05:00,230.77000427246094,231.39999389648438,220.11000061035156,220.52000427246094,43281400,0.0,0.0,AMAZON,AMZN
2024-12-19 00:00:00-05:00,224.91000366210938,226.08999633789062,222.9199981689453,223.2899932861328,39918700,0.0,0.0,AMAZON,AMZN
2024-12-20 00:00:00-05:00,219.83999633789062,226.2100067138672,218.72999572753906,224.9199981689453,88279200,0.0,0.0,AMAZON,AMZN
2024-12-23 00:00:00-05:00,225.00999450683594,226.8800048828125,223.89999389648438,225.05999755859375,28070000,0.0,0.0,AMAZON,AMZN
2024-12-24 00:00:00-05:00,226.94000244140625,229.13999938964844,226.1300048828125,229.0500030517578,15007500,0.0,0.0,AMAZON,AMZN
2024-12-26 00:00:00-05:00,228.5,228.5,226.6699981689453,227.0500030517578,16146700,0.0,0.0,AMAZON,AMZN
2024-12-27 00:00:00-05:00,225.60000610351562,226.02999877929688,220.89999389648438,223.75,27367100,0.0,0.0,AMAZON,AMZN
2024-12-30 00:00:00-05:00,220.05999755859375,223.0,218.42999267578125,221.3000030517578,28321200,0.0,0.0,AMAZON,AMZN
2024-12-31 00:00:00-05:00,222.97000122070312,223.22999572753906,218.94000244140625,219.38999938964844,24819700,0.0,0.0,AMAZON,AMZN
2025-01-02 00:00:00-05:00,222.02999877929688,225.14999389648438,218.19000244140625,220.22000122070312,33956600,0.0,0.0,AMAZON,AMZN
2025-01-03 00:00:00-05:00,222.50999450683594,225.36000061035156,221.6199951171875,224.19000244140625,27515600,0.0,0.0,AMAZON,AMZN
2025-01-06 00:00:00-05:00,226.77999877929688,228.83999633789062,224.83999633789062,227.61000061035156,31849800,0.0,0.0,AMAZON,AMZN
2025-01-07 00:00:00-05:00,227.89999389648438,228.3800048828125,221.4600067138672,222.11000061035156,28084200,0.0,0.0,AMAZON,AMZN
2025-01-08 00:00:00-05:00,223.19000244140625,223.52000427246094,220.1999969482422,222.1300048828125,25033300,0.0,0.0,AMAZON,AMZN
2025-01-10 00:00:00-05:00,221.4600067138672,221.7100067138672,216.5,218.94000244140625,36811500,0.0,0.0,AMAZON,AMZN
2025-01-13 00:00:00-05:00,218.05999755859375,219.39999389648438,216.47000122070312,218.4600067138672,27262700,0.0,0.0,AMAZON,AMZN
2025-01-14 00:00:00-05:00,220.44000244140625,221.82000732421875,216.1999969482422,217.75999450683594,24711700,0.0,0.0,AMAZON,AMZN
2025-01-15 00:00:00-05:00,222.8300018310547,223.57000732421875,220.75,223.35000610351562,31291300,0.0,0.0,AMAZON,AMZN
2025-01-16 00:00:00-05:00,224.4199981689453,224.64999389648438,220.30999755859375,220.66000366210938,24757300,0.0,0.0,AMAZON,AMZN
2025-01-17 00:00:00-05:00,225.83999633789062,226.50999450683594,223.0800018310547,225.94000244140625,42108900,0.0,0.0,AMAZON,AMZN
